Station_Code,Station_Name,Short,Medium,Long,Total_Distinct_Trains,Pct_Short,Pct_Medium,Pct_Long
CSMT,CST-MUMBAI,804,138,85,1027,78.3,13.4,8.3
KYN,KALYAN JN,483,130,215,828,58.3,15.7,26.0
TNA,THANE,521,139,136,796,65.5,17.5,17.1
SDAH,SEALDAH,339,348,58,745,45.5,46.7,7.8
MSB,CHENNAI BEAC,484,254,0,738,65.6,34.4,0.0
HWH,HOWRAH JN.,157,327,215,699,22.5,46.8,30.8
DR,DADAR,341,130,96,567,60.1,22.9,16.9
DDJ,DUM DUM JN.,175,272,16,463,37.8,58.7,3.5
CLA,KURLA,344,118,0,462,74.5,25.5,0.0
TBM,TAMBARAM,274,93,67,434,63.1,21.4,15.4
BZA,VIJAYWADA JN,31,69,316,416,7.5,16.6,76.0
GC,GHAT KOPAR,288,118,0,406,70.9,29.1,0.0
BNXR,BIDHANNAGAR,168,226,10,404,41.6,55.9,2.5
PNVL,PANVEL,283,23,94,400,70.8,5.8,23.5
MTN,MUMBAI (MATU,276,117,0,393,70.2,29.8,0.0
MLND,MULUND,275,118,0,393,70.0,30.0,0.0
BY,MUMBAI (BYCU,274,118,0,392,69.9,30.1,0.0
CNB,KANPUR CENTR,23,64,295,382,6.0,16.8,77.2
BRC,VADODARA JN.,17,52,307,376,4.5,13.8,81.6
BND,BHANDUP,255,118,0,373,68.4,31.6,0.0
VK,VIKHROLI,252,118,0,370,68.1,31.9,0.0
NDLS,NEW DELHI,41,81,234,356,11.5,22.8,65.7
VVH,VIDYAVIHAR,239,117,0,356,67.1,32.9,0.0
NHU,NAHUR,237,118,0,355,66.8,33.2,0.0
PR,MUMBAI(PAREL,229,117,0,346,66.2,33.8,0.0
CRD,MUMBAI CURRE,227,117,0,344,66.0,34.0,0.0
CHG,MUMBAI (CHIN,227,117,0,344,66.0,34.0,0.0
MSD,MUMBAI (MASJ,227,117,0,344,66.0,34.0,0.0
SNRD,MUMBAI SANDH,227,117,0,344,66.0,34.0,0.0
PER,PERAMBUR,151,151,40,342,44.2,44.2,11.7
BDC,BANDEL JN.,133,101,91,325,40.9,31.1,28.0
BWN,BARDDHAMAN J,21,148,150,319,6.6,46.4,47.0
ST,SURAT,15,29,272,316,4.7,9.2,86.1
KGP,KHARAGPUR,21,99,189,309,6.8,32.0,61.2
MS,CHENNAI EGMO,181,42,86,309,58.6,13.6,27.8
NH,NAIHATI JN.,85,164,58,307,27.7,53.4,18.9
LLH,LILUAH,141,164,1,306,46.1,53.6,0.3
ADI,AHMEDABAD,14,44,247,305,4.6,14.4,81.0
BLN,BALLYGUNGE J,176,124,0,300,58.7,41.3,0.0
BSL,BHUSAVAL JN.,12,33,253,298,4.0,11.1,84.9
BEQ,BELUR,134,161,0,295,45.4,54.6,0.0
LKO,LUCKNOW JN.,18,50,227,295,6.1,16.9,76.9
VLK,VILLIVAKKAM,149,144,0,293,50.9,49.1,0.0
MGS,MUGHAL SARAI,18,35,238,291,6.2,12.0,81.8
ET,ITARSI,16,33,242,291,5.5,11.3,83.2
AVD,AVADI,154,135,2,291,52.9,46.4,0.7
SC,SECUNDERABAD,63,59,166,288,21.9,20.5,57.6
ABU,AMBATTUR,147,134,0,281,52.3,47.7,0.0
PUNE,PUNE JN.,27,64,187,278,9.7,23.0,67.3
UMB,AMBALA CANTT,16,41,218,275,5.8,14.9,79.3
VPY,VEYSARPADI,146,128,0,274,53.3,46.7,0.0
BBQ,BASIN BRIDGE,128,138,2,268,47.8,51.5,0.7
DI,DOMBIVLI,148,119,0,267,55.4,44.6,0.0
MMCC,MOOR MARKET,128,139,0,267,47.9,52.1,0.0
SRP,SHRIRAMPUR,126,126,14,266,47.4,47.4,5.3
SHE,SEORAPHULI J,121,127,17,265,45.7,47.9,6.4
DIVA,DIVA JN,138,123,4,265,52.1,46.4,1.5
BP,BARRACKPORE,76,166,22,264,28.8,62.9,8.3
ASN,ASANSOL MAIN,13,60,190,263,4.9,22.8,72.2
GZB,GHAZIABAD JN,43,54,165,262,16.4,20.6,63.0
CGL,CHENGALPATTU,3,172,79,254,1.2,67.7,31.1
NGP,NAGPUR JN.(C,13,30,209,252,5.2,11.9,82.9
KLVA,KALVA,129,119,0,248,52.0,48.0,0.0
MBQ,MUMBRA,129,119,0,248,52.0,48.0,0.0
BBS,BHUBANESWAR,11,35,202,248,4.4,14.1,81.5
KOPR,KOPAR,129,119,0,248,52.0,48.0,0.0
PNBE,PATNA JN.,7,63,176,246,2.8,25.6,71.5
JHS,JHANSI JN,16,33,197,246,6.5,13.4,80.1
NZM,HAZRAT NIZAM,25,60,160,245,10.2,24.5,65.3
KPD,KATPADI JN,15,32,198,245,6.1,13.1,80.8
ANND,ANAND JN.,20,55,168,243,8.2,22.6,69.1
DLI,DELHI JN.,18,84,138,240,7.5,35.0,57.5
BPL,BHOPAL,14,28,197,239,5.9,11.7,82.4
UPA,UTTARPARA,126,112,0,238,52.9,47.1,0.0
BLY,BALLY,126,110,2,238,52.9,46.2,0.8
MB,MORADABAD JN,6,46,186,238,2.5,19.3,78.2
KUR,KHURDA ROAD,11,39,186,236,4.7,16.5,78.8
LDH,LUDHIANA JN.,8,39,189,236,3.4,16.5,80.1
KOG,KONNAGAR,126,109,0,235,53.6,46.4,0.0
SPR,SONARPUR JN.,126,109,0,235,53.6,46.4,0.0
VSKP,VISAKHAPATNA,8,37,188,233,3.4,15.9,80.7
RIS,RISHRA,126,107,0,233,54.1,45.9,0.0
VLCY,VELACHEERY,176,57,0,233,75.5,24.5,0.0
HMZ,HINDMOTOR,126,105,0,231,54.5,45.5,0.0
BSB,VARANASI JN.,13,29,188,230,5.7,12.6,81.7
SRC,SANTRAGACHI,19,129,82,230,8.3,56.1,35.7
MTMY,THIRUMAYILAI,173,57,0,230,75.2,24.8,0.0
AJJ,ARAKKONAM JN,17,117,93,227,7.5,51.5,41.0
ABH,AMBERNATH,217,4,4,225,96.4,1.8,1.8
RJY,RAJAHMUNDRY,5,45,170,220,2.3,20.5,77.3
SEP,SODPUR,74,143,2,219,33.8,65.3,0.9
GKP,GORAKHPUR JN,10,39,170,219,4.6,17.8,77.6
BLH,BELGHARIA,74,143,2,219,33.8,65.3,0.9
BGJT,.BAGHAJATIN,113,104,0,217,52.1,47.9,0.0
STM,ST. THOMAS M,181,36,0,217,83.4,16.6,0.0
DHK,DHAKURIA,113,104,0,217,52.1,47.9,0.0
JDP,JADABPUR,113,104,0,217,52.1,47.9,0.0
GIA,GARIA,113,104,0,217,52.1,47.9,0.0
PV,PALLAVARAM,180,34,0,214,84.1,15.9,0.0
ED,ERODE JN.,8,23,183,214,3.7,10.7,85.5
MKK,KODAMBAKKAM,179,35,0,214,83.6,16.4,0.0
MTJ,MATHURA JN.,26,40,146,212,12.3,18.9,68.9
MMR,MANMAD JN.,8,23,181,212,3.8,10.8,85.4
SA,SALEM JN.,10,24,176,210,4.8,11.4,83.8
AGP,AGARPARA,72,138,0,210,34.3,65.7,0.0
TGH,TITA GARH,72,136,2,210,34.3,64.8,1.0
KDH,KHARDAHA,72,137,1,210,34.3,65.2,0.5
TRL,TIRUVALLUR,68,129,12,209,32.5,61.7,5.7
RHA,RANAGHAT JN.,65,124,18,207,31.4,59.9,8.7
TCR,TRICHUR,15,23,168,206,7.3,11.2,81.6
ALD,ALLAHABAD JN,9,21,175,205,4.4,10.2,85.4
GDR,GUDUR JN.,14,32,157,203,6.9,15.8,77.3
NRPR,NARENDRAPUR,106,94,0,200,53.0,47.0,0.0
PRES,PATTABIRAM E,97,103,0,200,48.5,51.5,0.0
SNR,SHYAM NAGAR,41,155,4,200,20.5,77.5,2.0
OGL,ONGOLE,13,23,162,198,6.6,11.6,81.8
JTJ,JOLARPETTAI,14,17,166,197,7.1,8.6,84.3
RU,RENIGUNTA JN,11,35,151,197,5.6,17.8,76.6
MBM,MAMBALAM,170,2,24,196,86.7,1.0,12.2
NLR,NELLORE,13,25,157,195,6.7,12.8,80.5
RVJ,RAVLI JN,192,0,0,192,100.0,0.0,0.0
MAS,CHENNAI CENT,9,27,156,192,4.7,14.1,81.2
KOTA,KOTA,9,20,160,189,4.8,10.6,84.7
CTC,CUTTACK JN.,6,40,143,189,3.2,21.2,75.7
IP,ICHHAPUR,41,143,4,188,21.8,76.1,2.1
KCG,KACHEGUDA,53,50,83,186,28.5,26.9,44.6
PTF,PALTA,40,146,0,186,21.5,78.5,0.0
YPR,YESVANTPUR J,9,22,155,186,4.8,11.8,83.3
TI,TIRUNINRAVUR,68,118,0,186,36.6,63.4,0.0
CBE,COIMBATORE,16,19,151,186,8.6,10.2,81.2
THK,THAKURLI,80,105,0,185,43.2,56.8,0.0
VSH,VASHI,184,1,0,185,99.5,0.5,0.0
TMVL,THIRUMULLAIV,122,62,0,184,66.3,33.7,0.0
ANNR,ANNANUR,122,62,0,184,66.3,33.7,0.0
KOTR,KORATTUR,122,62,0,184,66.3,33.7,0.0
PVM,PATTARAVAKKA,122,62,0,184,66.3,33.7,0.0
KNR,KANKINARA,41,140,3,184,22.3,76.1,1.6
VZM,VIZIANAGARAM,8,32,143,183,4.4,17.5,78.1
R,RAIPUR JN.,18,25,140,183,9.8,13.7,76.5
JP,JAIPUR JN.,7,22,151,180,3.9,12.2,83.9
QLN,QUILON,8,33,138,179,4.5,18.4,77.1
BJU,BARAUNI JN.,12,22,145,179,6.7,12.3,81.0
BT,BARASAT JN.,63,115,0,178,35.4,64.6,0.0
JBP,JABALPUR,7,21,150,178,3.9,11.8,84.3
ND,NADIAD JN.,9,31,137,177,5.1,17.5,77.4
AGC,AGRA CANTT,15,35,126,176,8.5,19.9,71.6
SPJ,SAMASTIPUR J,7,21,145,173,4.0,12.1,83.8
CGR,CHANDAN NAGA,86,72,15,173,49.7,41.6,8.7
CNS,CHUCHURA,86,72,13,171,50.3,42.1,7.6
RTM,RATLAM JN,8,17,146,171,4.7,9.9,85.4
BE,BAREILLY JN.,6,16,148,170,3.5,9.4,87.1
GDY,GUINDY,169,0,1,170,99.4,0.0,0.6
MN,MINAMBAKKAM,169,0,0,169,100.0,0.0,0.0
TLM,TIRUSULAM,169,0,0,169,100.0,0.0,0.0
BSP,BILASPUR JN.,9,35,125,169,5.3,20.7,74.0
MPK,CHENNAI PARK,169,0,0,169,100.0,0.0,0.0
MSC,CHENNAI CHET,169,0,0,169,100.0,0.0,0.0
SP,SAIDAPET,169,0,0,169,100.0,0.0,0.0
PZA,PALAVANTHANG,169,0,0,169,100.0,0.0,0.0
NBK,NUNGAMBAKKAM,169,0,0,169,100.0,0.0,0.0
MSF,CHENNAI FORT,169,0,0,169,100.0,0.0,0.0
TBMS,TAMBARAM SAN,168,0,0,168,100.0,0.0,0.0
CMP,CHROMEPET,168,0,0,168,100.0,0.0,0.0
VAPI,VAPI,14,14,139,167,8.4,8.4,83.2
SBC,KRANTIVIRA S,15,40,112,167,9.0,24.0,67.1
KPA,KANCHRAPARA,6,148,12,166,3.6,89.2,7.2
KYI,KALYANI JN.,6,148,12,166,3.6,89.2,7.2
KTE,KATNI,7,20,138,165,4.2,12.1,83.6
KJT,KARJAT,92,14,58,164,56.1,8.5,35.4
KIUL,KIUL JN.,10,15,139,164,6.1,9.1,84.8
AWY,ALWAYE,7,17,140,164,4.3,10.4,85.4
DURG,DURG,18,29,116,163,11.0,17.8,71.2
STA,SATNA,7,25,131,163,4.3,15.3,80.4
PGT,PALAKKAD JN,5,18,139,162,3.1,11.1,85.8
DDC,DUMDUM CANTO,53,108,0,161,32.9,67.1,0.0
BMT,BEGAMPET,80,39,41,160,50.0,24.4,25.6
JUC,JALANDHAR CI,20,40,100,160,12.5,25.0,62.5
GWL,GWALIOR JN,13,26,121,160,8.1,16.2,75.6
TUP,TIRUPPUR,6,14,140,160,3.8,8.8,87.5
LPI,LINGAMPALLI,81,40,39,160,50.6,25.0,24.4
MMG,MADHYAM GRAM,51,108,0,159,32.1,67.9,0.0
BBT,BIRATI,51,108,0,159,32.1,67.9,0.0
GAYA,GAYA JN.,4,41,113,158,2.5,25.9,71.5
JGDL,JAGADAL,41,116,1,158,25.9,73.4,0.6
DGR,DURGAPUR,4,32,122,158,2.5,20.3,77.2
LNL,LONAVLA,18,45,94,157,11.5,28.7,59.9
SRE,SAHARANPUR J,3,16,137,156,1.9,10.3,87.8
BRP,BARUIPUR JN.,52,104,0,156,33.3,66.7,0.0
JSME,JASIDIH JN.,24,24,108,156,15.4,15.4,69.2
TLA,TITVALA,152,1,2,155,98.1,0.6,1.3
CPR,CHHAPRA JN.,10,16,129,155,6.5,10.3,83.2
HC,HINDU COLLEG,88,67,0,155,56.8,43.2,0.0
BH,BHARUCH JN.,9,20,126,155,5.8,12.9,81.3
PRWS,PATTABIRAM W,60,95,0,155,38.7,61.3,0.0
PNC,PATNA SAHEB,5,24,125,154,3.2,15.6,81.2
BPQ,BALHARSHAH,11,16,127,154,7.1,10.4,82.5
SLO,SAMALKOT JN.,4,21,127,152,2.6,13.8,83.6
KYJ,KAYANKULAM J,8,29,115,152,5.3,19.1,75.7
BLS,BALASORE,4,30,118,152,2.6,19.7,77.6
NJP,NEW JALPAIGU,6,19,126,151,4.0,12.6,83.4
WL,WARANGAL,10,20,121,151,6.6,13.2,80.1
MFP,MUZAFFARPUR,7,19,123,149,4.7,12.8,82.6
EE,ELURU,3,23,122,148,2.0,15.5,82.4
HLR,HALISAHAR,4,139,5,148,2.7,93.9,3.4
TPJ,TIRUCHIRAPPA,8,38,101,147,5.4,25.9,68.7
BUD,BADLAPUR,140,3,4,147,95.2,2.0,2.7
BINA,BINA,6,24,117,147,4.1,16.3,79.6
TPTY,TIRUPATI,6,32,109,147,4.1,21.8,74.1
SBGR,SUBHASGRAM,47,99,0,146,32.2,67.8,0.0
MAK,MALLIKPUR,47,99,0,146,32.2,67.8,0.0
JL,JALGAON JN.,5,9,131,145,3.4,6.2,90.3
BAM,BERHAMPUR,6,29,110,145,4.1,20.0,75.9
BBAE,BAIDYABATI,86,58,0,144,59.7,40.3,0.0
BHR,BHADRESHWAR,86,58,0,144,59.7,40.3,0.0
DGNR,DURGANAGAR,51,93,0,144,35.4,64.6,0.0
MUU,MANKUNDU,86,57,0,143,60.1,39.9,0.0
HGY,HOOGHLY,86,57,0,143,60.1,39.9,0.0
BVI,BORIVLI,5,9,129,143,3.5,6.3,90.2
TEL,TENALI JN.,25,15,103,143,17.5,10.5,72.0
SRR,SHORANUR JN.,11,25,106,142,7.7,17.6,74.6
KNW,KHANDWA JN.,8,14,120,142,5.6,9.9,84.5
TATA,TATANAGAR JN,10,34,97,141,7.1,24.1,68.8
G,GONDIA JN.,3,32,106,141,2.1,22.7,75.2
HHR,HRIDAYPUR,48,91,0,139,34.5,65.5,0.0
LTT,LOKMANYA TIL,6,18,115,139,4.3,12.9,82.7
NK,NASIK ROAD,8,16,115,139,5.8,11.5,82.7
BL,VALSAD,7,11,121,139,5.0,7.9,87.1
DD,DAUND JN.,8,23,107,138,5.8,16.7,77.5
ERS,ERNAKULAM. J,7,31,99,137,5.1,22.6,72.3
BRPK,BISHARPARA-K,50,87,0,137,36.5,63.5,0.0
NBE,NEW BARRACKP,50,87,0,137,36.5,63.5,0.0
KIR,KATIHAR JN.,6,46,84,136,4.4,33.8,61.8
MCA,MECHEDA,3,109,24,136,2.2,80.1,17.6
JRC,JALANDHAR CA,16,17,102,135,11.9,12.6,75.6
SWM,SAWAI MADHOP,8,10,117,135,5.9,7.4,86.7
GD,GONDA JN.,6,12,117,135,4.4,8.9,86.7
AK,AKOLA JN.,4,5,125,134,3.0,3.7,93.3
ULB,ULUBARIA,14,108,12,134,10.4,80.6,9.0
HJP,HAJIPUR JN.,6,15,112,133,4.5,11.3,84.2
VM,VILLUPURAM J,9,13,111,133,6.8,9.8,83.5
CDH,CHAKDAHA,4,117,12,133,3.0,88.0,9.0
RPH,RAMPUR HAT,3,40,88,131,2.3,30.5,67.2
BHC,BHADRAKH,5,25,100,130,3.8,19.2,76.9
PKU,PANSKURA,2,97,30,129,1.6,75.2,23.3
KNE,KISHANGANJ,5,14,110,129,3.9,10.9,85.3
RE,REWARI JN.,1,31,97,129,0.8,24.0,75.2
AII,AJMER JN.,6,22,99,127,4.7,17.3,78.0
ASR,AMRITSAR JN.,6,31,90,127,4.7,24.4,70.9
NAD,NAGDA JN,5,13,108,126,4.0,10.3,85.7
MLDT,MALDA TOWN,2,14,110,126,1.6,11.1,87.3
BSR,VASAI ROAD,16,18,92,126,12.7,14.3,73.0
KZJ,KAZIPET JN.,3,18,104,125,2.4,14.4,83.2
UJN,UJJAIN JN,6,19,99,124,4.8,15.3,79.8
HFZ,HAFIZPETA,80,34,10,124,64.5,27.4,8.1
JSG,JHARSUGUDA J,9,14,101,124,7.3,11.3,81.5
BZN,BAGNAN,6,104,12,122,4.9,85.2,9.8
BD,BADNERA JN.,18,6,98,122,14.8,4.9,80.3
MDP,MADHUPUR JN.,14,14,94,122,11.5,11.5,77.0
SBB,SAHIBABAD,36,41,44,121,29.8,33.9,36.4
SMX,SIMURALI,4,113,4,121,3.3,93.4,3.3
ERN,ERNAKULAM TO,5,15,101,121,4.1,12.4,83.5
GTL,GUNTAKAL JN.,9,10,102,121,7.4,8.3,84.3
NBQ,NEW BONGAIGA,6,9,106,121,5.0,7.4,87.6
RPM,ROYAPURAM,29,91,0,120,24.2,75.8,0.0
WST,WASHERMANPET,29,91,0,120,24.2,75.8,0.0
GHY,GUWAHATI,4,9,106,119,3.4,7.6,89.1
HYB,HYDERABAD DE,59,7,52,118,50.0,5.9,44.1
PNP,PANIPAT JN.,3,30,85,118,2.5,25.4,72.0
FM,FALAKNUMA,60,40,18,118,50.8,33.9,15.3
TDL,TUNDLA JN,8,17,93,118,6.8,14.4,78.8
MSH,MAHESANA JN,16,21,81,118,13.6,17.8,68.6
MKA,MOKAMA JN.,7,17,94,118,5.9,14.4,79.7
PTLR,PUTTLUR,55,62,0,117,47.0,53.0,0.0
KJM,KRISHNA RAJA,11,32,74,117,9.4,27.4,63.2
BWT,BANGARPET JN,20,30,67,117,17.1,25.6,57.3
VEU,VEPPAMPATTU,55,62,0,117,47.0,53.0,0.0
SVR,SEVVAPET ROA,55,62,0,117,47.0,53.0,0.0
KTYM,KOTTAYAM,4,21,91,116,3.4,18.1,78.4
PDX,PAYRA DANGA,2,109,4,115,1.7,94.8,3.5
VG,VIRAMGAM JN,2,10,103,115,1.7,8.7,89.6
SUR,SOLAPUR,6,17,92,115,5.2,14.8,80.0
DNR,DANAPUR,9,16,90,115,7.8,13.9,78.3
ADL,ANDUL,14,97,4,115,12.2,84.3,3.5
MPJ,MADANPUR,2,109,4,115,1.7,94.8,3.5
BKP,BAKHTIYARPUR,3,18,93,114,2.6,15.8,81.6
CLT,CALICUT,8,13,93,114,7.0,11.4,81.6
BVA,BAURIA JN,13,95,6,114,11.4,83.3,5.3
ROU,ROURKELA,6,18,90,114,5.3,15.8,78.9
JAJ,JHAJHA,6,8,100,114,5.3,7.0,87.7
MAO,MADGOAN JN.,8,22,84,114,7.0,19.3,73.7
DKAE,DANKUNI JN.,56,57,0,113,49.6,50.4,0.0
ULNR,ULHASNAGAR,109,0,4,113,96.5,0.0,3.5
ARA,ARA,5,16,92,113,4.4,14.2,81.4
DTK,DATTAPUKUR,39,73,0,112,34.8,65.2,0.0
BMG,BAMANGACHHI,39,73,0,112,34.8,65.2,0.0
FDB,FARIDABAD,11,40,61,112,9.8,35.7,54.5
DHN,DHANBAD JN.,11,20,80,111,9.9,18.0,72.1
JAT,JAMMU TAWI,7,10,93,110,6.4,9.1,84.5
ON,UNNAO JN.,8,31,71,110,7.3,28.2,64.5
VLDI,VITHALWADI,109,0,0,109,100.0,0.0,0.0
PXR,PALPARA,1,107,1,109,0.9,98.2,0.9
SPN,SHAHJAHANPUR,5,11,93,109,4.6,10.1,85.3
FLR,FULESWAR,13,91,5,109,11.9,83.5,4.6
UBL,HUBLI JN.,6,7,96,109,5.5,6.4,88.1
STPD,SITAFALMANDI,49,41,19,109,45.0,37.6,17.4
CAN,KANNUR,9,11,89,109,8.3,10.1,81.7
BRBD,BORABANDA,80,28,0,108,74.1,25.9,0.0
BTNR,BHARATNAGAR,80,28,0,108,74.1,25.9,0.0
CDNR,CHANDANAGAR,80,28,0,108,74.1,25.9,0.0
CNGR,CHENGANNUR,3,17,88,108,2.8,15.7,81.5
GNT,GUNTUR JN.,18,12,78,108,16.7,11.1,72.2
FNB,FATEHNAGAR,80,28,0,108,74.1,25.9,0.0
PSA,PALASA,5,21,82,108,4.6,19.4,75.9
PNU,PALANPUR JN,8,13,87,108,7.4,12.0,80.6
BEAS,BEAS JN,1,19,88,108,0.9,17.6,81.5
NCHS,NATURE CURE,80,28,0,108,74.1,25.9,0.0
HTCY,HITECH CITY,80,28,0,108,74.1,25.9,0.0
KYQ,KAMAKHYA JN,5,10,92,107,4.7,9.3,86.0
BBK,BARA BANKI J,8,10,89,107,7.5,9.3,83.2
IGP,IGATPURI,5,13,88,106,4.7,12.3,83.0
TKJ,TILAK BRIDGE,28,55,22,105,26.7,52.4,21.0
SEE,SONPUR JN.,5,18,82,105,4.8,17.1,78.1
JU,JODHPUR JN.,8,7,90,105,7.6,6.7,85.7
KOK,KORUKKUPET,8,94,2,104,7.7,90.4,1.9
TRVL,TIRUVALLA,3,17,84,104,2.9,16.3,80.8
TVT,TIRUVOTTIYUR,8,94,2,104,7.7,90.4,1.9
ENR,ENNORE,8,94,2,104,7.7,90.4,1.9
TNP,TONDIARPET,8,94,2,104,7.7,90.4,1.9
MXT,MALAKPET,49,40,14,103,47.6,38.8,13.6
NALR,NALPUR,13,87,3,103,12.6,84.5,2.9
CSB,SHIVAJI BRID,28,55,20,103,27.2,53.4,19.4
SEL,SANKRAIL,13,88,2,103,12.6,85.4,1.9
BST,BASTI,6,9,88,103,5.8,8.7,85.4
CGA,CHENGEL,13,87,3,103,12.6,84.5,2.9
JJKR,JAJPUR KEONJ,1,16,85,102,1.0,15.7,83.3
MDU,MADURAI JN,3,15,84,102,2.9,14.7,82.4
MJR,MINJUR,7,93,2,102,6.9,91.2,2.0
PON,PONNERI,7,93,2,102,6.9,91.2,2.0
DSA,DELHI-SHAHDA,12,37,53,102,11.8,36.3,52.0
AIP,ATTIPATTU,7,93,2,102,6.9,91.2,2.0
TVC,TRIVANDRUM C,6,17,79,102,5.9,16.7,77.5
AIPP,ATTIPATTU PU,7,93,1,101,6.9,92.1,1.0
BXR,BUXAR,5,9,87,101,5.0,8.9,86.1
YKA,YAKUT PURA,49,40,12,101,48.5,39.6,11.9
DVD,DUVVADA,4,10,87,101,4.0,9.9,86.1
DQR,DABIR PURA,49,40,12,101,48.5,39.6,11.9
KIG,KOLAGHAT,2,96,3,101,2.0,95.0,3.0
HPG,HUPPUGUDA,49,40,12,101,48.5,39.6,11.9
ROK,ROHTAK JN.,6,34,61,101,5.9,33.7,60.4
MJT,MAJERHAT,64,36,0,100,64.0,36.0,0.0
PAU,PURNA  JN.,2,8,90,100,2.0,8.0,90.0
ABR,ABU ROAD,8,12,80,100,8.0,12.0,80.0
HBJ,HABIBGANJ,4,5,91,100,4.0,5.0,91.0
DTE,DEULTI,2,95,3,100,2.0,95.0,3.0
VAR,VIDYA NAGAR,49,41,9,99,49.5,41.4,9.1
SV,SIWAN JN.,18,12,69,99,18.2,12.1,69.7
ALJN,ALIGARH JN.,3,14,82,99,3.0,14.1,82.8
NED,NANDED,2,13,84,99,2.0,13.1,84.8
ATC,ARTS COLLAGE,49,41,9,99,49.5,41.4,9.1
BEPR,BELAPUR C.B.,99,0,0,99,100.0,0.0,0.0
JMP,JAMALPUR JN.,20,18,61,99,20.2,18.2,61.6
KOAA,KOLKATA,4,28,67,99,4.0,28.3,67.7
KGG,KHAGARIA JN.,10,15,74,99,10.1,15.2,74.7
JOO,JAMAI-OSMANI,49,41,9,99,49.5,41.4,9.1
BNC,BANGALORE CA,6,27,66,99,6.1,27.3,66.7
FL,PHULERA JN.,6,13,80,99,6.1,13.1,80.8
BDTS,BANDRA TERMI,5,5,88,98,5.1,5.1,89.8
KGY,KULGACHIA,5,90,3,98,5.1,91.8,3.1
RMJ,RAMRAJATALA,7,89,2,98,7.1,90.8,2.0
KLNP,KALINARAYANP,13,74,11,98,13.3,75.5,11.2
PURI,PURI,5,6,87,98,5.1,6.1,88.8
KMT,KHAMMAM,7,9,82,98,7.1,9.2,83.7
BSBP,BIRSHIBPUR,5,90,3,98,5.1,91.8,3.1
GMO,NSC BOSE J G,6,17,75,98,6.1,17.3,76.5
SKZR,SIRPURKAGHAZ,5,10,83,98,5.1,10.2,84.7
GPD,GUMMIDIPUNDI,5,89,4,98,5.1,90.8,4.1
NCB,NEW COOCH BE,3,8,86,97,3.1,8.2,88.7
SKG,SAKTI GARH J,6,91,0,97,6.2,93.8,0.0
GRP,GANGPUR,6,91,0,97,6.2,93.8,0.0
TPKR,TIKIAPARA,7,88,1,96,7.3,91.7,1.0
SUNR,SURENDRANAGA,7,10,79,96,7.3,10.4,82.3
BNJ,BANGAON JN.,38,58,0,96,39.6,60.4,0.0
RJT,RAJKOT,3,8,85,96,3.1,8.3,88.5
MTD,MERTA ROAD J,26,9,61,96,27.1,9.4,63.5
ADRA,ADRA,12,21,63,96,12.5,21.9,65.6
RN,RATNAGIRI,10,8,77,95,10.5,8.4,81.1
BTE,BHARATPUR JN,14,20,61,95,14.7,21.1,64.2
DSNR,DASHNAGAR,7,87,1,95,7.4,91.6,1.1
MJ,MARWAR JN.,7,13,74,94,7.4,13.8,78.7
CLX,CHIRALA,4,10,80,94,4.3,10.6,85.1
DRD,DAHANU ROAD,21,30,43,94,22.3,31.9,45.7
INDB,INDORE BG,20,17,57,94,21.3,18.1,60.6
RJPB,RAJENDRANAGA,5,22,67,94,5.3,23.4,71.3
KVP,KAVARAIPPETT,3,89,2,94,3.2,94.7,2.1
RNY,RANGIYA JN.,2,10,82,94,2.1,10.6,87.2
ANVT,ANAND VIHAR,8,9,76,93,8.6,9.7,81.7
CHE,SRIKAKULAM R,5,18,70,93,5.4,19.4,75.3
KBT,KADAMBATTUR,4,89,0,93,4.3,95.7,0.0
PTKC,PATHANKOT CA,6,10,77,93,6.5,10.8,82.8
GGTA,GHORAGHATA,2,90,1,93,2.2,96.8,1.1
WR,WARDHA JN.,4,12,76,92,4.3,13.0,82.6
DMM,DHARMAVARAM,8,3,81,92,8.7,3.3,88.0
DBG,DARBHANGA JN,2,14,76,92,2.2,15.2,82.6
BOE,BARSOI JN.,3,16,73,92,3.3,17.4,79.3
DEC,DELHI CANTT,1,28,62,91,1.1,30.8,68.1
ASKR,ASHOKNAGAR R,21,70,0,91,23.1,76.9,0.0
MDN,MIDNAPORE,3,43,45,91,3.3,47.3,49.5
ASK,ARSIKERE JN.,2,7,82,91,2.2,7.7,90.1
BIRA,BIRA,21,70,0,91,23.1,76.9,0.0
GUMA,GUMA,21,70,0,91,23.1,76.9,0.0
HB,HABRA,21,70,0,91,23.1,76.9,0.0
AKV,ANKLESHWAR J,3,11,76,90,3.3,12.2,84.4
LJN,LUCKNOW JN.,5,13,72,90,5.6,14.4,80.0
ABB,ABADA,12,76,2,90,13.3,84.4,2.2
DG,DINDIGUL JN,3,7,80,90,3.3,7.8,88.9
KWAE,KATWA JN.,0,56,34,90,0.0,62.2,37.8
CRJ,CHITTARANJAN,4,12,74,90,4.4,13.3,82.2
GY,GOOTY JN.,6,6,77,89,6.7,6.7,86.5
GGN,GURGAON,1,28,60,89,1.1,31.5,67.4
PGW,PHAGWARA JN.,3,9,77,89,3.4,10.1,86.5
BHP,BOLPUR,1,23,65,89,1.1,25.8,73.0
DHD,DAHOD,1,10,77,88,1.1,11.4,87.5
BZU,BETUL,10,8,70,88,11.4,9.1,79.5
MURI,MURI,4,4,79,87,4.6,4.6,90.8
RNC,RANCHI,5,11,71,87,5.7,12.6,81.6
BOP,BHOGPUR,0,84,3,87,0.0,96.6,3.4
DEOS,DEORIA SADAR,6,9,72,87,6.9,10.3,82.8
MRJ,MIRAJ JN.,6,10,70,86,7.0,11.6,81.4
NACC,NEW ALIPUR (,64,21,0,85,75.3,24.7,0.0
RK,ROORKEE,5,7,73,85,5.9,8.2,85.9
NVS,NAVSARI,4,6,75,85,4.7,7.1,88.2
FUT,FATUHA,3,18,64,85,3.5,21.2,75.3
NFK,NEW FARAKKA,0,7,78,85,0.0,8.2,91.8
TO,TIRUVALANGAD,3,82,0,85,3.5,96.5,0.0
ATP,ANANTAPUR,8,2,74,84,9.5,2.4,88.1
BYT,BHATAPARA,6,13,65,84,7.1,15.5,77.4
GR,GULBARGA,7,12,65,84,8.3,14.3,77.4
SSB,SHAKUR BASTI,9,40,35,84,10.7,47.6,41.7
TDD,TADEPALLI GU,1,12,71,84,1.2,14.3,84.5
KKDE,KURUKSHETRA,8,16,60,84,9.5,19.0,71.4
PPI,PIPARIYA,3,8,72,83,3.6,9.6,86.7
KQR,KODERMA,2,15,66,83,2.4,18.1,79.5
LKF,LAKE GARDENS,64,19,0,83,77.1,22.9,0.0
HW,HARIDWAR JN,10,7,66,83,12.0,8.4,79.5
KGQ,KASARAGOD,6,9,68,83,7.2,10.8,81.9
TLG,TOLLY GANJ,64,19,0,83,77.1,22.9,0.0
RPJ,RAJPURA JN.,2,8,73,83,2.4,9.6,88.0
FD,FAIZABAD JN.,5,11,66,82,6.1,13.4,80.5
RDM,RAMGUNDAM,7,10,65,82,8.5,12.2,79.3
CD,CHANDRAPUR (,7,11,64,82,8.5,13.4,78.0
PBN,PARBHANI JN.,3,10,69,82,3.7,12.2,84.1
DOS,DEHRI-ON-SON,0,12,70,82,0.0,14.6,85.4
SSM,SASARAM,0,11,71,82,0.0,13.4,86.6
MJF,MALKAJGIRI,18,20,44,82,22.0,24.4,53.7
BTI,BATHINDA JN,1,19,62,82,1.2,23.2,75.6
DEE,DELHI-SARAI,1,25,55,81,1.2,30.9,67.9
RBL,RAE BARELI J,5,11,65,81,6.2,13.6,80.2
LKPR,LAKSHMIKANTA,28,53,0,81,34.6,65.4,0.0
TIR,TIRUR,4,9,67,80,5.0,11.2,83.8
AZ,AZIMGANJ JN.,2,35,43,80,2.5,43.8,53.8
TK,TUMKUR,2,10,68,80,2.5,12.5,85.0
WCN,WIMCO NAGAR,6,73,0,79,7.6,92.4,0.0
FA,FALNA,8,8,63,79,10.1,10.1,79.7
KPG,KOPARGAON,1,7,71,79,1.3,8.9,89.9
UDL,ANDAL JN.,2,40,37,79,2.5,50.6,46.8
KAVM,KATHIVAKKAM,6,73,0,79,7.6,92.4,0.0
TEN,TIRUNELVELI,1,21,57,79,1.3,26.6,72.2
KDV,KHADAVALI,76,0,2,78,97.4,0.0,2.6
ABY,AMBIVLI,75,1,2,78,96.2,1.3,2.6
SHAD,SHAHAD,75,1,2,78,96.2,1.3,2.6
BGP,BHAGALPUR,1,19,58,78,1.3,24.4,74.4
KNJ,KRISHNA NAGA,10,50,18,78,12.8,64.1,23.1
LKR,LUCKEESARAI,5,4,69,78,6.4,5.1,88.5
MAJN,MANGALORE JN,8,10,60,78,10.3,12.8,76.9
VSD,VASIND,76,0,2,78,97.4,0.0,2.6
PRR,PURULIA JN.,5,17,56,78,6.4,21.8,71.8
APB,ANUPPAMBATTU,5,73,0,78,6.4,93.6,0.0
BQA,BANKURA,5,22,51,78,6.4,28.2,65.4
ASO,ASANGAON,76,0,2,78,97.4,0.0,2.6
CKP,CHAKARADHARP,9,14,55,78,11.5,17.9,70.5
LRJ,LAKSAR JN.,3,2,72,77,3.9,2.6,93.5
MZP,MIRZAPUR,6,10,61,77,7.8,13.0,79.2
WADI,WADI JN.,7,7,63,77,9.1,9.1,81.8
GDA,GODHRA JN.,1,16,60,77,1.3,20.8,77.9
RC,RAICHUR,7,8,61,76,9.2,10.5,80.3
MYS,MYSORE JN.,4,22,50,76,5.3,28.9,65.8
BUI,BALLIA,3,5,68,76,3.9,6.6,89.5
NPKM,NANDIYAMBAKK,5,71,0,76,6.6,93.4,0.0
ARJ,AUNRIHAR JN.,3,9,64,76,3.9,11.8,84.2
NRL,NERAL,71,2,3,76,93.4,2.6,3.9
TRT,TIRUTTANI,7,45,23,75,9.3,60.0,30.7
DKZ,DELHI-KISHAN,3,43,29,75,4.0,57.3,38.7
MSL,MACHHALANDAP,9,66,0,75,12.0,88.0,0.0
RNG,RANI GANJ,3,30,42,75,4.0,40.0,56.0
BALU,BALUGAN,3,15,57,75,4.0,20.0,76.0
GBG,GOBARDANGA,9,66,0,75,12.0,88.0,0.0
MTC,MEERUT CITY,3,12,60,75,4.0,16.0,80.0
SPE,SULLURUPETTA,2,41,31,74,2.7,55.4,41.9
YJUD,YAMUNANAGER,2,10,62,74,2.7,13.5,83.8
SNT,SAINTHIA JN.,1,28,45,74,1.4,37.8,60.8
SBP,SAMBALPUR JN,5,7,62,74,6.8,9.5,83.8
SGO,SAUGOR,3,6,65,74,4.1,8.1,87.8
BTT,BHATNI JN.,9,12,53,74,12.2,16.2,71.6
MUR,MANKAPUR JN.,8,8,57,73,11.0,11.0,78.1
ETW,ETAWAH,6,10,57,73,8.2,13.7,78.1
VGI,VANGANI,71,2,0,73,97.3,2.7,0.0
BVS,BHIVPURI ROA,71,2,0,73,97.3,2.7,0.0
RRB,BIRUR JN.,3,5,65,73,4.1,6.8,89.0
KQU,KAMARKUNDU J,8,61,4,73,11.0,83.6,5.5
DHNE,DHONE JN,4,6,63,73,5.5,8.2,86.3
NZB,NIZAMABAD,5,11,57,73,6.8,15.1,78.1
PDA,PUNDOOAH,10,57,6,73,13.7,78.1,8.2
BGS,BEGU SARAI,6,15,52,73,8.2,20.5,71.2
CPH,CHAMPA JN.,5,16,51,72,6.9,22.2,70.8
HRI,HARDOI,3,2,67,72,4.2,2.8,93.1
NDD,NIDADAVOLU J,1,19,52,72,1.4,26.4,72.2
BARH,BARH,3,8,61,72,4.2,11.1,84.7
APR,ANUPPUR JN.,6,8,58,72,8.3,11.1,80.6
AKP,ANAKAPALLE,1,7,64,72,1.4,9.7,88.9
NU,NARSINGHPUR,3,7,62,72,4.2,9.7,86.1
TAK,TARAKESHWAR,13,59,0,72,18.1,81.9,0.0
HPU,HAPUR JN.,2,12,57,71,2.8,16.9,80.3
BHS,VIDISHA,2,5,64,71,2.8,7.0,90.1
MVLK,MAVELIKARA,2,11,58,71,2.8,15.5,81.7
NOQ,NEW ALIPURDU,3,6,62,71,4.2,8.5,87.3
MBNR,MAHBUBNAGAR,5,9,57,71,7.0,12.7,80.3
PBH,PARTAPGARH J,1,8,62,71,1.4,11.3,87.3
JOX,JANAI ROAD,14,57,0,71,19.7,80.3,0.0
RJN,RAJNANDGAON,1,12,58,71,1.4,16.9,81.7
MKP,MANIKPUR JN.,2,17,52,71,2.8,23.9,73.2
WKR,WANKANER,11,6,53,70,15.7,8.6,75.7
VPT,VIRUDUNAGAR,0,9,61,70,0.0,12.9,87.1
JIND,JIND JN,5,18,47,70,7.1,25.7,67.1
LAR,LALITPUR,6,10,54,70,8.6,14.3,77.1
BRPA,BARUI PARA,14,56,0,70,20.0,80.0,0.0
NDB,NANDURBAR,1,5,64,70,1.4,7.1,91.4
GBRA,GOBRA,14,56,0,70,20.0,80.0,0.0
TLY,THALASSERY,5,6,59,70,7.1,8.6,84.3
MUG,MAGRA,10,56,4,70,14.3,80.0,5.7
BPAE,BEGAMPUR,14,56,0,70,20.0,80.0,0.0
SLN,SULTANPUR JN,2,15,53,70,2.9,21.4,75.7
NPMR,NARAYAN PAKU,0,69,1,70,0.0,98.6,1.4
DWX,DEWAS,6,10,53,69,8.7,14.5,76.8
KOJ,KOKRAJHAR,2,7,60,69,2.9,10.1,87.0
GDV,GUDIVADA JN.,7,25,37,69,10.1,36.2,53.6
SIU,SINGUR,10,59,0,69,14.5,85.5,0.0
PKR,PAKUR,1,13,55,69,1.4,18.8,79.7
KQD,KHAIRATABAD,58,2,9,69,84.1,2.9,13.0
DEA,DIARA,10,59,0,69,14.5,85.5,0.0
NDGJ,NANDAIGAJAN,0,68,1,69,0.0,98.6,1.4
KLD,KHALILABAD,3,5,61,69,4.3,7.2,88.4
BVH,BALLABGARH,4,36,29,69,5.8,52.2,42.0
NSF,NASIBPUR,10,59,0,69,14.5,85.5,0.0
AWB,AURANGABAD,2,10,56,68,2.9,14.7,82.4
SJVP,SANJIVAIAH P,40,28,0,68,58.8,41.2,0.0
ALLP,ALLEPPEY,5,16,47,68,7.4,23.5,69.1
UD,UDUPI,7,5,56,68,10.3,7.4,82.4
DMO,DAMOH,3,6,59,68,4.4,8.8,86.8
MKU,MALKAPUR,4,3,61,68,5.9,4.4,89.7
TIG,TITLA GARH J,2,4,62,68,2.9,5.9,91.2
NDAE,NABADWIP DHA,0,36,32,68,0.0,52.9,47.1
JET,JAMES STREET,40,28,0,68,58.8,41.2,0.0
BOR,BOISAR,9,14,45,68,13.2,20.6,66.2
TJ,THANJAVUR JN,5,24,39,68,7.4,35.3,57.4
SEGM,SEWAGRAM,5,5,57,67,7.5,7.5,85.1
TKNR,THAKURNAGAR,7,60,0,67,10.4,89.6,0.0
J,JALNA,2,10,55,67,3.0,14.9,82.1
KUN,KARNAL,0,11,56,67,0.0,16.4,83.6
KHN,KHANYAN,10,56,1,67,14.9,83.6,1.5
MUE,MUDKHED JN.,3,10,54,67,4.5,14.9,80.6
MYM,MEMARI,8,55,4,67,11.9,82.1,6.0
KRNT,KURNOOL TOWN,4,7,56,67,6.0,10.4,83.6
MAU,MAU JN.,0,4,63,67,0.0,6.0,94.0
KRR,KARUR JN.,2,15,50,67,3.0,22.4,74.6
BZL,BELA NAGAR,10,56,0,66,15.2,84.8,0.0
JNU,JAUNPUR JN.,4,11,51,66,6.1,16.7,77.3
ORAI,ORAI,6,11,49,66,9.1,16.7,74.2
PAR,PANDHURNA,6,5,55,66,9.1,7.6,83.3
BOI,BAINCHI,8,55,3,66,12.1,83.3,4.5
SIR,SIRHIND JN.,0,8,58,66,0.0,12.1,87.9
SNP,SONIPAT,1,21,44,66,1.5,31.8,66.7
HUP,HINDUPUR,6,4,56,66,9.1,6.1,84.8
CDG,CHANDIGARH,1,13,52,66,1.5,19.7,78.8
KWV,KURDUVADI JN,2,6,58,66,3.0,9.1,87.9
FZR,FIROZPUR CAN,0,39,27,66,0.0,59.1,40.9
SVJR,SHIVAJINAGAR,19,32,15,66,28.8,48.5,22.7
BKSC,BOKARO STEEL,4,8,54,66,6.1,12.1,81.8
BPP,BAPATIA,3,9,53,65,4.6,13.8,81.5
TLO,TALANDU,10,54,1,65,15.4,83.1,1.5
NBD,NAJIBABAD JN,11,5,49,65,16.9,7.7,75.4
KQLS,KAMARKUNDU H,6,59,0,65,9.2,90.8,0.0
MNE,MANSI JN.,2,13,50,65,3.1,20.0,76.9
MLYA,MALIYA,6,59,0,65,9.2,90.8,0.0
BKN,BIKANER JN.,2,10,53,65,3.1,15.4,81.5
BKI,BANDIKUI JN.,5,15,45,65,7.7,23.1,69.2
HPL,HARI PAL,6,59,0,65,9.2,90.8,0.0
VRI,VRIDHA CHALA,0,7,58,65,0.0,10.8,89.2
DVG,DAVANGERE,2,6,57,65,3.1,9.2,87.7
COR,CHITTAURGARH,0,9,56,65,0.0,13.8,86.2
ADST,ADI SAPTAGRA,10,54,1,65,15.4,83.1,1.5
CDP,CHANDPARA,7,58,0,65,10.8,89.2,0.0
NKL,NALIKUL,6,59,0,65,9.2,90.8,0.0
DAKE,DAKHINESWAR,47,1,16,64,73.4,1.6,25.0
BLAE,BALARAMBATI,8,56,0,64,12.5,87.5,0.0
SJP,SHUJALPUR,3,7,54,64,4.7,10.9,84.4
CCH,CHINCHVAD,19,29,16,64,29.7,45.3,25.0
CDAE,CHANDANPUR,8,56,0,64,12.5,87.5,0.0
DWR,DHARWAD,6,5,53,64,9.4,7.8,82.8
BBU,BHABUA ROAD,0,6,58,64,0.0,9.4,90.6
SDL,SHAHDOL,6,5,53,64,9.4,7.8,82.8
KSG,KISHANGARH,1,13,50,64,1.6,20.3,78.1
KTHU,KATHUA,5,3,56,64,7.8,4.7,87.5
MBE,MIRZAPUR BAN,8,56,0,64,12.5,87.5,0.0
MALM,MANTHRALAYAM,7,6,51,64,10.9,9.4,79.7
LMG,LUMDING JN.,1,3,60,64,1.6,4.7,93.8
BRYA,BARHIYA,5,4,55,64,7.8,6.2,85.9
PWL,PALWAL,4,35,25,64,6.2,54.7,39.1
DUI,DHURI JN.,3,7,53,63,4.8,11.1,84.1
HAPA,HAPA,2,6,55,63,3.2,9.5,87.3
AWR,ALWAR JN.,0,11,52,63,0.0,17.5,82.5
ANG,AHMADNAGAR,2,2,59,63,3.2,3.2,93.7
MV,MAYILADUTURA,4,22,37,63,6.3,34.9,58.7
NCJ,NAGERCOIL JN,2,10,51,63,3.2,15.9,81.0
SHG,SHAHGANJ JN.,4,2,57,63,6.3,3.2,90.5
LOK,LOKNATH,4,59,0,63,6.3,93.7,0.0
MAN,MANINAGAR,2,22,39,63,3.2,34.9,61.9
MDSE,MADHUSUDANPU,8,55,0,63,12.7,87.3,0.0
KKAE,KAIKALA,4,59,0,63,6.3,93.7,0.0
BAHW,BAHIR KHANDA,4,59,0,63,6.3,93.7,0.0
DBP,DEBIPUR,8,54,0,62,12.9,87.1,0.0
MCI,MANCHIRYAL,1,6,55,62,1.6,9.7,88.7
BGB,BUDGE BUDGE,56,6,0,62,90.3,9.7,0.0
SNHT,SANHATI,4,58,0,62,6.5,93.5,0.0
BRJ,BRACE BRIDGE,56,6,0,62,90.3,9.7,0.0
SSP,SANTOSH PUR,56,6,0,62,90.3,9.7,0.0
AHA,ABHAIPUR,6,7,49,62,9.7,11.3,79.0
AKRA,AKRA,56,6,0,62,90.3,9.7,0.0
BCK,BALICHAK,0,52,10,62,0.0,83.9,16.1
SLG,SIMLAGARH,8,54,0,62,12.9,87.1,0.0
BGF,BAGILA,8,54,0,62,12.9,87.1,0.0
KK,KHADKI,20,31,11,62,32.3,50.0,17.7
BCGM,BAINCHI GRAM,8,54,0,62,12.9,87.1,0.0
KAWR,KAWR,7,9,46,62,11.3,14.5,74.2
NAI,NANGI,56,6,0,62,90.3,9.7,0.0
RMU,RAMPUR,2,3,56,61,3.3,4.9,91.8
MYR,MAIHAR,4,4,53,61,6.6,6.6,86.9
RKM,RAJA-KI-MAND,6,12,43,61,9.8,19.7,70.5
DSB,SADAR BAZAR,9,37,15,61,14.8,60.7,24.6
MKC,MAKSI JN,3,6,52,61,4.9,9.8,85.2
BDYP,BIDYADHARPUR,55,5,0,60,91.7,8.3,0.0
DNA,DEGANA JN.,6,2,52,60,10.0,3.3,86.7
VKB,VIKRABAD JN.,2,11,47,60,3.3,18.3,78.3
GUNA,GUNA,3,10,47,60,5.0,16.7,78.3
BDJ,VADAKARA,2,4,54,60,3.3,6.7,90.0
KLKR,KALIKAPUR,55,5,0,60,91.7,8.3,0.0
CHT,CHAMPAHATI,55,5,0,60,91.7,8.3,0.0
GCT,GHAZIPUR CIT,3,6,50,59,5.1,10.2,84.7
BGZ,BAHADURGARH,3,21,35,59,5.1,35.6,59.3
GOF,GHUTIARI SHA,54,5,0,59,91.5,8.5,0.0
KMC,KAMAREDDI,3,8,48,59,5.1,13.6,81.4
TGN,TALEGAON,19,27,12,58,32.8,46.6,20.7
RGDA,RAYAGADA JN.,1,6,51,58,1.7,10.3,87.9
MABD,MAHBUBABAD,2,7,49,58,3.4,12.1,84.5
DLN,DILDARNAGAR,9,9,40,58,15.5,15.5,69.0
RIG,RAIGARH,6,10,42,58,10.3,17.2,72.4
CG,CANNING,54,4,0,58,93.1,6.9,0.0
NLRD,NECKLACE ROA,58,0,0,58,100.0,0.0,0.0
UBC,AMBALA CITY,2,8,48,58,3.4,13.8,82.8
TLX,TALDI,54,4,0,58,93.1,6.9,0.0
AF,AGRA  FORT,4,7,47,58,6.9,12.1,81.0
HAUR,HAUR,0,51,7,58,0.0,87.9,12.1
LKPL,LAKDI KA PUL,58,0,0,58,100.0,0.0,0.0
AY,AYODHYA,8,5,45,58,13.8,8.6,77.6
HD,HARDA,0,4,54,58,0.0,6.9,93.1
VR,VIRAR,20,15,22,57,35.1,26.3,38.6
PLF,PIALI,52,5,0,57,91.2,8.8,0.0
GRAE,GURAP,0,57,0,57,0.0,100.0,0.0
HSR,HISAR JN,2,3,52,57,3.5,5.3,91.2
MOZ,MUZAFFARNAGA,2,5,50,57,3.5,8.8,87.7
RDU,RADHAMOHANPU,0,50,7,57,0.0,87.7,12.3
RMA,RAMGANJ MAND,0,10,47,57,0.0,17.5,82.5
KSRA,KASARA,36,0,21,57,63.2,0.0,36.8
MRA,MORENA,4,4,49,57,7.0,7.0,86.0
AD,ADONI,7,5,45,57,12.3,8.8,78.9
BPHB,BHILAI POWER,15,10,32,57,26.3,17.5,56.1
SGG,SULTANGANJ,6,7,44,57,10.5,12.3,77.2
GQD,GOURDAHA (HA,52,5,0,57,91.2,8.8,0.0
BMAE,BELMURI,0,57,0,57,0.0,100.0,0.0
GWD,GADWAL,3,5,49,57,5.3,8.8,86.0
HX,CUDDAPAH,6,10,41,57,10.5,17.5,71.9
NNA,NAUGACHIA,5,3,49,57,8.8,5.3,86.0
DPDP,DHAPDHAPI,3,53,0,56,5.4,94.6,0.0
BARU,BAHARU F,3,53,0,56,5.4,94.6,0.0
VVKP,VIVEKANANDPU,3,41,12,56,5.4,73.2,21.4
DKDP,DAKSHIN DURG,6,50,0,56,10.7,89.3,0.0
TKD,TUGALAKABAD,4,35,17,56,7.1,62.5,30.4
GCN,GOCHARAN,3,53,0,56,5.4,94.6,0.0
GGC,GANGAPUR CIT,4,5,47,56,7.1,8.9,83.9
CRP,CHANDRAPURA,3,6,47,56,5.4,10.7,83.9
KYP,KALYANPUR,6,50,0,56,10.7,89.3,0.0
MPRD,MATHURAPUR R,3,53,0,56,5.4,94.6,0.0
AME,AMETHI,1,5,50,56,1.8,8.9,89.3
LUNI,LUNI JN.,4,3,49,56,7.1,5.4,87.5
SZM,SUBZI MANDI,1,17,38,56,1.8,30.4,67.9
MAQ,MANGALORE CE,2,9,45,56,3.6,16.1,80.4
MGT,MAGRAHAT,6,50,0,56,10.7,89.3,0.0
KSJ,KASGANJ JN.,2,26,28,56,3.6,46.4,50.0
DBT,DAKSHIN BARA,3,53,0,56,5.4,94.6,0.0
NEU,NERUL,56,0,0,56,100.0,0.0,0.0
BDZ,BADKULLA,6,40,10,56,10.7,71.4,17.9
THP,TAHERPUR,6,40,10,56,10.7,71.4,17.9
GADJ,GANDHINAGAR,5,11,40,56,8.9,19.6,71.4
JNM,JAYNAGAR MAJ,3,53,0,56,5.4,94.6,0.0
PBZ,PORA BAZAR,0,56,0,56,0.0,100.0,0.0
SJPR,SURJYAPUR,3,53,0,56,5.4,94.6,0.0
HIH,HAJIGARH,0,56,0,56,0.0,100.0,0.0
OTP,OTTAPPALAM,2,7,47,56,3.6,12.5,83.9
HT,HOTAR,6,50,0,56,10.7,89.3,0.0
BMO,BOLARUM,18,12,26,56,32.1,21.4,46.4
BIJ,BIRNAGAR,6,40,10,56,10.7,71.4,17.9
CVP,KOVILPATTI,0,2,54,56,0.0,3.6,96.4
ABKA,AMBIKA KALNA,0,36,20,56,0.0,64.3,35.7
DBSI,DAYA BASTI,3,41,12,56,5.4,73.2,21.4
VVB,VIVEK VIHAR,11,23,21,55,20.0,41.8,38.2
MSAE,MASAGRAM,0,55,0,55,0.0,100.0,0.0
CHI,CHIPLUN,5,4,46,55,9.1,7.3,83.6
JHL,JAKHAL JN.,3,3,49,55,5.5,5.5,89.1
JAM,JAMNAGAR,1,6,48,55,1.8,10.9,87.3
TUNI,TUNI,0,6,49,55,0.0,10.9,89.1
DPA,DURGAPURA,1,3,51,55,1.8,5.5,92.7
KVZ,KAVALI,3,5,47,55,5.5,9.1,85.5
ACOI,CHHEOKI,4,13,38,55,7.3,23.6,69.1
HGA,HOGLAHALT E,3,52,0,55,5.5,94.5,0.0
UTN,UTTAR RADHAN,6,48,0,54,11.1,88.9,0.0
PMP,PIMPRI,19,28,7,54,35.2,51.9,13.0
MDBP,MADHABPUR,3,51,0,54,5.6,94.4,0.0
CTO,CHITTOOR,5,12,37,54,9.3,22.2,68.5
SBG,SAHIBGANJ,1,12,41,54,1.9,22.2,75.9
PNME,PARASNATH,0,8,46,54,0.0,14.8,85.2
BXN,BAYANA,3,9,42,54,5.6,16.7,77.8
PND,PENDRA ROAD,6,7,41,54,11.1,13.0,75.9
YG,YADGIR,5,4,45,54,9.3,7.4,83.3
AMLA,AMLA JN.,4,5,45,54,7.4,9.3,83.3
SRT,SATUR,0,2,52,54,0.0,3.7,96.3
D,DEULA,4,50,0,54,7.4,92.6,0.0
NBAE,NABAGRAM,0,54,0,54,0.0,100.0,0.0
OKA,OKHLA,4,35,15,54,7.4,64.8,27.8
BSD,BASULDANGA,4,50,0,54,7.4,92.6,0.0
UDN,UDHNA JN.,0,6,48,54,0.0,11.1,88.9
BHW,BARHARWA JN.,1,16,37,54,1.9,29.6,68.5
JPQ,JHAPANDANGA,0,54,0,54,0.0,100.0,0.0
HTZ,HATHIDAH JN,3,3,48,54,5.6,5.6,88.9
NTA,NETRA,4,50,0,54,7.4,92.6,0.0
DMU,DHAMUA,6,48,0,54,11.1,88.9,0.0
DH,DIAMOND HARB,4,50,0,54,7.4,92.6,0.0
SGL,SAGAULI JN.,5,10,39,54,9.3,18.5,72.2
KOO,KHUSROPUR,3,5,46,54,5.6,9.3,85.2
JRAE,JAUGRAM,0,54,0,54,0.0,100.0,0.0
GURN,GURUDAS NAGA,4,49,0,53,7.5,92.5,0.0
LD,LONDA JN.,3,4,46,53,5.7,7.5,86.8
MED,MEDCHAL,10,12,31,53,18.9,22.6,58.5
CGY,CHANGANACHER,0,8,45,53,0.0,15.1,84.9
BGM,BELGAUM,3,7,43,53,5.7,13.2,81.1
YA,YERRA GUNTLA,4,10,39,53,7.5,18.9,73.6
HRR,HARIHAR JN.,2,2,49,53,3.8,3.8,92.5
VSU,BISHNUPUR,2,12,39,53,3.8,22.6,73.6
PLG,PALGHAR,10,11,32,53,18.9,20.8,60.4
MHD,MAHEMADAVAD,1,21,31,53,1.9,39.6,58.5
UHP,UDHAMPUR,4,4,44,52,7.7,7.7,84.6
EGT,EGATTUR,2,50,0,52,3.8,96.2,0.0
BAU,BURHANPUR,1,4,47,52,1.9,7.7,90.4
JNH,JANGHAI JN.,4,4,44,52,7.7,7.7,84.6
VAK,VARKALA,0,5,47,52,0.0,9.6,90.4
RSLR,RASULPUR,6,46,0,52,11.5,88.5,0.0
DEHR,DEHU ROAD,19,27,6,52,36.5,51.9,11.5
MLMR,MELMARUVATHU,1,6,45,52,1.9,11.5,86.5
AH,ACHHNERA JN.,8,12,32,52,15.4,23.1,61.5
PAN,PANA GARH,0,24,28,52,0.0,46.2,53.8
KRJ,KHURJA JN,0,19,33,52,0.0,36.5,63.5
PTK,PATHANKOT JN,0,24,28,52,0.0,46.2,53.8
BTPG,BETHERIA GHO,48,4,0,52,92.3,7.7,0.0
KHT,SRI KALAHAST,3,9,40,52,5.8,17.3,76.9
PLAE,PALSIT,6,46,0,52,11.5,88.5,0.0
PHR,PHILLAUR JN.,3,12,37,52,5.8,23.1,71.2
PAY,PAYYANUR,3,3,45,51,5.9,5.9,88.2
AMRO,AMROHA,2,4,45,51,3.9,7.8,88.2
THVM,THIVIM,4,11,36,51,7.8,21.6,70.6
WFD,WHITE FIELD,5,30,15,50,10.0,60.0,30.0
JMU,JAMUI,4,4,42,50,8.0,8.0,84.0
HVR,HAVERI,2,1,47,50,4.0,2.0,94.0
MPD,MADPUR,0,45,5,50,0.0,90.0,10.0
SKB,SHIKOHABAD J,4,6,40,50,8.0,12.0,80.0
YNK,YELAHANKA JN,6,3,41,50,12.0,6.0,82.0
DGG,DONGAR GARH,1,15,34,50,2.0,30.0,68.0
NKE,NARKATIAGANJ,4,9,37,50,8.0,18.0,74.0
GMDN,GIRI MAIDAN,2,37,11,50,4.0,74.0,22.0
TPH,TINPAHAR JN.,17,9,24,50,34.0,18.0,48.0
HBD,HOSHANGABAD,2,3,45,50,4.0,6.0,90.0
SHC,SAHARSA JN.,3,17,30,50,6.0,34.0,60.0
KAN,KHANA JN.,0,31,19,50,0.0,62.0,38.0
BNW,BHIWANI JN.,2,13,34,49,4.1,26.5,69.4
BAQ,GANJ BASODA,1,5,43,49,2.0,10.2,87.8
MEJ,VANCHI MANIY,4,4,41,49,8.2,8.2,83.7
FDN,FARIDABAD NE,4,35,10,49,8.2,71.4,20.4
KHAI,KHIRAI,0,47,2,49,0.0,95.9,4.1
CAP,CHATRAPUR,1,6,42,49,2.0,12.2,85.7
JER,JALESWAR,1,12,36,49,2.0,24.5,73.5
JOC,JOYCHANDI PA,6,11,32,49,12.2,22.4,65.3
TTR,TIPTUR,1,1,47,49,2.0,2.0,95.9
SMCK,SHYAM CHAK,0,45,4,49,0.0,91.8,8.2
BPA,BELLAMPALLI,1,5,43,49,2.0,10.2,87.8
DO,DAUSA,4,5,40,49,8.2,10.2,81.6
SGUJ,SILIGURI JN.,0,6,42,48,0.0,12.5,87.5
DNKL,DHENKANAL,2,0,46,48,4.2,0.0,95.8
KGI,KENGERI,6,12,30,48,12.5,25.0,62.5
SIL,SAKHIGOPAL,4,6,38,48,8.3,12.5,79.2
RNR,RANIBENNUR,2,1,45,48,4.2,2.1,93.8
JPR,JAKPUR,0,45,3,48,0.0,93.8,6.2
NLDA,NALGONDA,2,5,41,48,4.2,10.4,85.4
BIRD,BHIWANDI ROA,10,8,30,48,20.8,16.7,62.5
DAPD,DAPODI,19,27,2,48,39.6,56.2,4.2
AST,ASAOTI,4,33,11,48,8.3,68.8,22.9
CSN,CHALISGAON J,9,2,37,48,18.8,4.2,77.1
MGN,MEGHNAGAR,0,4,44,48,0.0,8.3,91.7
MRGA,MIRYALAGUDA,3,6,39,48,6.2,12.5,81.2
AKRD,AKURDI,19,27,2,48,39.6,56.2,4.2
GKL,GOKULPUR,2,37,9,48,4.2,77.1,18.8
AFK,ANGAMALI (FO,1,6,41,48,2.1,12.5,85.4
KSNG,KESINGA,1,4,43,48,2.1,8.3,89.6
KPY,KARUNAGAPPAL,0,10,38,48,0.0,20.8,79.2
MAF,MANAVUR,2,45,0,47,4.3,95.7,0.0
SHBC,SIBAICHANDI,0,47,0,47,0.0,100.0,0.0
PLMG,PULIYAMANGAL,2,45,0,47,4.3,95.7,0.0
SBI,SABARMATI JN,6,9,32,47,12.8,19.1,68.1
GYN,GYANPUR ROAD,0,8,39,47,0.0,17.0,83.0
DKJ,DORNAKAL JN.,4,7,36,47,8.5,14.9,76.6
BCY,VARANASI CIT,2,5,40,47,4.3,10.6,85.1
DNHL,DHANIOIAKHAL,0,47,0,47,0.0,100.0,0.0
HTE,HATIA,4,2,41,47,8.5,4.3,87.2
BCT,MUMBAI CENTR,0,0,47,47,0.0,0.0,100.0
KMZ,KATNI MURWAR,3,4,40,47,6.4,8.5,85.1
ANVR,ANAND VIHAR,24,15,8,47,51.1,31.9,17.0
CKI,CHALAKUDI,1,6,40,47,2.1,12.8,85.1
NDO,NIDUBROLU,3,9,35,47,6.4,19.1,74.5
DRU,KADUR,1,3,43,47,2.1,6.4,91.5
SPAM,SENJIPANAMBA,2,45,0,47,4.3,95.7,0.0
MSU,MOSUR,2,45,0,47,4.3,95.7,0.0
VN,VANIYAMBADI,3,4,40,47,6.4,8.5,85.1
BLYH,BALLY HALT,46,0,0,46,100.0,0.0,0.0
BWM,BHAWANI MAND,1,3,42,46,2.2,6.5,91.3
ANGL,ANGUL,2,0,44,46,4.3,0.0,95.7
TDU,TANDUR,3,7,36,46,6.5,15.2,78.3
KZE,KANHANGAD,2,4,40,46,4.3,8.7,87.0
LSI,LAHERIA SARA,1,7,38,46,2.2,15.2,82.6
PRAE,PALLA ROAD,0,46,0,46,0.0,100.0,0.0
LKU,LALKUA JN.,5,12,29,46,10.9,26.1,63.0
GDG,GADAG JN.,1,2,43,46,2.2,4.3,93.5
BLYG,BALLY GHAT,46,0,0,46,100.0,0.0,0.0
KSWD,KASARWADI,19,27,0,46,41.3,58.7,0.0
RCD,RAJCHANDRAPU,46,0,0,46,100.0,0.0,0.0
NMF,NIMO,6,40,0,46,13.0,87.0,0.0
IJK,IRINJALAKUDA,1,6,39,46,2.2,13.0,84.8
KGLE,KHAGRAGHAT R,0,20,26,46,0.0,43.5,56.5
BLGR,BALANGIR,2,4,40,46,4.3,8.7,87.0
GRWD,GHORAWADI,19,27,0,46,41.3,58.7,0.0
HJI,HOJAI,1,3,42,46,2.2,6.5,91.3
BRGA,BARGARH ROAD,2,4,40,46,4.3,8.7,87.0
BRD,BHANDARA RD,1,11,34,46,2.2,23.9,73.9
NHT,NALHATI JN.,2,18,26,46,4.3,39.1,56.5
BRKA,BARKAKANA,3,0,43,46,6.5,0.0,93.5
BARN,BARANAGAR RO,46,0,0,46,100.0,0.0,0.0
AN,AMALNER,1,7,38,46,2.2,15.2,82.6
AKT,AKALTARA,5,16,25,46,10.9,34.8,54.3
VBL,BOBBILI JN.,10,3,33,46,21.7,6.5,71.7
SEH,SEHORE,2,2,42,46,4.3,4.3,91.3
AMP,AHMADPUR JN.,1,14,31,46,2.2,30.4,67.4
STR,SATARA,3,0,43,46,6.5,0.0,93.5
VDLR,MUMBAI VADAL,46,0,0,46,100.0,0.0,0.0
PPTA,PATLIPUTRA,6,6,33,45,13.3,13.3,73.3
SALE,SALAR,0,20,25,45,0.0,44.4,55.6
GFAE,GARIFA,38,4,3,45,84.4,8.9,6.7
FBD,FARRUKHABAD,2,13,30,45,4.4,28.9,66.7
BGWI,BEGDAEWAI,19,26,0,45,42.2,57.8,0.0
DSS,DALSINGH SAR,3,6,36,45,6.7,13.3,80.0
MXN,MARIANI JN.,0,0,45,45,0.0,0.0,100.0
SPT,SOMPETA,0,4,41,45,0.0,8.9,91.1
HYG,HOOGHLY GHAT,38,4,3,45,84.4,8.9,6.7
DMV,DIMAPUR,0,0,45,45,0.0,0.0,100.0
NRW,NARWANA JN.,4,9,32,45,8.9,20.0,71.1
GDYA,GHORADONGRI,4,3,37,44,9.1,6.8,84.1
SCM,SIMHACHALAM,2,4,38,44,4.5,9.1,86.4
MPN,MADHYAMPUR,5,39,0,44,11.4,88.6,0.0
MYA,MANDYA,1,12,31,44,2.3,27.3,70.5
SDB,SHAHABAD,3,4,37,44,6.8,9.1,84.1
BPRD,BARPETA ROAD,0,6,38,44,0.0,13.6,86.4
NHH,NIHALGARH,2,8,34,44,4.5,18.2,77.3
NGO,NAGAUR,2,7,35,44,4.5,15.9,79.5
DVL,DEVLALI,0,4,40,44,0.0,9.1,90.9
SVDK,SHRI MATA VA,3,2,39,44,6.8,4.5,88.6
LBTL,LEBUTALA,5,39,0,44,11.4,88.6,0.0
CQR,CHAMPAPUKUR,5,39,0,44,11.4,88.6,0.0
UMR,UMARIA,6,5,33,44,13.6,11.4,75.0
RTGH,RATANAGARH J,10,3,31,44,22.7,6.8,70.5
SXC,SONDALIA,5,39,0,44,11.4,88.6,0.0
GGV,GHOVARASH GH,5,39,0,44,11.4,88.6,0.0
BMKI,BAPUDHAM MOT,2,6,36,44,4.5,13.6,81.8
JGM,JHARGRAM,8,20,16,44,18.2,45.5,36.4
KMU,KUMBAKONAM,2,13,29,44,4.5,29.5,65.9
TMR,TUMSAR RD,6,12,26,44,13.6,27.3,59.1
BCH,BERCHHA,2,2,40,44,4.5,4.5,90.9
BHKA,BAHIRA KALIB,5,39,0,44,11.4,88.6,0.0
NSL,NAGARSOL,1,10,33,44,2.3,22.7,75.0
DBA,DABRA,3,7,34,44,6.8,15.9,77.3
NMDR,NIMDANRI,5,39,0,44,11.4,88.6,0.0
KBGH,KAREA KADAMB,5,39,0,44,11.4,88.6,0.0
HNB,HASANABAD,5,39,0,44,11.4,88.6,0.0
SGZ,SHAMGARH,0,0,44,44,0.0,0.0,100.0
HRO,HARUA ROAD,5,39,0,44,11.4,88.6,0.0
KMZA,KANKRA MIRZA,5,39,0,44,11.4,88.6,0.0
BGRD,BELIAGHATA R,5,39,0,44,11.4,88.6,0.0
BSHT,BASIRHAT,5,39,0,44,11.4,88.6,0.0
MPE,MALATI PUR,5,39,0,44,11.4,88.6,0.0
BSLA,BHASILA,5,39,0,44,11.4,88.6,0.0
BTA,BIHTA,1,7,36,44,2.3,15.9,81.8
FZD,FIROZABAD,0,4,40,44,0.0,9.1,90.9
BBLA,BHYABLA,5,39,0,44,11.4,88.6,0.0
BUP,BARIARPUR,3,7,34,44,6.8,15.9,77.3
BVRT,BHIMAVARAM T,1,12,31,44,2.3,27.3,70.5
KUDL,KUDAL,4,3,37,44,9.1,6.8,84.1
KZPR,KAZIPARA  HA,5,39,0,44,11.4,88.6,0.0
TKF,TAKI ROAD,5,39,0,44,11.4,88.6,0.0
PTMS,PATTABIRAM E,38,6,0,44,86.4,13.6,0.0
TLD,TILDA,5,9,30,44,11.4,20.5,68.2
KTU,KUTTIPPURAM,2,4,38,44,4.5,9.1,86.4
SNU,SANGRAMPUR,4,39,0,43,9.3,90.7,0.0
TPZ,TAPRI JN.,1,5,37,43,2.3,11.6,86.0
TU,TADIPATRI,3,5,35,43,7.0,11.6,81.4
BHPA,BAHIRPUYA HA,4,39,0,43,9.3,90.7,0.0
MKN,MAKRANA JN.,7,2,34,43,16.3,4.7,79.1
DPU,DIPHU,0,0,43,43,0.0,0.0,100.0
BNCE,BANGALORE EA,4,21,18,43,9.3,48.8,41.9
STB,SHANTIPUR JN,11,32,0,43,25.6,74.4,0.0
BSX,BASAR,3,6,34,43,7.0,14.0,79.1
DGA,DIGHWARA,3,6,33,42,7.1,14.3,78.6
MNGD,MUNIGUDA,1,6,35,42,2.4,14.3,83.3
SKI,SAKRI JN.,1,13,28,42,2.4,31.0,66.7
PGRL,PIDUGURALLA,2,6,34,42,4.8,14.3,81.0
BHL,BHILWARA,0,6,36,42,0.0,14.3,85.7
PGI,PARPANANGADI,2,4,36,42,4.8,9.5,85.7
ANDN,ANAND NAGAR,0,21,21,42,0.0,50.0,50.0
GHD,GARWA ROAD J,3,0,39,42,7.1,0.0,92.9
DURE,DUMRAON,1,3,38,42,2.4,7.1,90.5
JIT,JIRAT,0,36,6,42,0.0,85.7,14.3
GPAE,GUPTIPARA,0,36,6,42,0.0,85.7,14.3
CH,CHANDAUSI JN,2,6,34,42,4.8,14.3,81.0
BDL,VINDHYACHAL,0,8,34,42,0.0,19.0,81.0
KJU,KUNTIGHAT,0,36,6,42,0.0,85.7,14.3
APDJ,ALIPUR DUAR,1,5,36,42,2.4,11.9,85.7
SGNR,SHRI GANGANA,0,16,26,42,0.0,38.1,61.9
RJP,RAZAMPETA,3,6,33,42,7.1,14.3,78.6
DHO,DHAULPUR,4,3,35,42,9.5,7.1,83.3
AUBR,ANUGRAH NARA,0,6,36,42,0.0,14.3,85.7
DMN,DHAMANGAON,3,5,34,42,7.1,11.9,81.0
DBD,DEOBAND,2,4,36,42,4.8,9.5,85.7
NNO,NANGLOI,0,20,22,42,0.0,47.6,52.4
BIH,BAIRAGARH,2,0,40,42,4.8,0.0,95.2
KMAE,KHAMARGACHHI,0,36,6,42,0.0,85.7,14.3
BCA,BACHWARA JN.,2,9,31,42,4.8,21.4,73.8
PRG,PRAYAG JN.,2,3,37,42,4.8,7.1,88.1
ANR,ANARA,4,14,24,42,9.5,33.3,57.1
TIT,TALIT,0,31,11,42,0.0,73.8,26.2
BVRM,BHIMAVARAM J,5,23,14,42,11.9,54.8,33.3
CPA,KANPUR ANWAR,1,11,30,42,2.4,26.2,71.4
CPJ,KAPTANGANJ J,4,5,33,42,9.5,11.9,78.6
ABP,AKBARPUR JN.,3,4,35,42,7.1,9.5,83.3
SOAE,SOMRA BAZAR,0,36,6,42,0.0,85.7,14.3
SEG,SHEGAON,3,3,36,42,7.1,7.1,85.7
SDLP,SADULPUR JN,2,0,40,42,4.8,0.0,95.2
TBAE,TRIBENI,0,36,6,42,0.0,85.7,14.3
STN,SITARAMPUR J,3,17,22,42,7.1,40.5,52.4
BGAE,BALA GARH,0,36,6,42,0.0,85.7,14.3
BSAE,BANSH BARIA,0,36,6,42,0.0,85.7,14.3
KSV,KOSI KALAN,1,13,28,42,2.4,31.0,66.7
PSAE,PURBA STHALI,0,36,6,42,0.0,85.7,14.3
SMAE,SAMUDRA GARH,0,36,5,41,0.0,87.8,12.2
DLK,DALKOLHA,0,2,39,41,0.0,4.9,95.1
CNJ,CHANDER NAGA,21,14,6,41,51.2,34.1,14.6
SLI,SANGLI,3,2,36,41,7.3,4.9,87.8
BIM,BILIMORA JN.,0,5,36,41,0.0,12.2,87.8
SELU,SELU,1,2,38,41,2.4,4.9,92.7
KMST,KAMSHET,11,26,4,41,26.8,63.4,9.8
SHR,SIHORAROAD,2,0,39,41,4.9,0.0,95.1
KKLR,KAIKALUR,0,11,30,41,0.0,26.8,73.2
HIJ,HIJLI,7,7,27,41,17.1,17.1,65.9
CPK,CHAPARMUKH J,0,2,39,41,0.0,4.9,95.1
KQN,KODAIKKANAL,3,4,34,41,7.3,9.8,82.9
PTRD,PATAUDI ROAD,0,19,22,41,0.0,46.3,53.7
BER,BEAWAR,3,8,30,41,7.3,19.5,73.2
BJE,BHOJUDIH JN.,6,9,26,41,14.6,22.0,63.4
PMY,PALI MARWAR,4,2,35,41,9.8,4.9,85.4
AKVD,AKIVIDU,0,11,30,41,0.0,26.8,73.2
SKL,SINGAPERUMAL,0,39,2,41,0.0,95.1,4.9
SRTL,SHERTALAI,1,12,28,41,2.4,29.3,68.3
DTAE,DHATRI GRAM,0,36,5,41,0.0,87.8,12.2
BNZ,BADSHAHNAGAR,1,4,36,41,2.4,9.8,87.8
PAK,PAKALA JN.,2,7,32,41,4.9,17.1,78.0
DMLE,DUMURDAHA,0,35,5,40,0.0,87.5,12.5
DTO,DALTONGANJ,3,0,37,40,7.5,0.0,92.5
PTAE,PATULI,0,36,4,40,0.0,90.0,10.0
NOK,NOKHA,2,6,32,40,5.0,15.0,80.0
NIA,NAILA,2,14,24,40,5.0,35.0,60.0
SAP,SATTENAPALLE,2,4,34,40,5.0,10.0,85.0
RXL,RAXAUL JN.,2,5,33,40,5.0,12.5,82.5
DAA,DATIA,3,4,33,40,7.5,10.0,82.5
GEDE,GEDE,18,22,0,40,45.0,55.0,0.0
GHH,GARHI HARSAR,4,22,14,40,10.0,55.0,35.0
DQG,DHUPGURI,2,5,33,40,5.0,12.5,82.5
KRMI,KARMALI,5,11,24,40,12.5,27.5,60.0
DDA,DURAUNDHA JN,18,7,15,40,45.0,17.5,37.5
SBV,SIMRI BAKHTI,1,11,28,40,2.5,27.5,70.0
IAA,INDARA JN.,2,6,32,40,5.0,15.0,80.0
HAN,HINDAUN CITY,3,4,33,40,7.5,10.0,82.5
GTS,GHATSILA,1,16,23,40,2.5,40.0,57.5
HBE,HABIBPUR,8,32,0,40,20.0,80.0,0.0
DHAE,DAINHAT,0,36,4,40,0.0,90.0,10.0
GKH,GUSKARA,1,16,23,40,2.5,40.0,57.5
MDR,MADHIRA,2,5,33,40,5.0,12.5,82.5
BTH,BETTIAH,4,9,27,40,10.0,22.5,67.5
BGRA,BAGHNAPARA,0,36,4,40,0.0,90.0,10.0
QLD,QUILANDI,2,3,35,40,5.0,7.5,87.5
PTU,PARTUR,1,2,37,40,2.5,5.0,92.5
CAR,CHUNAR JN.,2,8,30,40,5.0,20.0,75.0
GIMB,GANDHIDHAM J,0,2,38,40,0.0,5.0,95.0
LGDH,LALAGUDA GAT,15,16,9,40,37.5,40.0,22.5
FLU,PHULIA,8,32,0,40,20.0,80.0,0.0
ANV,ANNAVARAM,0,3,37,40,0.0,7.5,92.5
AGAE,AGRADWIP,0,36,4,40,0.0,90.0,10.0
SIOB,SAMAKHIYALI,0,2,38,40,0.0,5.0,95.0
TLHD,TALCHER ROAD,1,0,39,40,2.5,0.0,97.5
BOY,BHADOHI,4,4,31,39,10.3,10.3,79.5
NTSK,NEW TINSUKIA,2,4,33,39,5.1,10.3,84.6
BFZ,BHANDARTIKUR,0,36,3,39,0.0,92.3,7.7
BHLA,BEHULA,0,35,4,39,0.0,89.7,10.3
SHM,SHALIMAR,5,7,27,39,12.8,17.9,69.2
PDPL,PEDDAPALLI,0,8,31,39,0.0,20.5,79.5
RMGM,RAMANAGARAM,7,10,22,39,17.9,25.6,56.4
BURN,BURNPUR,6,11,22,39,15.4,28.2,56.4
BAP,BELAPUR,0,2,37,39,0.0,5.1,94.9
KSB,KOSAMBA JN.,0,6,33,39,0.0,15.4,84.6
KPN,KUPPAM,4,6,29,39,10.3,15.4,74.4
OYR,WARIA,2,22,15,39,5.1,56.4,38.5
LKX,LAKSHMIPUR,0,36,3,39,0.0,92.3,7.7
JCL,JADCHARLA,1,5,33,39,2.6,12.8,84.6
PWS,PHULWARI SHA,2,9,28,39,5.1,23.1,71.8
VDN,VADGAON,11,26,2,39,28.2,66.7,5.1
GP,RAJGANGPUR,5,5,28,38,13.2,13.2,73.7
MIJ,MAJHDIA,18,20,0,38,47.4,52.6,0.0
BAY,BELLARY JN.,2,2,34,38,5.3,5.3,89.5
DDN,DEHRA DUN,2,1,35,38,5.3,2.6,92.1
DUAN,DUAN,0,37,1,38,0.0,97.4,2.6
PTJ,PODANUR JN.,2,5,31,38,5.3,13.2,81.6
BHGH,BAHIRGACHHI,18,20,0,38,47.4,52.6,0.0
BZLE,BAZARASU,0,20,18,38,0.0,52.6,47.4
NRKR,NARKHER,1,7,30,38,2.6,18.4,78.9
BGL,BAGULA,18,20,0,38,47.4,52.6,0.0
BNAA,BIBHUTI BHUS,1,37,0,38,2.6,97.4,0.0
JYG,JAYNAGAR,0,8,30,38,0.0,21.1,78.9
CLG,KAHALGAON,1,5,32,38,2.6,13.2,84.2
BHNA,BHAINA H,18,20,0,38,47.4,52.6,0.0
SKM,SINGARAYAKON,2,3,33,38,5.3,7.9,86.8
MML,MADANMAHAL,1,4,33,38,2.6,10.5,86.8
JAA,JHALIDA,2,2,34,38,5.3,5.3,89.5
SAG,SANGRUR,3,3,32,38,7.9,7.9,84.2
ZBD,ZAFARABAD JN,0,6,32,38,0.0,15.8,84.2
ATG,ATGAON,36,0,2,38,94.7,0.0,5.3
MGW,MAGARWARA,0,26,12,38,0.0,68.4,31.6
KKW,KANKAVALI,5,1,32,38,13.2,2.6,84.2
CPB,KANPUR BRIDG,0,26,12,38,0.0,68.4,31.6
KCVL,KOCHUVELI,0,9,29,38,0.0,23.7,76.3
KBJ,KANTABANJI,1,0,37,38,2.6,0.0,97.4
MYHT,MAYURHAT,18,20,0,38,47.4,52.6,0.0
TNX,TARAK NAGAR,18,20,0,38,47.4,52.6,0.0
NDKD,NADIKUDE JN.,4,5,29,38,10.5,13.2,76.3
PNE,PRANTIK,1,16,21,38,2.6,42.1,55.3
TMV,TINDIVANAM,1,4,33,38,2.6,10.5,86.8
AG,ARANGHATA,18,20,0,38,47.4,52.6,0.0
PLO,PULGAON JN.,3,5,30,38,7.9,13.2,78.9
KLNT,KALINAGAR,0,36,2,38,0.0,94.7,5.3
JMT,JAMTARA,2,10,26,38,5.3,26.3,68.4
BC,BAREILLY CIT,0,30,8,38,0.0,78.9,21.1
SPZ,SAMPLA,0,18,20,38,0.0,47.4,52.6
GNG,GAURIGANJ,1,2,35,38,2.6,5.3,92.1
BPN,BANPUR,18,20,0,38,47.4,52.6,0.0
CNI,CHANDIL JN.,2,4,31,37,5.4,10.8,83.8
HRSR,HARISH NAGAR,17,20,0,37,45.9,54.1,0.0
SMK,SAMALKHA,0,16,21,37,0.0,43.2,56.8
MVL,MALAVLI,11,26,0,37,29.7,70.3,0.0
JUDW,JAGADHRI WOR,0,5,32,37,0.0,13.5,86.5
IDH,IDGAH,7,9,21,37,18.9,24.3,56.8
MVJ,MAVLI JN.,0,2,35,37,0.0,5.4,94.6
BYPL,BAIYYAPPANAH,4,25,8,37,10.8,67.6,21.6
DAB,DHARMABAD,3,2,32,37,8.1,5.4,86.5
KPV,KASHIPUR JN,7,17,13,37,18.9,45.9,35.1
KRXM,KRISHNAMOHAN,3,34,0,37,8.1,91.9,0.0
MLO,MALUR,2,27,8,37,5.4,73.0,21.6
CPU,CHOPAN,3,3,31,37,8.1,8.1,83.8
GI,GUDUVANCHERI,0,35,2,37,0.0,94.6,5.4
KE,KHARDI,36,0,1,37,97.3,0.0,2.7
CCT,KAKINADA TOW,1,6,30,37,2.7,16.2,81.1
KNHE,KANHE,11,26,0,37,29.7,70.3,0.0
RTA,RUTHIYAI JN,3,4,30,37,8.1,10.8,81.1
PNCB,PANCHBHERIA,17,20,0,37,45.9,54.1,0.0
ZN,JANGAON,2,4,31,37,5.4,10.8,83.8
SSRD,SHASAN ROAD,3,34,0,37,8.1,91.9,0.0
BLM,BALAMAU JN.,0,7,30,37,0.0,18.9,81.1
BNKA,BANKIMNAGAR,17,20,0,37,45.9,54.1,0.0
GLPT,GOALPARA  TO,2,2,33,37,5.4,5.4,89.2
KUH,KHACHROD,4,0,32,36,11.1,0.0,88.9
CVB,CAVALRY BARR,15,12,9,36,41.7,33.3,25.0
WKI,WADAKANCHERI,1,4,31,36,2.8,11.1,86.1
CAA,CHAKIA,2,2,32,36,5.6,5.6,88.9
PDI,PALASDARI,34,2,0,36,94.4,5.6,0.0
GZH,GULZARBAGH,3,11,22,36,8.3,30.6,61.1
PFM,PHAPHAMAU JN,0,1,35,36,0.0,2.8,97.2
HGT,HINGANGHAT,1,2,33,36,2.8,5.6,91.7
SM,SAMSI,0,6,30,36,0.0,16.7,83.3
PTNR,PATEL NAGAR,6,24,6,36,16.7,66.7,16.7
SAH,SAPHALE,7,11,18,36,19.4,30.6,50.0
ASKN,ASHOK NAGAR,1,7,28,36,2.8,19.4,77.8
CTM,KATTANGULATH,0,36,0,36,0.0,100.0,0.0
BJP,BIJAPUR JN,0,6,30,36,0.0,16.7,83.3
VDR,VANDALUR,0,36,0,36,0.0,100.0,0.0
CUR,CHURU,4,3,29,36,11.1,8.3,80.6
CHC,CHANCHAI,0,36,0,36,0.0,100.0,0.0
KNN,KHANNA,0,4,32,36,0.0,11.1,88.9
UR,UMDANAGAR,14,4,18,36,38.9,11.1,50.0
MBI,MADHUBANI,0,8,28,36,0.0,22.2,77.8
ZNA,ZAMANIA,3,7,26,36,8.3,19.4,72.2
KRD,KARAD,3,0,33,36,8.3,0.0,91.7
BEA,BIHIYA,1,3,32,36,2.8,8.3,88.9
PVP,PARVATIPURAM,0,1,35,36,0.0,2.8,97.2
THS,THANSIT,36,0,0,36,100.0,0.0,0.0
PBE,PILIBHIT JN.,6,30,0,36,16.7,83.3,0.0
GOC,PONMALAI (GO,6,16,14,36,16.7,44.4,38.9
MRR,MURARAI,1,9,26,36,2.8,25.0,72.2
KJH,KAJRA,6,7,23,36,16.7,19.4,63.9
OMB,UMBERMALLI,36,0,0,36,100.0,0.0,0.0
BGKT,BHAGAT-KI-KO,0,2,34,36,0.0,5.6,94.4
AUB,ALUABARI ROA,0,1,34,35,0.0,2.9,97.1
KOU,KODURU,2,3,30,35,5.7,8.6,85.7
VKI,VENKATAGIRI,3,9,23,35,8.6,25.7,65.7
KTV,KOTTAVALASA,2,4,29,35,5.7,11.4,82.9
SOG,SURATGARH JN,0,17,18,35,0.0,48.6,51.4
KBRV,KANJARI BORI,5,17,13,35,14.3,48.6,37.1
KCC,KRISHANA CAN,13,5,17,35,37.1,14.3,48.6
CDM,CHIDAMBARAM,0,8,27,35,0.0,22.9,77.1
TMZ,TAMLUK,1,21,13,35,2.9,60.0,37.1
MZR,MURTAJAPUR J,0,0,35,35,0.0,0.0,100.0
MAG,MANGALA GIRI,9,2,24,35,25.7,5.7,68.6
LTRR,LATUR ROAD,2,2,31,35,5.7,5.7,88.6
KEI,KASHI,3,2,30,35,8.6,5.7,85.7
FK,FEROK,2,4,29,35,5.7,11.4,82.9
KOP,CHHATRAPATI,3,3,29,35,8.6,8.6,82.9
LSR,LASUR,0,6,29,35,0.0,17.1,82.9
GNU,GANAUR,0,16,19,35,0.0,45.7,54.3
PKW,PILKHUA,1,4,30,35,2.9,11.4,85.7
JID,JAGI ROAD,1,2,32,35,2.9,5.7,91.4
MUT,MEERUT CANT,1,2,32,35,2.9,5.7,91.4
JRU,CHIKJAJUR JN,2,2,31,35,5.7,5.7,88.6
SCC,SITAPUR CANT,1,10,23,34,2.9,29.4,67.6
GPB,GHATPRABHA,1,4,29,34,2.9,11.8,85.3
AMQ,AMMUGUDA HAL,15,12,7,34,44.1,35.3,20.6
BCN,BACHHRAWN,0,2,32,34,0.0,5.9,94.1
MNM,MANAMADURAI,0,10,24,34,0.0,29.4,70.6
KRH,KHAIRTHAL,0,5,29,34,0.0,14.7,85.3
KRAR,KHARIAR ROAD,1,0,33,34,2.9,0.0,97.1
DRH,DHARHARA,6,7,21,34,17.6,20.6,61.8
MSMD,MAHASAMUND,1,0,33,34,2.9,0.0,97.1
BRWD,BARWADIH JN,3,0,31,34,8.8,0.0,91.2
GOTN,GOTAN,6,1,27,34,17.6,2.9,79.4
BID,BIDADI,6,10,18,34,17.6,29.4,52.9
AMH,AZAMGARH,0,0,34,34,0.0,0.0,100.0
IPM,ICHCHA PURAM,0,4,30,34,0.0,11.8,88.2
IDG,INDRAGARH SU,3,3,28,34,8.8,8.8,82.4
RKO,RAMAKISTA PU,15,12,7,34,44.1,35.3,20.6
HNL,HINGOLI(DECC,0,0,34,34,0.0,0.0,100.0
STKT,SASTHANKOTTA,0,10,24,34,0.0,29.4,70.6
CKU,CHAKULIA,1,16,17,34,2.9,47.1,50.0
PRLI,PARLI VAIJNA,2,4,28,34,5.9,11.8,82.4
SFX,SAFILGUDA HA,15,12,7,34,44.1,35.3,20.6
NUR,NARELA,1,17,16,34,2.9,50.0,47.1
DYE,DAYANANDNAGA,15,12,7,34,44.1,35.3,20.6
WHM,WASHIM,0,0,34,34,0.0,0.0,100.0
KKP,KOT KAPURA J,0,12,22,34,0.0,35.3,64.7
PM,PALAM,0,22,12,34,0.0,64.7,35.3
SY,SIRKAZHI,0,8,26,34,0.0,23.5,76.5
VDS,VIDYASAGAR,2,10,22,34,5.9,29.4,64.7
ELR,ELAVUR,1,31,2,34,2.9,91.2,5.9
TNKU,TANUKU,1,14,19,34,2.9,41.2,55.9
BQY,BELERHAT,0,31,3,34,0.0,91.2,8.8
BUG,BAGAHA,3,4,27,34,8.8,11.8,79.4
MCS,MANCHESWAR,2,5,27,34,5.9,14.7,79.4
TADA,TADA,1,31,2,34,2.9,91.2,5.9
MAHE,MAHE,0,3,31,34,0.0,8.8,91.2
URI,URULI,1,12,21,34,2.9,35.3,61.8
AKM,ARAMBAKKAM,1,31,2,34,2.9,91.2,5.9
MUV,MANDUADIH,0,7,27,34,0.0,20.6,79.4
ALW,ALWAL HALT,15,12,7,34,44.1,35.3,20.6
JHD,JEHANABAD,0,22,12,34,0.0,64.7,35.3
BMB,BAMRA,5,5,24,34,14.7,14.7,70.6
KVR,KOVVUR,0,9,25,34,0.0,26.5,73.5
PTB,PATTAMBI,2,4,28,34,5.9,11.8,82.4
TEA,TAREGNA,0,22,12,34,0.0,64.7,35.3
BOZ,BOLARUM BAZA,15,12,7,34,44.1,35.3,20.6
GAR,GADARWARA,1,0,32,33,3.0,0.0,97.0
FTP,FATEHPUR,0,5,28,33,0.0,15.2,84.8
MYG,MIYAGAM KARJ,0,6,27,33,0.0,18.2,81.8
MDNR,MODINAGAR,1,4,28,33,3.0,12.1,84.8
GKC,GORAKHPUR CA,1,3,29,33,3.0,9.1,87.9
ALY,ALLAHABAD CI,0,7,26,33,0.0,21.2,78.8
RGO,ROTEGAON,0,5,28,33,0.0,15.2,84.8
RDL,RUDAULI,2,2,29,33,6.1,6.1,87.9
BIDR,BIDAR,2,10,21,33,6.1,30.3,63.6
SHNR,SHADNAGAR,1,4,28,33,3.0,12.1,84.8
GWV,GOWDAVALLI H,10,12,11,33,30.3,36.4,33.3
KLYM,KALYANI SIMA,2,31,0,33,6.1,93.9,0.0
KLYS,KALYANI SILP,2,31,0,33,6.1,93.9,0.0
BAND,BANASWADI,1,5,27,33,3.0,15.2,81.8
FKG,FURKATING JN,0,0,33,33,0.0,0.0,100.0
BBDB,BENOY BADAL,8,25,0,33,24.2,75.8,0.0
NMH,NIMACH,0,1,32,33,0.0,3.0,97.0
SOH,SIROHI ROAD,7,4,22,33,21.2,12.1,66.7
ROHA,ROHA,2,5,26,33,6.1,15.2,78.8
KLYG,KALYANI GHOS,2,31,0,33,6.1,93.9,0.0
HYT,HAIAGHAT,1,7,24,32,3.1,21.9,75.0
UDZ,UDAIPUR CITY,0,2,30,32,0.0,6.2,93.8
HAD,HARIPAD,3,10,19,32,9.4,31.2,59.4
ATL,ATHMAL GOLA,3,4,25,32,9.4,12.5,78.1
SEB,SON NAGAR JN,0,6,26,32,0.0,18.8,81.2
SMI,SITAMARHI,0,3,29,32,0.0,9.4,90.6
AMPA,AMBALAPUZHA,3,10,19,32,9.4,31.2,59.4
WJR,WALAJAH ROAD,0,10,22,32,0.0,31.2,68.8
PPT,PIRPAINTI,1,5,26,32,3.1,15.6,81.2
DADN,MHOW,14,15,3,32,43.8,46.9,9.4
KP,KAMPTEE,4,12,16,32,12.5,37.5,50.0
SMBJ,SHRI MAHABIR,0,0,32,32,0.0,0.0,100.0
BCOB,BHACHAU,0,2,30,32,0.0,6.2,93.8
YLM,ELAMANCHILI,0,5,27,32,0.0,15.6,84.4
RKSN,RAJKHARSAWAN,8,8,16,32,25.0,25.0,50.0
MHRG,MAHENDRAGARH,0,0,32,32,0.0,0.0,100.0
BJD,BAREJADI NAN,1,19,12,32,3.1,59.4,37.5
BVC,BHAVNAGAR TE,6,7,19,32,18.8,21.9,59.4
DZA,DASUA,2,6,24,32,6.2,18.8,75.0
SBPD,SAMBALPUR RO,4,4,24,32,12.5,12.5,75.0
KMBL,KHAMBHALIYA,0,4,28,32,0.0,12.5,87.5
BAL,BUDALUR,3,14,15,32,9.4,43.8,46.9
DWK,DWARKA,0,4,28,32,0.0,12.5,87.5
SIP,SURAIMANPUR,2,0,30,32,6.2,0.0,93.8
VGN,VANGAON,7,10,15,32,21.9,31.2,46.9
OKHA,OKHA,0,4,28,32,0.0,12.5,87.5
BTTR,BITRAGUNTA,2,3,27,32,6.2,9.4,84.4
CT,CHITTAPUR,2,2,28,32,6.2,6.2,87.5
TPT,TIRUPATTUR,0,0,32,32,0.0,0.0,100.0
GBA,GARBETA,0,9,23,32,0.0,28.1,71.9
ROZA,ROZA JN,1,8,23,32,3.1,25.0,71.9
GJL,GAJRAULA JN.,1,5,26,32,3.1,15.6,81.2
PDY,PONDICHERRY,8,1,23,32,25.0,3.1,71.9
BBM,BARABHUM,2,8,22,32,6.2,25.0,68.8
GHR,GIDHAUR,0,2,30,32,0.0,6.2,93.8
PHK,PUNARAKH,1,4,27,32,3.1,12.5,84.4
MVO,MANWATH ROAD,1,2,29,32,3.1,6.2,90.6
GMR,GAHMAR,1,3,28,32,3.1,9.4,87.5
JRLE,JANGIPUR ROA,1,8,23,32,3.1,25.0,71.9
HCR,HARISHCHANDR,0,6,26,32,0.0,18.8,81.2
MNP,MANANPUR,0,2,30,32,0.0,6.2,93.8
BTD,BOTAD,0,7,24,31,0.0,22.6,77.4
MIPM,MARRI PALEM.,2,5,24,31,6.5,16.1,77.4
SCY,SACHIWALAYA,1,8,22,31,3.2,25.8,71.0
AKIP,AKAIPUR H,31,0,0,31,100.0,0.0,0.0
BPB,BADARPUR JN.,1,10,20,31,3.2,32.3,64.5
BDVL,BUDVEL,14,4,13,31,45.2,12.9,41.9
BPC,BERHAMPORE C,0,13,18,31,0.0,41.9,58.1
DLJ,DHOLA JN,0,7,24,31,0.0,22.6,77.4
KLV,KELVE ROAD,8,11,12,31,25.8,35.5,38.7
LGL,LALGOLA,0,13,18,31,0.0,41.9,58.1
VDA,VASAD JN.,2,18,11,31,6.5,58.1,35.5
FKM,FAKIRAGRAM J,0,0,31,31,0.0,0.0,100.0
PLY,PLASSEY,0,13,18,31,0.0,41.9,58.1
RPZ,RANA PRATAP,0,2,29,31,0.0,6.5,93.5
NBRN,NABA RAYNAGA,31,0,0,31,100.0,0.0,0.0
MBB,MURSHIDABAD,0,13,18,31,0.0,41.9,58.1
MDS,MANDSOR,0,1,30,31,0.0,3.2,96.8
CPT,CHANNA PATNA,0,10,21,31,0.0,32.3,67.7
MNAE,MANKAR,0,22,9,31,0.0,71.0,29.0
HZD,HAZARIBAGH R,0,5,26,31,0.0,16.1,83.9
BEB,BELDANGA,0,13,18,31,0.0,41.9,58.1
KUDA,KUNDAPURA,2,0,29,31,6.5,0.0,93.5
SLGR,SIMALUGURI J,0,2,29,31,0.0,6.5,93.5
BRR,BARAKAR,6,7,18,31,19.4,22.6,58.1
BLDA,BELDA,2,5,24,31,6.5,16.1,77.4
TUN,TOHANA,3,1,27,31,9.7,3.2,87.1
BIA,BHILAI,11,9,11,31,35.5,29.0,35.5
DDR,DADAR,0,5,26,31,0.0,16.1,83.9
ABO,ASTHAL BOHAR,0,23,8,31,0.0,74.2,25.8
MLV,MALLARPUR,0,12,19,31,0.0,38.7,61.3
DBRG,DIBRUGARH,0,2,29,31,0.0,6.5,93.5
SWV,SAWANTWADI R,2,7,22,31,6.5,22.6,71.0
SRID,SRIDHAM,1,0,30,31,3.2,0.0,96.8
GDPL,GUNDLA POCHA,10,12,9,31,32.3,38.7,29.0
JOP,JAUNPUR CITY,1,5,25,31,3.2,16.1,80.6
JJG,JIAGANJ,0,13,18,31,0.0,41.9,58.1
GN,GOPAL NAGAR,31,0,0,31,100.0,0.0,0.0
STBB,SATBERIAHALT,31,0,0,31,100.0,0.0,0.0
BTY,BETHUADAHARI,0,13,18,31,0.0,41.9,58.1
MAJ,MAJHERGRAM,31,0,0,31,100.0,0.0,0.0
BQR,BHILAINAGAR,12,9,10,31,38.7,29.0,32.3
KIM,KIM,0,6,25,31,0.0,19.4,80.6
GGP,GANGNAPUR,31,0,0,31,100.0,0.0,0.0
KJN,KANNAUJ,0,7,24,31,0.0,22.6,77.4
SURI,SIURI,0,12,18,30,0.0,40.0,60.0
ALU,ARIYALUR,0,2,28,30,0.0,6.7,93.3
VTN,VAITARNA,8,11,11,30,26.7,36.7,36.7
SBZ,SISWA BAZAR,3,2,25,30,10.0,6.7,83.3
DOL,DHOLI,4,4,22,30,13.3,13.3,73.3
SMBX,SAMBA,3,3,24,30,10.0,10.0,80.0
IZN,IZZATNAGAR J,0,20,10,30,0.0,66.7,33.3
AMI,AMRAVATI,14,3,13,30,46.7,10.0,43.3
TRTR,TRIPUNITTURA,0,7,23,30,0.0,23.3,76.7
BDGM,BUDGAM,8,22,0,30,26.7,73.3,0.0
HRS,HATHRAS JN.,2,3,25,30,6.7,10.0,83.3
HTC,HATHRAS CITY,1,9,20,30,3.3,30.0,66.7
BCQ,BARACHAK JN.,3,15,12,30,10.0,50.0,40.0
TGA,TEGHRA,0,9,21,30,0.0,30.0,70.0
BAW,CHIKBANAVAR,1,8,21,30,3.3,26.7,70.0
MNV,MUNGAOLI,0,5,25,30,0.0,16.7,83.3
BKG,BANKA GHAT,0,7,23,30,0.0,23.3,76.7
SKP,SHANKARPALLI,0,10,20,30,0.0,33.3,66.7
MFKA,MUSAFIRKHANA,0,5,25,30,0.0,16.7,83.3
MEX,MUKERIAN,3,7,20,30,10.0,23.3,66.7
KHGR,KASHINAGAR-H,25,5,0,30,83.3,16.7,0.0
SNSI,SAI NAGAR SH,2,6,22,30,6.7,20.0,73.3
TORI,TORI,3,2,25,30,10.0,6.7,83.3
NCP,NISCHINDAPUR,25,5,0,30,83.3,16.7,0.0
UJA,UNJHA,0,5,25,30,0.0,16.7,83.3
CDGR,CHANDRAKONA,0,7,23,30,0.0,23.3,76.7
KDM,KESAMUDRAM,2,4,24,30,6.7,13.3,80.0
KDPR,KUMEDPUR,0,8,22,30,0.0,26.7,73.3
KATL,KATOL,1,5,24,30,3.3,16.7,80.0
MTR,MOTIPUR,1,2,27,30,3.3,6.7,90.0
PHD,PHAPHUND,0,8,22,30,0.0,26.7,73.3
AKN,AKBARNAGAR,1,7,22,30,3.3,23.3,73.3
URP,UDAIRAMPUR,25,5,0,30,83.3,16.7,0.0
MAI,MEHSI,0,4,26,30,0.0,13.3,86.7
NDL,NANDYAL,0,5,25,30,0.0,16.7,83.3
KWDP,KWAKDWIP,25,5,0,30,83.3,16.7,0.0
KZT,KULITTURAI,1,7,22,30,3.3,23.3,73.3
SINI,SINI JN,6,8,16,30,20.0,26.7,53.3
BUW,BURHWAL JN.,2,6,22,30,6.7,20.0,73.3
LHU,LOHARU JN,0,0,30,30,0.0,0.0,100.0
LKA,LANKA,0,0,30,30,0.0,0.0,100.0
KLW,KULPI-FLAG,25,5,0,30,83.3,16.7,0.0
ROP,RUPSA JN.,2,11,17,30,6.7,36.7,56.7
KLK,KALKA,0,6,24,30,0.0,20.0,80.0
ACLE,AZIMGANJ  CI,2,17,11,30,6.7,56.7,36.7
KNJI,KARANJALI,25,5,0,30,83.3,16.7,0.0
SOJN,SIHOR JN(GUJ,6,7,17,30,20.0,23.3,56.7
SORO,SORO,1,5,24,30,3.3,16.7,80.0
KMME,KUMAR DUBI,6,7,17,30,20.0,23.3,56.7
AB,AMBUR,2,2,26,30,6.7,6.7,86.7
PPGT,PRINCEP GHAT,6,23,0,29,20.7,79.3,0.0
BYNR,BYNDOOR,1,0,28,29,3.4,0.0,96.6
AMG,ALAM NAGAR,1,2,26,29,3.4,6.9,89.7
PRNA,PURNEA JN.,2,21,6,29,6.9,72.4,20.7
TMLP,TIRUMALPUR,1,26,2,29,3.4,89.7,6.9
TDPR,TIRUPPADIRIP,0,7,22,29,0.0,24.1,75.9
ODM,ONDAGRARM,2,10,17,29,6.9,34.5,58.6
PML,PAPANASAM,2,12,15,29,6.9,41.4,51.7
NWP,NAUPADA JN.,0,5,24,29,0.0,17.2,82.8
KY,KARELI,1,0,28,29,3.4,0.0,96.6
UCA,UCHANA,2,8,19,29,6.9,27.6,65.5
CHZ,CHARLAPALLI,2,8,19,29,6.9,27.6,65.5
BLD,BHILAD,1,6,22,29,3.4,20.7,75.9
BTJL,BHATKAL,1,2,26,29,3.4,6.9,89.7
HSRA,HOSUR,1,6,22,29,3.4,20.7,75.9
TVR,THIRUVARUR J,4,7,18,29,13.8,24.1,62.1
BQG,BHAGWANGOLA,0,13,16,29,0.0,44.8,55.2
EDG,EDEN GARDENS,6,23,0,29,20.7,79.3,0.0
SRU,SALEMPUR JN.,7,2,19,28,25.0,7.1,67.9
VMA,VIKRAMGARH A,0,0,28,28,0.0,0.0,100.0
VLY,VALLIYUR,0,2,26,28,0.0,7.1,92.9
MRL,MAROLI,0,5,23,28,0.0,17.9,82.1
BELA,BELA,0,22,6,28,0.0,78.6,21.4
SIC,SONIK,0,24,4,28,0.0,85.7,14.3
SID,SIDHAPUR,2,5,21,28,7.1,17.9,75.0
NYP,NAYUDUPETA,0,7,21,28,0.0,25.0,75.0
POF,PIPARSAND,0,24,4,28,0.0,85.7,14.3
KT,KUMTA,1,0,27,28,3.6,0.0,96.4
KPK,KALI PAHARI,2,22,4,28,7.1,78.6,14.3
MWM,MALLESWARAM,3,6,19,28,10.7,21.4,67.9
KVX,KUSUMBHI,0,24,4,28,0.0,85.7,14.3
KUD,KUDACHI,1,4,23,28,3.6,14.3,82.1
GNH,GANGA KHER,2,4,22,28,7.1,14.3,78.6
SRNT,SARNATH,1,5,22,28,3.6,17.9,78.6
KTQ,KUDRA,0,2,26,28,0.0,7.1,92.9
LTHR,LATEHER,3,0,25,28,10.7,0.0,89.3
PLJ,PALEJ,0,6,22,28,0.0,21.4,78.6
GJUT,GANGSAR JAIT,0,8,20,28,0.0,28.6,71.4
SAN,SANDILA,0,2,26,28,0.0,7.1,92.9
MAD,MADDUR,0,10,18,28,0.0,35.7,64.3
KHS,KHARSIA,5,7,16,28,17.9,25.0,57.1
MKB,MANKATHA,0,3,25,28,0.0,10.7,89.3
BG,BHONGIR,2,6,20,28,7.1,21.4,71.4
RPAN,RANGAPARA NO,2,6,20,28,7.1,21.4,71.4
CJ,KANCHIPURAM,1,20,7,28,3.6,71.4,25.0
DLR,DULLAHAPUR,0,3,25,28,0.0,10.7,89.3
RAIR,RAIRAKHOL,2,0,26,28,7.1,0.0,92.9
MAKR,MALKHEDI,2,4,22,28,7.1,14.3,78.6
MET,MALERKOTLA,3,3,22,28,10.7,10.7,78.6
PVU,PARAVUR,0,3,25,28,0.0,10.7,89.3
JTU,JAITIPUR,0,24,4,28,0.0,85.7,14.3
PB,PUNTAMBA,2,4,22,28,7.1,14.3,78.6
MDE,MAKHDUMPUR G,0,22,6,28,0.0,78.6,21.4
NILE,NIMTITA,1,8,19,28,3.6,28.6,67.9
CUPJ,CUDDALORE PO,0,7,21,28,0.0,25.0,75.0
BYL,BELHA,3,6,19,28,10.7,21.4,67.9
ABS,ABOHAR,0,7,21,28,0.0,25.0,75.0
VSPR,BISNUPRIYA H,0,28,0,28,0.0,100.0,0.0
NMKA,NAMKHANA,24,4,0,28,85.7,14.3,0.0
ADTP,ADITYAPUR,4,6,18,28,14.3,21.4,64.3
DHG,DHRANGADHRA,4,0,24,28,14.3,0.0,85.7
SEM,SERAM,1,1,26,28,3.6,3.6,92.9
SLB,SALBONI,0,7,21,28,0.0,25.0,75.0
HRN,HARAUNI,0,24,4,28,0.0,85.7,14.3
AMS,AMAUSI,0,24,4,28,0.0,85.7,14.3
RPR,RAGHUNATHPUR,1,3,24,28,3.6,10.7,85.7
BNLW,BANASTHALI N,0,0,28,28,0.0,0.0,100.0
MOR,MOR,1,4,23,28,3.6,14.3,82.1
TA,TANUR,0,4,24,28,0.0,14.3,85.7
APT,ANAPARTI,0,3,25,28,0.0,10.7,89.3
HG,HOTGI JN.,0,8,20,28,0.0,28.6,71.4
PVPT,PARVATIPURAM,0,2,26,28,0.0,7.1,92.9
MKG,MANAK NAGAR,0,24,4,28,0.0,85.7,14.3
RKB,RAIKA BAGH P,3,4,21,28,10.7,14.3,75.0
PVRD,PIRAVAM ROAD,0,7,21,28,0.0,25.0,75.0
KYE,KHURAI,2,2,24,28,7.1,7.1,85.7
BAB,BABINA,1,1,26,28,3.6,3.6,92.9
KWO,KARAUTA,1,5,22,28,3.6,17.9,78.6
LCAE,LALBAGH COUR,0,20,8,28,0.0,71.4,28.6
BUH,BURHAR,4,2,22,28,14.3,7.1,78.6
DWP,DWARAPUDI,0,3,25,28,0.0,10.7,89.3
KMI,KUMHARI,11,9,8,28,39.3,32.1,28.6
AO,AONLA,2,2,24,28,7.1,7.1,85.7
AJ,AJGAIN,0,24,4,28,0.0,85.7,14.3
AML,AMALSAD,0,5,23,28,0.0,17.9,82.1
ISM,ISMAILA HARY,0,18,9,27,0.0,66.7,33.3
CJN,CHHATNA,1,9,17,27,3.7,33.3,63.0
RMTR,REMOUNT ROAD,5,22,0,27,18.5,81.5,0.0
AJNI,AJNI,2,4,21,27,7.4,14.8,77.8
DEB,DEBAGRAM,0,13,14,27,0.0,48.1,51.9
BZB,BARRA BAZAR,3,24,0,27,11.1,88.9,0.0
SOLA,SOVABAZAR-AH,3,24,0,27,11.1,88.9,0.0
KHED,KHED,4,1,22,27,14.8,3.7,81.5
MWC,MANDAWALI CH,11,10,6,27,40.7,37.0,22.2
PPN,PUNPUN,0,22,5,27,0.0,81.5,18.5
TCL,TYAKAL,0,25,2,27,0.0,92.6,7.4
SJN,SANJAN,1,8,18,27,3.7,29.6,66.7
BBR,BAGH BAZAR,3,24,0,27,11.1,88.9,0.0
BRRG,BIYAVRA RAJG,2,4,21,27,7.4,14.8,77.8
KAT,KHATAULI,0,2,25,27,0.0,7.4,92.6
SMQL,SHAMLI,0,12,15,27,0.0,44.4,55.6
SRGM,SRIRANGAM,3,2,22,27,11.1,7.4,81.5
REJ,REJINAGAR,0,13,14,27,0.0,48.1,51.9
ADH,ANDHERI,0,4,23,27,0.0,14.8,85.2
CSZ,COSSIMBAZAR,0,13,14,27,0.0,48.1,51.9
JND,JUNAGADH JN,1,1,25,27,3.7,3.7,92.6
JMKT,JAMIKUNTA,0,3,24,27,0.0,11.1,88.9
MGLP,MANGOLPURI,0,18,9,27,0.0,66.7,33.3
TALA,TALLA,3,24,0,27,11.1,88.9,0.0
BTP,BABATPUR,3,5,19,27,11.1,18.5,70.4
RANI,RANI,6,5,16,27,22.2,18.5,59.3
PBR,PORBANDAR,4,4,19,27,14.8,14.8,70.4
UBR,UMBERGAON RO,1,6,20,27,3.7,22.2,74.1
KIRP,KHIDIRPUR,5,22,0,27,18.5,81.5,0.0
SCL,SILCHAR,0,11,16,27,0.0,40.7,59.3
VKA,VERKA JN.,2,22,2,26,7.7,84.6,7.7
SDE,SADISOPUR,1,7,18,26,3.8,26.9,69.2
TVP,TRIVANDRAM P,0,7,19,26,0.0,26.9,73.1
CRR,KARAGOLA ROA,2,0,24,26,7.7,0.0,92.3
GGA,GHOGHA,1,5,20,26,3.8,19.2,76.9
GGJ,GOSHAINGANJ,2,0,24,26,7.7,0.0,92.3
BSQP,BANSIPUR,0,2,24,26,0.0,7.7,92.3
ROHN,ROHAD NAGAR,0,18,8,26,0.0,69.2,30.8
TYAE,TENYA,0,20,6,26,0.0,76.9,23.1
RFJ,RAFIGANJ,0,6,20,26,0.0,23.1,76.9
KKDI,KARAIKKUDI,0,9,17,26,0.0,34.6,65.4
LNK,LOHIAN KHAS,0,20,6,26,0.0,76.9,23.1
TRB,TIRUVERUMBUR,3,14,9,26,11.5,53.8,34.6
NYY,NEYYATTINKAR,0,7,19,26,0.0,26.9,73.1
LWR,ALNAVAR JN.,1,3,22,26,3.8,11.5,84.6
BRJN,BRAJARAJNAGA,5,1,20,26,19.2,3.8,76.9
BRS,BIRSINGHPUR,4,2,20,26,15.4,7.7,76.9
KNSN,KARNA SUBARN,0,20,6,26,0.0,76.9,23.1
KSX,KOTSHILA,2,2,22,26,7.7,7.7,84.6
KRZ,KHARAWAR,0,18,8,26,0.0,69.2,30.8
KRBP,KHUDIRAM BOS,4,4,18,26,15.4,15.4,69.2
PPC,PIPRAICH,2,1,23,26,7.7,3.8,88.5
THA,TEHTA,0,22,4,26,0.0,84.6,15.4
KUA,KULHARIA,1,7,18,26,3.8,26.9,69.2
BLTR,BELTHARA ROA,0,3,23,26,0.0,11.5,88.5
BYN,BANAHI,1,3,22,26,3.8,11.5,84.6
CWLE,CHOWRIGACHA,0,20,6,26,0.0,76.9,23.1
GHE,GHEVRA,0,18,8,26,0.0,69.2,30.8
LS,LASAL GAON,0,2,24,26,0.0,7.7,92.3
MRK,MARKAPUR ROA,0,1,25,26,0.0,3.8,96.2
MTY,MULTAI,1,5,20,26,3.8,19.2,76.9
MW,MAIRWA,3,7,16,26,11.5,26.9,61.5
ULT,KULTI,6,7,13,26,23.1,26.9,50.0
BGK,BAGALKOT,0,2,24,26,0.0,7.7,92.3
USL,USALAPUR,4,2,20,26,15.4,7.7,76.9
MTFA,MERTALA PHAL,0,26,0,26,0.0,100.0,0.0
TET,TETULMARI,3,10,13,26,11.5,38.5,50.0
NUH,NAUGARH,0,6,20,26,0.0,23.1,76.9
PNQ,PUNKUNNAM,4,8,14,26,15.4,30.8,53.8
VLR,VELLORE CANT,0,6,20,26,0.0,23.1,76.9
MZL,MIRZAPALI,2,3,21,26,7.7,11.5,80.8
UMRI,UMRI,2,2,22,26,7.7,7.7,84.6
LKN,LAKHMINIA,0,4,22,26,0.0,15.4,84.6
BV,BABHNAN,2,2,22,26,7.7,7.7,84.6
DYD,DARYABAD,0,2,24,26,0.0,7.7,92.3
BJNR,BIJAINAGAR,0,6,20,26,0.0,23.1,76.9
AL,ATTILI,1,14,11,26,3.8,53.8,42.3
FKA,FAZILKA JN.,0,21,5,26,0.0,80.8,19.2
HPT,HOSPET JN.,1,0,25,26,3.8,0.0,96.2
NRT,NARASARAOPET,0,1,25,26,0.0,3.8,96.2
NS,NARASAPUR,4,11,11,26,15.4,42.3,42.3
YFP,YUSUFPUR,3,4,19,26,11.5,15.4,73.1
MOT,MALOUT,0,6,20,26,0.0,23.1,76.9
PUT,PUTUR,1,17,8,26,3.8,65.4,30.8
SKT,SAKTI,5,5,16,26,19.2,19.2,61.5
HAS,HASSAN JN.,1,4,21,26,3.8,15.4,80.8
JRMG,JAIRAMNAGAR,1,14,11,26,3.8,53.8,42.3
JPE,JALPAIGURI R,1,0,25,26,3.8,0.0,96.2
STL,SIMULTALA,2,4,20,26,7.7,15.4,76.9
JAIS,JAIS,0,2,24,26,0.0,7.7,92.3
MQC,MUNDKA HALT,0,18,8,26,0.0,69.2,30.8
HIR,HARINAGAR,2,2,22,26,7.7,7.7,84.6
GGLE,GANGATIKURI,0,20,6,26,0.0,76.9,23.1
BNY,BARHNI,0,6,20,26,0.0,23.1,76.9
NN,NANDURA,1,0,25,26,3.8,0.0,96.2
SDLE,SWADINPUR,0,16,10,26,0.0,61.5,38.5
PKO,PALAKOLLU,4,11,11,26,15.4,42.3,42.3
RMM,RAMESWARAM,0,6,20,26,0.0,23.1,76.9
NDW,NADWAN,0,22,4,26,0.0,84.6,15.4
ASE,ASAUDAH,0,18,8,26,0.0,69.2,30.8
NDU,NADAUL,0,22,4,26,0.0,84.6,15.4
PHN,POKHRAYAN,1,2,23,26,3.8,7.7,88.5
KDG,KEDGAON,0,12,14,26,0.0,46.2,53.8
NEO,NEORA,1,7,18,26,3.8,26.9,69.2
GMH,GAMHARIA,3,5,17,25,12.0,20.0,68.0
AMBG,ARAMBAG,9,16,0,25,36.0,64.0,0.0
BWSN,BIJWASAN,0,20,5,25,0.0,80.0,20.0
THB,THANA BIHPUR,0,2,23,25,0.0,8.0,92.0
KRP,KRISHNAPUR,0,13,12,25,0.0,52.0,48.0
PTKR,PATIPUKUR,3,22,0,25,12.0,88.0,0.0
ANDI,ADARSH NAGAR,1,17,7,25,4.0,68.0,28.0
KND,KANDRA,2,4,19,25,8.0,16.0,76.0
BHTR,BHATPAR RANI,3,8,14,25,12.0,32.0,56.0
UVD,UDVADA,1,4,20,25,4.0,16.0,80.0
BTU,BARAUT,0,12,13,25,0.0,48.0,52.0
MAYP,MAYAPUR,9,16,0,25,36.0,64.0,0.0
PHA,PATHARIA,1,2,22,25,4.0,8.0,88.0
JPH,JHANTIPAHARI,1,9,15,25,4.0,36.0,60.0
RAA,BARARA,0,5,20,25,0.0,20.0,80.0
SZB,SARONA,9,8,8,25,36.0,32.0,32.0
PCX,PAGLA CHANDI,0,13,12,25,0.0,52.0,48.0
MMA,MUHAMMADABAD,0,0,25,25,0.0,0.0,100.0
RJI,RAJAWARI,0,5,20,25,0.0,20.0,80.0
HDIH,HOODI,4,19,2,25,16.0,76.0,8.0
RJG,RAJGRAM,1,9,15,25,4.0,36.0,60.0
PJ,PEPPEGANJ,0,16,9,25,0.0,64.0,36.0
NGT,NAGAPPATTINA,5,5,15,25,20.0,20.0,60.0
EKMA,EKMA,3,6,16,25,12.0,24.0,64.0
JKN,JAKHANIAN,0,2,23,25,0.0,8.0,92.0
JLL,JALALGANJ,0,5,20,25,0.0,20.0,80.0
MGM,MURAGACHHA,0,13,12,25,0.0,52.0,48.0
KDQ,KADIPUR,0,5,20,25,0.0,20.0,80.0
BFT,BHABTA,0,13,12,25,0.0,52.0,48.0
AGN,AMGAON,1,7,17,25,4.0,28.0,68.0
PANP,PANDAVAPURA,0,8,17,25,0.0,32.0,68.0
SGV,SARGACHNI,0,13,12,25,0.0,52.0,48.0
TUVR,THURAVUR,0,12,13,25,0.0,48.0,52.0
DPJ,DHARMAPURI,1,2,22,25,4.0,8.0,88.0
SFY,SHAJAPUR,2,3,20,25,8.0,12.0,80.0
DNRE,DHANAURI,10,6,9,25,40.0,24.0,36.0
DHU,DHUBULIA,0,13,12,25,0.0,52.0,48.0
SBT,SABARMATI,2,4,19,25,8.0,16.0,76.0
SFA,SUNEHRA,0,12,12,24,0.0,50.0,50.0
SFMU,SUNAM,1,2,21,24,4.2,8.3,87.5
AHQ,AHERA,0,12,12,24,0.0,50.0,50.0
DRL,DEROL,0,6,18,24,0.0,25.0,75.0
DRTP,DASHARATHPUR,6,7,11,24,25.0,29.2,45.8
NMZ,NEW MAL JN.,0,3,21,24,0.0,12.5,87.5
NOLI,NOLI,0,12,12,24,0.0,50.0,50.0
DER,DADRI,0,17,7,24,0.0,70.8,29.2
SGM,SOLAGAMPATTI,3,14,7,24,12.5,58.3,29.2
SMDP,SHAHABAD MUH,0,20,4,24,0.0,83.3,16.7
BAT,BATALA JN.,0,16,8,24,0.0,66.7,33.3
AAL,AMLAI,4,0,20,24,16.7,0.0,83.3
CJM,CHINNAGANJAM,2,7,15,24,8.3,29.2,62.5
ITR,ITWARI JN.,4,12,8,24,16.7,50.0,33.3
PFT,POTHAHI,0,22,2,24,0.0,91.7,8.3
HTK,HATKANANGALE,3,3,18,24,12.5,12.5,75.0
GBD,GAURIBIDANUR,2,2,20,24,8.3,8.3,83.3
BJW,BAJVA,2,16,6,24,8.3,66.7,25.0
BRAG,BARANG JN.,1,5,18,24,4.2,20.8,75.0
PAJ,PARAJ,0,22,2,24,0.0,91.7,8.3
BNN,BARNALA,0,3,21,24,0.0,12.5,87.5
IDR,INDI ROAD,0,4,20,24,0.0,16.7,83.3
MHQ,MOHUDA,0,8,16,24,0.0,33.3,66.7
MHTR,MALIHATI TAL,0,18,6,24,0.0,75.0,25.0
PAP,PITHAPURAM,0,3,21,24,0.0,12.5,87.5
GDB,GIDDARBAHA,0,6,18,24,0.0,25.0,75.0
SPRD,SINGAPUR ROA,1,1,22,24,4.2,4.2,91.7
HMH,HANUMANGARH,0,6,18,24,0.0,25.0,75.0
RHE,RAKHA MINES,0,15,9,24,0.0,62.5,37.5
RHG,RAJGARH,0,4,20,24,0.0,16.7,83.3
CHRA,CHHARRA,2,8,14,24,8.3,33.3,58.3
JHBN,JHAMATPUR BA,0,18,6,24,0.0,75.0,25.0
RBH,RAJBANDH,0,22,2,24,0.0,91.7,8.3
RGL,RENGALI,3,4,17,24,12.5,16.7,70.8
SUA,SARDIHA,5,17,2,24,20.8,70.8,8.3
FDK,FARIDKOT,0,4,20,24,0.0,16.7,83.3
ALER,ALER,2,4,18,24,8.3,16.7,75.0
BGA,BAGALIA,2,8,14,24,8.3,33.3,58.3
JLD,JARWAL ROAD,1,1,22,24,4.2,4.2,91.7
BNDA,BANDA JN,0,2,22,24,0.0,8.3,91.7
BTS,BASTA,1,5,18,24,4.2,20.8,75.0
RJK,RAJA-KA-SAHA,0,12,12,24,0.0,50.0,50.0
RMD,RAMANATHAPUR,0,6,18,24,0.0,25.0,75.0
SKJ,SAHIBPUR KAM,0,6,18,24,0.0,25.0,75.0
HCP,HARCHANDPUR,0,2,22,24,0.0,8.3,91.7
CLJ,COLONELGANJ,2,2,20,24,8.3,8.3,83.3
BPM,BAGHPAT ROAD,0,12,12,24,0.0,50.0,50.0
BPR,BHOJIPURA JN,0,20,4,24,0.0,83.3,16.7
NLDM,NANGAL DAM,2,3,19,24,8.3,12.5,79.2
NLV,NALBARI,0,0,24,24,0.0,0.0,100.0
EKC,EKCHARI,1,5,18,24,4.2,20.8,75.0
EKI,EKLAKHI,0,10,14,24,0.0,41.7,58.3
ERL,ERANIEL,0,7,17,24,0.0,29.2,70.8
FAP,FAKHARPUR HA,0,12,12,24,0.0,50.0,50.0
MBA,MAHOBA,6,2,16,24,25.0,8.3,66.7
UCR,UNCHAHAR JN.,4,2,18,24,16.7,8.3,75.0
MLN,MAILANI JN.,0,12,12,24,0.0,50.0,50.0
PDKT,PUDUKKOTTAI,0,7,17,24,0.0,29.2,70.8
GRB,GARH-DHRUBBE,2,8,14,24,8.3,33.3,58.3
GTRA,GOTRA,0,12,12,24,0.0,50.0,50.0
PMK,PARAMAKKUDI,0,6,18,24,0.0,25.0,75.0
BVP,BHAVNAGAR PA,6,7,11,24,25.0,29.2,45.8
BUJ,BARAUNI FLAG,0,9,15,24,0.0,37.5,62.5
KEX,KHEKRA,0,12,12,24,0.0,50.0,50.0
KFA,KOPARIA,0,6,18,24,0.0,25.0,75.0
TRO,TIRORA,1,7,16,24,4.2,29.2,66.7
RWL,RAIWALA JN.,6,0,18,24,25.0,0.0,75.0
SBO,SABOUR,1,5,18,24,4.2,20.8,75.0
ALK,ALAKKUDI,3,14,7,24,12.5,58.3,29.2
NGR,ANNIGERI,0,0,24,24,0.0,0.0,100.0
AKE,AKANAPET,2,2,20,24,8.3,8.3,83.3
KMNC,KUCHAMAN CIT,4,1,19,24,16.7,4.2,79.2
CAPE,KANNIYAKUMAR,2,2,20,24,8.3,8.3,83.3
KLRE,KHALARI,3,0,21,24,12.5,0.0,87.5
MZC,MIRZA-CHEUKI,1,5,18,24,4.2,20.8,75.0
CPP,CHIPURUPALLE,0,4,20,24,0.0,16.7,83.3
SSPN,SRI SATYA SA,3,0,21,24,12.5,0.0,87.5
BONA,BOINDA,1,0,23,24,4.2,0.0,95.8
KWR,KOELWAR,1,7,16,24,4.2,29.2,66.7
AKAT,AKKAMPET,1,23,0,24,4.2,95.8,0.0
KPQ,KANNAPURAM,2,2,20,24,8.3,8.3,83.3
BWH,BHADAURA,3,5,16,24,12.5,20.8,66.7
PNK,PANKI,1,7,16,24,4.2,29.2,66.7
BHD,BADLI,1,17,6,24,4.2,70.8,25.0
KSU,KUSTAUR,2,8,14,24,8.3,33.3,58.3
PTRU,PATRATU,3,0,21,24,12.5,0.0,87.5
THAN,THAN,0,0,24,24,0.0,0.0,100.0
BDXT,BASAI DHANKO,0,20,4,24,0.0,83.3,16.7
AIT,AIT JN,11,1,12,24,45.8,4.2,50.0
MRGM,MAURIGRAM,3,21,0,24,12.5,87.5,0.0
GLI,GALSI,0,22,2,24,0.0,91.7,8.3
MTM,MACHILIPATNA,6,10,8,24,25.0,41.7,33.3
SPP,SHAHPUR PATO,2,5,17,24,8.3,20.8,70.8
SRWN,SARASWATI NA,9,8,7,24,37.5,33.3,29.2
SGRL,SINGRAULI,1,0,22,23,4.3,0.0,95.7
VVM,VIRAVASARAM,4,10,9,23,17.4,43.5,39.1
SOT,SHOHRATGARH,0,6,17,23,0.0,26.1,73.9
PDT,PENDURTI,2,3,18,23,8.7,13.0,78.3
BNDM,BONDAMUNDA J,4,7,12,23,17.4,30.4,52.2
CHV,CHERVATTUR,1,3,19,23,4.3,13.0,82.6
BN,BIBINAGAR,0,8,15,23,0.0,34.8,65.2
PAD,PARDI,1,4,18,23,4.3,17.4,78.3
NBH,NIMBAHERA,0,1,22,23,0.0,4.3,95.7
RDDE,RATHDHANA,1,17,5,23,4.3,73.9,21.7
SMR,SAMDARI,0,3,20,23,0.0,13.0,87.0
GDL,GONDAL,1,0,22,23,4.3,0.0,95.7
MIM,MANIRAM,0,14,9,23,0.0,60.9,39.1
UDGR,UDGIR,2,2,19,23,8.7,8.7,82.6
MLY,MAULA ALI,3,4,16,23,13.0,17.4,69.6
RMR,RAMNAGAR,2,14,7,23,8.7,60.9,30.4
SRJ,SHANKARGARH,2,0,21,23,8.7,0.0,91.3
PC,PACHORA JN.,0,0,23,23,0.0,0.0,100.0
GHLE,GADADHARPUR,0,11,12,23,0.0,47.8,52.2
CM,CAMPIERGANJ,0,14,9,23,0.0,60.9,39.1
SHDM,SHAHABAD MAR,8,5,10,23,34.8,21.7,43.5
RNO,RANOLI,2,15,6,23,8.7,65.2,26.1
CBF,COIMBATORE N,8,3,12,23,34.8,13.0,52.2
NYN,NAINI JN.,2,3,18,23,8.7,13.0,78.3
DSJ,DELHI-SAFDAR,7,7,9,23,30.4,30.4,39.1
VRL,VERAVAL,1,0,22,23,4.3,0.0,95.7
BZO,BARSOLA,2,8,13,23,8.7,34.8,56.5
WSJ,WANSJALIYA J,4,2,17,23,17.4,8.7,73.9
TDO,TANDA-URMAR,2,6,15,23,8.7,26.1,65.2
KIT,KHALLIKOT,0,5,18,23,0.0,21.7,78.3
NKP,NIRAKARPUR,0,5,18,23,0.0,21.7,78.3
NKM,NAMKOM,0,2,21,23,0.0,8.7,91.3
TPF,TARAPITH ROA,0,11,12,23,0.0,47.8,52.2
MABA,MANDI BAMORA,0,2,21,23,0.0,8.7,91.3
KBL,KOPPAL,1,0,22,23,4.3,0.0,95.7
MDKD,MADHUKUNDA,4,7,12,23,17.4,30.4,52.2
MDF,MURADI,4,7,12,23,17.4,30.4,52.2
PKA,PRADHAN KHUN,5,12,6,23,21.7,52.2,26.1
PTA,PATIALA,2,2,19,23,8.7,8.7,82.6
SVH,SONADANGA,0,13,10,23,0.0,56.5,43.5
FGR,FATEHGARH,0,6,17,23,0.0,26.1,73.9
JLR,JETALSAR JN,0,0,23,23,0.0,0.0,100.0
VTJ,VARTREJ,6,7,9,22,27.3,31.8,40.9
DEG,DELANG,3,4,15,22,13.6,18.2,68.2
SMET,SHIMOGA TOWN,1,5,16,22,4.5,22.7,72.7
DBL,DODBELE,1,5,16,22,4.5,22.7,72.7
VTM,VETAPALEM,2,7,13,22,9.1,31.8,59.1
ZB,ZAHIRABAD,2,4,16,22,9.1,18.2,72.7
NRLR,NORLA  ROAD,1,1,20,22,4.5,4.5,90.9
DGLE,DHULIAN GANG,0,5,17,22,0.0,22.7,77.3
DKDE,DANKAUR,0,17,5,22,0.0,77.3,22.7
DKD,DONAKONDA,0,1,21,22,0.0,4.5,95.5
ATPA,AWANTIPURA,0,22,0,22,0.0,100.0,0.0
DKN,DEVAN GONTHI,0,20,2,22,0.0,90.9,9.1
COL,COROMANDEL,9,13,0,22,40.9,59.1,0.0
AMB,AMBODALA,1,3,18,22,4.5,13.6,81.8
MUD,MURADNAGAR,0,2,20,22,0.0,9.1,90.9
BRKY,BORAKI HALT,0,17,5,22,0.0,77.3,22.7
SGD,SONGADH,0,5,17,22,0.0,22.7,77.3
SFNR,Saifee Nagar,14,7,1,22,63.6,31.8,4.5
CSA,CHAUSA,1,3,18,22,4.5,13.6,81.8
RPRD,RUPRA ROAD,1,1,20,22,4.5,4.5,90.9
MLPR,MALIPUR,0,0,22,22,0.0,0.0,100.0
AJR,AJAIBPUR,0,17,5,22,0.0,77.3,22.7
BFM,BHALUI,0,2,20,22,0.0,9.1,90.9
AJI,ANJI SHAHABA,0,2,20,22,0.0,9.1,90.9
MKM,MARIKUPPAM,9,13,0,22,40.9,59.1,0.0
BDH,BHEDIA,0,9,13,22,0.0,40.9,59.1
RJQ,RAJENDRANAGA,14,7,1,22,63.6,31.8,4.5
MQO,MUNROTURUTTU,0,10,12,22,0.0,45.5,54.5
HUK,HOLAMBI KALA,1,17,4,22,4.5,77.3,18.2
CKH,CHAKAND,0,22,0,22,0.0,100.0,0.0
BNR,BHAGWANPUR,3,6,13,22,13.6,27.3,59.1
RPAR,ROOP NAGAR,0,3,19,22,0.0,13.6,86.4
GTW,GATORA,1,11,10,22,4.5,50.0,45.5
GSP,GURDASPUR,0,14,8,22,0.0,63.6,36.4
GZN,NAYA GHAZIAB,0,4,18,22,0.0,18.2,81.8
GRRU,GURARU,0,6,16,22,0.0,27.3,72.7
MOB,MANOHARABAD,3,6,13,22,13.6,27.3,59.1
PASA,PARASSALA,0,7,15,22,0.0,31.8,68.2
PAV,PEDANA,6,10,6,22,27.3,45.5,27.3
GVL,GUDLAVALLERU,6,10,6,22,27.3,45.5,27.3
CLU,CHILAKALPUDI,6,10,6,22,27.3,45.5,27.3
GOY,GOVINDPURI,2,6,14,22,9.1,27.3,63.6
GID,GIDDALUR,0,0,22,22,0.0,0.0,100.0
SHBA,SAHEBTALA  H,0,22,0,22,0.0,100.0,0.0
QLM,KULEM,0,7,15,22,0.0,31.8,68.2
MAP,MORAPPUR,0,0,22,22,0.0,0.0,100.0
JNR,JANAKPUR ROA,0,0,22,22,0.0,0.0,100.0
NCR,NAGORE,5,4,13,22,22.7,18.2,59.1
BKRD,BHALUKA ROAD,0,6,16,22,0.0,27.3,72.7
SUJR,SUJRA,0,10,12,22,0.0,45.5,54.5
SNF,SANAT NAGAR,0,8,14,22,0.0,36.4,63.6
SMU,SAMBHU,2,8,12,22,9.1,36.4,54.5
JEA,NAKAHA JUNGL,0,14,8,22,0.0,63.6,36.4
CHU,CHAMPION,9,13,0,22,40.9,59.1,0.0
JJK,JHINJHAK,0,6,16,22,0.0,27.3,72.7
CRY,CHIRAYINKIL,0,3,19,22,0.0,13.6,86.4
RDUM,RAMPUR DUMRA,0,2,20,22,0.0,9.1,90.9
RBZ,RAMBHADDARPU,1,7,14,22,4.5,31.8,63.6
RAU,RAU,14,7,1,22,63.6,31.8,4.5
JKE,JUKEHI,0,0,22,22,0.0,0.0,100.0
SL,SURATHKAL,0,0,22,22,0.0,0.0,100.0
MIU,MARIPAT,0,17,5,22,0.0,77.3,22.7
LAV,LABHA,0,8,14,22,0.0,36.4,63.6
SVM,SANVORDEM CU,0,7,15,22,0.0,31.8,68.2
KLP,KOTALPUKUR,1,9,12,22,4.5,40.9,54.5
ANT,ANANTNAG,0,22,0,22,0.0,100.0,0.0
BAHL,BANIHAL,0,22,0,22,0.0,100.0,0.0
SVRP,SHIVNARAYANP,1,5,16,22,4.5,22.7,72.7
BNT,BHARTHANA,0,4,18,22,0.0,18.2,81.8
TALL,TALL JN.,4,2,16,22,18.2,9.1,72.7
TOM,TONDAMANPATT,3,12,7,22,13.6,54.5,31.8
KDP,KONDAPURAM,3,3,16,22,13.6,13.6,72.7
NLE,NILESHWAR,1,3,18,22,4.5,13.6,81.8
QG,QUAZIGUND,0,22,0,22,0.0,100.0,0.0
JWP,JWALAPUR,0,1,21,22,0.0,4.5,95.5
PKD,PENU KONDA,2,0,20,22,9.1,0.0,90.9
TLH,TILHAR,0,2,20,22,0.0,9.1,90.9
LKMN,LOKMANYA NAG,14,7,1,22,63.6,31.8,4.5
SHU,SHOLINGUR,0,10,12,22,0.0,45.5,54.5
SINA,SRINAGAR,0,22,0,22,0.0,100.0,0.0
PUL,RAMPURA PHUL,0,3,19,22,0.0,13.6,86.4
TAPA,TAPA,0,3,19,22,0.0,13.6,86.4
OGM,OORGAUM,9,13,0,22,40.9,59.1,0.0
NWD,NAWADAH,0,0,22,22,0.0,0.0,100.0
VSG,VASCO-DA-GAM,0,7,15,22,0.0,31.8,68.2
NSVP,NPA SIVARAMP,14,3,5,22,63.6,13.6,22.7
VMD,VADLAMANNADU,6,10,6,22,27.3,45.5,27.3
BHHZ,BEHTA HAZIPU,0,12,10,22,0.0,54.5,45.5
BMF,BASMAT,0,0,22,22,0.0,0.0,100.0
NTG,NUSRATABAD K,0,12,10,22,0.0,54.5,45.5
KML,KAMTAUL,0,0,22,22,0.0,0.0,100.0
BEML,BEML NAGAR,9,13,0,22,40.9,59.1,0.0
KPKI,QASIMPUR KHE,0,10,12,22,0.0,45.5,54.5
KVM,KAVUTARAM,6,10,6,22,27.3,45.5,27.3
KVU,KADAKAVUR,0,3,19,22,0.0,13.6,86.4
CAI,CHANPATIA,2,5,15,22,9.1,22.7,68.2
TLJ,TALJHARI,1,9,12,22,4.5,40.9,54.5
KRND,KHORASON ROA,0,0,22,22,0.0,0.0,100.0
BLP,"BALRAMPUR,",0,0,22,22,0.0,0.0,100.0
ANSB,ANANDPUR SAH,0,3,19,22,0.0,13.6,86.4
PRBZ,PARSA BAZAR,0,22,0,22,0.0,100.0,0.0
KQL,KANDHLA,0,10,12,22,0.0,45.5,54.5
KUE,KURSELA,0,0,22,22,0.0,0.0,100.0
THE,THAWE JN.,8,6,8,22,36.4,27.3,36.4
BPD,BAHADURPUR,0,13,9,22,0.0,59.1,40.9
DHT,DHAMARA GHAT,0,6,16,22,0.0,27.3,72.7
DES,DESARI,1,4,17,22,4.5,18.2,77.3
WDR,WADIARAM,0,1,21,22,0.0,4.5,95.5
NEP,NENPUR,0,15,6,21,0.0,71.4,28.6
NKD,NEKONDA,2,4,15,21,9.5,19.0,71.4
GTE,GOTHAJ,0,15,6,21,0.0,71.4,28.6
GVN,GODAVRI,0,8,13,21,0.0,38.1,61.9
GVD,GHOLVAD,0,5,16,21,0.0,23.8,76.2
DGHA,DIGHA FS,0,11,10,21,0.0,52.4,47.6
AZR,AZAMNAGAR RO,0,2,19,21,0.0,9.5,90.5
TGU,TARI GOPPULA,0,15,6,21,0.0,71.4,28.6
PMR,PITAMBARPUR,0,2,19,21,0.0,9.5,90.5
JNA,JULANA,2,5,14,21,9.5,23.8,66.7
CHL,CHOLA,0,13,8,21,0.0,61.9,38.1
BHLK,BHALKI,1,2,18,21,4.8,9.5,85.7
LHA,LEHRA GAGA,2,2,17,21,9.5,9.5,81.0
JRR,JUGAUR,4,8,9,21,19.0,38.1,42.9
JVN,JORAVARNAGAR,0,5,16,21,0.0,23.8,76.2
UREN,UREN,5,6,10,21,23.8,28.6,47.6
IBL,INDRABIL,1,7,13,21,4.8,33.3,61.9
RURA,RURA,0,6,15,21,0.0,28.6,71.4
RPUR,RATANPUR,3,7,11,21,14.3,33.3,52.4
RSG,RAMSAGAR,2,8,11,21,9.5,38.1,52.4
KKQ,KALAIKUNDA,4,16,1,21,19.0,76.2,4.8
CC,CHAURI CHAUR,3,3,15,21,14.3,14.3,71.4
NDR,NANDESARI,2,14,5,21,9.5,66.7,23.8
NBR,NAMBURU,8,1,12,21,38.1,4.8,57.1
BKNG,BHAKTINAGAR,1,0,20,21,4.8,0.0,95.2
LGH,LALGARH JN.,0,0,21,21,0.0,0.0,100.0
SHBL,SHIBLUN,0,18,3,21,0.0,85.7,14.3
SGP,SOHAGPUR,1,0,20,21,4.8,0.0,95.2
KANJ,KANIJ,0,15,6,21,0.0,71.4,28.6
KAPG,KALUPARA GHA,0,5,16,21,0.0,23.8,76.2
KATI,KANTHI FS,0,11,10,21,0.0,52.4,47.6
SFH,SAFEDABAD,4,8,9,21,19.0,38.1,42.9
KSD,KESHOD,1,0,20,21,4.8,0.0,95.2
PVR,PANDHARPUR,0,2,19,21,0.0,9.5,90.5
KSO,KHEMASULI PH,4,16,1,21,19.0,76.2,4.8
SCH,SACHIN,0,5,16,21,0.0,23.8,76.2
SDT,SADAT,0,1,20,21,0.0,4.8,95.2
KHKN,KHERA KALAN,1,16,4,21,4.8,76.2,19.0
BJRI,BIJURI,0,3,18,21,0.0,14.3,85.7
KPNA,KAPAN  HALT,0,10,11,21,0.0,47.6,52.4
ML,MALHOUR,4,8,9,21,19.0,38.1,42.9
PAO,PANOLI,0,6,15,21,0.0,28.6,71.4
VTA,VATVA,0,15,6,21,0.0,71.4,28.6
DIG,DUGGIRALA,7,5,9,21,33.3,23.8,42.9
CKTD,CHITRAKUTDHA,0,2,19,21,0.0,9.5,90.5
HNN,HARSANA KALA,1,16,4,21,4.8,76.2,19.0
PEP,PHEPHNA JN.,1,4,16,21,4.8,19.0,76.2
PDKN,PEDAKAKANI H,8,1,12,21,38.1,4.8,57.1
MVKR,MAHAWAN KHOR,0,14,6,20,0.0,70.0,30.0
GMAN,GUMANI,0,8,12,20,0.0,40.0,60.0
BPS,BANPAS,0,9,11,20,0.0,45.0,55.0
NHN,NIGOHAN,0,2,18,20,0.0,10.0,90.0
MSW,MASKANWA,2,2,16,20,10.0,10.0,80.0
NGN,NANDGAON,0,0,20,20,0.0,0.0,100.0
NGG,NAGINA,0,0,20,20,0.0,0.0,100.0
MUW,MATHURA PUR,0,10,10,20,0.0,50.0,50.0
BDME,BAIDYANATHDH,18,2,0,20,90.0,10.0,0.0
OMLF,OLD MALDA,2,10,8,20,10.0,50.0,40.0
MJBK,MANJARI BUDR,0,12,8,20,0.0,60.0,40.0
PAA,PATAS,0,12,8,20,0.0,60.0,40.0
HDP,HADAPSAR,0,12,8,20,0.0,60.0,40.0
HDW,HALDWANI,0,1,19,20,0.0,5.0,95.0
CMU,CHAU MAHLA,0,0,20,20,0.0,0.0,100.0
GYM,GUDIATTAM,0,2,18,20,0.0,10.0,90.0
GUR,GANGAPUR ROA,1,4,15,20,5.0,20.0,75.0
BEH,BAGDIHI,2,5,13,20,10.0,25.0,65.0
GTJT,GETOR JAGATP,0,4,16,20,0.0,20.0,80.0
ULG,UDALGURI,0,4,16,20,0.0,20.0,80.0
GUD,GALUDIH,0,12,8,20,0.0,60.0,40.0
GSO,GHASO,1,8,11,20,5.0,40.0,55.0
NNR,NARAYANPUR,0,0,20,20,0.0,0.0,100.0
GRA,GHARAUNDA,0,8,12,20,0.0,40.0,60.0
GPH,GARPOS,2,5,13,20,10.0,25.0,65.0
MPO,MANPUR JN.,0,2,18,20,0.0,10.0,90.0
NMJ,NIDAMANGALAM,0,7,13,20,0.0,35.0,65.0
MQL,MIRKHAL,0,3,17,20,0.0,15.0,85.0
NPNR,NEPA NAGAR,0,1,19,20,0.0,5.0,95.0
MOG,MOHIUDDINNAG,1,4,15,20,5.0,20.0,75.0
NRE,NANDALUR,2,3,15,20,10.0,15.0,75.0
MSK,MAHESH KHUNT,0,0,20,20,0.0,0.0,100.0
MSDN,MASUDAN,5,6,9,20,25.0,30.0,45.0
BADK,BARKA HALT,0,10,10,20,0.0,50.0,50.0
GMS,GARHMUKTESAR,1,0,19,20,5.0,0.0,95.0
TKE,TARIKERE,1,3,16,20,5.0,15.0,80.0
TIA,TILAIYA,0,0,20,20,0.0,0.0,100.0
THV,THERUBALI,1,3,16,20,5.0,15.0,80.0
BDVT,BHADRAVATI,1,3,16,20,5.0,15.0,80.0
DVM,DALBHUMGARH,0,15,5,20,0.0,75.0,25.0
UHR,UNCHEHARA,2,0,18,20,10.0,0.0,90.0
YT,YEVAT,0,12,8,20,0.0,60.0,40.0
DWNA,DIWANA,0,16,4,20,0.0,80.0,20.0
TLWA,THALWARA,1,7,12,20,5.0,35.0,60.0
TMX,TIMMAPUR,0,4,16,20,0.0,20.0,80.0
TNGL,TORANAGALLU,0,0,20,20,0.0,0.0,100.0
TNL,TANGLA,0,4,16,20,0.0,20.0,80.0
GER,GERATPUR,0,15,5,20,0.0,75.0,25.0
GNA,GONIANA,0,8,12,20,0.0,40.0,60.0
SLW,SOHWAL,0,2,18,20,0.0,10.0,90.0
MCJ,MANJATTIDAL,2,12,6,20,10.0,60.0,30.0
PIZ,PINGLI,0,3,17,20,0.0,15.0,85.0
PJGM,PANJGAM,0,20,0,20,0.0,100.0,0.0
ANB,AMMANABROLU,2,7,11,20,10.0,35.0,55.0
SRGT,SURENDRANAGA,0,5,15,20,0.0,25.0,75.0
HRSB,HILLAR SHAHA,0,20,0,20,0.0,100.0,0.0
SMO,SEMAPUR,0,0,20,20,0.0,0.0,100.0
JEUR,JEUR,0,3,17,20,0.0,15.0,85.0
PAZ,PAYANGADI,2,2,16,20,10.0,10.0,80.0
BFW,BYATRAYANHAL,0,18,2,20,0.0,90.0,10.0
UNLA,UNAULA,1,1,18,20,5.0,5.0,90.0
BGBR,BAGBAHRA,0,0,20,20,0.0,0.0,100.0
SVPI,SHIVPURI,2,3,15,20,10.0,15.0,75.0
DHW,DHARIWAL,0,14,6,20,0.0,70.0,30.0
HSA,HASIMARA,0,3,17,20,0.0,15.0,85.0
CKD,CHARKHI DADR,0,4,16,20,0.0,20.0,80.0
PBA,PIARDOBA,0,7,13,20,0.0,35.0,65.0
SVA,SUWASRA,0,0,20,20,0.0,0.0,100.0
SVGA,SIVAGANGA,0,5,15,20,0.0,25.0,75.0
HIP,HALDIPADA,0,9,11,20,0.0,45.0,55.0
OCR,OCHIRA,0,10,10,20,0.0,50.0,50.0
NZD,NUZVID,0,2,18,20,0.0,10.0,90.0
NSD,NASIRABAD,0,2,18,20,0.0,10.0,90.0
DKNT,DAKANIYA TAL,0,6,14,20,0.0,30.0,70.0
DKO,DEVAKOTTAI R,0,5,15,20,0.0,25.0,75.0
KZK,KAZHAKUTTAM,0,3,17,20,0.0,15.0,85.0
PRND,PERINAD,0,10,10,20,0.0,50.0,50.0
PRTL,PIRTALA,0,9,11,20,0.0,45.0,55.0
PUK,PUDUKAD,0,6,14,20,0.0,30.0,70.0
KTSH,KOTMI SONAR,0,10,10,20,0.0,50.0,50.0
JVT,JIBANTI,0,16,4,20,0.0,80.0,20.0
PMPE,PAMPORA,0,20,0,20,0.0,100.0,0.0
JWB,JAWAI BANDH,2,2,16,20,10.0,10.0,80.0
VDD,VENDODU,2,7,11,20,10.0,35.0,55.0
VDE,VEDAYAPALEM,2,10,8,20,10.0,50.0,40.0
LPW,LOHARPURWA (,0,14,6,20,0.0,70.0,30.0
LKE,LAKHERI,0,0,20,20,0.0,0.0,100.0
LONI,LONI,0,12,8,20,0.0,60.0,40.0
BMH,BETAMCHERLA,0,1,19,20,0.0,5.0,95.0
UTD,UTARSANDA,0,15,5,20,0.0,75.0,25.0
JKI,KAURIA JUNGL,0,14,6,20,0.0,70.0,30.0
BBW,BODARWAR,1,1,18,20,5.0,5.0,90.0
LGTR,LINGARAJ TEM,0,4,16,20,0.0,20.0,80.0
SLKN,SANDAL KALAN,0,16,4,20,0.0,80.0,20.0
SLJ,SAKRIGALI,1,8,11,20,5.0,40.0,55.0
CHJ,CHATA,0,5,15,20,0.0,25.0,75.0
AIH,ALAWALPUR ID,0,10,10,20,0.0,50.0,50.0
RBG,RAYBAG,0,4,16,20,0.0,20.0,80.0
KSP,KISHANPUR,1,7,12,20,5.0,35.0,60.0
AILM,AILAM HALT,0,10,10,20,0.0,50.0,50.0
KTMA,KOTMA,0,3,17,20,0.0,15.0,85.0
AKD,AKODIA,1,0,19,20,5.0,0.0,95.0
RCRA,RAMCHAURA HA,0,14,6,20,0.0,70.0,30.0
KAPE,KAKAPORA,0,20,0,20,0.0,100.0,0.0
DPR,DHAMPUR,0,0,20,20,0.0,0.0,100.0
KPGM,KARPOORIGRAM,3,3,14,20,15.0,15.0,70.0
KHH,KICHHA,0,10,10,20,0.0,50.0,50.0
DOKM,DOKRA HALT,3,11,6,20,15.0,55.0,30.0
KGM,KATHGODAM,0,1,19,20,0.0,5.0,95.0
SCMN,SIMHACHALAM,2,3,15,20,10.0,15.0,75.0
KGB,KARGI ROAD,4,2,14,20,20.0,10.0,70.0
SDUA,SADURA,0,20,0,20,0.0,100.0,0.0
KEB,KARAMBELI,1,6,13,20,5.0,30.0,65.0
BXJ,BOKAJAN,0,0,20,20,0.0,0.0,100.0
DLO,DALGAON,1,1,18,20,5.0,5.0,90.0
REWA,REWA,0,1,19,20,0.0,5.0,95.0
KRE,KARTARPUR,0,7,13,20,0.0,35.0,65.0
KPP,KALA PIPAL,1,0,19,20,5.0,0.0,95.0
KRBA,KORBA,0,9,11,20,0.0,45.0,55.0
RJ,RAWATGANJ F,0,14,6,20,0.0,70.0,30.0
RJA,RAJNAGAR,0,8,12,20,0.0,40.0,60.0
BJBA,BIJBIARA,0,20,0,20,0.0,100.0,0.0
DMT,DIGUVAMETTA,0,0,20,20,0.0,0.0,100.0
VKN,VINUKONDA,0,1,19,20,0.0,5.0,95.0
RNPR,RUPNARAYANPU,0,10,10,20,0.0,50.0,50.0
ROA,RUSERA GHAT,0,2,18,20,0.0,10.0,90.0
BLDI,BHILDI JN,0,3,17,20,0.0,15.0,85.0
KKHT,KAKARGHATTI,1,13,6,20,5.0,65.0,30.0
KIK,KARAIKAL,5,3,12,20,25.0,15.0,60.0
RSR,RASRA,0,0,20,20,0.0,0.0,100.0
KIAT,KYATSANDRA,1,5,14,20,5.0,25.0,70.0
TRS,TARSARAI,1,13,6,20,5.0,65.0,30.0
ADT,ADUTHURAI,0,12,8,20,0.0,60.0,40.0
GB,GAURI BAZAR,3,3,14,20,15.0,15.0,70.0
NBL,NIMBAL,0,3,17,20,0.0,15.0,85.0
WRR,WARORA,0,2,18,20,0.0,10.0,90.0
NAT,NATHNAGAR,1,7,12,20,5.0,35.0,60.0
NDJ,NANDGANJ,1,4,14,19,5.3,21.1,73.7
BDMJ,BHODWAL MAJR,0,15,4,19,0.0,78.9,21.1
VJA,VEJANDLA,8,4,7,19,42.1,21.1,36.8
KIP,KHALILPUR,0,14,5,19,0.0,73.7,26.3
RUG,RAJLU GARHI,0,15,4,19,0.0,78.9,21.1
KIN,KAPASAN,0,2,17,19,0.0,10.5,89.5
ADB,ADILABAD,2,4,13,19,10.5,21.1,68.4
DNT,DANTAN,0,5,14,19,0.0,26.3,73.7
CTR,CHATRA,0,9,10,19,0.0,47.4,52.6
CW,CHAINWA,1,5,13,19,5.3,26.3,68.4
FBG,FORBESGANJ J,2,15,2,19,10.5,78.9,10.5
RKI,RAMKANALI JN,4,7,8,19,21.1,36.8,42.1
KPL,KANTAKAPALLE,2,3,14,19,10.5,15.8,73.7
KPLE,KOPAI,0,9,10,19,0.0,47.4,52.6
SDN,SHOLAVANDAN,1,3,15,19,5.3,15.8,78.9
LMT,ALMATTI,0,0,19,19,0.0,0.0,100.0
KUK,KORU KONDA,2,3,14,19,10.5,15.8,73.7
JTL,JHAPATERDHAL,0,9,10,19,0.0,47.4,52.6
KSF,KHALISPUR,0,5,14,19,0.0,26.3,73.7
KDTN,KADETHAN,0,12,7,19,0.0,63.2,36.8
KNVT,KINWAT,2,4,13,19,10.5,21.1,68.4
DMA,DAMODAR JN.,4,7,8,19,21.1,36.8,42.1
DAZ,DELHI-AZADPU,0,15,4,19,0.0,78.9,21.1
BXL,BHEDUASOL,2,8,9,19,10.5,42.1,47.4
COA,KAKINADA POR,1,3,15,19,5.3,15.8,78.9
TIS,TATISILWAI,0,2,17,19,0.0,10.5,89.5
ALM,ALAMANDA,2,3,14,19,10.5,15.8,73.7
UJP,UJIARPUR,0,5,14,19,0.0,26.3,73.7
MSZ,MANSA,0,0,19,19,0.0,0.0,100.0
BRND,BORIDAND,0,3,16,19,0.0,15.8,84.2
NIU,NABIPUR,0,6,13,19,0.0,31.6,68.4
SSA,SIRSA,0,1,18,19,0.0,5.3,94.7
PCQ,PICHKURIRDHA,0,9,10,19,0.0,47.4,52.6
UPL,UPPALUR,1,15,3,19,5.3,78.9,15.8
BSLE,BATASPUR,0,9,10,19,0.0,47.4,52.6
PALR,PALUR,1,16,2,19,5.3,84.2,10.5
SRJM,SIRJAM,1,7,11,19,5.3,36.8,57.9
AHH,AHMED GARH,2,2,15,19,10.5,10.5,78.9
PLS,PIPALSANA,0,12,7,19,0.0,63.2,36.8
LUR,LATUR,0,0,19,19,0.0,0.0,100.0
JBN,JOGBANI,2,15,2,19,10.5,78.9,10.5
PGR,PUGALUR,0,5,14,19,0.0,26.3,73.7
JOB,ASAIPUR JOBN,1,3,15,19,5.3,15.8,78.9
ATE,ATARRA,0,2,17,19,0.0,10.5,89.5
UMD,USMANABAD,0,0,19,19,0.0,0.0,100.0
SWA,SAHJANWA,0,4,15,19,0.0,21.1,78.9
SYN,SAYAN,0,6,13,19,0.0,31.6,68.4
CLDY,CHANDLODIYA,0,0,19,19,0.0,0.0,100.0
GTNR,GOMTINAGAR F,1,4,14,19,5.3,21.1,73.7
BERO,BERO,4,7,8,19,21.1,36.8,42.1
MOO,MUDDANURU,2,3,14,19,10.5,15.8,73.7
ARQ,ARARIYA COUR,2,15,2,19,10.5,78.9,10.5
NRO,NAKODAR JN.,8,9,2,19,42.1,47.4,10.5
BSBR,BANSHLAI BRI,0,9,10,19,0.0,47.4,52.6
DGI,DUNGRI,0,5,14,19,0.0,26.3,73.7
NRX,NOADAR DHAL,0,9,10,19,0.0,47.4,52.6
MZM,MUAZZAMPUR N,0,3,16,19,0.0,15.8,84.2
TMQ,TIRUMANGALAM,0,5,14,19,0.0,26.3,73.7
BDM,BADAMI,0,0,19,19,0.0,0.0,100.0
TLR,TULSIPUR,0,0,19,19,0.0,0.0,100.0
RGB,RAMGANGA,0,10,8,18,0.0,55.6,44.4
RNQ,RENUKUT,3,0,15,18,16.7,0.0,83.3
RMV,RAMAVARAPPAD,0,14,4,18,0.0,77.8,22.2
KMS,KARAMNASA,0,2,16,18,0.0,11.1,88.9
KNHN,KANHAN JN.,4,12,2,18,22.2,66.7,11.1
SCT,SENGOTTAI JN,0,13,5,18,0.0,72.2,27.8
KDMR,KHODIYAR MAN,6,5,7,18,33.3,27.8,38.9
RGD,RAJGIR,0,7,11,18,0.0,38.9,61.1
KD,KUNDARKHI,0,12,6,18,0.0,66.7,33.3
KTM,KUTRALAM,0,12,6,18,0.0,66.7,33.3
QRP,KILA RAIPUR,2,2,14,18,11.1,11.1,77.8
KRPU,KORAPUT JN.,1,1,16,18,5.6,5.6,88.9
MZH,MAUHARI,0,3,15,18,0.0,16.7,83.3
BKLE,BAKUDI,0,8,10,18,0.0,44.4,55.6
KHDB,KHODIYAR,2,10,6,18,11.1,55.6,33.3
RKD,RUKADI,3,3,12,18,16.7,16.7,66.7
ANTU,ANTU,0,0,18,18,0.0,0.0,100.0
SASN,SAHIBZADA AJ,0,1,17,18,0.0,5.6,94.4
BAOL,BAWLI HALT,0,8,10,18,0.0,44.4,55.6
KJI,KHAJAULI,0,8,10,18,0.0,44.4,55.6
KKN,KHIRKIYA,0,0,18,18,0.0,0.0,100.0
KKPR,KOKPARA,0,13,5,18,0.0,72.2,27.8
RUJ,RANUJ,8,7,3,18,44.4,38.9,16.7
DNN,DINANAGAR,0,14,4,18,0.0,77.8,22.2
KL,KHERLI,4,4,10,18,22.2,22.2,55.6
RTN,RETANG,0,4,14,18,0.0,22.2,77.8
RS,RISIA,0,6,12,18,0.0,33.3,66.7
TWG,TWINING GANJ,1,1,16,18,5.6,5.6,88.9
BRML,BARAMULLA,8,10,0,18,44.4,55.6,0.0
MXH,MAKHU,0,12,6,18,0.0,66.7,33.3
NBI,NADBAI,4,4,10,18,22.2,22.2,55.6
GALE,GANKAR,1,8,9,18,5.6,44.4,50.0
KLL,KALOL,2,10,6,18,11.1,55.6,33.3
ADD,ADAS ROAD,2,10,6,18,11.1,55.6,33.3
CBM,CUMBUM,0,0,18,18,0.0,0.0,100.0
MWX,MALLANWALA K,0,12,6,18,0.0,66.7,33.3
NBG,NABINAGAR RO,0,0,18,18,0.0,0.0,100.0
NBA,NABHA,0,1,17,18,0.0,5.6,94.4
WRS,WARISALIGANJ,0,0,18,18,0.0,0.0,100.0
NAZJ,NAZIRGANJ,0,5,13,18,0.0,27.8,72.2
NAC,NAWA CITY,4,0,14,18,22.2,0.0,77.8
ETM,ETTUMANUR,0,7,11,18,0.0,38.9,61.1
TSI,TENKASI,0,13,5,18,0.0,72.2,27.8
CU,CHAGALLU,0,8,10,18,0.0,44.4,55.6
FLK,FALAKATA,0,0,18,18,0.0,0.0,100.0
TRR,TARAORI,0,8,10,18,0.0,44.4,55.6
ASAR,ASRA HALT,0,8,10,18,0.0,44.4,55.6
BRK,BAHRAICH,0,6,12,18,0.0,33.3,66.7
BHLP,BHULANPUR F,0,5,13,18,0.0,27.8,72.2
AYRN,AKSHAYWAT RA,0,4,14,18,0.0,22.2,77.8
PPA,PIPRA,0,2,16,18,0.0,11.1,88.9
POE,PAWAPURI ROA,0,7,11,18,0.0,38.9,61.1
BMI,BAMNIA,0,4,14,18,0.0,22.2,77.8
PNW,PUNDAG,0,4,14,18,0.0,22.2,77.8
LRD,LAR ROAD,0,1,17,18,0.0,5.6,94.4
DBV,DABILPUR HAL,3,6,9,18,16.7,33.3,50.0
JSKA,JATAULA JORI,0,14,4,18,0.0,77.8,22.2
CHD,CHANDIA ROAD,4,0,14,18,22.2,0.0,77.8
SKQ,SIKANDARPUR,0,13,5,18,0.0,72.2,27.8
JSP,JAYASINGPUR,3,3,12,18,16.7,16.7,66.7
JTW,JAITWAR,2,4,12,18,11.1,22.2,66.7
BHRL,BHAROLI,0,14,4,18,0.0,77.8,22.2
VARD,VAIKAM ROAD,0,9,9,18,0.0,50.0,50.0
SI,SONAILI,1,10,7,18,5.6,55.6,38.9
KAP,KALIANPUR,0,8,10,18,0.0,44.4,55.6
KZA,KHADA,1,0,17,18,5.6,0.0,94.4
BHUJ,NEW BHUJ,0,2,16,18,0.0,11.1,88.9
KTT,KHUTBAV,0,12,6,18,0.0,66.7,33.3
PT,PATLI,0,14,4,18,0.0,77.8,22.2
KXE,KALIAN CHAK,0,8,10,18,0.0,44.4,55.6
KWMD,KUMBHAWAS MU,0,14,4,18,0.0,77.8,22.2
PSDA,PASIVEDALA H,0,8,10,18,0.0,44.4,55.6
KASR,KANAS ROAD,3,3,12,18,16.7,16.7,66.7
KAV,KALUMNA,4,12,2,18,22.2,66.7,11.1
LAU,LADNUN,2,0,16,18,11.1,0.0,88.9
SHK,SHEIKHPURA,0,0,18,18,0.0,0.0,100.0
BIG,BELGAHNA,4,2,12,18,22.2,11.1,66.7
KRNR,KRISHNA RAJA,1,2,15,18,5.6,11.1,83.3
SEO,SEOHARA,0,0,18,18,0.0,0.0,100.0
DPD,DOSAPADU,0,15,3,18,0.0,83.3,16.7
SBM,SONBARSA KAC,0,4,14,18,0.0,22.2,77.8
KHNM,KUNDA HARNAM,0,2,16,18,0.0,11.1,88.9
BZM,BHIMSEN,1,1,16,18,5.6,5.6,88.9
KRS,KARISATH,1,3,14,18,5.6,16.7,77.8
DRSN,DHURWASIN  H,0,3,15,18,0.0,16.7,83.3
BNB,BANSTOLA P.H,1,16,1,18,5.6,88.9,5.6
MCN,MUKUNDARAYAP,0,10,8,18,0.0,55.6,44.4
HRV,HARRAD,0,3,15,18,0.0,16.7,83.3
STNL,SATNALI,0,0,18,18,0.0,0.0,100.0
PLP,PHULPUR,2,1,15,18,11.1,5.6,83.3
MAKM,MARARIKULAM,0,12,6,18,0.0,66.7,33.3
PLCJ,PHALODI,0,1,17,18,0.0,5.6,94.4
BUA,BARADWAR,2,5,11,18,11.1,27.8,61.1
SMZ,SARAIMIR,0,0,18,18,0.0,0.0,100.0
SLD,SAKALDIHA,1,5,12,18,5.6,27.8,66.7
UTR,UTRAITIA JN,0,2,16,18,0.0,11.1,88.9
BHB,BADLA GHAT,0,4,14,18,0.0,22.2,77.8
JGN,JAGRAON,0,12,6,18,0.0,66.7,33.3
BGU,BAIRAGNIA,0,2,16,18,0.0,11.1,88.9
SNQ,SANKARPUR,0,10,8,18,0.0,55.6,44.4
PERN,PERNEM,0,9,9,18,0.0,50.0,50.0
VS,VISHWAMITRI,0,6,12,18,0.0,33.3,66.7
CIL,CHILBILA JN,0,0,18,18,0.0,0.0,100.0
CI,CHHAPRA KACH,2,9,7,18,11.1,50.0,38.9
MCV,MACHARYA,0,12,6,18,0.0,66.7,33.3
JM,JALAMB JN.,0,0,18,18,0.0,0.0,100.0
JKM,JANKAMPET JN,2,4,12,18,11.1,22.2,66.7
JHN,JAKHIM,0,6,12,18,0.0,33.3,66.7
JPL,JAPLA,0,0,18,18,0.0,0.0,100.0
SLH,SILYARI,1,6,11,18,5.6,33.3,61.1
JNL,JANDIALA,0,7,11,18,0.0,38.9,61.1
BHI,BAHERI,0,10,8,18,0.0,55.6,44.4
MKPR,MUKTAPUR,1,7,10,18,5.6,38.9,55.6
NYH,NAYANDAHALLI,6,4,8,18,33.3,22.2,44.4
MKX,MORAK,0,6,12,18,0.0,33.3,66.7
NUQ,NAGARUNTARI,3,0,15,18,16.7,0.0,83.3
BATL,BAIHATOLA,0,3,15,18,0.0,16.7,83.3
VXD,VADOD,2,10,6,18,11.1,55.6,33.3
VV,VALIVADE,3,3,12,18,16.7,16.7,66.7
HLN,HOLENARSIPUR,1,2,15,18,5.6,11.1,83.3
HPO,HASANPUR ROA,0,0,18,18,0.0,0.0,100.0
SUJH,SUJANGARH,2,0,16,18,11.1,0.0,88.9
HNS,HANSI,0,2,16,18,0.0,11.1,88.9
HN,HATHBANDH,1,6,11,18,5.6,33.3,61.1
HRNR,HIRA NAGAR,0,2,16,18,0.0,11.1,88.9
DSO,DESHNOKE,2,2,14,18,11.1,11.1,77.8
MEC,MERTA CITY,18,0,0,18,100.0,0.0,0.0
PDW,PANDAUL,0,8,10,18,0.0,44.4,55.6
IHP,INCHHAPURI,0,14,4,18,0.0,77.8,22.2
HTZU,HATHIDAH JN,6,1,11,18,33.3,5.6,61.1
MDUN,MADHRANAGAR,0,14,4,18,0.0,77.8,22.2
MGLE,MANIGRAM,1,8,9,18,5.6,44.4,50.0
DIA,DIDWANA,2,0,16,18,11.1,0.0,88.9
DINR,DIVINE NAGAR,0,6,12,18,0.0,33.3,66.7
STD,SATROD,0,2,16,18,0.0,11.1,88.9
GUH,GULDHAR,0,2,16,18,0.0,11.1,88.9
GRL,GORAUL,2,5,11,18,11.1,27.8,61.1
CND,CHANDUR,0,1,17,18,0.0,5.6,94.4
GT,GHATKESAR,0,8,10,18,0.0,44.4,55.6
TAN,TARANA ROAD,1,0,17,18,5.6,0.0,94.4
SXZM,SOPORE,8,10,0,18,44.4,55.6,0.0
HDL,HODAL,0,11,7,18,0.0,61.1,38.9
MJP,MOHARAJPUR,0,8,10,18,0.0,44.4,55.6
CLR,CASTLE ROCK,0,1,17,18,0.0,5.6,94.4
NLPD,NALLA PADU J,0,4,14,18,0.0,22.2,77.8
NLD,NALANDA,0,7,11,18,0.0,38.9,61.1
MMM,MANDAPAM,0,5,13,18,0.0,27.8,72.2
NRP,NARSIPATNAM,0,2,16,18,0.0,11.1,88.9
MNO,MEHNAR ROAD,1,4,13,18,5.6,22.2,72.2
DGO,DURGAUTI,0,2,16,18,0.0,11.1,88.9
MOGA,MOGA,0,12,6,18,0.0,66.7,33.3
MNTT,MULANTURUTTI,0,7,11,18,0.0,38.9,61.1
BEHS,BIHAR SHARIF,0,7,11,18,0.0,38.9,61.1
WAIR,WAIR,0,13,5,18,0.0,72.2,27.8
GUG,GARJAIPUR,0,2,16,18,0.0,11.1,88.9
GOGH,GOSAI GAON H,0,0,18,18,0.0,0.0,100.0
MOU,MANOHARPUR,5,6,7,18,27.8,33.3,38.9
MRND,MORINDA,0,3,15,18,0.0,16.7,83.3
MPLR,MAHIPAL ROAD,1,8,9,18,5.6,44.4,50.0
MRT,MATHURA CANT,0,9,9,18,0.0,50.0,50.0
NHLG,NEW HALFLONG,1,3,14,18,5.6,16.7,77.8
WJ,WALAJABAD,1,16,1,18,5.6,88.9,5.6
MVI,MORVI,10,4,4,18,55.6,22.2,22.2
GNP,GHANPUR,2,2,14,18,11.1,11.1,77.8
GNRL,GANGRAUL HAL,0,13,5,18,0.0,72.2,27.8
NNP,NANPARA JN.,0,6,12,18,0.0,33.3,66.7
DUD,DUDHANI,1,4,13,18,5.6,22.2,72.2
MT,MATERA,0,6,12,18,0.0,33.3,66.7
GII,GIDHNI,0,13,5,18,0.0,72.2,27.8
CUX,CHAURA BH,0,2,16,18,0.0,11.1,88.9
TNM,TIRUVANNAMAL,0,0,18,18,0.0,0.0,100.0
TNJR,TAJ NAGAR,0,14,4,18,0.0,77.8,22.2
BDHP,BHUDPUR,0,8,10,18,0.0,44.4,55.6
MZMA,MAZHOM,8,10,0,18,44.4,55.6,0.0
YLG,YALVIGI,0,0,18,18,0.0,0.0,100.0
WZJ,WAZERGANJ,0,0,18,18,0.0,0.0,100.0
MKDD,MUKUNDWADI H,0,3,14,17,0.0,17.6,82.4
CNA,CHANDERIYA J,0,0,17,17,0.0,0.0,100.0
OBR,OBRADAM,1,3,13,17,5.9,17.6,76.5
MHO,MAHPUR,0,1,16,17,0.0,5.9,94.1
TBB,TILBHITA,0,8,9,17,0.0,47.1,52.9
TBN,TIMARNI,0,0,17,17,0.0,0.0,100.0
BTKB,BATHNA KRITT,2,15,0,17,11.8,88.2,0.0
VRR,VIRPUR,0,0,17,17,0.0,0.0,100.0
MLHA,MALIYA HATIN,0,0,17,17,0.0,0.0,100.0
HJL,HEJJALA,6,4,7,17,35.3,23.5,41.2
CLKA,CHILKA,0,3,14,17,0.0,17.6,82.4
HEM,HIMAYATNAGAR,2,4,11,17,11.8,23.5,64.7
MAUR,MAUR,0,0,17,17,0.0,0.0,100.0
BAZ,BARAN,1,2,14,17,5.9,11.8,82.4
SSNR,SATSANG NAGA,16,1,0,17,94.1,5.9,0.0
BSDP,BHUSANDPUR,0,5,12,17,0.0,29.4,70.6
GLBN,GUJRAN-BALWA,0,8,9,17,0.0,47.1,52.9
BDU,BADNAPUR,0,3,14,17,0.0,17.6,82.4
LC,LUCKNOW CITY,1,4,12,17,5.9,23.5,70.6
TSR,TSUNDURU,1,6,10,17,5.9,35.3,58.8
MUZ,MOHIUDDINPUR,0,2,15,17,0.0,11.8,88.2
IDP,INDUPALLI,1,12,4,17,5.9,70.6,23.5
IPL,IDAPPALLI,0,6,11,17,0.0,35.3,64.7
PRTP,PARTAPUR,0,2,15,17,0.0,11.8,88.2
KZI,KHANDRAWALI,0,8,9,17,0.0,47.1,52.9
NNW,NARAYANPUR T,2,2,13,17,11.8,11.8,76.5
VYA,VYARA,0,0,17,17,0.0,0.0,100.0
JAO,JOARA,0,1,16,17,0.0,5.9,94.1
KUU,KUHURI,0,5,12,17,0.0,29.4,70.6
CRLM,CARMELARAM,0,6,11,17,0.0,35.3,64.7
SNTD,SANTALDIH,5,4,8,17,29.4,23.5,47.1
PVD,PEDDAVADLAPU,7,4,6,17,41.2,23.5,35.3
SNDD,SINDHU DURG,0,3,14,17,0.0,17.6,82.4
JKNI,JHARKHANDI F,0,0,17,17,0.0,0.0,100.0
KSN,KRISHNA,3,3,11,17,17.6,17.6,64.7
BHET,BHESTAN,0,5,12,17,0.0,29.4,70.6
SLF,SILLI,0,2,15,17,0.0,11.8,88.2
KPRD,KALYANPUR RO,2,6,9,17,11.8,35.3,52.9
SKS,SALEKASA,1,7,9,17,5.9,41.2,52.9
JSM,JAISALMER,0,1,16,17,0.0,5.9,94.1
VLI,VALLIUKUNNU,0,4,13,17,0.0,23.5,76.5
GAM,GANJAM,0,5,12,17,0.0,29.4,70.6
JTR,JATKANHAR,1,10,6,17,5.9,58.8,35.3
SJL,SANGAM JAGAR,8,4,5,17,47.1,23.5,29.4
VDH,VEDCHHA,0,5,12,17,0.0,29.4,70.6
KAD,KANDALA,0,3,14,17,0.0,17.6,82.4
MUA,MUSRA,1,10,6,17,5.9,58.8,35.3
NGF,NAGAR NABI,0,8,9,17,0.0,47.1,52.9
ACL,ANCHELI,0,5,12,17,0.0,29.4,70.6
FAN,FATEH NAGAR,0,2,15,17,0.0,11.8,88.2
MYX,METYAL SAHAR,1,7,9,17,5.9,41.2,52.9
KLNK,KALANAUR KAL,2,8,6,16,12.5,50.0,37.5
AHN,AHIRAN H,1,8,7,16,6.2,50.0,43.8
KKZ,KOTTARAKKARA,1,7,8,16,6.2,43.8,50.0
KKM,KAMALAPURAM,1,7,8,16,6.2,43.8,50.0
SDI,SAGARDIGHI,1,9,6,16,6.2,56.2,37.5
SDRA,SUDHRANA,0,4,12,16,0.0,25.0,75.0
RV,RAVER,0,0,16,16,0.0,0.0,100.0
NDM,NIDAMANURU,0,13,3,16,0.0,81.2,18.8
NDV,NIDVANDA,0,4,12,16,0.0,25.0,75.0
RWTB,ROWTA BAGAN,0,4,12,16,0.0,25.0,75.0
CAM,CHHOTA AMBAN,3,7,6,16,18.8,43.8,37.5
WPR,WANPARTI ROA,0,0,16,16,0.0,0.0,100.0
EKM,EKAMBARAKUPP,0,11,5,16,0.0,68.8,31.2
EKN,EZHUKONE,1,7,8,16,6.2,43.8,50.0
BJF,BIJNI,0,0,16,16,0.0,0.0,100.0
MYK,MAYAKONDA,0,2,14,16,0.0,12.5,87.5
BNV,BINNAGURI,0,3,13,16,0.0,18.8,81.2
ARV,ARNI ROAD,0,0,16,16,0.0,0.0,100.0
RJL,RAJMAHAL,16,0,0,16,100.0,0.0,0.0
RJR,RAJALDESAR,0,3,13,16,0.0,18.8,81.2
TRP,TARAPUR,0,16,0,16,0.0,100.0,0.0
CTKT,CHHOTI KHATU,0,0,16,16,0.0,0.0,100.0
BRPL,BARPALI,1,1,14,16,6.2,6.2,87.5
JTS,JATUSANA,0,4,12,16,0.0,25.0,75.0
KNM,KANIMAHULI P,0,11,5,16,0.0,68.8,31.2
DPS,DANGOAPOSI,0,5,11,16,0.0,31.2,68.8
DPX,DADPUR BH,0,2,14,16,0.0,12.5,87.5
KNNK,KANINA KHAS,0,0,16,16,0.0,0.0,100.0
RMT,RAMGARH CANT,2,0,14,16,12.5,0.0,87.5
SHLK,SHOLAKA,0,11,5,16,0.0,68.8,31.2
GTD,GOURINATHDHA,0,2,14,16,0.0,12.5,87.5
TBT,TALBAHAT,1,1,14,16,6.2,6.2,87.5
TAO,TAMNA,0,4,12,16,0.0,25.0,75.0
NYO,NAYAGAON,0,5,11,16,0.0,31.2,68.8
BTK,BANKATA,3,7,6,16,18.8,43.8,37.5
PAW,PANDABESWAR,0,10,6,16,0.0,62.5,37.5
PBL,PATHSHALA,0,0,16,16,0.0,0.0,100.0
PCK,PACHRUKHI,4,3,9,16,25.0,18.8,56.2
MGAE,MORGRAM,1,9,6,16,6.2,56.2,37.5
NW,NALWAR,2,2,12,16,12.5,12.5,75.0
SLNA,SALAUNA,0,0,16,16,0.0,0.0,100.0
KPTO,KARANPURATO,0,8,8,16,0.0,50.0,50.0
NIIJ,NILJE,2,10,4,16,12.5,62.5,25.0
ALS,AMLORI SARSA,8,1,7,16,50.0,6.2,43.8
BPO,BARIPADA PH,6,6,4,16,37.5,37.5,25.0
CRU,CHUDAWA,0,1,15,16,0.0,6.2,93.8
JRL,JHARLI,0,4,12,16,0.0,25.0,75.0
AVS,AUVANEESWARA,1,7,8,16,6.2,43.8,50.0
RHN,ROSHANPUR,0,12,4,16,0.0,75.0,25.0
BKSL,BIKRAMSHILA,1,5,10,16,6.2,31.2,62.5
ANH,ANKORAH (AKO,0,0,16,16,0.0,0.0,100.0
RCF,RAIL COACH F,0,12,4,16,0.0,75.0,25.0
BYD,BYADGI,0,0,16,16,0.0,0.0,100.0
KRPP,KURUPPANTARA,0,7,9,16,0.0,43.8,56.2
SME,SHIMOGA,1,3,12,16,6.2,18.8,75.0
RDE,RUNDHI,0,11,5,16,0.0,68.8,31.2
VLYN,VALLABH VIDH,0,16,0,16,0.0,100.0,0.0
NJT,NAGERCOIL TO,1,7,8,16,6.2,43.8,50.0
NLKR,NILOKHERI,0,8,8,16,0.0,50.0,50.0
WENA,WENA,0,5,11,16,0.0,31.2,68.8
MRPR,MAU RANIPUR,0,2,14,16,0.0,12.5,87.5
KRLI,KURALI,0,3,13,16,0.0,18.8,81.2
SLS,SALANPUR,0,10,6,16,0.0,62.5,37.5
RDRA,RAMDEVRA,0,1,15,16,0.0,6.2,93.8
RGH,RAMGARHWA F,2,3,11,16,12.5,18.8,68.8
CBY,KHAMBHAT,0,16,0,16,0.0,100.0,0.0
KLWD,KALITALAVADI,0,16,0,16,0.0,100.0,0.0
NLS,NELLORE SOUT,0,10,6,16,0.0,62.5,37.5
NMDA,NEW MORINDA,0,3,13,16,0.0,18.8,81.2
DZB,DAHINA-ZAINA,0,0,16,16,0.0,0.0,100.0
BABR,BALANAGAR,0,4,12,16,0.0,25.0,75.0
MRDW,MURDESHWAR,0,0,16,16,0.0,0.0,100.0
MQR,MALKHAID ROA,1,0,15,16,6.2,0.0,93.8
KTD,KANTADIH,0,4,12,16,0.0,25.0,75.0
RAY,RAY,1,0,15,16,6.2,0.0,93.8
DRLA,DAURALA,0,0,16,16,0.0,0.0,100.0
KSH,KALISINDH,1,0,15,16,6.2,0.0,93.8
KSI,KOSLI,0,4,12,16,0.0,25.0,75.0
KRYR,KARAMSAD,0,16,0,16,0.0,100.0,0.0
KSC,KASHI CHAK,0,0,16,16,0.0,0.0,100.0
THO,TULIN,0,2,14,16,0.0,12.5,87.5
GOL,GOILKERA,4,5,7,16,25.0,31.2,43.8
MGC,MUGAT,0,2,14,16,0.0,12.5,87.5
GVG,MANDI GOBIND,0,4,12,16,0.0,25.0,75.0
GVR,GORESWAR,0,4,12,16,0.0,25.0,75.0
MEP,MEHIDPUR ROA,0,0,16,16,0.0,0.0,100.0
MFA,MUKURIA,1,9,6,16,6.2,56.2,37.5
PDH,PADADHARI,0,0,16,16,0.0,0.0,100.0
BNGN,BONGAIGAON,0,0,16,16,0.0,0.0,100.0
MDVL,MANDAVALLI,0,8,8,16,0.0,50.0,50.0
MDJ,MUHAMMADGANJ,0,0,16,16,0.0,0.0,100.0
SYJ,SAIDRAJA,0,2,14,16,0.0,12.5,87.5
NTN,NAR TOWN,0,16,0,16,0.0,100.0,0.0
TIHU,TIHU,0,0,16,16,0.0,0.0,100.0
KART,KIRATPUR SAH,0,3,13,16,0.0,18.8,81.2
SGE,SANKARIDRUG,0,3,13,16,0.0,18.8,81.2
KMQ,KUMBLA,0,3,13,16,0.0,18.8,81.2
CTF,CHITGIDDA,0,6,10,16,0.0,37.5,62.5
ASB,ASANBONI,0,12,4,16,0.0,75.0,25.0
KMD,KODUMUDI,0,5,11,16,0.0,31.2,68.8
KATB,KHATKURA PH,0,11,5,16,0.0,68.8,31.2
KAO,KALUBATHAN,3,7,6,16,18.8,43.8,37.5
AJP,AJAMPUR,0,0,16,16,0.0,0.0,100.0
RPK,RAVALPALLI K,0,6,10,16,0.0,37.5,62.5
CBSA,CHAIBASA,2,5,9,16,12.5,31.2,56.2
BHAL,BHATIEL,0,16,0,16,0.0,100.0,0.0
PUU,PUNALUR,1,7,8,16,6.2,43.8,50.0
BGVN,BHIGVAN,0,2,14,16,0.0,12.5,87.5
VNR,DEVANUR,0,0,16,16,0.0,0.0,100.0
VNUP,VISHNUPURAM,1,1,14,16,6.2,6.2,87.5
PYOL,PAYYOLI,0,3,13,16,0.0,18.8,81.2
BPH,BELPAHAR,3,1,12,16,18.8,6.2,75.0
NMM,NEW MISAMARI,0,4,12,16,0.0,25.0,75.0
GGD,GULLAGUDA,0,6,10,16,0.0,37.5,62.5
TPND,TALAJA PANCH,2,10,4,16,12.5,62.5,25.0
GHQ,GARHWA,3,0,13,16,18.8,0.0,81.2
KXH,KAPURTHALA,0,12,4,16,0.0,75.0,25.0
PTAB,PATIA HALT,1,5,10,16,6.2,31.2,62.5
PTD,PETLAD JN.,0,16,0,16,0.0,100.0,0.0
BWK,BAWANI KHERA,0,2,14,16,0.0,12.5,87.5
PTTN,PATTAN,8,8,0,16,50.0,50.0,0.0
SPLE,SUJNIPARA,1,8,7,16,6.2,50.0,43.8
KUV,KUNDARA,1,7,8,16,6.2,43.8,50.0
SPC,SITAPUR CITY,1,6,9,16,6.2,37.5,56.2
TNR,TANGUTURU,2,3,11,16,12.5,18.8,68.8
GH,GHUGHULI,1,0,15,16,6.2,0.0,93.8
TNRU,TENNERU HALT,0,13,3,16,0.0,81.2,18.8
TNW,THANPAR NAGA,3,7,6,16,18.8,43.8,37.5
TP,TIRUCHIRAPPA,0,9,7,16,0.0,56.2,43.8
KUPR,KHURDPUR,10,4,2,16,62.5,25.0,12.5
SRI,SALMARI,1,10,5,16,6.2,62.5,31.2
URMA,URMA,0,4,12,16,0.0,25.0,75.0
PRP,PAHARPUR,0,4,12,16,0.0,25.0,75.0
BGO,BOGRI ROAD,0,7,9,16,0.0,43.8,56.2
NPD,NAWAPARA ROA,0,0,16,16,0.0,0.0,100.0
SQR,SULTANPUR LO,0,12,4,16,0.0,75.0,25.0
KXJ,KARIMGANJ JN,1,7,8,16,6.2,43.8,50.0
KXN,KANSBAHAL,2,5,9,16,12.5,31.2,56.2
KWM,KAMPUR,0,0,16,16,0.0,0.0,100.0
NTV,NAUTANWA,0,15,1,16,0.0,93.8,6.2
NUJ,NUJELLA,5,9,2,16,31.2,56.2,12.5
DBU,DODBALLAPUR,2,2,12,16,12.5,12.5,75.0
HDN,HAIDARNAGAR,0,0,16,16,0.0,0.0,100.0
SWPR,SEWAPURI,0,1,15,16,0.0,6.2,93.8
DTVL,DATIVLI,2,10,4,16,12.5,62.5,25.0
BNCR,BANCHARI,0,11,5,16,0.0,68.8,31.2
NRZB,NOWROZABAD,2,0,14,16,12.5,0.0,87.5
KLQ,KILIKOLLUR,1,7,8,16,6.2,43.8,50.0
KLT,KULITALAI,0,9,7,16,0.0,56.2,43.8
BPZ,BAZPUR,5,1,10,16,31.2,6.2,62.5
TSK,TINSUKIA JN.,3,7,6,16,18.8,43.8,37.5
TTO,TARN TARAN,0,16,0,16,0.0,100.0,0.0
BQI,BOMMIDI,0,0,16,16,0.0,0.0,100.0
MUP,MURHIPAR,0,10,6,16,0.0,62.5,37.5
MURD,MANDAWAR MAH,4,4,8,16,25.0,25.0,50.0
RQJ,RANINAGAR JA,2,6,8,16,12.5,37.5,50.0
VJPJ,VIJAYPUR JAM,0,2,14,16,0.0,12.5,87.5
AGTL,AGARTALA,5,3,8,16,31.2,18.8,50.0
BVR,BANAVAR,0,0,16,16,0.0,0.0,100.0
MAY,MARIAHU,0,2,14,16,0.0,12.5,87.5
MALB,MALIYA MIYAN,0,2,14,16,0.0,12.5,87.5
BTSR,BHUTESHWAR,0,7,9,16,0.0,43.8,56.2
HME,HAMRE,8,8,0,16,50.0,50.0,0.0
AMSA,AMMASANDRA,0,0,16,16,0.0,0.0,100.0
BUDI,BUNDI,0,2,14,16,0.0,12.5,87.5
HNA,HONNAVAR,0,0,16,16,0.0,0.0,100.0
CNO,CANACONA,0,4,12,16,0.0,25.0,75.0
GLY,GOLLAPALLI,0,4,12,16,0.0,25.0,75.0
PQS,PARK CIRCUS,3,13,0,16,18.8,81.2,0.0
VPDA,VIDYAPATINAG,0,4,12,16,0.0,25.0,75.0
DKGS,SIMARIA,4,1,11,16,25.0,6.2,68.8
DKJR,DHEKIAJULI R,0,4,12,16,0.0,25.0,75.0
SRNR,SRI RAMNAGAR,0,0,16,16,0.0,0.0,100.0
NPL,NAGALAPALLE,0,6,10,16,0.0,37.5,62.5
NPS,NAPASAR,0,3,13,16,0.0,18.8,81.2
NR,NIPHAD,0,2,14,16,0.0,12.5,87.5
BSE,BADSHAHPUR,0,1,15,16,0.0,6.2,93.8
LBA,LAMBHUA,0,3,13,16,0.0,18.8,81.2
LBG,LIMBGAON,0,1,15,16,0.0,6.2,93.8
HSX,HOSHIARPUR,10,4,2,16,62.5,25.0,12.5
LMN,LACHHMANPUR,4,0,12,16,25.0,0.0,75.0
LMNR,LAXMIBAINAGA,1,11,4,16,6.2,68.8,25.0
SRY,SIRARI,0,0,16,16,0.0,0.0,100.0
HTW,HATHUA,8,1,7,16,50.0,6.2,43.8
ARD,AMARDA ROAD,0,5,11,16,0.0,31.2,68.8
HSK,HARI SHANKAR,0,0,16,16,0.0,0.0,100.0
BPF,BANAPURA,0,0,16,16,0.0,0.0,100.0
BCU,BHUCHCHU,0,3,13,16,0.0,18.8,81.2
TLHR,TALCHER,1,0,15,16,6.2,0.0,93.8
GLA,GARLA,2,3,11,16,12.5,18.8,68.8
URD,UNTARI ROAD,0,0,16,16,0.0,0.0,100.0
HPP,HARPALPUR,0,2,14,16,0.0,12.5,87.5
SUD,SUDHANI,0,2,14,16,0.0,12.5,87.5
PNDR,PANDORI,0,16,0,16,0.0,100.0,0.0
BMD,BHIMADOLU,0,2,14,16,0.0,12.5,87.5
CYN,CHERIYANAD,0,4,12,16,0.0,25.0,75.0
PNUG,PUNPUN GHAT,0,16,0,16,0.0,100.0,0.0
PNYA,PANIYAHAWA,1,0,15,16,6.2,0.0,93.8
HRT,HARNAUT,0,5,11,16,0.0,31.2,68.8
MNI,MANGAON,0,0,16,16,0.0,0.0,100.0
MMU,MUGMA,3,7,6,16,18.8,43.8,37.5
MMV,MAHALI MARUP,2,5,9,16,12.5,31.2,56.2
DXH,DUHAI,0,2,14,16,0.0,12.5,87.5
DDP,DAUDPUR,1,4,11,16,6.2,25.0,68.8
ATUL,ATUL,1,4,11,16,6.2,25.0,68.8
GRMR,GARHI MANIKP,0,0,16,16,0.0,0.0,100.0
MJBT,MAJBAT,0,4,12,16,0.0,25.0,75.0
MJL,MAJHOWALIA,2,5,9,16,12.5,31.2,56.2
MJRI,MAJRI JN.,0,3,13,16,0.0,18.8,81.2
AGAS,AGAS,0,16,0,16,0.0,100.0,0.0
MKO,MARKONA,0,3,13,16,0.0,18.8,81.2
MHU,MANHERU,0,4,12,16,0.0,25.0,75.0
KLMG,KALAMBOLI,2,10,4,16,12.5,62.5,25.0
TETA,TELTA,0,2,14,16,0.0,12.5,87.5
S,SRIRANGAPATT,0,8,8,16,0.0,50.0,50.0
SDGH,SRI DUNGARGA,0,3,13,16,0.0,18.8,81.2
SADP,SAIDAPUR,2,2,12,16,12.5,12.5,75.0
SAHI,SATHI,1,5,10,16,6.2,31.2,62.5
CDMR,CHANDAULI MA,0,2,14,16,0.0,12.5,87.5
KGBS,KISHANGARH B,0,4,12,16,0.0,25.0,75.0
TWB,TALWANDI,0,12,4,16,0.0,75.0,25.0
SAW,SURIAWAN,0,1,15,16,0.0,6.2,93.8
SAY,SAYAMA,0,16,0,16,0.0,100.0,0.0
SBE,SORBHOG,0,0,16,16,0.0,0.0,100.0
YVP,YAWARPURA,0,16,0,16,0.0,100.0,0.0
SBD,SLEEMNABAD,1,0,14,15,6.7,0.0,93.3
DZP,DARAZPUR,0,5,10,15,0.0,33.3,66.7
KES,KESRI,0,5,10,15,0.0,33.3,66.7
MJS,MANJESHWAR,0,3,12,15,0.0,20.0,80.0
MJA,MEJA ROAD,0,3,12,15,0.0,20.0,80.0
TDN,TIRUPARANKUN,0,5,10,15,0.0,33.3,66.7
MIK,MANIKUI,0,0,15,15,0.0,0.0,100.0
MIAN,MIANGRAM,0,14,1,15,0.0,93.3,6.7
BSRX,BASAVANA BAG,0,0,15,15,0.0,0.0,100.0
DDX,DHAMDHAMIA,0,8,7,15,0.0,53.3,46.7
SSW,SARSAWA,0,5,10,15,0.0,33.3,66.7
BME,BARMER,0,5,10,15,0.0,33.3,66.7
AKU,ANGALAKUDURU,8,4,3,15,53.3,26.7,20.0
SRZ,SARDARGARH,0,15,0,15,0.0,100.0,0.0
PPH,PIPRIDIH,0,1,14,15,0.0,6.7,93.3
LKS,LUNKARANSAR,0,0,15,15,0.0,0.0,100.0
POZ,POTUL,0,3,12,15,0.0,20.0,80.0
LM,LIMDI,0,5,10,15,0.0,33.3,66.7
SRJN,SIRAJNAGAR,0,6,9,15,0.0,40.0,60.0
PQY,PABLI KHAS,0,0,15,15,0.0,0.0,100.0
BLZ,BUDHLADA,0,0,15,15,0.0,0.0,100.0
LDW,LADHOWAL,0,11,4,15,0.0,73.3,26.7
SRPR,SARUPSAR JN.,0,15,0,15,0.0,100.0,0.0
PMS,PARMALKASA,0,9,6,15,0.0,60.0,40.0
LXD,LAKSHANNATH,0,5,10,15,0.0,33.3,66.7
PKY,PILKHANI,0,5,10,15,0.0,33.3,66.7
ANCR,ANCHURI PH,1,7,7,15,6.7,46.7,46.7
SVC,SIWAN KACHER,8,1,6,15,53.3,6.7,40.0
TKBG,TEKA BIGHA,0,3,12,15,0.0,20.0,80.0
GNGD,GANGADHARPUR,0,5,10,15,0.0,33.3,66.7
VKD,BAKHRABAD,2,5,8,15,13.3,33.3,53.3
RPO,RAWATPUR,0,8,7,15,0.0,53.3,46.7
SGBA,SIR GURUDAS,2,13,0,15,13.3,86.7,0.0
DOA,DORAHA,0,4,11,15,0.0,26.7,73.3
NSI,NIKURSINI,0,5,10,15,0.0,33.3,66.7
BTW,BARSHI,0,0,15,15,0.0,0.0,100.0
BTV,BAITARANI RO,0,5,10,15,0.0,33.3,66.7
BNBH,BANI BIHAR,1,4,10,15,6.7,26.7,66.7
PGK,PILI BANGAN,0,2,13,15,0.0,13.3,86.7
DBR,DABHAURA,2,0,13,15,13.3,0.0,86.7
DJ,DARJEELING,0,13,2,15,0.0,86.7,13.3
NUD,NAVAGADH,1,0,14,15,6.7,0.0,93.3
DHE,DHOBHI,1,4,10,15,6.7,26.7,66.7
PSD,PARSODA,0,3,12,15,0.0,20.0,80.0
ITA,ITOLA,0,6,9,15,0.0,40.0,60.0
JAG,JALALGARH,0,15,0,15,0.0,100.0,0.0
GHUM,GHUM,0,13,2,15,0.0,86.7,13.3
MOTC,MOTICHUR,6,0,9,15,40.0,0.0,60.0
KZU,KUNKI BH,0,0,15,15,0.0,0.0,100.0
GHJ,GURSAHAIGANJ,0,4,11,15,0.0,26.7,73.3
MPY,MURARPUR HAL,1,6,8,15,6.7,40.0,53.3
SNI,SINDI,0,2,13,15,0.0,13.3,86.7
DLF,DALAN,0,15,0,15,0.0,100.0,0.0
DLB,DAULATABAD,0,3,12,15,0.0,20.0,80.0
SOD,SOJAT ROAD,1,4,10,15,6.7,26.7,66.7
KUB,KASBA,0,15,0,15,0.0,100.0,0.0
RPMN,RAMPUR MANIH,0,2,13,15,0.0,13.3,86.7
KAJG,KARANJGOAN,0,3,12,15,0.0,20.0,80.0
RNX,RANIPATRA,0,15,0,15,0.0,100.0,0.0
JKL,JALALKHALI H,2,13,0,15,13.3,86.7,0.0
SNGP,SINGHPUR,1,0,14,15,6.7,0.0,93.3
GNNA,GANGANIA,2,6,7,15,13.3,40.0,46.7
MFB,MUSTAFABAD,0,5,10,15,0.0,33.3,66.7
KSY,KUSIARGAON,0,15,0,15,0.0,100.0,0.0
TR,TARUR,0,3,12,15,0.0,20.0,80.0
SMH,SIMRAHA,0,15,0,15,0.0,100.0,0.0
VKT,VENKATACHALE,0,9,6,15,0.0,60.0,40.0
SKF,SAKHOTI TAND,0,0,15,15,0.0,0.0,100.0
JRS,JORAWASAN,0,5,10,15,0.0,33.3,66.7
MSP,MANSURPUR,0,0,15,15,0.0,0.0,100.0
GBN,GARH BANALI,0,15,0,15,0.0,100.0,0.0
MLD,MALIHABAD,1,2,12,15,6.7,13.3,80.0
SZR,SARUPATHAR,0,0,15,15,0.0,0.0,100.0
CLVR,CHILUVUR,5,4,6,15,33.3,26.7,40.0
NYA,NARAYANGARH,2,5,8,15,13.3,33.3,53.3
BTF,BATHNAHA,0,15,0,15,0.0,100.0,0.0
PARD,PATHRAD HALT,0,2,13,15,0.0,13.3,86.7
KMV,KARMAD,0,3,12,15,0.0,20.0,80.0
RNA,ROHANA KALAN,0,0,15,15,0.0,0.0,100.0
KNZ,KALANOUR,0,5,10,15,0.0,33.3,66.7
CTH,CHIKALTHAN,0,3,12,15,0.0,20.0,80.0
TDW,TANDWAL,0,5,10,15,0.0,33.3,66.7
ARR,ARARIYA,0,15,0,15,0.0,100.0,0.0
BNVD,BHANVAD,4,4,7,15,26.7,26.7,46.7
DOKY,DUKHERI,0,5,10,15,0.0,33.3,66.7
DOE,DEORI,1,0,14,15,6.7,0.0,93.3
KHLL,KETO HALLI H,6,4,5,15,40.0,26.7,33.3
JWO,JAWAD ROAD,0,1,14,15,0.0,6.7,93.3
SHAN,SRINIVASANAG,0,1,14,15,0.0,6.7,93.3
GSPR,GOSALPUR,1,0,14,15,6.7,0.0,93.3
RWO,RANAVAV,4,2,9,15,26.7,13.3,60.0
RWA,RAUTARA,0,15,0,15,0.0,100.0,0.0
KDU,KADAMBUR,0,0,15,15,0.0,0.0,100.0
BAKL,BAKAL,0,9,6,15,0.0,60.0,40.0
RSM,RASMARA,0,9,6,15,0.0,60.0,40.0
WRC,WRS COLONY,1,6,7,14,7.1,42.9,50.0
ZP,ZERPUR PALI,0,0,14,14,0.0,0.0,100.0
DDE,DONDAICHA,0,0,14,14,0.0,0.0,100.0
NAS,NASRALA,10,4,0,14,71.4,28.6,0.0
DDW,DUDWA,0,2,12,14,0.0,14.3,85.7
AAM,ANGADIPURAM,2,10,2,14,14.3,71.4,14.3
SAWN,SOHANSRA,0,0,14,14,0.0,0.0,100.0
NDBT,NANDPUR BHAT,0,2,12,14,0.0,14.3,85.7
MWUE,MAHRAWAL,0,9,5,14,0.0,64.3,35.7
TVL,TADWAL,0,2,12,14,0.0,14.3,85.7
PRF,PARSIPUR,0,1,13,14,0.0,7.1,92.9
PRH,POWERPET,0,2,12,14,0.0,14.3,85.7
URK,URKURA,0,6,8,14,0.0,42.9,57.1
URN,UTRAN,0,6,8,14,0.0,42.9,57.1
KZY,KAYALPATTINA,0,8,6,14,0.0,57.1,42.9
KZB,KURUMBUR,0,8,6,14,0.0,57.1,42.9
SRVX,SURAVALI (H),0,12,2,14,0.0,85.7,14.3
PQN,PARIAWAN KAL,0,0,14,14,0.0,0.0,100.0
LGO,LALGOPALGANJ,0,0,14,14,0.0,0.0,100.0
VPG,VENTRAPRAGAD,0,11,3,14,0.0,78.6,21.4
OEA,ODELA,0,2,12,14,0.0,14.3,85.7
MHRN,MAHENDRANATH,1,4,9,14,7.1,28.6,64.3
GSL,GODAPEASAL,0,5,9,14,0.0,35.7,64.3
KIU,KINANA,1,5,8,14,7.1,35.7,57.1
CGI,CHANDRAGIRI,0,7,7,14,0.0,50.0,50.0
SCQ,SHAM CHAURAS,10,4,0,14,71.4,28.6,0.0
SDF,SUDSAR,0,3,11,14,0.0,21.4,78.6
CGN,CHIRGAON,1,1,12,14,7.1,7.1,85.7
CGS,CHANGSARI,0,0,14,14,0.0,0.0,100.0
MJG,MAJHGAWAN,2,4,8,14,14.3,28.6,57.1
MJO,MAJORDE JN.,0,12,2,14,0.0,85.7,14.3
TCN,TIRUCHENDUR,0,8,6,14,0.0,57.1,42.9
AGI,AMGURI,0,0,14,14,0.0,0.0,100.0
TDLE,TILDANGA,0,5,9,14,0.0,35.7,64.3
GTX,GOTHAN GAM,0,6,8,14,0.0,42.9,57.1
MHH,MAGHAR,0,1,13,14,0.0,7.1,92.9
BNSR,BHAGWANSAR,0,14,0,14,0.0,100.0,0.0
KEA,KATRA,4,3,7,14,28.6,21.4,50.0
KEK,KARKHELI,0,2,12,14,0.0,14.3,85.7
RVKH,RAVINDRAKHAN,0,2,12,14,0.0,14.3,85.7
MVV,MAHESHI,0,6,8,14,0.0,42.9,57.1
TUA,TIRUNNAVAYA,0,4,10,14,0.0,28.6,71.4
TUV,TUVVUR HALT,2,10,2,14,14.3,71.4,14.3
ANY,ARUMUGANERI,0,8,6,14,0.0,57.1,42.9
ODG,OBAIDULLA GA,1,0,13,14,7.1,0.0,92.9
NZT,NAZARETH,0,8,6,14,0.0,57.1,42.9
THBN,THANA BHAWAN,0,2,12,14,0.0,14.3,85.7
THDR,THANDLA ROAD,0,4,10,14,0.0,28.6,71.4
THJ,TALHERI BAZU,0,0,14,14,0.0,0.0,100.0
KLDI,KALDHARI,1,11,2,14,7.1,78.6,14.3
KLG,KALUNGA,2,5,7,14,14.3,35.7,50.0
RUPC,RUDRAPUR CIT,0,1,13,14,0.0,7.1,92.9
RUR,RANPUR,0,5,9,14,0.0,35.7,64.3
KKI,KARKELI,1,0,13,14,7.1,0.0,92.9
SDNR,SEYDUNGANALL,0,8,6,14,0.0,57.1,42.9
SDY,SADHOO GARH,0,7,7,14,0.0,50.0,50.0
DING,DING,0,0,14,14,0.0,0.0,100.0
VPZ,VALAPUZHA HA,2,10,2,14,14.3,71.4,14.3
NPI,NIPANIA,1,6,7,14,7.1,42.9,50.0
TLRA,TALARA,0,2,12,14,0.0,14.3,85.7
TLV,TALVADIYA,4,0,10,14,28.6,0.0,71.4
KZH,KILA ZAFARGA,1,5,8,14,7.1,35.7,57.1
SRBA,SARAGBUNDIA,0,9,5,14,0.0,64.3,35.7
BSCK,BASUCHAK HAL,0,4,10,14,0.0,28.6,71.4
TKVR,TEK NEWAS,1,4,9,14,7.1,28.6,64.3
TKWD,TIKEKARWADI,0,4,10,14,0.0,28.6,71.4
NRGO,NARGANJO HAL,2,4,8,14,14.3,28.6,57.1
LJR,LANJI GARH R,0,4,10,14,0.0,28.6,71.4
LHB,LAHABON HALT,2,4,8,14,14.3,28.6,57.1
DPL,DANAULI PHUL,0,4,10,14,0.0,28.6,71.4
DPP,DHIRPUR,8,5,1,14,57.1,35.7,7.1
RSMN,RAMGOVINDSIN,0,14,0,14,0.0,100.0,0.0
AI,ADIPUR,0,2,12,14,0.0,14.3,85.7
KBQ,KUMRABAD ROH,0,9,5,14,0.0,64.3,35.7
KBY,KHOIRABARI,0,4,10,14,0.0,28.6,71.4
KCA,KUCHMAN,0,4,10,14,0.0,28.6,71.4
KCJ,KASIMPUR HAL,0,0,14,14,0.0,0.0,100.0
KCKI,KECHKI,0,0,14,14,0.0,0.0,100.0
KLA,KULWA,0,9,5,14,0.0,64.3,35.7
KLAR,KULPAHAR,0,2,12,14,0.0,14.3,85.7
BDWD,BODWAD,0,0,14,14,0.0,0.0,100.0
MKR,MADDIKERA,0,2,12,14,0.0,14.3,85.7
DUB,DABTARA,0,2,12,14,0.0,14.3,85.7
RPRL,RAPARLA HALT,0,6,8,14,0.0,42.9,57.1
WNG,WANEGAON HAL,0,1,13,14,0.0,7.1,92.9
DDL,DHANDARI KAL,0,4,10,14,0.0,28.6,71.4
MUUA,MAHUAWA KHUR,0,0,14,14,0.0,0.0,100.0
RRS,RAGHURAJ SIN,0,4,10,14,0.0,28.6,71.4
ADF,ADINA,0,10,4,14,0.0,71.4,28.6
DMW,DALMAU JN.,0,4,10,14,0.0,28.6,71.4
DUJ,DUBRAJPUR,0,10,4,14,0.0,71.4,28.6
UKA,UKHRA,0,10,4,14,0.0,71.4,28.6
MGME,MCCLUSKIEGAN,1,0,13,14,7.1,0.0,92.9
GWA,GANJ DUNDWAR,0,6,8,14,0.0,42.9,57.1
BEY,BUGGANAPALLI,0,1,13,14,0.0,7.1,92.9
KCD,KURICHEDU,0,1,13,14,0.0,7.1,92.9
VDL,VAITHISVARAN,0,6,8,14,0.0,42.9,57.1
PCU,PUTLACHERUVU,0,8,6,14,0.0,57.1,42.9
BQU,BHATTIPROLU,6,4,4,14,42.9,28.6,28.6
FRD,FARHEDI HALT,0,11,3,14,0.0,78.6,21.4
FSP,FATEHSINGHPU,0,0,14,14,0.0,0.0,100.0
FTG,FURSATGANJ,0,0,14,14,0.0,0.0,100.0
CTA,CHITRADURG,2,3,9,14,14.3,21.4,64.3
KMJ,KAIMGANJ,0,6,8,14,0.0,42.9,57.1
KARD,KAMAN,7,7,0,14,50.0,50.0,0.0
CBX,CHAND BHAN,0,8,6,14,0.0,57.1,42.9
CHBT,CHAKARBHATHA,1,6,7,14,7.1,42.9,50.0
GULR,GULER,0,2,12,14,0.0,14.3,85.7
GUV,GURUVAYUR,4,4,6,14,28.6,28.6,42.9
MLB,MODLIMB,0,0,14,14,0.0,0.0,100.0
PDU,PONDURU,0,4,10,14,0.0,28.6,71.4
CTND,CHETTINAD,0,6,8,14,0.0,42.9,57.1
ADR,MANDI ADAMPU,0,0,14,14,0.0,0.0,100.0
NGL,NAGAL,0,0,14,14,0.0,0.0,100.0
KNDV,KRISHNA DEVA,6,3,5,14,42.9,21.4,35.7
KNG,KATHUNANGAL,0,14,0,14,0.0,100.0,0.0
KAMP,KAMALPUR HAL,0,9,5,14,0.0,64.3,35.7
SGLA,SANGOLA,0,2,12,14,0.0,14.3,85.7
JWLS,JAWANWALA SH,0,2,12,14,0.0,14.3,85.7
BIK,BHIRA KHERI,0,2,12,14,0.0,14.3,85.7
KAMG,KAMAKHYAGURI,0,0,14,14,0.0,0.0,100.0
GOH,GAROTH,0,0,14,14,0.0,0.0,100.0
LHN,LACHYAN,0,2,12,14,0.0,14.3,85.7
PSB,PARSABAD,0,4,10,14,0.0,28.6,71.4
KYF,KAJRAT NAWAD,0,0,14,14,0.0,0.0,100.0
DHA,DHEENA,0,4,10,14,0.0,28.6,71.4
DHJ,DHINOJ,8,6,0,14,57.1,42.9,0.0
GHL,GOLHALLI,0,4,10,14,0.0,28.6,71.4
GHNA,GOHANA,0,8,6,14,0.0,57.1,42.9
LMK,LIMKHERA,0,4,10,14,0.0,28.6,71.4
LMM,LAILAKH MAMA,0,4,10,14,0.0,28.6,71.4
PPD,PIPOLOD,0,4,10,14,0.0,28.6,71.4
PPO,PANPOSH,2,5,7,14,14.3,35.7,50.0
ARCL,ARUNACHAL,0,7,7,14,0.0,50.0,50.0
JAQ,JANDRAPETA H,0,6,8,14,0.0,42.9,57.1
NUPR,NURPUR ROAD,0,2,12,14,0.0,14.3,85.7
JTDM,JATDUMRI HAL,0,14,0,14,0.0,100.0,0.0
KNT,KANTH,0,0,14,14,0.0,0.0,100.0
DAR,DANWAR,0,9,5,14,0.0,64.3,35.7
DARA,DARA,0,6,8,14,0.0,42.9,57.1
KNP,KHANAPUR,0,2,12,14,0.0,14.3,85.7
RMPR,RAMPUR  HALT,5,5,4,14,35.7,35.7,28.6
KAG,KODAGANUR,0,2,12,14,0.0,14.3,85.7
RNH,RUNKHERA,4,0,10,14,28.6,0.0,71.4
CAS,CHAS ROAD PH,0,2,12,14,0.0,14.3,85.7
HAT,HATHURAN,0,6,8,14,0.0,42.9,57.1
MDKU,MODUKURU HAL,0,6,8,14,0.0,42.9,57.1
MDH,MANDHAR,1,6,7,14,7.1,42.9,50.0
DMR,DHARMANAGAR,1,3,10,14,7.1,21.4,71.4
BHT,BHATTU,0,0,14,14,0.0,0.0,100.0
CAER,CHANERA,0,0,14,14,0.0,0.0,100.0
ANK,ANKAI,1,0,13,14,7.1,0.0,92.9
NGRS,NAGROTA SURI,0,2,12,14,0.0,14.3,85.7
TRN,TARAON,0,4,10,14,0.0,28.6,71.4
GANL,GHANAULI,0,3,11,14,0.0,21.4,78.6
RLS,ROMANA ALBEL,0,8,6,14,0.0,57.1,42.9
SYH,SAIYEDPUR BH,0,4,10,14,0.0,28.6,71.4
DISA,DISA,0,3,11,14,0.0,21.4,78.6
NIL,NILAMBUR ROA,2,10,2,14,14.3,71.4,14.3
GBB,GUBBI,0,0,14,14,0.0,0.0,100.0
GBK,GOPALPUR BAL,1,5,8,14,7.1,35.7,57.1
TRK,TIRUKKOVILUR,0,0,14,14,0.0,0.0,100.0
KPS,KOPA SAMHOTA,1,4,9,14,7.1,28.6,64.3
AVN,ANVARDIKANPE,0,8,6,14,0.0,57.1,42.9
RGT,RAJGHAT PH,0,5,9,14,0.0,35.7,64.3
KOV,KIRLOSKAR WA,0,0,14,14,0.0,0.0,100.0
APL,APPIKATLA,0,6,8,14,0.0,42.9,57.1
SKA,SIKANDRA RAO,0,6,8,14,0.0,42.9,57.1
PES,PHESAR,0,6,8,14,0.0,42.9,57.1
MCLE,MANCHILI,1,13,0,14,7.1,92.9,0.0
UNDI,UNDI,0,8,6,14,0.0,57.1,42.9
DUA,DHAURA,0,1,13,14,0.0,7.1,92.9
JNT,JAINTIPURA,0,14,0,14,0.0,100.0,0.0
REN,REN,0,0,14,14,0.0,0.0,100.0
KRJR,KARJARA,0,0,14,14,0.0,0.0,100.0
JPRD,JENAPUR ROAD,3,3,8,14,21.4,21.4,57.1
BHN,BHULI,0,8,6,14,0.0,57.1,42.9
DAVM,DHANUVACHAPU,0,7,7,14,0.0,50.0,50.0
UMNR,UMESHNAGAR,4,2,8,14,28.6,14.3,57.1
MBL,MANUBOLU,0,9,5,14,0.0,64.3,35.7
MBS,MADHOSINGH,0,5,9,14,0.0,35.7,64.3
HHL,HIREHALLI,0,4,10,14,0.0,28.6,71.4
HIND,HIND,0,2,12,14,0.0,14.3,85.7
SVV,SRIVAIKUNTAM,0,8,6,14,0.0,57.1,42.9
KPLL,KOTTA PANDIL,0,6,8,14,0.0,42.9,57.1
CIV,CHINNARAVURU,6,4,4,14,42.9,28.6,28.6
CJL,CHAJLI,0,2,12,14,0.0,14.3,85.7
PTN,PATAN,8,6,0,14,57.1,42.9,0.0
BLPU,BILPUR,1,2,11,14,7.1,14.3,78.6
KURJ,KHAJAURAHO,6,0,8,14,42.9,0.0,57.1
SPF,STUARTPURAM,0,6,8,14,0.0,42.9,57.1
KVDU,KADAVAKUDURU,0,6,8,14,0.0,42.9,57.1
PUS,PHUSRO,1,0,13,14,7.1,0.0,92.9
KUMB,KUMARBAGH,0,4,10,14,0.0,28.6,71.4
MNF,MANDA ROAD,0,3,11,14,0.0,21.4,78.6
MNL,MINCHNAL,0,2,12,14,0.0,14.3,85.7
DXN,DUDHINAGAR,1,0,13,14,7.1,0.0,92.9
STLR,SITALPUR,0,5,9,14,0.0,35.7,64.3
HRDR,HARSAR DEHRI,0,2,12,14,0.0,14.3,85.7
HKG,HIRAKUND,1,1,12,14,7.1,7.1,85.7
DMH,DAURAM MADHE,2,6,6,14,14.3,42.9,42.9
TQN,TIKUNIA,0,2,12,14,0.0,14.3,85.7
MRQ,MATARI,0,8,6,14,0.0,57.1,42.9
VMU,VEMURU HALT,6,4,4,14,42.9,28.6,28.6
PHC,PANCHOT,8,6,0,14,57.1,42.9,0.0
DHKR,DHODA KHERI,8,5,1,14,57.1,35.7,7.1
DHMZ,DHOLA MAJRA,8,5,1,14,57.1,35.7,7.1
GNB,JNANA BHARAT,5,4,5,14,35.7,28.6,35.7
BSPH,BISHANPUR HA,1,5,8,14,7.1,35.7,57.1
BU,BASWA,0,2,12,14,0.0,14.3,85.7
PHLG,PAHLEJAGHAT,0,5,9,14,0.0,35.7,64.3
BXM,BELRAYAN,0,2,12,14,0.0,14.3,85.7
BUDM,BADMAL,1,1,12,14,7.1,7.1,85.7
PLK,PALIA KALAN,0,2,12,14,0.0,14.3,85.7
HMY,HARMUTI,0,0,14,14,0.0,0.0,100.0
HLZ,HALDIA,1,10,3,14,7.1,71.4,21.4
KSE,KOSAD,0,6,8,14,0.0,42.9,57.1
KRV,KARAVADI,0,6,8,14,0.0,42.9,57.1
KRON,KARONA HALT,0,14,0,14,0.0,100.0,0.0
JMKR,JAWALAMUKHI,0,2,12,14,0.0,14.3,85.7
SMF,SAMAR GOPALP,1,5,8,14,7.1,35.7,57.1
DLSR,DALHOUSI ROA,0,2,12,14,0.0,14.3,85.7
PIA,PIPRAIGAON,0,4,10,14,0.0,28.6,71.4
SVI,SAGARPALI,0,3,11,14,0.0,21.4,78.6
AKS,ANKUSPUR,0,4,10,14,0.0,28.6,71.4
JKDP,JANKIDAIPUR,3,3,8,14,21.4,21.4,57.1
JKZ,JITA KHERI,0,2,12,14,0.0,14.3,85.7
JHW,JHALAWAR ROA,0,0,14,14,0.0,0.0,100.0
NMBR,NUAGAON-MAYU,0,5,9,14,0.0,35.7,64.3
DYP,DARYAPUR,4,4,6,14,28.6,28.6,42.9
BRU,BIHAIROGANJ,1,0,13,14,7.1,0.0,92.9
BRY,BAREILLY JN,0,10,4,14,0.0,71.4,28.6
RBGJ,ROBERTSGANJ,2,0,12,14,14.3,0.0,85.7
SMLA,SAMLAYA JN.,0,6,8,14,0.0,42.9,57.1
SMNH,SOMNATH,0,0,14,14,0.0,0.0,100.0
HLAR,HOLE-ALUR,0,0,14,14,0.0,0.0,100.0
PKQ,PATTIKKAD HA,2,10,2,14,14.3,71.4,14.3
HPGM,HARIPUR GRAM,3,3,8,14,21.4,21.4,57.1
STW,SAHATWAR,2,0,12,14,14.3,0.0,85.7
UOI,UMROLI,7,7,0,14,50.0,50.0,0.0
BMHR,BAMANHERI,0,0,14,14,0.0,0.0,100.0
BRST,BIRPURUSOTHA,3,3,8,14,21.4,21.4,57.1
CQA,CHERUKARA HA,2,10,2,14,14.3,71.4,14.3
RAL,REPALLE,6,4,4,14,42.9,28.6,28.6
MLT,MALATIPATPUR,3,3,8,14,21.4,21.4,57.1
MLTR,MELATUR HALT,2,10,2,14,14.3,71.4,14.3
MLZ,MALARNA,0,0,14,14,0.0,0.0,100.0
TKPL,TIKIRAPAL PH,0,7,7,14,0.0,50.0,50.0
TKR,TAKARI,0,0,14,14,0.0,0.0,100.0
GLP,GOLLAPROLU,0,2,12,14,0.0,14.3,85.7
MMK,MADURANTAKAM,0,5,9,14,0.0,35.7,64.3
KUCH,KUCHAVARAM H,3,6,5,14,21.4,42.9,35.7
SOA,SANOSARA,0,5,9,14,0.0,35.7,64.3
JDR,JIWDHARA,0,1,13,14,0.0,7.1,92.9
JDW,JARAUDA NARA,0,0,14,14,0.0,0.0,100.0
AKJ,AKBAR GANJ,0,2,12,14,0.0,14.3,85.7
VNB,VANIYAMBALAM,2,10,2,14,14.3,71.4,14.3
VND,VENDRA HALT,1,11,2,14,7.1,78.6,14.3
BLK,BELAKOBA,0,6,8,14,0.0,42.9,57.1
BLND,BOLINNA DOAB,10,4,0,14,71.4,28.6,0.0
JJT,JAI JAI WANT,1,5,8,14,7.1,35.7,57.1
SNHR,SANKHARI,8,6,0,14,57.1,42.9,0.0
KTHD,KOTHARI ROAD,0,9,5,14,0.0,64.3,35.7
SOM,SOMNA,0,9,5,14,0.0,64.3,35.7
MOY,MOHRI,8,5,1,14,57.1,35.7,7.1
MPA,MANAPARAI,0,2,12,14,0.0,14.3,85.7
NNN,NANGUNERI,0,2,12,14,0.0,14.3,85.7
NNU,NANGAL MUNDI,0,0,14,14,0.0,0.0,100.0
BMJ,BRIJMANGANJ,0,4,10,14,0.0,28.6,71.4
PNF,PANGAON,1,0,13,14,7.1,0.0,92.9
POA,PALLIKONA HA,6,4,4,14,42.9,28.6,28.6
LLJ,LALGANJ,0,4,10,14,0.0,28.6,71.4
HRSN,HARISINGA,0,4,10,14,0.0,28.6,71.4
KTX,KATAKHAL JN.,0,5,9,14,0.0,35.7,64.3
MWQ,MOTARI HALT,3,3,8,14,21.4,21.4,57.1
SBJ,SARAI BANJAR,0,7,7,14,0.0,50.0,50.0
SBLT,SHRI BHADRIY,0,1,13,14,0.0,7.1,92.9
SBPY,SAMBALPUR CI,0,2,12,14,0.0,14.3,85.7
ABI,AMBATURAI,1,3,10,14,7.1,21.4,71.4
ZRDE,JIRADEI,2,6,6,14,14.3,42.9,42.9
ACND,ACHARYA NARE,0,2,12,14,0.0,14.3,85.7
BANE,BASNI,0,1,13,14,0.0,7.1,92.9
KHBV,KHARBAO,7,7,0,14,50.0,50.0,0.0
MYY,MAYYANAD,0,3,11,14,0.0,21.4,78.6
NPTY,NIMPURATHROU,2,11,1,14,14.3,78.6,7.1
UDR,AMDARA,0,0,14,14,0.0,0.0,100.0
UGD,UPPU GUNDURU,0,6,8,14,0.0,42.9,57.1
UGR,UGAR KHURD,0,4,10,14,0.0,28.6,71.4
SAHR,SAHERI (HALT,0,4,10,14,0.0,28.6,71.4
KHV,KARAINTHI,1,5,8,14,7.1,35.7,57.1
BEM,BADAUN,0,10,4,14,0.0,71.4,28.6
BSS,BAHADUR SING,0,2,12,14,0.0,14.3,85.7
BOD,BANGROD,4,0,10,14,28.6,0.0,71.4
GRN,GURNAY,0,2,12,14,0.0,14.3,85.7
CNC,CHINCHLI,0,4,10,14,0.0,28.6,71.4
YP,ERRUPALEM,2,3,9,14,14.3,21.4,64.3
BRAM,BALARAMAPURA,0,7,6,13,0.0,53.8,46.2
BEHR,BEOHARI,1,0,12,13,7.7,0.0,92.3
SCKR,SALICHAUKA,1,0,12,13,7.7,0.0,92.3
KI,KONDAPALLI,2,2,9,13,15.4,15.4,69.2
KIS,KAPILAS ROAD,0,5,8,13,0.0,38.5,61.5
AGV,ANGUA PH,0,5,8,13,0.0,38.5,61.5
PRDG,PORADANGA,1,8,4,13,7.7,61.5,30.8
BRHL,BARYAL HIMAC,0,2,11,13,0.0,15.4,84.6
NAKD,NAYAK DIH HA,0,1,12,13,0.0,7.7,92.3
WSA,WADSA,0,2,11,13,0.0,15.4,84.6
STJT,SATHAJAGAT,0,5,8,13,0.0,38.5,61.5
LLI,LALGUDI,3,2,8,13,23.1,15.4,61.5
PNRA,PANIARA HALT,0,1,12,13,0.0,7.7,92.3
NNL,NARNAUL,1,1,11,13,7.7,7.7,84.6
SOP,SHIUPUR,0,5,8,13,0.0,38.5,61.5
DK,DAKOR,4,7,2,13,30.8,53.8,15.4
KTI,KANTI,0,1,12,13,0.0,7.7,92.3
SNKR,SANKA,5,4,4,13,38.5,30.8,30.8
PYD,PALLIYADI H.,0,7,6,13,0.0,53.8,46.2
GDM,GUDMA,1,7,5,13,7.7,53.8,38.5
NMK,NIM-KA-THANA,1,1,11,13,7.7,7.7,84.6
RBA,RAMBHA,0,3,10,13,0.0,23.1,76.9
NLSF,NIYALISHPARA,0,9,4,13,0.0,69.2,30.8
JKPR,JAKHAPURA JN,0,5,8,13,0.0,38.5,61.5
PIP,PIPLIA,0,1,12,13,0.0,7.7,92.3
SVHE,SISVINHALLI,0,0,13,13,0.0,0.0,100.0
SNA,SADANAPURA,4,7,2,13,30.8,53.8,15.4
SMTG,SAHID MATANG,0,13,0,13,0.0,100.0,0.0
NLQ,NANGAL PATHA,0,4,9,13,0.0,30.8,69.2
HMPR,HURMUJPUR (H,0,1,12,13,0.0,7.7,92.3
PJB,PANIA JOB,1,7,5,13,7.7,53.8,38.5
UB,USKA BAZAR,0,4,9,13,0.0,30.8,69.2
MNC,MADANKATA,0,10,3,13,0.0,76.9,23.1
HGH,HAIDERGARH,0,2,11,13,0.0,15.4,84.6
RGS,RINGUS JN.,1,1,11,13,7.7,7.7,84.6
RGA,RAJAGODA,0,13,0,13,0.0,100.0,0.0
UMH,UMRETH,4,7,2,13,30.8,53.8,15.4
RGX,RAGHUNATHBAR,0,13,0,13,0.0,100.0,0.0
TIU,TILARU,0,3,10,13,0.0,23.1,76.9
BOKR,BHOKAR,2,3,8,13,15.4,23.1,61.5
HCAB,BMY H CABIN,5,3,5,13,38.5,23.1,38.5
BRPT,BIRAPATTI,0,5,8,13,0.0,38.5,61.5
TRPL,TRIPAL,0,2,11,13,0.0,15.4,84.6
KPI,KALPI,1,0,12,13,7.7,0.0,92.3
SHSK,SAHASRAKUND,2,2,9,13,15.4,15.4,69.2
SIQ,SARKONI,0,5,8,13,0.0,38.5,61.5
BKH,BANKHEDI,0,0,13,13,0.0,0.0,100.0
TN,TUTICORIN,4,3,6,13,30.8,23.1,46.2
VYN,VYASANAGAR,3,1,9,13,23.1,7.7,69.2
DGS,DAGORI,0,6,7,13,0.0,46.2,53.8
SGKM,SRUNGAVRUKSH,4,6,3,13,30.8,46.2,23.1
SGR,SANGMESHWAR,0,1,12,13,0.0,7.7,92.3
NGNT,NEW GUNTUR,0,0,13,13,0.0,0.0,100.0
BTL,BORTALAO,1,7,5,13,7.7,53.8,38.5
KLX,KOLAKALUR HA,5,2,6,13,38.5,15.4,46.2
KMDR,KARIMUDDINPU,2,4,7,13,15.4,30.8,53.8
BJR,BARRAJPUR,0,4,9,13,0.0,30.8,69.2
CBK,CHACHURA BIN,1,1,11,13,7.7,7.7,84.6
KBM,KOTABOMMALI,0,3,10,13,0.0,23.1,76.9
KLJ,KAMALGANJ,0,4,9,13,0.0,30.8,69.2
DPH,DADHAPARA,0,6,7,13,0.0,46.2,53.8
BPE,BENAPUR,2,5,6,13,15.4,38.5,46.2
BRZ,BARETA,0,0,13,13,0.0,0.0,100.0
NPJE,NICHITPUR,0,7,6,13,0.0,53.8,46.2
DKS,DAREKASA,1,7,5,13,7.7,53.8,38.5
PAM,PANAPAKAM,0,7,6,13,0.0,53.8,46.2
SDMD,SUDAMDIH,4,3,6,13,30.8,23.1,46.2
BAJ,BHALEJ,4,7,2,13,30.8,53.8,15.4
RUI,RUKNI,5,4,4,13,38.5,30.8,30.8
OD,ODE,4,7,2,13,30.8,53.8,15.4
CCG,CHURCHGATE,0,13,0,13,0.0,100.0,0.0
BRMR,BHARMAR,0,2,11,13,0.0,15.4,84.6
DNM,DHANMANDAL,0,5,8,13,0.0,38.5,61.5
MHJ,MAHAJAN,0,0,13,13,0.0,0.0,100.0
KJG,KARAJGI,0,0,13,13,0.0,0.0,100.0
SCP,SIRNAPALLI,0,2,11,13,0.0,15.4,84.6
BLU,BILHAUR,0,4,9,13,0.0,30.8,69.2
BLT,BALOTRA JN.,0,3,10,13,0.0,23.1,76.9
PPRH,PIPRAHAN,0,1,12,13,0.0,7.7,92.3
WC,WADHWAN CITY,0,5,8,13,0.0,38.5,61.5
KZTW,KULITTURAI W,0,7,6,13,0.0,53.8,46.2
BGTA,BAGRATAWA,1,0,12,13,7.7,0.0,92.3
XBKJ,BIKRAM GANJ,0,5,7,12,0.0,41.7,58.3
WRA,WALAYAR,0,5,7,12,0.0,41.7,58.3
WRI,WARASEONI,0,12,0,12,0.0,100.0,0.0
DDCE,DUNDI,1,0,11,12,8.3,0.0,91.7
BAGL,BARA-GOPAL,0,5,7,12,0.0,41.7,58.3
KHTU,KHATU,0,0,12,12,0.0,0.0,100.0
ATU,ATTUR,0,4,8,12,0.0,33.3,66.7
SBR,SAMBHAR LAKE,4,0,8,12,33.3,0.0,66.7
KHF,KHANTAPARA,0,3,9,12,0.0,25.0,75.0
BNTL,BANTAWALA,1,5,6,12,8.3,41.7,50.0
SBBJ,SRI BALABRAH,0,0,12,12,0.0,0.0,100.0
BANO,BANO,0,0,12,12,0.0,0.0,100.0
TGM,TANGARMUNDA,1,4,7,12,8.3,33.3,58.3
TELO,TELO,0,0,12,12,0.0,0.0,100.0
TDPM,TODIYAPPULAM,0,10,2,12,0.0,83.3,16.7
KGA,KHAGA,0,2,10,12,0.0,16.7,83.3
KFT,KAJRI,0,0,12,12,0.0,0.0,100.0
SCA,SALCHAPRA,0,5,7,12,0.0,41.7,58.3
KIF,KURI,1,7,4,12,8.3,58.3,33.3
CEL,CHEBROL,0,2,10,12,0.0,16.7,83.3
SAGR,SHRIRAJNAGAR,0,0,12,12,0.0,0.0,100.0
SAA,SATHIAON,0,0,12,12,0.0,0.0,100.0
GRY,GORAYA,0,2,10,12,0.0,16.7,83.3
URL,UNJALUR,0,5,7,12,0.0,41.7,58.3
URGA,URGA,0,7,5,12,0.0,58.3,41.7
LAK,LAKHO,0,4,8,12,0.0,33.3,66.7
PRL,POLUR,0,0,12,12,0.0,0.0,100.0
PRDP,PARADEEP,0,7,5,12,0.0,58.3,41.7
IK,IKRAN,3,5,4,12,25.0,41.7,33.3
DQN,DHANERA,0,1,11,12,0.0,8.3,91.7
DSM,DARASURAM,2,10,0,12,16.7,83.3,0.0
DSKG,DR SHRI KRIS,0,0,12,12,0.0,0.0,100.0
PRCA,PERECHERLA,0,1,11,12,0.0,8.3,91.7
PRBG,PRATAP BAGH,0,12,0,12,0.0,100.0,0.0
SRO,SIRATHU,0,2,10,12,0.0,16.7,83.3
BDUA,BASUDEOPUR C,0,4,8,12,0.0,33.3,66.7
GJJ,GAJJELAKONDA,0,1,11,12,0.0,8.3,91.7
PRAR,PAROR,0,0,12,12,0.0,0.0,100.0
LDK,LADHUKA,0,11,1,12,0.0,91.7,8.3
ARG,ANGAR GHAT,0,0,12,12,0.0,0.0,100.0
AWT,ALWAR TIRUNA,0,8,4,12,0.0,66.7,33.3
NNX,NANAUTA,0,2,10,12,0.0,16.7,83.3
KZC,KULUKALUR HA,0,10,2,12,0.0,83.3,16.7
KYO,KHANDIKAR,0,4,8,12,0.0,33.3,66.7
IPPM,INDIA PAPER,0,6,6,12,0.0,50.0,50.0
IMLI,IMLI,0,0,12,12,0.0,0.0,100.0
IMGE,ISMAILPUR,0,6,6,12,0.0,50.0,50.0
CIK,CHIKASANA,3,5,4,12,25.0,41.7,33.3
CIH,CHILHIA,0,4,8,12,0.0,33.3,66.7
LAP,LOHAPUR,1,9,2,12,8.3,75.0,16.7
DRV,DARAULI,0,4,8,12,0.0,33.3,66.7
GKHT,GRAM KHARIKA,0,4,8,12,0.0,33.3,66.7
BCP,BICHPURI,3,5,4,12,25.0,41.7,33.3
AZP,AYYAMPET,2,10,0,12,16.7,83.3,0.0
BSC,BULANDSHAHR,0,7,5,12,0.0,58.3,41.7
SRA,SEMRA,0,1,11,12,0.0,8.3,91.7
PRZ,PARSA,0,4,8,12,0.0,33.3,66.7
PRY,PARAIYA,0,6,6,12,0.0,50.0,50.0
CPS,CHANDPUR SIA,0,3,9,12,0.0,25.0,75.0
CPLE,CHINPAI,0,10,2,12,0.0,83.3,16.7
CPDR,CHHIPADOHAR,1,0,11,12,8.3,0.0,91.7
TLU,TARLUPADU,0,0,12,12,0.0,0.0,100.0
MON,MODRAN,0,1,11,12,0.0,8.3,91.7
HWT,HANWANT,0,0,12,12,0.0,0.0,100.0
DKGN,DEKARGAON,2,2,8,12,16.7,16.7,66.7
PPG,PIPLODA BAGL,0,6,6,12,0.0,50.0,50.0
LKW,LAKHEWALI,0,8,4,12,0.0,66.7,33.3
LKMR,LAKSHMIPUR R,1,1,10,12,8.3,8.3,83.3
POY,POLLACHI,2,4,6,12,16.7,33.3,50.0
BGNA,BALGONA,12,0,0,12,100.0,0.0,0.0
BGH,BAGHAULI,0,2,10,12,0.0,16.7,83.3
PSR,PASRAHA,0,0,12,12,0.0,0.0,100.0
PSO,PALSORAMKDN,0,6,6,12,0.0,50.0,50.0
GHS,GURU HARSAHA,0,11,1,12,0.0,91.7,8.3
GHPU,GANDHIPURAM,2,0,10,12,16.7,0.0,83.3
KWJ,KHOJEWALA,0,12,0,12,0.0,100.0,0.0
GKK,GOKAK ROAD,0,4,8,12,0.0,33.3,66.7
JCNR,JUCHANDRA,7,5,0,12,58.3,41.7,0.0
BLSA,BOLSA,0,2,10,12,0.0,16.7,83.3
BLRE,BELSIRI,0,4,8,12,0.0,33.3,66.7
BLQR,BILASPUR ROA,0,1,11,12,0.0,8.3,91.7
KVK,KAVATHE MAHA,0,2,10,12,0.0,16.7,83.3
KVG,KUNDANGANJ,0,0,12,12,0.0,0.0,100.0
BLNR,BIRLANAGAR,0,6,6,12,0.0,50.0,50.0
PTKP,POTKAPALLI,0,2,10,12,0.0,16.7,83.3
PTI,PATIALI,0,6,6,12,0.0,50.0,50.0
KVS,KALSUR,0,0,12,12,0.0,0.0,100.0
JBD,JALALABAD,0,11,1,12,0.0,91.7,8.3
HSD,HOSDURGA ROA,0,0,12,12,0.0,0.0,100.0
HVL,HONNAVALLI R,0,0,12,12,0.0,0.0,100.0
HTT,HATTA ROAD,0,12,0,12,0.0,100.0,0.0
LIR,LACHMIPUR HA,0,12,0,12,0.0,100.0,0.0
PPM,PHIRANGIPURA,0,1,11,12,0.0,8.3,91.7
MNDR,MANDI DHANAU,0,3,9,12,0.0,25.0,75.0
DWO,DOIWALA,0,0,12,12,0.0,0.0,100.0
DWLE,DHAUNI,0,10,2,12,0.0,83.3,16.7
MMZ,MANDAMARI,0,2,10,12,0.0,16.7,83.3
MNPR,MIANPUR,0,3,9,12,0.0,25.0,75.0
SOHL,SOHAL,0,12,0,12,0.0,100.0,0.0
SOGR,SOGORA,1,4,7,12,8.3,33.3,58.3
JGA,JOGIARA,0,0,12,12,0.0,0.0,100.0
PUN,PUNDI,0,5,7,12,0.0,41.7,58.3
PUA,PULLA,0,2,10,12,0.0,16.7,83.3
KVC,KAPARPURA,0,1,11,12,0.0,8.3,91.7
SPQ,SORUPETA,0,0,12,12,0.0,0.0,100.0
SPL,SUNDARAPERUM,2,10,0,12,16.7,83.3,0.0
JDN,JAGUDAN,0,8,4,12,0.0,66.7,33.3
JDI,JHARRADIH,1,5,6,12,8.3,41.7,50.0
CNK,CHANDOK,0,0,12,12,0.0,0.0,100.0
CNF,CHIANKI,0,0,12,12,0.0,0.0,100.0
AFR,ASAFPUR,0,2,10,12,0.0,16.7,83.3
MIO,MOLISAR,2,1,9,12,16.7,8.3,75.0
MINJ,MAIKALGANJ,0,4,8,12,0.0,33.3,66.7
MIN,MIHINPURWA,0,0,12,12,0.0,0.0,100.0
MJPB,MANJHRA PURA,0,0,12,12,0.0,0.0,100.0
KJKD,KANJIKODE,0,5,7,12,0.0,41.7,58.3
KEPR,KOIRIPUR,0,3,9,12,0.0,25.0,75.0
KEN,KOTALA HALT,0,7,5,12,0.0,58.3,41.7
SDG,SAHADAI BUZU,0,4,8,12,0.0,33.3,66.7
CEU,CHIHERU,0,8,4,12,0.0,66.7,33.3
KJRM,KARJANA GRAM,12,0,0,12,100.0,0.0,0.0
PNPL,PANPALI  PH,1,4,7,12,8.3,33.3,58.3
PNM,PANYAM,0,1,11,12,0.0,8.3,91.7
KTRH,KATAREAH,0,0,12,12,0.0,0.0,100.0
KUP,KUP,0,2,10,12,0.0,16.7,83.3
NNNL,NANDANI LAGU,0,4,8,12,0.0,33.3,66.7
GGKR,GOVINDGARH K,0,2,10,12,0.0,16.7,83.3
NNKR,NANAKSAR,0,12,0,12,0.0,100.0,0.0
MPL,MADANA PALLE,2,0,10,12,16.7,0.0,83.3
MOTH,MOTH,1,1,10,12,8.3,8.3,83.3
KUMM,KUMBALAM,0,12,0,12,0.0,100.0,0.0
BGDS,BHAGWANPUR D,0,0,12,12,0.0,0.0,100.0
HSQ,HUSAINPUR,0,12,0,12,0.0,100.0,0.0
NRN,SINGHIAGHAT,0,0,12,12,0.0,0.0,100.0
BXC,BARWALA,0,0,12,12,0.0,0.0,100.0
SNV,SONDAD,0,1,11,12,0.0,8.3,91.7
SNRR,SANSARPUR,1,0,11,12,8.3,0.0,91.7
JGR,JASWANTNAGAR,0,6,6,12,0.0,50.0,50.0
DLGN,DHALGAON,0,2,10,12,0.0,16.7,83.3
VNE,VISHWANATH C,0,0,12,12,0.0,0.0,100.0
VNA,VARANGAON,0,0,12,12,0.0,0.0,100.0
CHSM,CHINNASALEM,0,4,8,12,0.0,33.3,66.7
KUC,KARUKUTTY,0,6,6,12,0.0,50.0,50.0
KTW,KOTDWARA,10,0,2,12,83.3,0.0,16.7
STKW,SULTANPUR KA,4,6,2,12,33.3,50.0,16.7
PNSA,PUNSIA H,0,10,2,12,0.0,83.3,16.7
PNPR,PUNNAPRA,2,10,0,12,16.7,83.3,0.0
LOGH,LOTTEGOLLAHA,2,6,4,12,16.7,50.0,33.3
LNS,LUNSU  HALT,0,2,10,12,0.0,16.7,83.3
DAD,DEVARGUDDA,0,0,12,12,0.0,0.0,100.0
CKRD,CHAKMAKRAND,0,4,8,12,0.0,33.3,66.7
CKR,CHIKODI ROAD,0,4,8,12,0.0,33.3,66.7
BMGA,BHIMGARA JN.,0,10,2,12,0.0,83.3,16.7
STUR,SATULUR,0,1,11,12,0.0,8.3,91.7
HQR,HIRENANDURU,1,1,10,12,8.3,8.3,83.3
HPLE,HATPURAINI H,0,10,2,12,0.0,83.3,16.7
BBA,BABRALA,0,0,12,12,0.0,0.0,100.0
VRH,VIRBHADRA,6,0,6,12,50.0,0.0,50.0
KTJI,KATHA JORI,1,3,8,12,8.3,25.0,66.7
JK,JAKOLARI,0,12,0,12,0.0,100.0,0.0
JI,JHUSI,0,4,8,12,0.0,33.3,66.7
KTLR,KANTHALIYA R,0,8,4,12,0.0,66.7,33.3
PVL,PASUPATIKOVI,2,10,0,12,16.7,83.3,0.0
TKN,TANKUPPA,0,4,8,12,0.0,33.3,66.7
MMB,MAHMUDABAD (,1,5,6,12,8.3,41.7,50.0
MLX,MULLANPUR,0,12,0,12,0.0,100.0,0.0
NRPA,NARAYANPUR A,1,3,8,12,8.3,25.0,66.7
SNH,SAUNSHI,0,0,12,12,0.0,0.0,100.0
SNGR,SANGANNAPUR,0,2,10,12,0.0,16.7,83.3
RAI,RAIBHA,3,5,4,12,25.0,41.7,33.3
MQ,MANNARGUDI,0,5,7,12,0.0,41.7,58.3
GDI,GUDGERI,0,0,12,12,0.0,0.0,100.0
TPY,TADAKAL PUDI,2,0,10,12,16.7,0.0,83.3
TPW,TIRUPATI WES,0,7,5,12,0.0,58.3,41.7
GED,GULEDAGUDDA,0,0,12,12,0.0,0.0,100.0
DRO,DARYAOGANJ,0,6,6,12,0.0,50.0,50.0
DRI,DUMRI JUARA,0,5,7,12,0.0,41.7,58.3
RBJ,RAIBOJHA,0,0,12,12,0.0,0.0,100.0
RBD,RAHIMABAD,1,2,9,12,8.3,16.7,75.0
KTES,KATNI SOUTH,2,0,10,12,16.7,0.0,83.3
KTCH,KAITHALKUCHI,0,0,12,12,0.0,0.0,100.0
MRB,MUNIRABAD,0,0,12,12,0.0,0.0,100.0
MR,MARTUR,1,1,10,12,8.3,8.3,83.3
BRW,BARIWALA,0,8,4,12,0.0,66.7,33.3
CWR,CHOVVARA,0,6,6,12,0.0,50.0,50.0
BAA,BARALA,1,9,2,12,8.3,75.0,16.7
KSTA,KASTHA,0,6,6,12,0.0,50.0,50.0
JHWR,JHAWAR HALT,0,12,0,12,0.0,100.0,0.0
AKOR,AKALKOT ROAD,1,4,7,12,8.3,33.3,58.3
TKRI,TIKIRI,1,1,10,12,8.3,8.3,83.3
TKP,TAKIPUR,1,9,2,12,8.3,75.0,16.7
PMU,PARMANANDPUR,0,5,7,12,0.0,41.7,58.3
PMQ,PARMANAND,0,12,0,12,0.0,100.0,0.0
PLNI,PALANI,0,6,6,12,0.0,50.0,50.0
PLMX,PALAMPUR HIM,0,0,12,12,0.0,0.0,100.0
PKNS,POKHARNI NAR,0,2,10,12,0.0,16.7,83.3
PKK,PAKKI,0,6,6,12,0.0,50.0,50.0
BUE,BARUNA,0,0,12,12,0.0,0.0,100.0
KRY,KADIRI,2,0,10,12,16.7,0.0,83.3
KRXA,KHARA,0,12,0,12,0.0,100.0,0.0
KSHT,KHETIA,12,0,0,12,100.0,0.0,0.0
RBK,REOTI BAHORA,0,2,10,12,0.0,16.7,83.3
OPL,UPPAL,0,2,10,12,0.0,16.7,83.3
GQN,GARAHANI,0,5,7,12,0.0,41.7,58.3
GPI,GAJAPATI NAG,0,2,10,12,0.0,16.7,83.3
GRKA,GURHA KEMLA,0,0,12,12,0.0,0.0,100.0
GRJ,GATRA HALT,0,12,0,12,0.0,100.0,0.0
GRHX,GARRA,0,12,0,12,0.0,100.0,0.0
UJH,UJHANI,0,10,2,12,0.0,83.3,16.7
UJ,UJALVAV,0,5,7,12,0.0,41.7,58.3
UHL,UNA HIMACHAL,2,0,10,12,16.7,0.0,83.3
KJRA,KARJANA,12,0,0,12,100.0,0.0,0.0
KJME,KAJORA GRAM,0,10,2,12,0.0,83.3,16.7
AP,ASHOKAPURAM,2,8,2,12,16.7,66.7,16.7
NEW,NIWARI,0,2,10,12,0.0,16.7,83.3
ETMD,ETTIMADAI,0,5,7,12,0.0,41.7,58.3
BDAG,BONIDANGA,0,5,7,12,0.0,41.7,58.3
HMI,HIMMATANA,0,2,10,12,0.0,16.7,83.3
PJA,PAJIAN,0,12,0,12,0.0,100.0,0.0
PIRO,PIRO,0,5,7,12,0.0,41.7,58.3
BTSD,BHATISUDA,0,6,6,12,0.0,50.0,50.0
PIL,PILERU,2,0,10,12,16.7,0.0,83.3
SVNR,SAVANUR,0,0,12,12,0.0,0.0,100.0
SVN,SIVUNGAON,0,2,10,12,0.0,16.7,83.3
HLDR,HALDAUR,0,3,9,12,0.0,25.0,75.0
BLDL,BALLE-DA-PIR,0,2,10,12,0.0,16.7,83.3
CHN,CHHINA,0,12,0,12,0.0,100.0,0.0
BKU,BHIKNUR,0,2,10,12,0.0,16.7,83.3
RBS,RUPBAS,0,4,8,12,0.0,33.3,66.7
JLN,JAKHLAUN,0,1,11,12,0.0,8.3,91.7
SMNN,SHRI MAKRI N,2,1,9,12,16.7,8.3,75.0
BARJ,BHARATGARH,0,3,9,12,0.0,25.0,75.0
NSA,NISHANGARA,0,0,12,12,0.0,0.0,100.0
KRMA,KARAMTOLLA,0,4,8,12,0.0,33.3,66.7
RDN,RUDAIN,0,6,6,12,0.0,50.0,50.0
MRIJ,MURLIGANJ,0,6,6,12,0.0,50.0,50.0
MRHT,MORANHAT,0,2,10,12,0.0,16.7,83.3
DGHR,DEOGHAR,0,8,4,12,0.0,66.7,33.3
DGBH,DIGHA BRIDGE,0,5,7,12,0.0,41.7,58.3
DEP,DEPALSAR,2,1,9,12,16.7,8.3,75.0
WDN,VADGAON NILA,0,2,10,12,0.0,16.7,83.3
WDM,WYNDHAMGANJ,1,0,11,12,8.3,0.0,91.7
NKI,NAI KHERI,0,6,6,12,0.0,50.0,50.0
JPS,JAMALPUR SHA,0,0,12,12,0.0,0.0,100.0
JOR,JALOR,0,1,11,12,0.0,8.3,91.7
RF,RAFALESHWAR,10,2,0,12,83.3,16.7,0.0
RECH,RECHNI ROAD,0,2,10,12,0.0,16.7,83.3
RDT,RAVTHA ROAD,0,6,6,12,0.0,50.0,50.0
SLU,SASALU,0,2,10,12,0.0,16.7,83.3
SLT,SILAUT,1,3,8,12,8.3,25.0,66.7
JOH,JUHARPURA,2,1,9,12,16.7,8.3,75.0
RDP,RADHIKAPUR,0,8,4,12,0.0,66.7,33.3
PHRH,PANCH RUKHI,0,0,12,12,0.0,0.0,100.0
BSN,BANASANDRA,0,0,12,12,0.0,0.0,100.0
BOJ,BHOJO,0,0,12,12,0.0,0.0,100.0
TKG,THAKURGANJ,0,1,11,12,0.0,8.3,91.7
GNK,GARHNOKHA,0,5,7,12,0.0,41.7,58.3
MBD,MUSTABADA,0,2,10,12,0.0,16.7,83.3
MAZ,MANGRA,0,0,12,12,0.0,0.0,100.0
PGTN,PALGHAT TOWN,0,4,8,12,0.0,33.3,66.7
UMN,AMBLIYASAN J,0,8,4,12,0.0,66.7,33.3
BZ,BHARUR HALT,0,2,10,12,0.0,16.7,83.3
VAA,BHAGA JN,4,2,6,12,33.3,16.7,50.0
ATNR,AWATARNAGAR,0,5,7,12,0.0,41.7,58.3
ATMO,AITHAL,0,0,12,12,0.0,0.0,100.0
DAVJ,D.A.V. COLLE,0,12,0,12,0.0,100.0,0.0
KRAN,KORATTI ANGA,0,6,6,12,0.0,50.0,50.0
KRA,KAREPALLI JN,2,0,10,12,16.7,0.0,83.3
KQK,KOTTIKULAM,0,3,9,12,0.0,25.0,75.0
RGM,RANGAPURAM,0,1,11,12,0.0,8.3,91.7
RGJ,RAIGANJ,0,8,4,12,0.0,66.7,33.3
SLKR,SALKA ROAD,1,2,9,12,8.3,16.7,75.0
BHLE,BARAHAT,0,10,2,12,0.0,83.3,16.7
KPLR,KOPARLAHAR,0,0,12,12,0.0,0.0,100.0
BPRH,BALPUR,0,7,5,12,0.0,58.3,41.7
GCAB,BMY G CABIN,5,5,2,12,41.7,41.7,16.7
MSMI,MISAMARI,0,4,8,12,0.0,33.3,66.7
NIM,NIMDIH,0,0,12,12,0.0,0.0,100.0
BRNA,BERAWANYA,4,0,8,12,33.3,0.0,66.7
NHK,NAHARKATIYA,0,0,12,12,0.0,0.0,100.0
KPTN,KESHORAI PAT,0,0,12,12,0.0,0.0,100.0
KPTM,KANJIRAMMITA,0,7,5,12,0.0,58.3,41.7
CLI,CHALGERI,0,0,12,12,0.0,0.0,100.0
HJLI,HUGRAJULI,0,4,8,12,0.0,33.3,66.7
BNBR,BAHANAGA BAZ,0,3,9,12,0.0,25.0,75.0
MBNL,MARWAR BHINM,0,1,11,12,0.0,8.3,91.7
CLE,CINTALPALLI,0,4,8,12,0.0,33.3,66.7
HDK,HANDIA KHAS,0,4,8,12,0.0,33.3,66.7
SWNI,SIWANI,0,0,12,12,0.0,0.0,100.0
UNL,UNHEL,0,6,6,12,0.0,50.0,50.0
MCVM,MACHAVARAM H,0,6,6,12,0.0,50.0,50.0
DBS,DOBBSPET,0,4,8,12,0.0,33.3,66.7
JRW,JORAMOW,0,8,4,12,0.0,66.7,33.3
AQG,ASHAPURA GOM,0,1,11,12,0.0,8.3,91.7
RHR,RAJHAURA,0,0,12,12,0.0,0.0,100.0
RHMA,RAHAMA,0,7,5,12,0.0,58.3,41.7
AVP,ABHANPUR JN.,6,6,0,12,50.0,50.0,0.0
AVLI,ARAVALLI,1,11,0,12,8.3,91.7,0.0
JRG,JUGPURA PH,2,6,4,12,16.7,50.0,33.3
TUG,THALANGAI,0,10,2,12,0.0,83.3,16.7
CUK,CHURK,0,0,12,12,0.0,0.0,100.0
NEM,NEMAM,0,7,5,12,0.0,58.3,41.7
NDRT,NANGAL DEGRO,0,0,12,12,0.0,0.0,100.0
CCAB,BMY C CABIN,5,4,3,12,41.7,33.3,25.0
KKAH,KANKAHA,0,0,12,12,0.0,0.0,100.0
KDTR,KIRODIMALNAG,1,5,6,12,8.3,41.7,50.0
KDO,KADAKOLA,2,8,2,12,16.7,66.7,16.7
KEG,KARENGI,0,2,10,12,0.0,16.7,83.3
DNWH,DANIYAWAN BA,0,10,2,12,0.0,83.3,16.7
DNW,DANGARWA,0,8,4,12,0.0,66.7,33.3
BJO,BIJNOR,0,3,9,12,0.0,25.0,75.0
NGRD,NILGIRI ROAD,0,3,9,12,0.0,25.0,75.0
RJO,RAJENDRA PUL,4,1,7,12,33.3,8.3,58.3
ANKL,ANKOLA,1,2,9,12,8.3,16.7,75.0
CAF,CHANDAFORT,2,1,9,12,16.7,8.3,75.0
BHTK,BHANWAR TONK,1,2,9,12,8.3,16.7,75.0
DMRX,DUMARI HALT,0,0,12,12,0.0,0.0,100.0
DMNJ,DAMAN JODI,1,1,10,12,8.3,8.3,83.3
KOX,KACHUJOR  FL,0,10,2,12,0.0,83.3,16.7
SKN,SRI KRISHNA,0,3,9,12,0.0,25.0,75.0
DTV,DHUTRA,1,4,7,12,8.3,33.3,58.3
DTP,DIVITPALLI H,0,3,9,12,0.0,25.0,75.0
SWI,SWAMI MALAI,2,10,0,12,16.7,83.3,0.0
SWR,SONUA,3,3,6,12,25.0,25.0,50.0
NTW,NANJANGUD TO,2,8,2,12,16.7,66.7,16.7
TIL,TILRATH,0,4,8,12,0.0,33.3,66.7
BORA,BAGDOGRA,0,1,11,12,0.0,8.3,91.7
PEM,PERALAM JN.,4,2,6,12,33.3,16.7,50.0
PDV,PANDARAVADAI,2,10,0,12,16.7,83.3,0.0
SXP,SANKOPARA H,0,5,7,12,0.0,41.7,58.3
KOI,KHODRI,1,2,9,12,8.3,16.7,75.0
RLG,RELANGI,1,11,0,12,8.3,91.7,0.0
RKSH,RISHIKESH,6,0,6,12,50.0,0.0,50.0
NHB,NOHBACHHAMAD,3,5,4,12,25.0,41.7,33.3
GANG,GANGAGANJ,0,0,12,12,0.0,0.0,100.0
NGRT,NAGROTA,0,0,12,12,0.0,0.0,100.0
VAT,VATLUR,0,2,10,12,0.0,16.7,83.3
SHV,SHIVANI,0,0,12,12,0.0,0.0,100.0
KNLS,KANALUS,0,2,10,12,0.0,16.7,83.3
KNL,KALANWALI,0,0,12,12,0.0,0.0,100.0
RMB,RAMPURA BERI,0,0,12,12,0.0,0.0,100.0
BKL,BONA KALU,2,3,7,12,16.7,25.0,58.3
JTI,JAITHARI,1,0,11,12,8.3,0.0,91.7
SIKR,SIKAR JN.,2,2,8,12,16.7,16.7,66.7
SIHO,SIHO,1,3,8,12,8.3,25.0,66.7
KOLR,KOLNUR,0,2,10,12,0.0,16.7,83.3
DBRT,DIBRUGARH TO,2,6,4,12,16.7,50.0,33.3
MLJ,MOHANLALGANJ,0,0,12,12,0.0,0.0,100.0
NVT,NAVIPET,0,2,10,12,0.0,16.7,83.3
MDGR,MANENDRAGARH,0,3,9,12,0.0,25.0,75.0
MDLL,MUDDALINGANA,0,4,8,12,0.0,33.3,66.7
BTRH,BHATAR,12,0,0,12,100.0,0.0,0.0
CMW,CHIMALPAHAD,2,0,10,12,16.7,0.0,83.3
CMJ,CHAMARAJAPUR,2,8,2,12,16.7,66.7,16.7
CMDG,CHAMARDIGHI,12,0,0,12,100.0,0.0,0.0
MULK,MULKI,0,0,12,12,0.0,0.0,100.0
MUH,MURTIHA,0,0,12,12,0.0,0.0,100.0
JUL,JHULASAN,0,8,4,12,0.0,66.7,33.3
BIC,BICHIA,0,0,12,12,0.0,0.0,100.0
BHX,BULLUANA,0,6,6,12,0.0,50.0,50.0
RMNP,RAMANNAPET,0,4,8,12,0.0,33.3,66.7
KNO,KUNDGOL,0,0,12,12,0.0,0.0,100.0
BTG,BASHARATGANJ,0,2,10,12,0.0,16.7,83.3
MHL,MAHWAL,0,1,11,12,0.0,8.3,91.7
TAR,THARSA,1,9,2,12,8.3,75.0,16.7
UKN,UKLANA,0,0,12,12,0.0,0.0,100.0
DIL,DILAWARNAGAR,1,2,9,12,8.3,16.7,75.0
DIH,DHARUADIHI,1,4,7,12,8.3,33.3,58.3
PAGM,PENNADA AGRA,4,7,1,12,33.3,58.3,8.3
OTR,MOTURU,0,8,4,12,0.0,66.7,33.3
BJMD,BARA JAMADA,0,5,7,12,0.0,41.7,58.3
KKJ,KAKORI,1,2,9,12,8.3,16.7,75.0
SED,SHEDBAL,0,4,8,12,0.0,33.3,66.7
SDVL,SOLDEVANAHAL,0,4,8,12,0.0,33.3,66.7
CDA,CHUDA,0,5,7,12,0.0,41.7,58.3
KLE,KAITHAL,0,8,4,12,0.0,66.7,33.3
RNV,RANIWARA,0,1,11,12,0.0,8.3,91.7
RNTL,RANITAL,0,3,9,12,0.0,25.0,75.0
KN,KADALUNDI,0,4,8,12,0.0,33.3,66.7
KNDG,KANHADGAON,0,12,0,12,0.0,100.0,0.0
MTP,METTUPALAIYA,8,1,3,12,66.7,8.3,25.0
ADTL,ADHARTAL,1,0,11,12,8.3,0.0,91.7
GAD,GEVRA-ROAD,0,7,5,12,0.0,58.3,41.7
FZP,FIROZPUR CIT,0,11,1,12,0.0,91.7,8.3
FZL,FAZALPUR,0,3,9,12,0.0,25.0,75.0
FTS,FATEHPUR-SIK,0,4,8,12,0.0,33.3,66.7
ALMR,ALAMPUR,0,5,7,12,0.0,41.7,58.3
ALJ,ALIGANJ,0,10,2,12,0.0,83.3,16.7
SXN,SONAKHAN,1,4,7,12,8.3,33.3,58.3
SWRT,SAHAWAR TOWN,0,6,6,12,0.0,50.0,50.0
BNKI,BANMANKHI JN,0,6,6,12,0.0,50.0,50.0
BNKH,BHAIRANAYAKA,0,4,8,12,0.0,33.3,66.7
ME,MASAIPET,0,1,11,12,0.0,8.3,91.7
SZ,SALAWAS,0,0,12,12,0.0,0.0,100.0
GWS,GAUSHALA F,2,10,0,12,16.7,83.3,0.0
PCZ,POCHARAM HAL,2,0,10,12,16.7,0.0,83.3
PCR,PANCHRA,0,10,2,12,0.0,83.3,16.7
PCO,PALAYAMKOTTA,0,8,4,12,0.0,66.7,33.3
MGF,MANDAGERE,0,2,10,12,0.0,16.7,83.3
KMRA,KAMNARA,12,0,0,12,100.0,0.0,0.0
KALS,KALAS,0,0,12,12,0.0,0.0,100.0
KAJ,KALIYAGANJ,0,8,4,12,0.0,66.7,33.3
BJPL,BAIJNATH PAP,0,0,12,12,0.0,0.0,100.0
AJE,ANJAR,0,2,10,12,0.0,16.7,83.3
KMGE,KUMAHU,0,2,10,12,0.0,16.7,83.3
MU,MAKANSAR,10,2,0,12,83.3,16.7,0.0
NGDM,NAGRA DHAM P,0,12,0,12,0.0,100.0,0.0
ASL,ASALODA,0,6,6,12,0.0,50.0,50.0
CSR,CHAK SIKANDA,0,4,8,12,0.0,33.3,66.7
TRZ,TOLRA,0,0,12,12,0.0,0.0,100.0
NGA,NINGALA,0,5,7,12,0.0,41.7,58.3
BRMH,BELURMATH,12,0,0,12,100.0,0.0,0.0
BRMD,BIRAMDIH,0,0,12,12,0.0,0.0,100.0
BRM,BARABAMBO,4,2,6,12,33.3,16.7,50.0
AJL,AJITWAL,0,12,0,12,0.0,100.0,0.0
BJWS,BOJAWAS HALT,0,0,12,12,0.0,0.0,100.0
BTQ,BETNOTI PH,2,6,4,12,16.7,50.0,33.3
BTPD,BETHAMPURDI,2,0,10,12,16.7,0.0,83.3
PDRD,PINDRA ROAD,0,5,7,12,0.0,41.7,58.3
NWR,NIWAR,1,0,11,12,8.3,0.0,91.7
NWN,NANWAN HALT,0,0,12,12,0.0,0.0,100.0
NWC,NAYA NAGAR,0,0,12,12,0.0,0.0,100.0
AMPL,AMMAPALI,0,4,8,12,0.0,33.3,66.7
MLK,MALKAPURAM,0,1,11,12,0.0,8.3,91.7
MG,MODELGRAM,0,12,0,12,0.0,100.0,0.0
MFM,MAHALAM,0,12,0,12,0.0,100.0,0.0
KLTR,KALMITAR,1,2,9,12,8.3,16.7,75.0
KAYI,KAYDI HALT,0,12,0,12,0.0,100.0,0.0
CHCR,CHACHER,1,9,2,12,8.3,75.0,16.7
CBU,CHINNNABABU,6,1,5,12,50.0,8.3,41.7
RPD,RUPAUND,1,0,11,12,8.3,0.0,91.7
ROB,ROBERTSON,1,5,6,12,8.3,41.7,50.0
UKH,UKHALI HALT,0,2,10,12,0.0,16.7,83.3
GTK,GHUTKU,1,2,9,12,8.3,16.7,75.0
DND,DANDUPUR,0,1,11,12,0.0,8.3,91.7
RRL,REWRAL,1,9,2,12,8.3,75.0,16.7
TTQ,THATHANKULAM,0,8,4,12,0.0,66.7,33.3
TT,TITTE,2,10,0,12,16.7,83.3,0.0
FN,FARUKHNAGAR,4,6,2,12,33.3,50.0,16.7
CBN,CHIT BARAGAO,2,4,6,12,16.7,33.3,50.0
GOD,GIDARPINDI,0,12,0,12,0.0,100.0,0.0
DUBH,DUBAHA,1,3,8,12,8.3,25.0,66.7
BTIC,BATHINDA CAN,0,3,9,12,0.0,25.0,75.0
THL,TIRUVALAM,0,10,2,12,0.0,83.3,16.7
NZG,NAZARBAG,10,2,0,12,83.3,16.7,0.0
NYI,NELLAYI,0,6,6,12,0.0,50.0,50.0
MKSR,MOKALSAR,0,1,11,12,0.0,8.3,91.7
MKS,MUKTSAR,0,8,4,12,0.0,66.7,33.3
KLB,KIRAOLI,0,4,8,12,0.0,33.3,66.7
KKU,KANAKPURA,1,3,8,12,8.3,25.0,66.7
KCHV,KACHCHANAVIL,0,8,4,12,0.0,66.7,33.3
KDKN,KENDUKANA,0,0,12,12,0.0,0.0,100.0
KBPR,KABAKA PUTTU,1,5,6,12,8.3,41.7,50.0
BIX,BHIND,2,4,6,12,16.7,33.3,50.0
KCV,KRISHNA CHAN,2,6,4,12,16.7,50.0,33.3
KKTA,KOLLIKHUTHA,0,10,2,12,0.0,83.3,16.7
DNX,DHANSU,0,0,12,12,0.0,0.0,100.0
VDKS,VADANAM KURU,0,10,2,12,0.0,83.3,16.7
KCAB,K-CABIN BNDM,1,5,6,12,8.3,41.7,50.0
VI,VILLIANUR HA,6,1,5,12,50.0,8.3,41.7
DNDI,DHONDI HALT,0,2,10,12,0.0,16.7,83.3
GWM,GANNAVARAM,0,2,10,12,0.0,16.7,83.3
PCH,PACHHAPUR,0,4,8,12,0.0,33.3,66.7
PBW,PANTNAGAR,0,8,4,12,0.0,66.7,33.3
BTC,BALAGHAT JN.,0,12,0,12,0.0,100.0,0.0
MGRP,MEGHRAJPURA,0,2,10,12,0.0,16.7,83.3
KGMR,KANGRA MANDI,0,0,12,12,0.0,0.0,100.0
BDCR,BHADRACHALAM,2,0,10,12,16.7,0.0,83.3
BDBP,BASUDEBPUR H,0,5,7,12,0.0,41.7,58.3
MWRN,MADWARANI,0,7,5,12,0.0,58.3,41.7
BRA,BIRSOAL,0,12,0,12,0.0,100.0,0.0
NBPH,NEW BALRAMPU,0,6,6,12,0.0,50.0,50.0
NBM,NAVABPALEM,0,2,10,12,0.0,16.7,83.3
SAT,SANTROAD,0,4,8,12,0.0,33.3,66.7
ARNB,AMARUN,12,0,0,12,100.0,0.0,0.0
ASAF,ASIFABAD ROA,0,2,10,12,0.0,16.7,83.3
BEF,BHUPADEOPUR,1,5,6,12,8.3,41.7,50.0
OLR,OLLUR,0,6,6,12,0.0,50.0,50.0
OLP,OLAPUR,0,0,12,12,0.0,0.0,100.0
TGQ,TENGANMADA,1,2,9,12,8.3,16.7,75.0
GJH,GOLDEENGANJ,0,5,7,12,0.0,41.7,58.3
GILL,GILL,0,2,10,12,0.0,16.7,83.3
TLMD,TRILOCHAN MA,0,5,7,12,0.0,41.7,58.3
NRA,NUNKHAR,0,3,9,12,0.0,25.0,75.0
SRNK,SORON SHUKAR,0,10,2,12,0.0,83.3,16.7
SRM,SARNA,0,12,0,12,0.0,100.0,0.0
NAB,NAGBHIR,0,1,11,12,0.0,8.3,91.7
ABFC,AMBARI FALAK,0,6,6,12,0.0,50.0,50.0
KHAT,KHAT,1,9,2,12,8.3,75.0,16.7
KGS,KHONGSARA,1,2,9,12,8.3,16.7,75.0
KGRA,KANGRA,0,0,12,12,0.0,0.0,100.0
KHBJ,KHANNA BANJA,1,0,10,11,9.1,0.0,90.9
MZZ,MANJURI ROAD,0,5,6,11,0.0,45.5,54.5
IAM,MAI HALT,0,11,0,11,0.0,100.0,0.0
MNZ,MANANI,0,2,9,11,0.0,18.2,81.8
BDPR,BRINDABANPUR,2,9,0,11,18.2,81.8,0.0
BRGW,BARGAWAN,1,0,10,11,9.1,0.0,90.9
SAU,SANAND,0,0,11,11,0.0,0.0,100.0
BEX,BELBONI PH,2,9,0,11,18.2,81.8,0.0
VGT,UNGUTURU,0,1,10,11,0.0,9.1,90.9
BJ,BAHJOI,1,0,10,11,9.1,0.0,90.9
BIRP,BIRARAJPUR,0,0,11,11,0.0,0.0,100.0
MKRN,MAKRONIA,0,2,9,11,0.0,18.2,81.8
AMIN,AMIN,0,7,4,11,0.0,63.6,36.4
NZP,NIYAZIPUR HA,0,11,0,11,0.0,100.0,0.0
GVDP,GOVINDPUR PH,0,7,4,11,0.0,63.6,36.4
NWU,NAVAPUR,0,0,11,11,0.0,0.0,100.0
CTRE,CHITTERI,0,7,4,11,0.0,63.6,36.4
CTYL,CHITYALA,0,2,9,11,0.0,18.2,81.8
DUMK,DUMKA,1,8,2,11,9.1,72.7,18.2
UKL,UTTUKULI,0,3,8,11,0.0,27.3,72.7
MGR,MONGHYR,4,6,1,11,36.4,54.5,9.1
RPHR,RAIPUR HARYA,0,0,11,11,0.0,0.0,100.0
GUU,GUNDRATIMADU,0,3,8,11,0.0,27.3,72.7
MFL,MISHRAULI,0,0,11,11,0.0,0.0,100.0
SGDM,SIGADAM,0,4,7,11,0.0,36.4,63.6
GOK,GOKARNA ROAD,0,0,11,11,0.0,0.0,100.0
GVI,GARIVIDI,0,4,7,11,0.0,36.4,63.6
SGRA,SANGARIYA,0,2,9,11,0.0,18.2,81.8
SGRD,SARAGAON ROA,1,4,6,11,9.1,36.4,54.5
MHV,MAHUVA,2,2,7,11,18.2,18.2,63.6
MHBT,MAHBUB NAGAR,1,1,9,11,9.1,9.1,81.8
SYM,SAVALYAPURAM,0,1,10,11,0.0,9.1,90.9
HAM,HAMIRATTI PH,2,9,0,11,18.2,81.8,0.0
CMMG,CHAMUNDA MAR,0,0,11,11,0.0,0.0,100.0
BZJT,BAZIDA JATAN,0,7,4,11,0.0,63.6,36.4
BZK,BHAINI KHURD,0,7,4,11,0.0,63.6,36.4
VBW,VAIBHAVWADI,0,0,11,11,0.0,0.0,100.0
GAG,GANGAGHAT,0,2,9,11,0.0,18.2,81.8
GAJ,GANESHGANJ,0,2,9,11,0.0,18.2,81.8
RLA,RAJULA ROAD,2,2,7,11,18.2,18.2,63.6
THPR,TIPPAPUR HAL,0,2,9,11,0.0,18.2,81.8
SKR,SAKHPUR,4,2,5,11,36.4,18.2,45.5
BHTN,BHITONI,1,0,10,11,9.1,0.0,90.9
CAG,CHHABRAGUGOR,1,0,10,11,9.1,0.0,90.9
DNL,DHANOLI,0,6,5,11,0.0,54.5,45.5
NDPU,NUDURUPADU,0,1,10,11,0.0,9.1,90.9
MVN,MILAVITTAN,4,2,5,11,36.4,18.2,45.5
NEMA,NEMA HALT,0,11,0,11,0.0,100.0,0.0
BKNO,BIKNAPH,2,9,0,11,18.2,81.8,0.0
BKO,BINDKI ROAD,0,5,6,11,0.0,45.5,54.5
PFR,PACHOR ROAD,1,1,9,11,9.1,9.1,81.8
MBY,MANDI DABWAL,0,2,9,11,0.0,18.2,81.8
BZG,BILGA,0,9,2,11,0.0,81.8,18.2
BZC,BELIATOR PH,2,9,0,11,18.2,81.8,0.0
SLY,SAMALPATTI,0,0,11,11,0.0,0.0,100.0
KRIH,KORAI HALT,0,5,6,11,0.0,45.5,54.5
HKP,HAKIMPUR,0,2,9,11,0.0,18.2,81.8
KRLR,KARAILA ROAD,0,3,8,11,0.0,27.3,72.7
NSU,NISOI,0,2,9,11,0.0,18.2,81.8
DHPD,DHAPARA DHAM,0,11,0,11,0.0,100.0,0.0
SMP,SAMBHUPURA,0,1,10,11,0.0,9.1,90.9
KRMR,KARIM NAGAR,1,6,4,11,9.1,54.5,36.4
GSGB,GOSAINGRAM,1,8,2,11,9.1,72.7,18.2
KS,KHETA SARAI,0,0,11,11,0.0,0.0,100.0
SMLT,SAMLOTI,0,0,11,11,0.0,0.0,100.0
PLI,PETTAIVAYTAL,0,9,2,11,0.0,81.8,18.2
PLPM,PALAPPURAM H,0,5,6,11,0.0,45.5,54.5
PLVA,PALLEVADA,0,7,4,11,0.0,63.6,36.4
NMKL,NAMAKKAL,0,4,7,11,0.0,36.4,63.6
MPU,MEDAPADU,0,2,9,11,0.0,18.2,81.8
RAJP,RAJAPUR ROAD,0,0,11,11,0.0,0.0,100.0
MMH,MAHADANAPURA,0,9,2,11,0.0,81.8,18.2
BBDE,BABARPUR,0,7,4,11,0.0,63.6,36.4
BUT,BAYTU,0,2,9,11,0.0,18.2,81.8
JHDC,JAHANABAD  C,0,11,0,11,0.0,100.0,0.0
NRM,NURMAHAL,0,9,2,11,0.0,81.8,18.2
SONA,SONAMUKHI PH,2,9,0,11,18.2,81.8,0.0
LPJ,LALPUR JAM,0,2,9,11,0.0,18.2,81.8
TBTN,THANA BHAWAN,0,2,9,11,0.0,18.2,81.8
KITA,KITA,0,2,9,11,0.0,18.2,81.8
KIV,KAILSA,0,2,9,11,0.0,18.2,81.8
PUMU,PENUMARRU HA,5,4,2,11,45.5,36.4,18.2
NRG,NERGUNDI JN.,0,5,6,11,0.0,45.5,54.5
LKDU,LANKALAKODER,3,5,3,11,27.3,45.5,27.3
DGU,DIGARU,0,1,10,11,0.0,9.1,90.9
GHGL,GHAGWAL,0,2,9,11,0.0,18.2,81.8
NOB,NOBANDA PH,2,9,0,11,18.2,81.8,0.0
CPHT,COOPERS HALT,11,0,0,11,100.0,0.0,0.0
BVL,BIKKAVOLU,0,2,9,11,0.0,18.2,81.8
LDP,LODIPUR BISH,0,2,9,11,0.0,18.2,81.8
VRE,VAREDIA,0,6,5,11,0.0,54.5,45.5
BBMN,BARI BRAHMAN,0,2,9,11,0.0,18.2,81.8
SAL,SALWA,0,9,2,11,0.0,81.8,18.2
SCI,SANCHI,0,2,9,11,0.0,18.2,81.8
KFPR,KAFURPUR,0,2,9,11,0.0,18.2,81.8
KFU,KOHAND HALT,0,7,4,11,0.0,63.6,36.4
BNU,BANDAKPUR,0,0,11,11,0.0,0.0,100.0
SBNM,SUBARNAMRIGI,0,5,6,11,0.0,45.5,54.5
DDY,DUDWINDI,0,11,0,11,0.0,100.0,0.0
CVR,CHORVAD,0,0,11,11,0.0,0.0,100.0
MZS,MURKEONG SEL,0,0,10,10,0.0,0.0,100.0
MYU,MAYANOOR,0,9,1,10,0.0,90.0,10.0
Y,YELIYUR,0,4,6,10,0.0,40.0,60.0
ZPI,ZAMPANI HALT,4,4,2,10,40.0,40.0,20.0
WTJ,JAMWANTHALI,0,0,10,10,0.0,0.0,100.0
WTR,WATHAR,0,0,10,10,0.0,0.0,100.0
WW,WANABAR HALT,0,10,0,10,0.0,100.0,0.0
YPD,YERPEDU,0,6,4,10,0.0,60.0,40.0
ABSA,AMBASSA,1,3,6,10,10.0,30.0,60.0
ABKP,AMBIKAPUR,0,0,10,10,0.0,0.0,100.0
NAM,NAMRUP,0,0,10,10,0.0,0.0,100.0
KHRK,KHARAK,2,6,2,10,20.0,60.0,20.0
SBK,SHAHBAZ KULI,0,4,6,10,0.0,40.0,60.0
NAK,NAKSALBARI,0,1,9,10,0.0,10.0,90.0
AAY,ARALVAYMOLI,0,2,8,10,0.0,20.0,80.0
NASP,NARASINGAPAL,0,2,8,10,0.0,20.0,80.0
DZKT,DURGACHAK TO,0,8,2,10,0.0,80.0,20.0
MXK,MANDRAK,0,3,7,10,0.0,30.0,70.0
BRE,BHARWARI,0,2,8,10,0.0,20.0,80.0
MVP,MOKHASA KALA,0,6,4,10,0.0,60.0,40.0
MVPM,MAVELIPALAIY,0,3,7,10,0.0,30.0,70.0
FGSB,FATEHGARH SA,0,3,7,10,0.0,30.0,70.0
BDB,VRINDAVAN,10,0,0,10,100.0,0.0,0.0
KGE,KATANGI,0,10,0,10,0.0,100.0,0.0
CDL,CHODIALA,0,0,10,10,0.0,0.0,100.0
SATR,SATAR HALT,0,10,0,10,0.0,100.0,0.0
SBDP,SABDALPUR JN,4,6,0,10,40.0,60.0,0.0
BANI,BANI,0,0,10,10,0.0,0.0,100.0
KH,KAHILIA,0,2,8,10,0.0,20.0,80.0
SBRA,SARBAHARA,0,2,8,10,0.0,20.0,80.0
SBH,SULEBHAVI,0,4,6,10,0.0,40.0,60.0
NERH,NER HALT,0,10,0,10,0.0,100.0,0.0
AUN,AURANG NAGAR,0,2,8,10,0.0,20.0,80.0
DC,MAGUDANCHAVA,0,3,7,10,0.0,30.0,70.0
DCAB,BMY D CABIN,4,2,4,10,40.0,20.0,40.0
TSF,TAHSIL FATEH,1,5,4,10,10.0,50.0,40.0
TSS,TALLI SAIDA,0,10,0,10,0.0,100.0,0.0
TTL,TIRUTTANGAL,0,5,5,10,0.0,50.0,50.0
BQP,BIGHAPUR,0,0,10,10,0.0,0.0,100.0
NG,NAGARI,0,6,4,10,0.0,60.0,40.0
SALR,SALUR,10,0,0,10,100.0,0.0,0.0
SANR,SARDARNAGAR,0,2,8,10,0.0,20.0,80.0
SAPT,SUGAPAHARI H,10,0,0,10,100.0,0.0,0.0
CEM,CHEEKATEEGAL,0,1,9,10,0.0,10.0,90.0
KIQ,KHAI PHEMEKI,0,10,0,10,0.0,100.0,0.0
KFV,KUNDARA EAST,1,7,2,10,10.0,70.0,20.0
KFX,KOCHEWAHI,0,10,0,10,0.0,100.0,0.0
NGB,NAWABGANJ(GO,4,2,4,10,40.0,20.0,40.0
MUC,MULLURCARAI,0,4,6,10,0.0,40.0,60.0
MUK,MUNUMAKA,0,1,9,10,0.0,10.0,90.0
MUKE,MUKKALI HALT,0,3,7,10,0.0,30.0,70.0
ALB,ALIYAVADA,0,0,10,10,0.0,0.0,100.0
CTMP,CHHIT MAKAND,0,4,6,10,0.0,40.0,60.0
CTPE,CHANDANATTOP,1,7,2,10,10.0,70.0,20.0
AEJ,ARNEJ,0,4,6,10,0.0,40.0,60.0
AEK,ANEKAL ROAD,0,6,4,10,0.0,60.0,40.0
ALNI,ALNIYA,0,6,4,10,0.0,60.0,40.0
NGJA,NARAYANAPPAV,10,0,0,10,100.0,0.0,0.0
MTHP,MITHAPUR,0,0,10,10,0.0,0.0,100.0
MTI,MITAWAL,0,6,4,10,0.0,60.0,40.0
MTNL,MUTTARASANAL,0,9,1,10,0.0,90.0,10.0
TRSR,TARSAI,4,2,4,10,40.0,20.0,40.0
KER,KIRIHARAPUR,0,0,10,10,0.0,0.0,100.0
KIY,KALAYAT,0,8,2,10,0.0,80.0,20.0
SAB,SANTAMGALUR,0,1,9,10,0.0,10.0,90.0
SAI,SARAI,1,5,4,10,10.0,50.0,40.0
NHF,NIHASTA HALT,0,4,6,10,0.0,40.0,60.0
BRN,BARHAN JN.,0,6,4,10,0.0,60.0,40.0
NIQ,NIGAURA,1,0,9,10,10.0,0.0,90.0
NIRA,NIRA,0,0,10,10,0.0,0.0,100.0
NIT,NAIKOT F,0,10,0,10,0.0,100.0,0.0
ANU,ANANGUR,0,3,7,10,0.0,30.0,70.0
APD,ALIPUR DUAR,0,2,8,10,0.0,20.0,80.0
SCO,SATUNA,0,0,10,10,0.0,0.0,100.0
CGV,CHINGAVANAM,0,4,6,10,0.0,40.0,60.0
CGX,CHARGOLA,0,6,4,10,0.0,60.0,40.0
TRM,TIRUNAGESVAR,0,10,0,10,0.0,100.0,0.0
MST,MASIT,0,2,8,10,0.0,20.0,80.0
BPY,BADAMPUDI,0,2,8,10,0.0,20.0,80.0
NKB,NAGRAKATA,0,1,9,10,0.0,10.0,90.0
MSDH,MASNADIH,1,3,6,10,10.0,30.0,60.0
TXM,TANDAVAPURA,2,8,0,10,20.0,80.0,0.0
TZH,TAKAZHI,2,8,0,10,20.0,80.0,0.0
UAA,UPPALA,0,3,7,10,0.0,30.0,70.0
TQL,THEH QALANDA,0,10,0,10,0.0,100.0,0.0
TQM,TELAM,0,0,10,10,0.0,0.0,100.0
TRA,TANGRA,0,7,3,10,0.0,70.0,30.0
CRW,CHARAUD,0,0,10,10,0.0,0.0,100.0
GBX,GOVINDPUR RO,0,0,10,10,0.0,0.0,100.0
MSE,MASANI,10,0,0,10,100.0,0.0,0.0
WDJ,WANDER JATAN,0,8,2,10,0.0,80.0,20.0
KJV,KHIJADIYA JN,0,5,5,10,0.0,50.0,50.0
KKA,KANKI,0,0,10,10,0.0,0.0,100.0
RYP,RAYANAPADU,0,3,7,10,0.0,30.0,70.0
NLP,NORTH LAKHIM,0,0,10,10,0.0,0.0,100.0
NMD,NIMODA,0,0,10,10,0.0,0.0,100.0
GDQ,GODAMGURA,0,4,6,10,0.0,40.0,60.0
BDLN,BORDOLANI,0,0,10,10,0.0,0.0,100.0
DYK,DUDHIA KHURD,0,10,0,10,0.0,100.0,0.0
MRBL,MURI BAHAL,0,0,10,10,0.0,0.0,100.0
MRDL,MERAMANDOLI,0,0,10,10,0.0,0.0,100.0
MQN,MANYAM KONDA,1,1,8,10,10.0,10.0,80.0
MQP,MAKRANDPUR,0,10,0,10,0.0,100.0,0.0
MQS,MALSIAN SHAH,0,8,2,10,0.0,80.0,20.0
DNQ,DANDKHORA,1,7,2,10,10.0,70.0,20.0
DNRA,DANDHERA,0,0,10,10,0.0,0.0,100.0
DNV,DONKINAVALAS,0,0,10,10,0.0,0.0,100.0
BBHT,BARABAR HALT,0,10,0,10,0.0,100.0,0.0
KEF,KRISHNA MAKO,0,1,9,10,0.0,10.0,90.0
KEM,KEM,0,2,8,10,0.0,20.0,80.0
KDNL,KADAYANALLUR,0,5,5,10,0.0,50.0,50.0
MQU,MURUKKAMPUZH,0,3,7,10,0.0,30.0,70.0
BRSA,BARWA KALAN,0,10,0,10,0.0,100.0,0.0
BRSQ,BRAR SQUARE,6,4,0,10,60.0,40.0,0.0
BAE,BALIAKHERI,0,0,10,10,0.0,0.0,100.0
MPR,MAKARPURA,0,6,4,10,0.0,60.0,40.0
GG,GANDHIGRAM,0,4,6,10,0.0,40.0,60.0
TPTN,TIRUCHIRAPPA,3,2,5,10,30.0,20.0,50.0
BDI,BHADLI,0,0,10,10,0.0,0.0,100.0
RUM,RUPAMAU,0,0,10,10,0.0,0.0,100.0
RUSD,RUNNIASAIDPU,0,1,9,10,0.0,10.0,90.0
SDM,SURAREDDIPAL,0,2,8,10,0.0,20.0,80.0
SDPR,SARDAR PATEL,6,4,0,10,60.0,40.0,0.0
SDS,SADULSHAHAR,0,4,6,10,0.0,40.0,60.0
SDV,SOMIDEVI PAL,0,0,10,10,0.0,0.0,100.0
SEJ,SARKHEJ,0,4,6,10,0.0,40.0,60.0
MQG,MILANGARH,0,6,4,10,0.0,60.0,40.0
NMT,NAMTIALI,0,0,10,10,0.0,0.0,100.0
NMX,NEW MAYNAGUR,0,0,10,10,0.0,0.0,100.0
TOI,TAMKUHI ROAD,0,2,8,10,0.0,20.0,80.0
TOU,TELAPROLU,0,2,8,10,0.0,20.0,80.0
TPE,TIRUCHIRAPPA,0,9,1,10,0.0,90.0,10.0
CPBH,CHIRAILLA PA,0,6,4,10,0.0,60.0,40.0
TNDE,THANESAR CIT,0,8,2,10,0.0,80.0,20.0
VZR,BHANJPUR,5,3,2,10,50.0,30.0,20.0
NOH,NIGOHI,0,10,0,10,0.0,100.0,0.0
NOMD,NOAMUNDI,0,3,7,10,0.0,30.0,70.0
CPN,CHAMPANER RO,0,6,4,10,0.0,60.0,40.0
GIF,GANI DHAM HA,0,10,0,10,0.0,100.0,0.0
TMD,TALMADLA,0,2,8,10,0.0,20.0,80.0
KCU,KACHHLA,0,10,0,10,0.0,100.0,0.0
RTI,RAOTI,0,4,6,10,0.0,40.0,60.0
RTP,RATANPURA,0,0,10,10,0.0,0.0,100.0
RTWS,RAHATWAS,0,4,6,10,0.0,40.0,60.0
BSGN,BASUGAON,0,0,10,10,0.0,0.0,100.0
MNY,MANKARAI,0,5,5,10,0.0,50.0,50.0
MO,MOHOL,0,2,8,10,0.0,20.0,80.0
MOF,MONDH,0,1,9,10,0.0,10.0,90.0
GLBA,GOLABAI,0,2,8,10,0.0,20.0,80.0
TLKH,TALAKHAJURI,0,0,10,10,0.0,0.0,100.0
GJ,GANGAJHARI,1,7,2,10,10.0,70.0,20.0
GJD,GUJHANDI,0,4,6,10,0.0,40.0,60.0
BDRL,BYADARA HALL,0,4,6,10,0.0,40.0,60.0
KLJI,KALIJAI,0,2,8,10,0.0,20.0,80.0
KLMR,KALAMASSERI,0,4,6,10,0.0,40.0,60.0
RRW,RORANWALA,0,8,2,10,0.0,80.0,20.0
RSI,RAISI,0,0,10,10,0.0,0.0,100.0
AHU,AHIRAULI (HA,0,4,6,10,0.0,40.0,60.0
AIG,AIGAWAN,0,2,8,10,0.0,20.0,80.0
KBSH,KRISHNA BALL,10,0,0,10,100.0,0.0,0.0
KDE,KORADACHERI,0,5,5,10,0.0,50.0,50.0
MNU,MUNDIKOTA,1,7,2,10,10.0,70.0,20.0
MNUR,MANNANUR,0,5,5,10,0.0,50.0,50.0
MNWL,MANWAL,1,3,6,10,10.0,30.0,60.0
GJW,GAJUWALA HAL,0,0,10,10,0.0,0.0,100.0
GKM,GUNDLAKAMMA,0,1,9,10,0.0,10.0,90.0
NRI,NARAINA,0,2,8,10,0.0,20.0,80.0
NRK,NARAIKKINAR,0,2,8,10,0.0,20.0,80.0
MNHL,MAJHAIRAN HI,0,0,10,10,0.0,0.0,100.0
MMS,MANDASA ROAD,0,2,8,10,0.0,20.0,80.0
MND,MUNDERWA,1,2,7,10,10.0,20.0,70.0
GMDA,GUMADA,0,0,10,10,0.0,0.0,100.0
TKTB,THAKURBARI,2,2,6,10,20.0,20.0,60.0
DXG,DHARANGAON,0,0,10,10,0.0,0.0,100.0
VJF,VIJAPUR,0,10,0,10,0.0,100.0,0.0
KCF,KALCHINI,0,1,9,10,0.0,10.0,90.0
VJR,VIJAYA NAGAR,0,4,6,10,0.0,40.0,60.0
CV,CAUVERY,0,3,7,10,0.0,30.0,70.0
NRVR,NARAINA VIHA,6,4,0,10,60.0,40.0,0.0
MMD,MAHESHA MUND,10,0,0,10,100.0,0.0,0.0
MME,MULMARORA,0,1,9,10,0.0,10.0,90.0
TKQ,TRIKARPUR,1,2,7,10,10.0,20.0,70.0
DHP,DICHPALLI,0,2,8,10,0.0,20.0,80.0
DHPR,DAPPER,0,2,8,10,0.0,20.0,80.0
GNC,GANDHINAGAR,2,4,4,10,20.0,40.0,40.0
TKC,THAKURKUCHI,0,0,10,10,0.0,0.0,100.0
TKH,THAKURTOLA P,2,6,2,10,20.0,60.0,20.0
TKLE,TIKANI,0,10,0,10,0.0,100.0,0.0
SEV,SITHALAVAI H,0,9,1,10,0.0,90.0,10.0
SFC,SAINTALA,1,1,8,10,10.0,10.0,80.0
SG,SHAHGARH,0,10,0,10,0.0,100.0,0.0
KLU,KALLURU,0,0,10,10,0.0,0.0,100.0
GMIA,GUMIA,1,0,9,10,10.0,0.0,90.0
CNKP,CHANAKYAPURI,6,4,0,10,60.0,40.0,0.0
NSX,NARSIPURAM,0,0,10,10,0.0,0.0,100.0
BSPN,BASSI PATHAN,0,3,7,10,0.0,30.0,70.0
BSPR,BISHRAMPUR,0,0,10,10,0.0,0.0,100.0
MLP,MALLAPUR,0,0,10,10,0.0,0.0,100.0
TJD,TAJPUR DEHMA,0,4,6,10,0.0,40.0,60.0
NVG,NAWEGAON,0,4,6,10,0.0,40.0,60.0
KAWL,KANDWAL,0,2,8,10,0.0,20.0,80.0
CHB,CHABUA,2,4,4,10,20.0,40.0,40.0
KAQ,KOLANUKONDA,3,2,5,10,30.0,20.0,50.0
KAR,KARNA,0,2,8,10,0.0,20.0,80.0
ROI,REOTI,2,0,8,10,20.0,0.0,80.0
RPB,RUPSIBARI,0,6,4,10,0.0,60.0,40.0
MLFC,MALDA COURT,2,6,2,10,20.0,60.0,20.0
MLGH,MANDALGARH,0,2,8,10,0.0,20.0,80.0
NWMS,NOAPARA MAHI,0,5,5,10,0.0,50.0,50.0
GOE,GHOGRAPAR,0,0,10,10,0.0,0.0,100.0
GOM,GOGAMUKH,0,0,10,10,0.0,0.0,100.0
BDWS,BADARWAS,0,0,10,10,0.0,0.0,100.0
BDY,BUDDIREDDIPP,0,0,10,10,0.0,0.0,100.0
NXN,NAWAGAON,0,0,10,10,0.0,0.0,100.0
MKTP,MUKETASHWAR,0,2,8,10,0.0,20.0,80.0
NYT,NAYATOLA,1,7,2,10,10.0,70.0,20.0
THN,TOLAHUNSE,0,2,8,10,0.0,20.0,80.0
GRBL,GARUDABILLI,0,0,10,10,0.0,0.0,100.0
GRD,GIRDIH,10,0,0,10,100.0,0.0,0.0
GRH,GHORASAHAN,0,2,8,10,0.0,20.0,80.0
BIO,BORDI,0,4,6,10,0.0,40.0,60.0
SGJ,SAFDARGANJ,0,2,8,10,0.0,20.0,80.0
KMRJ,KUMARGANJ,0,6,4,10,0.0,60.0,40.0
BJT,BAJPATTI,0,0,10,10,0.0,0.0,100.0
BJV,BIJAURIA,0,10,0,10,0.0,100.0,0.0
AJH,AJHAI,0,5,5,10,0.0,50.0,50.0
SGC,SAONGI,0,10,0,10,0.0,100.0,0.0
GPE,GOGI POTHIA,0,10,0,10,0.0,100.0,0.0
GPZ,GOHPUR,0,0,10,10,0.0,0.0,100.0
GQL,GURLA,0,0,10,10,0.0,0.0,100.0
BSUR,BISALPUR,0,10,0,10,0.0,100.0,0.0
BSYA,BARKISALAIYA,0,0,10,10,0.0,0.0,100.0
MKH,MALAKHERA,0,1,9,10,0.0,10.0,90.0
ODB,OODLABARI,0,1,9,10,0.0,10.0,90.0
BELT,BELA,0,10,0,10,0.0,100.0,0.0
TDR,TIRUVIDAIMAR,0,10,0,10,0.0,100.0,0.0
JWN,JIWA ARAIN,0,10,0,10,0.0,100.0,0.0
CAPC,CHARTRAPUR C,0,2,8,10,0.0,20.0,80.0
MK,MIRANPUR KAT,0,2,8,10,0.0,20.0,80.0
BNWC,BHIWANI CITY,2,6,2,10,20.0,60.0,20.0
BOF,BAROG,0,0,10,10,0.0,0.0,100.0
BOG,BHAIRONGARH,0,4,6,10,0.0,40.0,60.0
OML,OMALUR,2,2,6,10,20.0,20.0,60.0
BEG,BEHTAGOKAL,0,2,8,10,0.0,20.0,80.0
GRR,GORPHAR,1,7,2,10,10.0,70.0,20.0
MJN,MAKUM JN.,1,7,2,10,10.0,70.0,20.0
MIL,MILAK,0,2,8,10,0.0,20.0,80.0
CNDB,CHANDUR BAZA,0,2,8,10,0.0,20.0,80.0
CNDM,CHANDI MANDI,0,2,8,10,0.0,20.0,80.0
TDP,TODARPUR,0,2,8,10,0.0,20.0,80.0
SHN,SUCHAN KOTLI,0,0,10,10,0.0,0.0,100.0
RNE,RANJANI,0,0,10,10,0.0,0.0,100.0
KMX,KOMATIPALLI,0,0,10,10,0.0,0.0,100.0
SGPA,SUGAPAHARI H,10,0,0,10,100.0,0.0,0.0
ORR,ORR,0,4,6,10,0.0,40.0,60.0
OSN,OSIYAN,0,1,9,10,0.0,10.0,90.0
MHP,MUHAMMADPUR,0,0,10,10,0.0,0.0,100.0
GTF,GUMTHAL,0,4,6,10,0.0,40.0,60.0
TBH,TATIBAHAR,0,0,10,10,0.0,0.0,100.0
BNL,BEVINAHALU,1,1,8,10,10.0,10.0,80.0
VTK,VALLATTOLNAG,0,4,6,10,0.0,40.0,60.0
ULD,ACHALDA,0,4,6,10,0.0,40.0,60.0
GUB,GULARBHOJ,5,1,4,10,50.0,10.0,40.0
TAP,TAPANG,0,2,8,10,0.0,20.0,80.0
TAV,TALALA JN,0,4,6,10,0.0,40.0,60.0
TAY,TALAIYUTHU,0,2,8,10,0.0,20.0,80.0
VTP,VASTRAPUR,0,4,6,10,0.0,40.0,60.0
MHBG,MAHADEVA  BU,0,4,6,10,0.0,40.0,60.0
MHBZ,MAHTHA BAZAR,0,4,6,10,0.0,40.0,60.0
MHHR,MAHESRA,0,2,8,10,0.0,20.0,80.0
BNQ,BANARHAT,0,1,9,10,0.0,10.0,90.0
BNQL,BHANKALA,0,2,8,10,0.0,20.0,80.0
KNPR,KENDRAPARA R,0,5,5,10,0.0,50.0,50.0
RMJK,RAMNAGAR(J-K,1,3,6,10,10.0,30.0,60.0
RML,ROMPALLE PH,10,0,0,10,100.0,0.0,0.0
RMN,RAMAN,0,0,10,10,0.0,0.0,100.0
RMY,RUKMAPUR,0,4,6,10,0.0,40.0,60.0
JYP,JEYPORE (ORI,1,1,8,10,10.0,10.0,80.0
SHDR,SHAHDORAGAON,0,4,6,10,0.0,40.0,60.0
KNRI,KUNURI,0,10,0,10,0.0,100.0,0.0
KNRT,KUNERU,0,0,10,10,0.0,0.0,100.0
KODI,KODI,0,0,10,10,0.0,0.0,100.0
KNH,KONCH,10,0,0,10,100.0,0.0,0.0
JUP,JHUNPA,0,0,10,10,0.0,0.0,100.0
VDI,VELDURTI,0,3,7,10,0.0,30.0,70.0
PAS,PASUR,0,5,5,10,0.0,50.0,50.0
BTJ,BISHNATH GAN,0,0,10,10,0.0,0.0,100.0
MGZ,MAHARAJGANJ,10,0,0,10,100.0,0.0,0.0
MHA,MARAHRA,0,6,4,10,0.0,60.0,40.0
PAVP,PEDDA AVUTAP,0,2,8,10,0.0,20.0,80.0
GVB,GUNERU BAMOR,0,4,6,10,0.0,40.0,60.0
DUE,DUDAHI,0,2,8,10,0.0,20.0,80.0
DULP,DAULATPUR HA,0,0,10,10,0.0,0.0,100.0
DUR,DESUR,0,2,8,10,0.0,20.0,80.0
BTDF,BOTAD JN (MG,0,4,6,10,0.0,40.0,60.0
PBKS,PAMBAKOVIL S,0,5,5,10,0.0,50.0,50.0
PBM,PAMBAN,0,5,5,10,0.0,50.0,50.0
PBP,PEMBARTI,2,4,4,10,20.0,40.0,40.0
RKL,RAMKOLA,0,2,8,10,0.0,20.0,80.0
BKDR,BEGUNKODAR,0,2,8,10,0.0,20.0,80.0
KOKA,KOKA,0,8,2,10,0.0,80.0,20.0
BKJ,BARKUR,0,0,10,10,0.0,0.0,100.0
SIE,SIDDAMPALLI,0,7,3,10,0.0,70.0,30.0
JTH,JHOK TAHAL S,0,10,0,10,0.0,100.0,0.0
JTTN,JORHAT TOWN,0,0,10,10,0.0,0.0,100.0
SJJ,SANJHA H,0,10,0,10,0.0,100.0,0.0
RMC,RAM CHAURA R,0,0,10,10,0.0,0.0,100.0
SZZ,SABIRA,0,3,7,10,0.0,30.0,70.0
TAA,TADLAPUSAPAL,0,2,8,10,0.0,20.0,80.0
MFJ,MUFTIGANJ,1,4,5,10,10.0,40.0,50.0
MFZ,MALAHAR,0,6,4,10,0.0,60.0,40.0
MGK,MULAGUNNATHU,0,4,6,10,0.0,40.0,60.0
PCN,PUNCH PIPLIA,0,4,6,10,0.0,40.0,60.0
JSGR,JHARSUGUDA R,2,3,5,10,20.0,30.0,50.0
JSL,JASSOWAL HAL,0,2,8,10,0.0,20.0,80.0
BHTA,BHATIA,0,0,10,10,0.0,0.0,100.0
SJNP,SUJANPUR,0,2,8,10,0.0,20.0,80.0
SJPM,SUJATAPURAM,2,8,0,10,20.0,80.0,0.0
BZY,BASAI,0,1,9,10,0.0,10.0,90.0
RJPM,RAJAPALAYAM,0,5,5,10,0.0,50.0,50.0
SZN,SHAHBAZNAGAR,0,10,0,10,0.0,100.0,0.0
SZP,SHAHJAHANPUR,0,10,0,10,0.0,100.0,0.0
PDG,PARADGAON HA,0,0,10,10,0.0,0.0,100.0
MEM,MAU AIMMA,0,0,10,10,0.0,0.0,100.0
MENP,MEENAPUR,1,7,2,10,10.0,70.0,20.0
PDL,PENDEKALLU,0,2,8,10,0.0,20.0,80.0
BNDP,BUNIYADPUR,0,4,6,10,0.0,40.0,60.0
MDRR,MADHAVNAGAR,0,0,10,10,0.0,0.0,100.0
MDT,MADARIHAT,0,1,9,10,0.0,10.0,90.0
BHKD,BHURKUNDA,0,0,10,10,0.0,0.0,100.0
KPB,KHARPOKHRA,0,0,10,10,0.0,0.0,100.0
BZR,BISRA,3,4,3,10,30.0,40.0,30.0
VKNR,VALMIKINAGAR,0,0,10,10,0.0,0.0,100.0
VKR,VENKATNAGAR,1,0,9,10,10.0,0.0,90.0
VLA,BAVLA,0,4,6,10,0.0,40.0,60.0
BHNP,BISHANPUR HA,1,7,2,10,10.0,70.0,20.0
MDVK,MAHADEO KHED,0,4,6,10,0.0,40.0,60.0
MDW,MARWAR MUNDW,2,0,8,10,20.0,0.0,80.0
PDPR,PURANDARPUR,0,10,0,10,0.0,100.0,0.0
BTR,BUTARI,0,7,3,10,0.0,70.0,30.0
BTRA,BANTHRA,0,2,8,10,0.0,20.0,80.0
GZL,GAZULAPALLI,0,0,10,10,0.0,0.0,100.0
GZO,GAZOLE,0,4,6,10,0.0,40.0,60.0
GZT,GHAZIPUR GHA,0,4,6,10,0.0,40.0,60.0
JRJ,JARGAON,0,4,6,10,0.0,40.0,60.0
RIKA,RATIKHEDA,0,4,6,10,0.0,40.0,60.0
SKGH,SAKTESGARH,0,0,10,10,0.0,0.0,100.0
SKJS,KRISHAN JANM,10,0,0,10,100.0,0.0,0.0
CMNR,CHAMRAJANAGA,0,8,2,10,0.0,80.0,20.0
MDDP,MANDIDEEP,1,0,9,10,10.0,0.0,90.0
MDJN,MADAR JN,2,0,8,10,20.0,0.0,80.0
MDKI,MADUKARAI,0,5,5,10,0.0,50.0,50.0
SXD,SIDULI (FLAG,0,10,0,10,0.0,100.0,0.0
SXK,SHAHJAHANPUR,0,8,2,10,0.0,80.0,20.0
HDB,HALDIBARI,2,6,2,10,20.0,60.0,20.0
SXT,SALEM TOWN,0,4,6,10,0.0,40.0,60.0
PDZ,PILODA,0,0,10,10,0.0,0.0,100.0
VRPD,VIRAPANDY RO,0,3,7,10,0.0,30.0,70.0
VRQ,VIRARAKKIYAM,0,9,1,10,0.0,90.0,10.0
DJG,DULIAJAN,0,0,10,10,0.0,0.0,100.0
DAU,DAGRU,0,10,0,10,0.0,100.0,0.0
DAVC,D.A.V.COLLEG,0,10,0,10,0.0,100.0,0.0
KPXR,KAIPADAR ROA,0,2,8,10,0.0,20.0,80.0
BYQ,BAHAI HALT,0,4,6,10,0.0,40.0,60.0
BHKH,BAGHOIKUSA,0,6,4,10,0.0,60.0,40.0
PG,PERGAON,0,0,10,10,0.0,0.0,100.0
PGA,PAGARA,0,4,6,10,0.0,40.0,60.0
SWNR,SEWA NAGAR,6,4,0,10,60.0,40.0,0.0
PGN,PERUGAMANI,0,9,1,10,0.0,90.0,10.0
MBC,MAHANANDA BR,0,6,4,10,0.0,60.0,40.0
HHP,HARHAR FATEH,0,2,8,10,0.0,20.0,80.0
HIL,HILSA BLOCK,0,8,2,10,0.0,80.0,20.0
CLF,CHHULHA,1,0,9,10,10.0,0.0,90.0
HGI,HAGARI,1,1,8,10,10.0,10.0,80.0
SW,SEHRAMAU,0,10,0,10,0.0,100.0,0.0
PHS,FEROZESHAH,0,10,0,10,0.0,100.0,0.0
PHWR,PEHOWA ROAD,0,8,2,10,0.0,80.0,20.0
PIGT,PILIGHAT,0,4,6,10,0.0,40.0,60.0
HLE,HEELALIGE,0,6,4,10,0.0,60.0,40.0
HLK,HOLALKERE,0,0,10,10,0.0,0.0,100.0
SVKS,SIVAKASI,0,5,5,10,0.0,50.0,50.0
SVPM,SRIVENKATESW,0,2,8,10,0.0,20.0,80.0
SLGH,SHELGAON HAL,0,2,8,10,0.0,20.0,80.0
SLHP,SULAH HIMACH,0,0,10,10,0.0,0.0,100.0
SLKX,SALAKATI,0,0,10,10,0.0,0.0,100.0
RGP,RAGHUNATHPAL,2,2,6,10,20.0,20.0,60.0
RGPM,RAGHAVAPURAM,0,2,8,10,0.0,20.0,80.0
KQA,KONDAGUNTA,0,6,4,10,0.0,60.0,40.0
KQT,KURGUNTA,1,0,9,10,10.0,0.0,90.0
KQZ,KOLAR,4,2,4,10,40.0,20.0,40.0
SVPR,SRIVILLIPUTT,0,5,5,10,0.0,50.0,50.0
MALA,MALA,0,10,0,10,0.0,100.0,0.0
PIT,PALITANA,6,2,2,10,60.0,20.0,20.0
SMBL,SIMBHOOLI,0,0,10,10,0.0,0.0,100.0
KRG,KOREGAON,0,0,10,10,0.0,0.0,100.0
RG,RAJGHAT NARO,0,0,10,10,0.0,0.0,100.0
RGI,RAMAGIRI,0,0,10,10,0.0,0.0,100.0
VAPM,VALAPATTANAM,1,2,7,10,10.0,20.0,70.0
JOL,JOGAL,2,6,2,10,20.0,60.0,20.0
JPG,JALPAIGURI,2,6,2,10,20.0,60.0,20.0
JPM,JIYAPURAM HA,0,9,1,10,0.0,90.0,10.0
HMR,HAMIRA,0,7,3,10,0.0,70.0,30.0
SVD,SARWARI,0,0,10,10,0.0,0.0,100.0
ANAS,ANAS,0,4,6,10,0.0,40.0,60.0
PKF,POKLA,0,0,10,10,0.0,0.0,100.0
AMVA,AMARAVILLA H,0,7,3,10,0.0,70.0,30.0
PLL,PARLI,0,5,5,10,0.0,50.0,50.0
PLMD,PILAMEDU,0,3,7,10,0.0,30.0,70.0
BFPA,BHOPATPUR,0,10,0,10,0.0,100.0,0.0
HNH,HANUMANAHALL,0,2,8,10,0.0,20.0,80.0
HNK,HANAKERE,0,4,6,10,0.0,40.0,60.0
RDI,KARDI,0,0,10,10,0.0,0.0,100.0
JNO,JUNNORDEO,0,4,6,10,0.0,40.0,60.0
JNP,JAGAN NATHAP,0,2,8,10,0.0,20.0,80.0
JOA,JANWAL,1,0,9,10,10.0,0.0,90.0
SLRA,SARLA,2,3,5,10,20.0,30.0,50.0
SLWR,SILAWAR,0,2,8,10,0.0,20.0,80.0
SLZ,SOLARI,0,2,8,10,0.0,20.0,80.0
BHGP,BHAGIRATHPUR,0,10,0,10,0.0,100.0,0.0
SUL,SULDHAL,0,4,6,10,0.0,40.0,60.0
HMA,HUMMA,0,2,8,10,0.0,20.0,80.0
BMLL,BAMLA,2,6,2,10,20.0,60.0,20.0
LVR,LOK VIDYAPIT,0,10,0,10,0.0,100.0,0.0
MABN,MABAN,0,4,6,10,0.0,40.0,60.0
BMPL,BRAHMANPALLI,0,1,9,10,0.0,10.0,90.0
LSX,LOISINGHA,0,0,10,10,0.0,0.0,100.0
LTD,LATHIDAD,0,5,5,10,0.0,50.0,50.0
JMPT,JIMIDIPETA,0,0,10,10,0.0,0.0,100.0
RCTC,RAGHUNATHPUR,0,7,3,10,0.0,70.0,30.0
RDF,RADHAGAON,0,4,6,10,0.0,40.0,60.0
RDHP,RADHANPUR,0,2,8,10,0.0,20.0,80.0
DLQ,DALELNAGAR,0,2,8,10,0.0,20.0,80.0
DLZ,DHOLBAZA,0,10,0,10,0.0,100.0,0.0
DMC,DHEMAJI,0,0,10,10,0.0,0.0,100.0
LUSA,LUSA,0,0,10,10,0.0,0.0,100.0
VRLR,VIRANI ALUR,0,7,3,10,0.0,70.0,30.0
DKC,DEVARKADRE,1,1,8,10,10.0,10.0,80.0
UPR,USMANPUR,0,0,10,10,0.0,0.0,100.0
UPW,UPPALAVAI,0,2,8,10,0.0,20.0,80.0
HPKA,HINOTIA-PIPA,0,4,6,10,0.0,40.0,60.0
HR,HARPALU,0,0,10,10,0.0,0.0,100.0
HRB,HARRI,1,0,9,10,10.0,0.0,90.0
BXP,BARPATHAR,0,0,10,10,0.0,0.0,100.0
BXQ,BRUNDAMAL,2,3,5,10,20.0,30.0,50.0
BXY,BORDHAI,0,4,6,10,0.0,40.0,60.0
SMCP,SIMEN CHAPAR,0,0,10,10,0.0,0.0,100.0
CHP,CHAPPI,0,2,8,10,0.0,20.0,80.0
CHPD,CHEPPAD,1,9,0,10,10.0,90.0,0.0
VRM,VARNAMA,0,6,4,10,0.0,60.0,40.0
BMCK,BISSAM  CUTT,0,2,8,10,0.0,20.0,80.0
BMGM,BRAHMANA GUD,0,5,5,10,0.0,50.0,50.0
HOD,HALDIA BIHAR,0,10,0,10,0.0,100.0,0.0
HOJ,HAMILTONGANJ,0,1,9,10,0.0,10.0,90.0
DAJ,DAROJI,0,0,10,10,0.0,0.0,100.0
UPD,ULAVAPADU,0,2,8,10,0.0,20.0,80.0
PNGM,PANCHGRAM,0,4,6,10,0.0,40.0,60.0
LP,LALAPET,0,9,1,10,0.0,90.0,10.0
LPG,LAPANGA,2,3,5,10,20.0,30.0,50.0
LPNR,LAJPAT NAGAR,6,4,0,10,60.0,40.0,0.0
BUM,BOMMASAMUDRA,0,7,3,10,0.0,70.0,30.0
LNN,LONAND,0,0,10,10,0.0,0.0,100.0
SNAP,SONA ARJUNPU,0,2,8,10,0.0,20.0,80.0
JLS,JALESAR ROAD,0,2,8,10,0.0,20.0,80.0
BKTB,BINDUKURI,2,2,6,10,20.0,20.0,60.0
KRSA,KHARSALIYA,0,6,4,10,0.0,60.0,40.0
KRSW,KOHAR SINGH,0,10,0,10,0.0,100.0,0.0
KRT,KHURAHAT,0,0,10,10,0.0,0.0,100.0
KRTN,KIRTINAGAR H,6,4,0,10,60.0,40.0,0.0
LNW,LAKHANWARA,0,10,0,10,0.0,100.0,0.0
PNPN,PANPANA PH,0,3,7,10,0.0,30.0,70.0
STH,SAITHAL (HAL,0,10,0,10,0.0,100.0,0.0
HSP,HASANPARTI R,0,2,8,10,0.0,20.0,80.0
HTJ,HATHRAS ROAD,0,6,4,10,0.0,60.0,40.0
DRR,DHARUR,0,4,6,10,0.0,40.0,60.0
BCB,BHOWRA BH,4,2,4,10,40.0,20.0,40.0
KSM,KAMASAMUDRAM,2,6,2,10,20.0,60.0,20.0
KSPR,KASHIPURA SA,0,6,4,10,0.0,60.0,40.0
KRYA,KURRAIYA,0,10,0,10,0.0,100.0,0.0
SML,SHIMLA,0,0,10,10,0.0,0.0,100.0
SMM,SALIYAMANGAL,0,5,5,10,0.0,50.0,50.0
SSD,SHAMSABAD,0,4,6,10,0.0,40.0,60.0
SSG,SHIU SAGAR R,0,2,8,10,0.0,20.0,80.0
SSN,SASON,2,3,5,10,20.0,30.0,50.0
POKL,PEOKOL  HALT,3,1,6,10,30.0,10.0,60.0
POO,POTLAPADU,0,1,9,10,0.0,10.0,90.0
POU,PADRAUNA,0,2,8,10,0.0,20.0,80.0
PP,PURANPUR,0,10,0,10,0.0,100.0,0.0
JKHI,JAKHOD KHERA,0,0,10,10,0.0,0.0,100.0
RAM,RAMAPURAM,0,7,3,10,0.0,70.0,30.0
RASP,RASIPURAM,0,4,6,10,0.0,40.0,60.0
JLT,JHAMAT (HALT,0,10,0,10,0.0,100.0,0.0
SNC,SWAMI NARAYA,0,1,9,10,0.0,10.0,90.0
LKT,HULKOTI,0,0,10,10,0.0,0.0,100.0
PPDE,PANDU PINDAR,0,4,6,10,0.0,40.0,60.0
PPDI,PIPRADIH,0,10,0,10,0.0,100.0,0.0
PPR,PIPAR ROAD J,0,2,8,10,0.0,20.0,80.0
SSC,SHAHI,0,10,0,10,0.0,100.0,0.0
CKA,CHAK PAKHEWA,0,8,2,10,0.0,80.0,20.0
CKB,CHOUTH-KA-BA,0,0,10,10,0.0,0.0,100.0
HSI,HARSAULI,0,2,8,10,0.0,20.0,80.0
LKD,LAKODARA,0,6,4,10,0.0,60.0,40.0
LHBK,LOTHAL BHURK,0,4,6,10,0.0,40.0,60.0
LHLL,LAHLI,2,6,2,10,20.0,60.0,20.0
PPZ,PEDDAMPET,0,2,8,10,0.0,20.0,80.0
SRPU,SRIPUR HALT,0,6,4,10,0.0,60.0,40.0
CKDL,CHAKDAYALA,0,2,8,10,0.0,20.0,80.0
CKLA,CHAK BANWALA,0,8,2,10,0.0,80.0,20.0
CKLT,CHAKKALI LAI,0,2,8,10,0.0,20.0,80.0
SNK,SINDKHEDA,0,0,10,10,0.0,0.0,100.0
SNKL,SANKARANKOVI,0,5,5,10,0.0,50.0,50.0
PYX,PEYANAPALLI,0,7,3,10,0.0,70.0,30.0
KTGD,KOTHGANGAD,0,4,6,10,0.0,40.0,60.0
KTJ,KHALTIPUR,0,4,6,10,0.0,40.0,60.0
RAG,RAIGIR  HALT,2,4,4,10,20.0,40.0,40.0
UTA,UMAR TALI,0,2,8,10,0.0,20.0,80.0
CKM,CHAUKI MAN,0,10,0,10,0.0,100.0,0.0
ARGL,ARGUL,0,2,8,10,0.0,20.0,80.0
ARGP,ARALAGUPPE,0,0,10,10,0.0,0.0,100.0
SRTN,SIBSAGAR TOW,0,2,8,10,0.0,20.0,80.0
SRUR,SIRPUR TOWN,0,2,8,10,0.0,20.0,80.0
LDR,LANDAURA,0,0,10,10,0.0,0.0,100.0
LDY,LAKKITI,0,5,5,10,0.0,50.0,50.0
LER,LEHRA F,0,4,6,10,0.0,40.0,60.0
BWR,BARWA SAGAR,0,2,8,10,0.0,20.0,80.0
BWZ,BADDOWAL,0,10,0,10,0.0,100.0,0.0
PVZ,PARVEZPUR,0,0,10,10,0.0,0.0,100.0
JJR,JEJURI,0,0,10,10,0.0,0.0,100.0
VRA,VALAVANUR HA,6,0,4,10,60.0,0.0,40.0
VRBD,VRINDABAN RO,0,5,5,10,0.0,50.0,50.0
PRB,PARBATI,0,0,10,10,0.0,0.0,100.0
LDCY,LODI COLONY,6,4,0,10,60.0,40.0,0.0
DSNI,DAUSNI,0,0,10,10,0.0,0.0,100.0
SRKI,SEMER KHEDI,0,4,6,10,0.0,40.0,60.0
AGR,AMARGARH,0,4,6,10,0.0,40.0,60.0
IDL,INDALVAI,0,2,8,10,0.0,20.0,80.0
IGU,IRUGUR,0,3,7,10,0.0,30.0,70.0
SNX,SANEH ROAD,10,0,0,10,100.0,0.0,0.0
CHRM,CHIRMIRI,0,2,8,10,0.0,20.0,80.0
DLMH,DHAULIMUHAN,0,2,8,10,0.0,20.0,80.0
DLPI,DELHI INDRAP,6,4,0,10,60.0,40.0,0.0
VP,VIRAPUR,1,1,8,10,10.0,10.0,80.0
BXG,BHANGA,0,6,4,10,0.0,60.0,40.0
KTO,KATORA,0,0,10,10,0.0,0.0,100.0
BLKR,BALLEKERE,0,0,10,10,0.0,0.0,100.0
BLL,BANTANAHAL,1,1,8,10,10.0,10.0,80.0
PUX,PARASIA,0,4,6,10,0.0,40.0,60.0
PRKH,PARAKANHATTI,0,4,6,10,0.0,40.0,60.0
BVQ,BHILAVDI,0,0,10,10,0.0,0.0,100.0
BVU,BALIPARA,0,2,8,10,0.0,20.0,80.0
BVW,BAHMNIWALA,0,10,0,10,0.0,100.0,0.0
URPR,UGRASENPUR,0,1,9,10,0.0,10.0,90.0
AKK,AKKIHEBBALU,0,2,8,10,0.0,20.0,80.0
SNM,SITANAGARAM,0,0,10,10,0.0,0.0,100.0
JGW,JOGIWALA,0,10,0,10,0.0,100.0,0.0
BVN,BISWAN,1,5,4,10,10.0,50.0,40.0
PRT,PANRUTI,0,6,4,10,0.0,60.0,40.0
INK,INTEKANNE,0,2,8,10,0.0,20.0,80.0
IPR,ISLAMPUR,0,8,2,10,0.0,80.0,20.0
IQB,IQBALPUR,0,0,10,10,0.0,0.0,100.0
KYOP,KOTTAPALLI H,0,2,8,10,0.0,20.0,80.0
IRA,ISRANA HALT,0,4,6,10,0.0,40.0,60.0
PSE,PUSAULI,0,2,8,10,0.0,20.0,80.0
KYM,KADIYAM,0,2,8,10,0.0,20.0,80.0
KWE,KHURIAL,0,2,8,10,0.0,20.0,80.0
KWN,KACHEWANI,1,7,2,10,10.0,70.0,20.0
KXB,KANJIA,0,4,6,10,0.0,40.0,60.0
PSZ,PARSAUNI,0,0,10,10,0.0,0.0,100.0
BWF,BUTEWALA,0,10,0,10,0.0,100.0,0.0
JAU,JHAUA,1,7,2,10,10.0,70.0,20.0
JBK,JAGGAMBHOTLA,0,0,10,10,0.0,0.0,100.0
JBO,JAMADOBA PH,4,2,4,10,40.0,20.0,40.0
SPTR,SILAPATHAR,0,0,10,10,0.0,0.0,100.0
KU,KULIKARAI,0,5,5,10,0.0,50.0,50.0
KUDN,KUDNI,0,0,10,10,0.0,0.0,100.0
KUF,KAURAH,0,2,8,10,0.0,20.0,80.0
AJTM,AJIT GILL MA,0,6,4,10,0.0,60.0,40.0
AJU,ARJUNI,0,1,9,10,0.0,10.0,90.0
JGJ,JAGESHARGANJ,0,0,10,10,0.0,0.0,100.0
BGWD,BAGEWADI H,0,4,6,10,0.0,40.0,60.0
BHBK,BODHADI BUJR,2,2,6,10,20.0,20.0,60.0
JDPT,JAGDISHPUR,0,10,0,10,0.0,100.0,0.0
SQN,SARAI KANSRA,0,1,9,10,0.0,10.0,90.0
JAB,YAMUNA BRIDG,0,6,4,10,0.0,60.0,40.0
BWI,BILWAI,0,0,10,10,0.0,0.0,100.0
BWL,BAWAL,0,1,9,10,0.0,10.0,90.0
PTLD,PATILADAHA,0,0,10,10,0.0,0.0,100.0
KVD,KHURMABAD RO,0,2,8,10,0.0,20.0,80.0
PUM,PALLIPPURAM,0,4,6,10,0.0,40.0,60.0
KUL,KALLAYI,0,4,6,10,0.0,40.0,60.0
JGD,JAGADISPUR,10,0,0,10,100.0,0.0,0.0
SOJ,SAROJINI NAG,6,4,0,10,60.0,40.0,0.0
BLRR,BELANDUR ROA,0,6,4,10,0.0,60.0,40.0
PTT,PUTALAPATTU,0,7,3,10,0.0,70.0,30.0
JCY,JIND CITY,0,4,6,10,0.0,40.0,60.0
JDB,JAGADALPUR,1,1,8,10,10.0,10.0,80.0
DDD,DHONDHA DIH,0,4,6,10,0.0,40.0,60.0
MY,MALLIYAM,0,10,0,10,0.0,100.0,0.0
BRH,BAIKUNTHPUR,0,0,10,10,0.0,0.0,100.0
NBKH,NABA GRAM KA,0,8,2,10,0.0,80.0,20.0
DODH,DODH,0,10,0,10,0.0,100.0,0.0
DOK,DHOLKA,0,4,6,10,0.0,40.0,60.0
DORD,DEO ROAD,0,6,4,10,0.0,60.0,40.0
NAU,NADAPURAM RO,0,3,7,10,0.0,30.0,70.0
NAVI,NEW AMRAVATI,0,2,8,10,0.0,20.0,80.0
EKR,EKANGAR SARA,0,8,2,10,0.0,80.0,20.0
EL,ELAMANUR,0,9,1,10,0.0,90.0,10.0
CVJ,CHAVAJ (BLOC,0,6,4,10,0.0,60.0,40.0
CWA,CHHINWARA JN,0,4,6,10,0.0,40.0,60.0
YGL,YELGUR,0,2,8,10,0.0,20.0,80.0
DCK,DHANDHUKA,0,4,6,10,0.0,40.0,60.0
BXS,PICHCHANDAR,3,2,4,9,33.3,22.2,44.4
BNE,BOHANI,0,0,9,9,0.0,0.0,100.0
BUGM,BERUGRAM,0,9,0,9,0.0,100.0,0.0
INS,INDAS PH,0,9,0,9,0.0,100.0,0.0
BWX,BAHMAN DIWAN,0,6,3,9,0.0,66.7,33.3
IKK,IKKAR HALT,0,0,9,9,0.0,0.0,100.0
BUDR,BAUDPUR,0,5,4,9,0.0,55.6,44.4
PJP,PANJIPARA,0,0,9,9,0.0,0.0,100.0
DDV,DADHDEVI,0,5,4,9,0.0,55.6,44.4
ATRR,ATRAURA (HAL,0,4,5,9,0.0,44.4,55.6
SVL,SEVALIYA,0,7,2,9,0.0,77.8,22.2
SVKD,SAVAR KUNDLA,0,2,7,9,0.0,22.2,77.8
DAS,DHASA,0,2,7,9,0.0,22.2,77.8
JTB,JAGATBELA,0,1,8,9,0.0,11.1,88.9
SUT,SATLANA,0,0,9,9,0.0,0.0,100.0
KZPE,KAZIPARA HAL,0,7,2,9,0.0,77.8,22.2
BTRB,BETUR PH,0,9,0,9,0.0,100.0,0.0
DS,DASNA,0,2,7,9,0.0,22.2,77.8
DLPT,DULAKHAPATNA,0,5,4,9,0.0,55.6,44.4
SRW,SHRI KARANPU,0,7,2,9,0.0,77.8,22.2
KPLD,KAPALI ROAD,0,5,4,9,0.0,55.6,44.4
KHRJ,KHUMBARAJ,0,1,8,9,0.0,11.1,88.9
PDS,PINDARSI HAL,0,7,2,9,0.0,77.8,22.2
KHM,KUSMHI,0,2,7,9,0.0,22.2,77.8
UTL,UTARLAI,0,2,7,9,0.0,22.2,77.8
DLD,DALAUDA,0,1,8,9,0.0,11.1,88.9
QTP,QUTABPUR,0,7,2,9,0.0,77.8,22.2
DUSI,DUSI,0,4,5,9,0.0,44.4,55.6
PBJM,PABNAWAJAS M,0,7,2,9,0.0,77.8,22.2
DAV,DEVALGANAUCH,0,0,9,9,0.0,0.0,100.0
SJM,SAJUMA,0,7,2,9,0.0,77.8,22.2
DUK,DUDIA,0,0,9,9,0.0,0.0,100.0
JES,JAITSAR,0,7,2,9,0.0,77.8,22.2
CHR,CHILKAHAR,0,0,9,9,0.0,0.0,100.0
SNKE,SUNEHTI KHAR,0,0,9,9,0.0,0.0,100.0
BMR,BIKRAMPUR,0,0,9,9,0.0,0.0,100.0
MACR,MANGULI CHOW,0,5,4,9,0.0,55.6,44.4
MA,MADHA,0,2,7,9,0.0,22.2,77.8
PPW,PACHPERWA,0,0,9,9,0.0,0.0,100.0
JLQ,JALPUR  HALT,0,8,1,9,0.0,88.9,11.1
PATL,PATEL HALT,0,4,5,9,0.0,44.4,55.6
DIW,DHILWAN,0,7,2,9,0.0,77.8,22.2
PRI,PATHRI,0,0,9,9,0.0,0.0,100.0
VKG,VAVADI KHURD,0,7,2,9,0.0,77.8,22.2
ULL,ULLAL,0,3,6,9,0.0,33.3,66.7
BXLL,BILLI,0,1,8,9,0.0,11.1,88.9
SRX,SURA NUSSI,0,7,2,9,0.0,77.8,22.2
GXG,GEONG  HALT,0,7,2,9,0.0,77.8,22.2
SQL,SONTALAI,0,0,9,9,0.0,0.0,100.0
SQE,SAMARALA HAL,0,2,7,9,0.0,22.2,77.8
SWG,SIDHWAN,0,9,0,9,0.0,100.0,0.0
DAL,DALIGANJ JN,1,4,4,9,11.1,44.4,44.4
JGG,JANGIGANJ,0,4,5,9,0.0,44.4,55.6
MAM,MANGALMAUDI,0,4,5,9,0.0,44.4,55.6
PPB,PARTABPURA,0,9,0,9,0.0,100.0,0.0
DRQ,DHARMINIYA,1,3,5,9,11.1,33.3,55.6
VLE,VELLALCHERUV,0,1,8,9,0.0,11.1,88.9
DRGJ,DARAGANJ,0,4,5,9,0.0,44.4,55.6
RHW,ROHIRA GHALL,0,2,7,9,0.0,22.2,77.8
BWCN,BOWAICHANDI,0,9,0,9,0.0,100.0,0.0
VLNK,VELANKANNI,5,2,2,9,55.6,22.2,22.2
VLDE,VALADI,3,2,4,9,33.3,22.2,44.4
BFR,PALLIKERI HA,0,3,6,9,0.0,33.3,66.7
PNDM,PENNADAM,0,2,7,9,0.0,22.2,77.8
JRK,JERUWAKHERA,0,2,7,9,0.0,22.2,77.8
KSTE,KISTAMASETTI,0,0,9,9,0.0,0.0,100.0
KWH,KACHHWA ROAD,0,4,5,9,0.0,44.4,55.6
SJGH,SARAI JAGDIS,0,4,5,9,0.0,44.4,55.6
KYB,KAIYAR PH,0,9,0,9,0.0,100.0,0.0
HDT,HARDATTPUR F,0,4,5,9,0.0,44.4,55.6
BFE,BAHAWAL BASI,0,6,3,9,0.0,66.7,33.3
PSF,PATRASAYER P,0,9,0,9,0.0,100.0,0.0
PLT,PIRTHALA LAL,0,0,9,9,0.0,0.0,100.0
UNK,UNKAL,2,0,7,9,22.2,0.0,77.8
CHH,CHAUKHANDI,0,1,8,9,0.0,11.1,88.9
ARL,ARAUL MAKANP,0,4,5,9,0.0,44.4,55.6
DKT,DHULKOT,0,2,7,9,0.0,22.2,77.8
BNG,BARNAGAR,0,7,2,9,0.0,77.8,22.2
SRBZ,SEHARA BAZAR,0,9,0,9,0.0,100.0,0.0
AMT,AMMAPET,0,5,4,9,0.0,55.6,44.4
MCQ,MIRCHADHORHI,0,1,8,9,0.0,11.1,88.9
MCO,MOTIHARI COU,0,1,8,9,0.0,11.1,88.9
SMPR,SHRI MADHOPU,1,0,8,9,11.1,0.0,88.9
HBP,HARPUR BOCHA,0,3,6,9,0.0,33.3,66.7
BYH,BHITI,0,4,5,9,0.0,44.4,55.6
KYV,KOYILVENNI H,0,5,4,9,0.0,55.6,44.4
KSNR,KHUSHAL NAGA,0,0,9,9,0.0,0.0,100.0
RMZ,ROUTHPURAM H,0,3,6,9,0.0,33.3,66.7
RMRB,RAMNAGAR (BE,0,9,0,9,0.0,100.0,0.0
TAS,THASRA,0,7,2,9,0.0,77.8,22.2
GTQ,GUMTALI,0,9,0,9,0.0,100.0,0.0
UKV,UTTAMARKOVIL,3,2,4,9,33.3,22.2,44.4
DIM,DHANSIMLA PH,0,9,0,9,0.0,100.0,0.0
GSQ,GUIR SARANG,0,9,0,9,0.0,100.0,0.0
TBA,TIMBA ROAD J,0,7,2,9,0.0,77.8,22.2
RNGR,RAINAGAR PH,0,9,0,9,0.0,100.0,0.0
SHMR,SHYAMSUNDAR,0,9,0,9,0.0,100.0,0.0
SHKL,SHANKRUL PH,0,9,0,9,0.0,100.0,0.0
AGCI,ANGADI,0,7,2,9,0.0,77.8,22.2
GRZ,GURTHURI,0,7,2,9,0.0,77.8,22.2
MID,MADHI,0,0,9,9,0.0,0.0,100.0
GRRG,GURLI RAMGAR,0,0,9,9,0.0,0.0,100.0
GRO,GURRA,0,0,9,9,0.0,0.0,100.0
BILD,BILDI,0,4,5,9,0.0,44.4,55.6
CAMU,CHAMUA F,0,0,9,9,0.0,0.0,100.0
BELD,BELKHEDA,0,0,9,9,0.0,0.0,100.0
GPR,GHORPURI,0,0,9,9,0.0,0.0,100.0
AJIT,AJIT,0,0,9,9,0.0,0.0,100.0
KMRL,KUMRUI PH,0,9,0,9,0.0,100.0,0.0
GOR,GOPINATHPUR,0,9,0,9,0.0,100.0,0.0
NVU,NAVALUR,2,0,7,9,22.2,0.0,77.8
MLG,MALHARGARH,0,1,8,9,0.0,11.1,88.9
DOD,DHODHAR,0,1,8,9,0.0,11.1,88.9
NVRD,NAVADE ROAD,1,4,4,9,11.1,44.4,44.4
NTU,NIGATPUR F,0,4,5,9,0.0,44.4,55.6
TIK,TIK,0,7,2,9,0.0,77.8,22.2
GMMG,GRAM MASAGRA,0,9,0,9,0.0,100.0,0.0
SFW,SARANGPUR,0,0,9,9,0.0,0.0,100.0
GNJ,GUNJI,0,1,8,9,0.0,11.1,88.9
BATM,BATALA SUGAR,0,9,0,9,0.0,100.0,0.0
BARL,BARAL,0,7,2,9,0.0,77.8,22.2
GMD,GURAMKHEDI,0,0,9,9,0.0,0.0,100.0
SET,SETTIHALLI,0,4,5,9,0.0,44.4,55.6
GMDP,GRAMDADPUR,0,9,0,9,0.0,100.0,0.0
MNKB,MIYON KA BAR,0,0,9,9,0.0,0.0,100.0
BIY,BARDOLI,0,0,9,9,0.0,0.0,100.0
RSNR,RAI SINGH NA,0,7,2,9,0.0,77.8,22.2
GJS,GAJSINGHPUR,0,7,2,9,0.0,77.8,22.2
GLG,GULABGANJ,0,2,7,9,0.0,22.2,77.8
BSGR,BHAGSAR,0,7,2,9,0.0,77.8,22.2
RTR,RAMNATHPUR,0,4,5,9,0.0,44.4,55.6
RTB,RAJA TALAB,0,4,5,9,0.0,44.4,55.6
TME,TUTIMELUR,3,2,4,9,33.3,22.2,44.4
NOI,NARIAOLI,0,2,7,9,0.0,22.2,77.8
DOR,DUNDARA,0,0,9,9,0.0,0.0,100.0
TMU,TIRUMATHIKKU,0,5,4,9,0.0,55.6,44.4
MPLE,MAHIPAL  HAL,0,5,4,9,0.0,55.6,44.4
MOW,MANANWALA,0,7,2,9,0.0,77.8,22.2
KKRM,KAIKORAM,0,2,7,9,0.0,22.2,77.8
KEH,KAPSETHI,0,1,8,9,0.0,11.1,88.9
KED,KENDUAPADA,0,5,4,9,0.0,55.6,44.4
AHM,AHIMANPUR,0,4,5,9,0.0,44.4,55.6
BRWH,BAHERWA (HAL,0,4,5,9,0.0,44.4,55.6
CWN,CHAREWAN HAL,0,7,2,9,0.0,77.8,22.2
BDN,BHADAN,0,5,4,9,0.0,55.6,44.4
GDP,GUDUPALLI,2,5,2,9,22.2,55.6,22.2
MRN,MORWANI,0,4,5,9,0.0,44.4,55.6
DGF,DHANGARIA PH,0,9,0,9,0.0,100.0,0.0
KKB,KARAKBEL,0,0,9,9,0.0,0.0,100.0
RVD,RAVIKAMPADU,0,3,6,9,0.0,33.3,66.7
BPU,BHAUPUR,0,6,3,9,0.0,66.7,33.3
MSSD,MAHESHRI SAN,0,9,0,9,0.0,100.0,0.0
KESR,KESRI SINGHP,0,7,2,9,0.0,77.8,22.2
SDC,SAIDABAD,0,4,5,9,0.0,44.4,55.6
SDBH,SINDRI B.H,2,5,2,9,22.2,55.6,22.2
RYS,RASUIYA,0,2,7,9,0.0,22.2,77.8
GAUR,GAUR,0,1,8,9,0.0,11.1,88.9
NHY,NAGANAHALLI,0,3,6,9,0.0,33.3,66.7
KIW,KANWALPURA,0,5,4,9,0.0,55.6,44.4
MTIP,MATHNANHIPUR,0,9,0,9,0.0,100.0,0.0
ALMW,ALMAW (HALT),0,4,5,9,0.0,44.4,55.6
KFQ,KUMARANALLUR,0,4,5,9,0.0,44.4,55.6
KFK,KATKA,0,4,5,9,0.0,44.4,55.6
KISN,KALISEN PH,2,3,4,9,22.2,33.3,44.4
FTD,FATEHABAD JN,0,7,2,9,0.0,77.8,22.2
FSR,FAQARSAR,0,6,3,9,0.0,66.7,33.3
TSA,TISUA,0,2,7,9,0.0,22.2,77.8
TTU,TETTU,0,2,7,9,0.0,22.2,77.8
FKB,FAKHRABAD HA,0,2,7,9,0.0,22.2,77.8
DEL,DENDULURU,0,2,7,9,0.0,22.2,77.8
TUWA,TUWA,0,7,2,9,0.0,77.8,22.2
BRBS,BIRBANS,2,5,2,9,22.2,55.6,22.2
BRBL,BIRAHALLI,0,2,7,9,0.0,22.2,77.8
BDBG,BADHAI BALAM,0,7,2,9,0.0,77.8,22.2
PTRJ,PATTI RAJPUR,0,0,9,9,0.0,0.0,100.0
BRGT,BHERAGHAT,0,0,9,9,0.0,0.0,100.0
JDDA,JETHA HALT,1,4,4,9,11.1,44.4,44.4
JBW,JHABELWALI,0,7,2,9,0.0,77.8,22.2
SNO,SOMANUR,0,3,5,8,0.0,37.5,62.5
DL,DALADI,0,0,8,8,0.0,0.0,100.0
DKX,DUDHWAKHARA,0,0,8,8,0.0,0.0,100.0
BLGA,BELAGULA,0,2,6,8,0.0,25.0,75.0
PUWA,PAUWARA  HAL,0,8,0,8,0.0,100.0,0.0
PUW,PATUWAS MEHR,0,3,5,8,0.0,37.5,62.5
JFD,JIADHAL,0,0,8,8,0.0,0.0,100.0
DRZ,DALLI-RAJHAR,0,8,0,8,0.0,100.0,0.0
BGTN,BHAGTANWALA,0,8,0,8,0.0,100.0,0.0
BGSF,BISUGIR SHAR,0,0,8,8,0.0,0.0,100.0
BGRM,BIGGABAS RAM,0,3,5,8,0.0,37.5,62.5
BGQ,BHONGAON,0,0,8,8,0.0,0.0,100.0
LAN,LOTANA,0,6,2,8,0.0,75.0,25.0
LAL,LUSHALA,0,0,8,8,0.0,0.0,100.0
LAD,LOHARDAGA  B,1,7,0,8,12.5,87.5,0.0
PRE,PAHARA,0,3,5,8,0.0,37.5,62.5
PRDL,PARADOL,0,2,6,8,0.0,25.0,75.0
BLLI,BALLI,0,4,4,8,0.0,50.0,50.0
BLJA,BHALOJALA  H,0,8,0,8,0.0,100.0,0.0
BLGT,BALURGHAT,0,2,6,8,0.0,25.0,75.0
KTPR,KATHALPUKHUR,0,0,8,8,0.0,0.0,100.0
BXA,BALOD,0,8,0,8,0.0,100.0,0.0
SNS,SASNI,0,3,5,8,0.0,37.5,62.5
IGL,IRINGAL HALT,0,3,5,8,0.0,37.5,62.5
IDJ,IDALHOND H,0,0,8,8,0.0,0.0,100.0
AGY,AGORI KHAS,0,0,8,8,0.0,0.0,100.0
LDA,LIDHORA,0,2,6,8,0.0,25.0,75.0
LCR,LOKUR,0,0,8,8,0.0,0.0,100.0
LBO,LATABOR,0,8,0,8,0.0,100.0,0.0
LBI,LILABARI,0,0,8,8,0.0,0.0,100.0
DKWA,DOKWA,0,0,8,8,0.0,0.0,100.0
SRPM,SIRIPURAM,0,3,5,8,0.0,37.5,62.5
SRMP,SIRSI MUKHDU,0,8,0,8,0.0,100.0,0.0
SRMN,SEMRAON,0,5,3,8,0.0,62.5,37.5
IB,IB,1,1,6,8,12.5,12.5,75.0
HZR,HAFIZPUR,0,7,1,8,0.0,87.5,12.5
HZN,HAZRATNAGAR,0,8,0,8,0.0,100.0,0.0
HYL,HADYAL,0,0,8,8,0.0,0.0,100.0
HYA,HADIAYA,0,3,5,8,0.0,37.5,62.5
HVM,HAMSAVARAM,0,2,6,8,0.0,25.0,75.0
VPR,VISAPUR,0,0,8,8,0.0,0.0,100.0
VPO,BHUPIA MAU,0,0,8,8,0.0,0.0,100.0
PQT,PUNIYAVANT,0,8,0,8,0.0,100.0,0.0
BLW,BALAWALI,0,0,8,8,0.0,0.0,100.0
JJW,JOJWA,0,8,0,8,0.0,100.0,0.0
JJN,JHUNJUNU,0,0,8,8,0.0,0.0,100.0
JITE,JITE,0,4,4,8,0.0,50.0,50.0
JIL,JALILA ROAD,0,2,6,8,0.0,25.0,75.0
JIA,JIGNA,0,3,5,8,0.0,37.5,62.5
PYA,PEDAPARIYA,0,6,2,8,0.0,75.0,25.0
PWBN,PAWAI BROHMA,4,4,0,8,50.0,50.0,0.0
BWW,BARAWAHA,0,8,0,8,0.0,100.0,0.0
BWV,BHIWAPUR,0,0,8,8,0.0,0.0,100.0
KTKS,KANTAKOSH HA,0,8,0,8,0.0,100.0,0.0
KTKL,KOTLI KALAN,0,0,8,8,0.0,0.0,100.0
LEDO,LEDO,1,5,2,8,12.5,62.5,25.0
LDX,LADDA,0,0,8,8,0.0,0.0,100.0
BLSR,BELASAR  HAL,0,3,5,8,0.0,37.5,62.5
PQL,PINDIAL,0,2,6,8,0.0,25.0,75.0
PQH,PINDKEPAR HA,0,1,7,8,0.0,12.5,87.5
PQD,PRANPUR ROAD,0,8,0,8,0.0,100.0,0.0
SRSL,SIRSALA  HAL,0,0,8,8,0.0,0.0,100.0
SNDY,SANDAI (HALT,0,8,0,8,0.0,100.0,0.0
KTKA,KOTAKADRA HA,1,1,6,8,12.5,12.5,75.0
KTGO,KOTGAON HALT,0,0,8,8,0.0,0.0,100.0
KTGN,KOTLA GUJRAN,2,6,0,8,25.0,75.0,0.0
PYI,PAYLI,0,3,5,8,0.0,37.5,62.5
SNLR,SANTALPUR,0,2,6,8,0.0,25.0,75.0
CKG,CHOWKA GHAT,0,1,7,8,0.0,12.5,87.5
SRPN,SRIPANI,0,0,8,8,0.0,0.0,100.0
PPY,PAPATAPALLI,0,3,5,8,0.0,37.5,62.5
LIJ,LAKSHMIGANJ,0,2,6,8,0.0,25.0,75.0
LHM,LEHRA MUHABB,0,3,5,8,0.0,37.5,62.5
LKBL,LAKHABAVAL,0,0,8,8,0.0,0.0,100.0
LKB,LAKSHMIPUR B,0,3,5,8,0.0,37.5,62.5
HSDA,HANSDIHA,1,7,0,8,12.5,87.5,0.0
ARAG,ARAG,0,2,6,8,0.0,25.0,75.0
PPE,PAINTEPUR F,0,5,3,8,0.0,62.5,37.5
PPDA,PANCHPATIA D,0,4,4,8,0.0,50.0,50.0
LKY,LAKHMAPUR,0,0,8,8,0.0,0.0,100.0
LKNA,LAKHNA,0,0,8,8,0.0,0.0,100.0
DRN,DEORANIAN,0,8,0,8,0.0,100.0,0.0
DRBR,DEORAHA BABA,7,1,0,8,87.5,12.5,0.0
SNBD,SUNDERABAD,0,7,1,8,0.0,87.5,12.5
JLW,JHALWARA,1,0,7,8,12.5,0.0,87.5
RAYA,RAYA,0,4,4,8,0.0,50.0,50.0
RAMR,RAMAIPUR (HA,0,5,3,8,0.0,62.5,37.5
KSW,KHERI SALWA,0,2,6,8,0.0,25.0,75.0
JKT,JEKOT,0,4,4,8,0.0,50.0,50.0
POT,POTHIA,0,0,8,8,0.0,0.0,100.0
LMD,LINGANENIDOD,0,2,6,8,0.0,25.0,75.0
LLU,LALRU,0,2,6,8,0.0,25.0,75.0
SSNH,SHRISARADANA,0,0,8,8,0.0,0.0,100.0
SSKL,SUSKAL,0,8,0,8,0.0,100.0,0.0
SSKA,SISARKA,0,2,6,8,0.0,25.0,75.0
SSI,SHIRSAI,3,5,0,8,37.5,62.5,0.0
SSGR,SISAI GULAB,7,1,0,8,87.5,12.5,0.0
SSF,SIRSUPHAL,3,5,0,8,37.5,62.5,0.0
SMNE,SOMTANE,0,4,4,8,0.0,50.0,50.0
KSBP,KESHABPUR,0,8,0,8,0.0,100.0,0.0
KSK,KASIM KOTA,0,2,6,8,0.0,25.0,75.0
KSIH,KHODSEONI,0,1,7,8,0.0,12.5,87.5
USRA,USRA,0,4,4,8,0.0,50.0,50.0
URR,UMRED,0,0,8,8,0.0,0.0,100.0
BBN,BARBIL,0,2,6,8,0.0,25.0,75.0
STNR,SITALNAGAR,0,3,5,8,0.0,37.5,62.5
STE,SAGARAKATTE,0,2,6,8,0.0,25.0,75.0
HSB,HASANBAZAR H,0,5,3,8,0.0,62.5,37.5
HRPG,HARPALGANJ,0,3,5,8,0.0,37.5,62.5
CKSR,CHAKSAFAURA,0,8,0,8,0.0,100.0,0.0
SSU,SASAMUSA,0,2,6,8,0.0,25.0,75.0
SSPH,SATISH SAMAN,0,8,0,8,0.0,100.0,0.0
LLR,LALPUR,1,1,6,8,12.5,12.5,75.0
POI,PONPADI,0,4,4,8,0.0,50.0,50.0
LOL,LOLIEM,0,4,4,8,0.0,50.0,50.0
LNR,LUN RICHHA,0,0,8,8,0.0,0.0,100.0
KRTL,KARTAULI (HA,0,8,0,8,0.0,100.0,0.0
KRTA,KARKATTA,0,0,8,8,0.0,0.0,100.0
KRPR,KAREPUR HALT,0,0,8,8,0.0,0.0,100.0
BKTH,BAIKUNTH,1,3,4,8,12.5,37.5,50.0
RCR,RATAR CHHATT,2,6,0,8,25.0,75.0,0.0
RCP,RAMA CHANDRA,4,0,4,8,50.0,0.0,50.0
RCGT,RICHUGHUTA,0,0,8,8,0.0,0.0,100.0
SMRR,SUMRERI,0,2,6,8,0.0,25.0,75.0
LMY,LAIMEKURI,0,0,8,8,0.0,0.0,100.0
LOV,LOVEDALE,6,1,1,8,75.0,12.5,12.5
BMHT,BARAW MORE,0,5,3,8,0.0,62.5,37.5
AWS,AWASANI,0,0,8,8,0.0,0.0,100.0
DST,DASAMPATTI,0,0,8,8,0.0,0.0,100.0
DSPT,DANISHPET,0,0,8,8,0.0,0.0,100.0
DAG,DHANG,0,2,6,8,0.0,25.0,75.0
DABN,DHABAN,0,2,6,8,0.0,25.0,75.0
CKN,CHINTA KANI,0,3,5,8,0.0,37.5,62.5
HRG,HIRDAGARH,0,4,4,8,0.0,50.0,50.0
BMGR,BAMANGRAM,0,6,2,8,0.0,75.0,25.0
BMGN,BAMUNIGAON,0,1,7,8,0.0,12.5,87.5
ALAL,ALAL,0,3,5,8,0.0,37.5,62.5
BAMA,BIRAMBAD,0,4,4,8,0.0,50.0,50.0
BALR,BAITALPUR,0,2,6,8,0.0,25.0,75.0
SUBR,SUBHAGPUR,0,0,8,8,0.0,0.0,100.0
STZ,SATRAON F,7,1,0,8,87.5,12.5,0.0
JNKR,JANAKINAGAR,0,6,2,8,0.0,75.0,25.0
CHNR,CHHAN ARORIA,0,2,6,8,0.0,25.0,75.0
SMD,CHERANMAHADE,0,8,0,8,0.0,100.0,0.0
BLDK,BELAKOBA,0,7,1,8,0.0,87.5,12.5
BLAX,BARLAI,1,4,3,8,12.5,50.0,37.5
BLA,BAJALTA,1,3,4,8,12.5,37.5,50.0
KRNU,KANANUR,0,8,0,8,0.0,100.0,0.0
KRUR,KEERANUR,0,6,2,8,0.0,75.0,25.0
STPT,SITAMPET HAL,0,1,7,8,0.0,12.5,87.5
ATT,ATARI JN,4,2,2,8,50.0,25.0,25.0
ATS,ATTABIRA,0,0,8,8,0.0,0.0,100.0
DBY,DIGBOI,1,5,2,8,12.5,62.5,25.0
VRLF,VERAVAL MG,0,4,4,8,0.0,50.0,50.0
LUA,LALAURI KHER,0,8,0,8,0.0,100.0,0.0
LTR,LAKHTAR,0,0,8,8,0.0,0.0,100.0
DMD,DHARMADAM HA,0,3,5,8,0.0,37.5,62.5
DLX,DALIMGAON,0,6,2,8,0.0,75.0,25.0
VLL,VELLAYIL HAL,0,3,5,8,0.0,37.5,62.5
RD,RAM DAYALU N,0,4,4,8,0.0,50.0,50.0
JMQ,JAMIRGHATA,0,4,4,8,0.0,50.0,50.0
JMK,JAMUNAMUKH,0,0,8,8,0.0,0.0,100.0
JMIR,JAMIRA HALT,0,3,5,8,0.0,37.5,62.5
JMG,JAMGA,1,1,6,8,12.5,12.5,75.0
LRU,LALPUR UMRIL,0,0,8,8,0.0,0.0,100.0
BMP,BRAMHPURI,0,1,7,8,0.0,12.5,87.5
HM,HADMATIYA,0,0,8,8,0.0,0.0,100.0
SUJ,SARJU,0,1,7,8,0.0,12.5,87.5
BGD,BARA GUDHA,0,0,8,8,0.0,0.0,100.0
KRMP,KUMARIPUR HA,0,8,0,8,0.0,100.0,0.0
KRMG,KUMARAMANGAL,0,6,2,8,0.0,75.0,25.0
KRL,KOTARLIA,1,1,6,8,12.5,12.5,75.0
VMP,VALLAMPADUGA,0,6,2,8,0.0,75.0,25.0
VLT,VALATHOOR,0,2,6,8,0.0,25.0,75.0
DMG,DOMINGARH,0,1,7,8,0.0,12.5,87.5
BFQ,BENDI,0,0,8,8,0.0,0.0,100.0
HNG,HIRANGAON,0,4,4,8,0.0,50.0,50.0
HNDR,HENDEGIR,0,0,8,8,0.0,0.0,100.0
SUI,SUI,0,2,6,8,0.0,25.0,75.0
PLGH,PALIGARH (HA,0,0,8,8,0.0,0.0,100.0
PLA,PALIA,0,7,1,8,0.0,87.5,12.5
AMY,AKATHAMURI,0,3,5,8,0.0,37.5,62.5
MAGH,MANIKGARH JN,0,0,8,8,0.0,0.0,100.0
PKPU,PEDDAKURA PA,0,3,5,8,0.0,37.5,62.5
ANF,ANANTAPURAM,0,2,6,8,0.0,25.0,75.0
ANA,ASLANA,0,2,6,8,0.0,25.0,75.0
PJK,PANJ-KOSI,0,4,4,8,0.0,50.0,50.0
SVG,SAWALGI,0,2,6,8,0.0,25.0,75.0
SUZ,SUBANSIRI,0,0,8,8,0.0,0.0,100.0
SUX,SUDIYUR,0,5,3,8,0.0,62.5,37.5
JPD,JALALPUR-DHA,0,0,8,8,0.0,0.0,100.0
VAN,VADHVANA,0,8,0,8,0.0,100.0,0.0
VAL,VADAL,0,0,8,8,0.0,0.0,100.0
KRGN,KARGAON HALT,0,0,8,8,0.0,0.0,100.0
RET,RENTIYA,0,4,4,8,0.0,50.0,50.0
REG,REGUPALEM,0,2,6,8,0.0,25.0,75.0
RDS,RAMDAS,2,6,0,8,25.0,75.0,0.0
BHJ,BARHAJ BAZAR,7,1,0,8,87.5,12.5,0.0
HMQ,HIMMATPURA,0,0,8,8,0.0,0.0,100.0
HML,HELEM,0,0,8,8,0.0,0.0,100.0
HMK,HINDUMALKOTE,0,4,4,8,0.0,50.0,50.0
PJH,PIRJHALAR,0,7,1,8,0.0,87.5,12.5
PIS,PISKA FS,1,7,0,8,12.5,87.5,0.0
MANI,MANI HALT,0,5,3,8,0.0,62.5,37.5
MALK,MALKAPUR ROA,2,0,6,8,25.0,0.0,75.0
PIO,PILOL,0,6,2,8,0.0,75.0,25.0
HHG,HEHEGARA HAL,0,0,8,8,0.0,0.0,100.0
HGR,HIMGIR,1,1,6,8,12.5,12.5,75.0
HGJ,HARDUAGANJ,0,0,8,8,0.0,0.0,100.0
SVQ,SIVOK,0,0,8,8,0.0,0.0,100.0
SKW,SHEIKHUPUR,0,8,0,8,0.0,100.0,0.0
BHME,BHANDARIDAH,1,0,7,8,12.5,0.0,87.5
BHMA,BAGHMARA HAL,0,8,0,8,0.0,100.0,0.0
BYSA,BASULYA SUTA,0,8,0,8,0.0,100.0,0.0
BYS,BARSALI,2,0,6,8,25.0,0.0,75.0
KQW,KHEDULI,0,0,8,8,0.0,0.0,100.0
KQQ,KAUKUNTLA,0,0,8,8,0.0,0.0,100.0
RGNH,RAGHUNATHGAR,0,8,0,8,0.0,100.0,0.0
MAYR,MAYAR,0,2,6,8,0.0,25.0,75.0
BTX,BELA TAL,0,0,8,8,0.0,0.0,100.0
PHE,PAHALEJA,0,2,6,8,0.0,25.0,75.0
PGZ,PERUNGUZHI,0,3,5,8,0.0,37.5,62.5
HEI,HEGGERE,0,0,8,8,0.0,0.0,100.0
CLN,KOLLIDAM,0,6,2,8,0.0,75.0,25.0
BMY,BAMIANA,0,8,0,8,0.0,100.0,0.0
BMW,BAMHANI,0,0,8,8,0.0,0.0,100.0
MBG,MAIBANG,0,3,5,8,0.0,37.5,62.5
PGU,PADUGUPADU,0,2,6,8,0.0,25.0,75.0
DTN,DHAMTAN SAHI,0,0,8,8,0.0,0.0,100.0
DTL,DARRITOLA,0,0,8,8,0.0,0.0,100.0
ULM,URLAM,0,2,6,8,0.0,25.0,75.0
SWJ,SIAJULI,0,0,8,8,0.0,0.0,100.0
SWE,SIWAITH,0,0,8,8,0.0,0.0,100.0
SWD,SANAWAD,0,8,0,8,0.0,100.0,0.0
CLDB,CHANDLODIYA(,2,4,2,8,25.0,50.0,25.0
CLD,CHALSA,0,1,7,8,0.0,12.5,87.5
HDWL,HARDORAWAL,2,6,0,8,25.0,75.0,0.0
HDM,HIRDAMALI,0,1,7,8,0.0,12.5,87.5
UND,UNCHDIH,0,3,5,8,0.0,37.5,62.5
MCU,MULACALA CHE,0,0,8,8,0.0,0.0,100.0
MC,MANDAPAM CAM,0,5,3,8,0.0,62.5,37.5
CHDX,CHHADA,0,0,8,8,0.0,0.0,100.0
AWH,ALEWAHI,0,1,7,8,0.0,12.5,87.5
BYP,BAIJNATHPUR,2,6,0,8,25.0,75.0,0.0
KPPR,KARUPPUR,0,0,8,8,0.0,0.0,100.0
KPZ,KAPREN,0,0,8,8,0.0,0.0,100.0
UWNR,UDWANT NAGAR,0,5,3,8,0.0,62.5,37.5
AT,ASNOTI,0,4,4,8,0.0,50.0,50.0
DASF,DHASA JN (MG,0,4,4,8,0.0,50.0,50.0
SKX,SARKARA,5,1,2,8,62.5,12.5,25.0
DHRR,DHIRERA,0,0,8,8,0.0,0.0,100.0
DIT,DOHRIGHAT,2,6,0,8,25.0,75.0,0.0
DIPA,DIPA,0,0,8,8,0.0,0.0,100.0
VRVL,VIRA VALLI H,0,2,6,8,0.0,25.0,75.0
PEN,PEN,0,4,4,8,0.0,50.0,50.0
PEL,POLIREDDIPAL,0,6,2,8,0.0,75.0,25.0
PEA,PETTAI,0,8,0,8,0.0,100.0,0.0
SYE,SINDEWAHI,0,1,7,8,0.0,12.5,87.5
SYC,SARAI CHANDI,0,1,7,8,0.0,12.5,87.5
HDA,HIRNODA,1,1,6,8,12.5,12.5,75.0
HBS,HEBSUR,0,0,8,8,0.0,0.0,100.0
SXF,SOBHAPUR,0,0,8,8,0.0,0.0,100.0
MDHA,MADHADA,6,2,0,8,75.0,25.0,0.0
MDDG,MALADGAON,3,5,0,8,37.5,62.5,0.0
MDLA,MUDLANA,0,2,6,8,0.0,25.0,75.0
BTRO,BASTOI (HALT,0,4,4,8,0.0,50.0,50.0
BTRI,BITROI,0,8,0,8,0.0,100.0,0.0
CMC,CHEMANCHERI,0,3,5,8,0.0,37.5,62.5
APTA,APTA,0,4,4,8,0.0,50.0,50.0
APN,AYODHYAPATTI,0,4,4,8,0.0,50.0,50.0
RIKD,RISHIKUND,0,3,5,8,0.0,37.5,62.5
BKRO,BOKARO THERM,1,0,7,8,12.5,0.0,87.5
BKRL,BAKROL,0,6,2,8,0.0,75.0,25.0
RIGA,RIGA,0,2,6,8,0.0,25.0,75.0
RGU,RAGAUL,0,0,8,8,0.0,0.0,100.0
JRA,JARAIKELA,1,5,2,8,12.5,62.5,25.0
JPZ,JOGIGHOPA,0,0,8,8,0.0,0.0,100.0
HBL,HOMBAL,0,0,8,8,0.0,0.0,100.0
HAH,HOSA AGRAHAR,0,2,6,8,0.0,25.0,75.0
GZS,GIANI ZAIL S,0,4,4,8,0.0,50.0,50.0
GZM,GOUR MALDA,0,4,4,8,0.0,50.0,50.0
BNK,BANASANKARI,0,0,8,8,0.0,0.0,100.0
BNH,BHIMNATH,0,2,6,8,0.0,25.0,75.0
DBB,DHUBRI,0,0,8,8,0.0,0.0,100.0
DB,DABHOI JN.,0,8,0,8,0.0,100.0,0.0
KPJ,KOPAGANJ HAL,2,6,0,8,25.0,75.0,0.0
KPE,KAUWAPUR,0,0,8,8,0.0,0.0,100.0
SKSO,SIKOSA,0,8,0,8,0.0,100.0,0.0
SKND,SUKINDA ROAD,0,0,8,8,0.0,0.0,100.0
SKLI,SUKLI,5,3,0,8,62.5,37.5,0.0
MEU,MENDU (HALT),0,4,4,8,0.0,50.0,50.0
PDD,PADUBIDRI,1,0,7,8,12.5,0.0,87.5
GW,GIRWAR,0,2,6,8,0.0,25.0,75.0
BEP,BHEERPUR,0,3,5,8,0.0,37.5,62.5
BEO,BIROHE,0,3,5,8,0.0,37.5,62.5
ANP,ANANDATANDAV,0,6,2,8,0.0,75.0,25.0
CABN,BMY A CABIN,3,2,3,8,37.5,25.0,37.5
APH,ANUPGARH,0,8,0,8,0.0,100.0,0.0
SJV,SAJHAULI HAL,0,5,3,8,0.0,62.5,37.5
SJQ,SURAJPUR ROA,0,0,8,8,0.0,0.0,100.0
BHRH,BHUYAR,0,0,8,8,0.0,0.0,100.0
SZF,SATBAHINI,0,0,8,8,0.0,0.0,100.0
SYZ,SONAI,0,4,4,8,0.0,50.0,50.0
SYU,SARAYAN,0,5,3,8,0.0,62.5,37.5
GWSB,GOINDWAL SAH,0,8,0,8,0.0,100.0,0.0
CMX,CHAMAGRAM,0,4,4,8,0.0,50.0,50.0
MGG,MANGLIYAGAON,1,4,3,8,12.5,50.0,37.5
PCM,PAVURCHATRAM,0,8,0,8,0.0,100.0,0.0
GUP,GAURIPUR,0,0,8,8,0.0,0.0,100.0
GUK,GUNTAKODURU,0,6,2,8,0.0,75.0,25.0
SJGM,SANJOY GRAM,0,2,6,8,0.0,25.0,75.0
JTRD,JATH ROAD,0,2,6,8,0.0,25.0,75.0
JTK,JHITKIA,0,6,2,8,0.0,75.0,25.0
BKHR,BAKHRI,0,0,8,8,0.0,0.0,100.0
RKN,RATI-KA-NAGL,0,4,4,8,0.0,50.0,50.0
RKK,RATANGARH KA,0,0,8,8,0.0,0.0,100.0
BFF,BARABHATI,0,1,7,8,0.0,12.5,87.5
BFD,BORHAT,0,0,8,8,0.0,0.0,100.0
PCLI,PALACHAURI,0,4,4,8,0.0,50.0,50.0
BTBR,BUTI BORI JN,0,2,6,8,0.0,25.0,75.0
MGLI,MANGLI HALT,0,0,8,8,0.0,0.0,100.0
UKD,ULINDAKONDA,0,3,5,8,0.0,37.5,62.5
GTM,GHATAMPUR,0,0,8,8,0.0,0.0,100.0
GTLM,GOTLAM,0,0,8,8,0.0,0.0,100.0
MGL,MUGLOLLI,0,0,8,8,0.0,0.0,100.0
PAX,PATTI,0,8,0,8,0.0,100.0,0.0
PAVI,PAVI,0,8,0,8,0.0,100.0,0.0
PATM,PATAM,0,5,3,8,0.0,62.5,37.5
BTHL,BITHAULI F,0,4,4,8,0.0,50.0,50.0
PAPM,PALATPOTARAM,0,1,7,8,0.0,12.5,87.5
DAQ,DAUD KHAN,0,3,5,8,0.0,37.5,62.5
DAP,DAGMAGPUR,0,3,5,8,0.0,37.5,62.5
DAO,DAGHORA,1,1,6,8,12.5,12.5,75.0
VAY,VAYALAR,0,8,0,8,0.0,100.0,0.0
SHTS,SAMBAHAL HAT,0,8,0,8,0.0,100.0,0.0
KO,KOSGI,1,2,5,8,12.5,25.0,62.5
KNS,KANCHAUSI,0,6,2,8,0.0,75.0,25.0
KNPS,KENDPOSI,0,5,3,8,0.0,62.5,37.5
RMF,RAMNA,0,0,8,8,0.0,0.0,100.0
SHJP,SAHAJIPUR HA,0,0,8,8,0.0,0.0,100.0
SHI,SINGANALLUR,0,3,5,8,0.0,37.5,62.5
SHH,SHAPUR,0,0,8,8,0.0,0.0,100.0
KADH,KHAIRADIH HA,0,5,3,8,0.0,62.5,37.5
ZPL,ZANGALAPALLE,0,0,8,8,0.0,0.0,100.0
RMSR,RAMSINGHPUR,0,8,0,8,0.0,100.0,0.0
DCX,DHANIACHHA,0,2,6,8,0.0,25.0,75.0
RMP,RAHIMATPUR,0,0,8,8,0.0,0.0,100.0
KNNT,KUNNATHUR HA,0,0,8,8,0.0,0.0,100.0
BNO,BANAR,0,2,6,8,0.0,25.0,75.0
MHI,MANIHARI,0,8,0,8,0.0,100.0,0.0
BRIH,BAIRI HALT,0,5,3,8,0.0,62.5,37.5
TAC,TATI CHERLA,0,0,8,8,0.0,0.0,100.0
GTU,GHATNANDUR,0,0,8,8,0.0,0.0,100.0
NABN,NAGBHIR JN.,0,0,8,8,0.0,0.0,100.0
GTP,GHATPURI,0,8,0,8,0.0,100.0,0.0
YNG,YENUGONDA HA,0,2,6,8,0.0,25.0,75.0
UKR,UDALKACHHAR,0,0,8,8,0.0,0.0,100.0
VTG,BHETAGURI,0,2,6,8,0.0,25.0,75.0
VT,VELLORE TOWN,0,4,4,8,0.0,50.0,50.0
VSW,VISAVADAR,0,1,7,8,0.0,12.5,87.5
AADR,AMB  ANDAURA,2,0,6,8,25.0,0.0,75.0
DIB,DIBAI,0,0,8,8,0.0,0.0,100.0
DHY,DHARODI,0,0,8,8,0.0,0.0,100.0
BNLS,BANGI NIHAL,0,0,8,8,0.0,0.0,100.0
TBR,TAIABPUR,0,0,8,8,0.0,0.0,100.0
GSRM,GAURI SHRI R,0,2,6,8,0.0,25.0,75.0
YLK,YELLAKARU,0,4,4,8,0.0,50.0,50.0
GSI,GHOSI,2,6,0,8,25.0,75.0,0.0
ELM,ELIMALA,1,2,5,8,12.5,25.0,62.5
TAZ,TARGAON,0,0,8,8,0.0,0.0,100.0
MHT,MANJHI F,0,0,8,8,0.0,0.0,100.0
MHPR,MAHIYARPUR,0,8,0,8,0.0,100.0,0.0
OSRA,OSRA,0,7,1,8,0.0,87.5,12.5
ORGA,ORGA,0,0,8,8,0.0,0.0,100.0
OREH,ORE HALT,0,8,0,8,0.0,100.0,0.0
MIYN,MANIYAN,0,8,0,8,0.0,100.0,0.0
MIW,MIGHAUNA (HA,0,8,0,8,0.0,100.0,0.0
MIR,MAIJAPUR,0,1,7,8,0.0,12.5,87.5
SGUT,SILIGURI TOW,0,2,6,8,0.0,25.0,75.0
SGRR,SANGAR,1,3,4,8,12.5,37.5,50.0
SGRE,SALGARE,0,2,6,8,0.0,25.0,75.0
SGND,SHRIGONDA RO,0,0,8,8,0.0,0.0,100.0
KNAD,KANAD,6,2,0,8,75.0,25.0,0.0
KNF,KHANODIH,1,3,4,8,12.5,37.5,50.0
RNJ,RUNIJA,0,7,1,8,0.0,87.5,12.5
SBHR,SUBRAHMANYA,0,2,6,8,0.0,25.0,75.0
RNBT,RAHEN BATA,0,0,8,8,0.0,0.0,100.0
RNBD,RANA BORDI,4,2,2,8,50.0,25.0,25.0
MXA,MARAUDA,0,8,0,8,0.0,100.0,0.0
MWZ,MAHISHADAHAR,0,8,0,8,0.0,100.0,0.0
TDK,TADUKU,0,4,4,8,0.0,50.0,50.0
AGL,AMARGOL,2,0,6,8,25.0,0.0,75.0
MWY,MAILARAM,0,2,6,8,0.0,25.0,75.0
EDD,EDDULADODDI,0,2,6,8,0.0,25.0,75.0
MIQ,MIRHAKUR,0,4,4,8,0.0,50.0,50.0
AAS,ASARANADA,0,2,6,8,0.0,25.0,75.0
ONR,COONOOR,6,1,1,8,75.0,12.5,12.5
AROR,ARUR H.,0,8,0,8,0.0,100.0,0.0
ARNG,ARUN NAGAR H,0,1,7,8,0.0,12.5,87.5
GRMP,GANGARAMPUR,0,2,6,8,0.0,25.0,75.0
GRMA,GHORMARA,0,6,2,8,0.0,75.0,25.0
CMZ,CHALAMA,0,0,8,8,0.0,0.0,100.0
AAP,AMBIAPUR,0,6,2,8,0.0,75.0,25.0
KGKD,KANG KHURD,0,8,0,8,0.0,100.0,0.0
OM,OMKARESHWAR,0,8,0,8,0.0,100.0,0.0
BNWD,BHANDEWADI H,0,0,8,8,0.0,0.0,100.0
MKBH,MANWALA KOT,0,0,8,8,0.0,0.0,100.0
MJTA,MAJITHA,2,6,0,8,25.0,75.0,0.0
TGL,TUGGALI,0,2,6,8,0.0,25.0,75.0
TGB,TANGRABASULI,1,7,0,8,12.5,87.5,0.0
KHI,KURHANI,0,4,4,8,0.0,50.0,50.0
BIJR,BIJOOR,0,2,6,8,0.0,25.0,75.0
BIGA,BIGGA,0,3,5,8,0.0,37.5,62.5
KMNR,KAMALNAGAR,1,0,7,8,12.5,0.0,87.5
KMND,KUMENDI,0,0,8,8,0.0,0.0,100.0
KMMD,KIRMITI MEND,0,1,7,8,0.0,12.5,87.5
BJQ,BAGHORA,0,2,6,8,0.0,25.0,75.0
AIR,ALINDRA ROAD,0,6,2,8,0.0,75.0,25.0
RNW,RENWAL,0,0,8,8,0.0,0.0,100.0
RNT,RANTHAMBHOR,0,0,8,8,0.0,0.0,100.0
CAO,CHAURADANO,0,2,6,8,0.0,25.0,75.0
BJG,BAJRANJGARH,0,4,4,8,0.0,50.0,50.0
JYK,JONEKARANG H,0,0,8,8,0.0,0.0,100.0
JWL,JAJIWAL,0,2,6,8,0.0,25.0,75.0
TEP,TEMPA,0,0,8,8,0.0,0.0,100.0
SBNR,SRI VIJAINAG,0,8,0,8,0.0,100.0,0.0
ODUR,ODUR,0,6,2,8,0.0,75.0,25.0
OBVP,OBULAVARIPAL,0,0,8,8,0.0,0.0,100.0
BSZ,BHARWA-SUMER,0,0,8,8,0.0,0.0,100.0
GPX,GAUTAMPURA R,0,7,1,8,0.0,87.5,12.5
SBL,SABALGARH,0,0,8,8,0.0,0.0,100.0
KAVR,KALAVUR H.,0,8,0,8,0.0,100.0,0.0
KAU,KACHNA,0,6,2,8,0.0,75.0,25.0
KASU,KASU,0,4,4,8,0.0,50.0,50.0
KHQ,KHARIK,0,0,8,8,0.0,0.0,100.0
BJY,BANGALBAREE,0,6,2,8,0.0,75.0,25.0
MXL,MOKHOLI,0,0,8,8,0.0,0.0,100.0
KAL,KALLAL,0,4,4,8,0.0,50.0,50.0
SGF,SANGAT,0,2,6,8,0.0,25.0,75.0
BILP,BHILUPUR,0,8,0,8,0.0,100.0,0.0
GPC,GHATPINDRAI,0,0,8,8,0.0,0.0,100.0
GRKN,GORAKHNATH,0,7,1,8,0.0,87.5,12.5
GRF,GAMBHIR ROAD,0,1,7,8,0.0,12.5,87.5
DVR,DORAVARICHAT,0,6,2,8,0.0,75.0,25.0
DVJ,DILLIDEWANGA,0,8,0,8,0.0,100.0,0.0
DUU,DUPADU,0,3,5,8,0.0,37.5,62.5
UDT,UDUMALAIPPET,0,4,4,8,0.0,50.0,50.0
TH,TINICH,0,1,7,8,0.0,12.5,87.5
NYM,NEYAMATPUR H,0,8,0,8,0.0,100.0,0.0
MKT,MUKHTRIARA B,0,8,0,8,0.0,100.0,0.0
BDWL,BIRADHWAL,0,0,8,8,0.0,0.0,100.0
BDWA,BHADWA PARA,0,0,8,8,0.0,0.0,100.0
BLR,BLGANUR,0,0,8,8,0.0,0.0,100.0
GOG,GHORGHAT HAL,0,5,3,8,0.0,62.5,37.5
NWH,NAWALGARH,0,0,8,8,0.0,0.0,100.0
BWC,BANWALI,0,4,4,8,0.0,50.0,50.0
BWBN,BEWAR BHOJAN,0,0,8,8,0.0,0.0,100.0
MLAR,MALANPUR,0,4,4,8,0.0,50.0,50.0
SEU,SENDRA,0,4,4,8,0.0,50.0,50.0
KVQ,KOSIARA,0,0,8,8,0.0,0.0,100.0
DOB,DUNDLOD MUKA,0,0,8,8,0.0,0.0,100.0
CCA,CHIGICHERIA,0,0,8,8,0.0,0.0,100.0
ROL,RAJOLI,0,1,7,8,0.0,12.5,87.5
AJN,AJNOD,0,7,1,8,0.0,87.5,12.5
KARK,KARAIKKURICH,0,8,0,8,0.0,100.0,0.0
KARH,KAKRAHA REST,0,0,8,8,0.0,0.0,100.0
KAPP,KHARIAPIPRA,0,5,3,8,0.0,62.5,37.5
CHAF,CHAF HALT,0,2,6,8,0.0,25.0,75.0
MKZ,MAHKEPAR ROA,5,3,0,8,62.5,37.5,0.0
AMLP,AMALPUR,0,8,0,8,0.0,100.0,0.0
BSKR,BASI KIRATPU,0,3,5,8,0.0,37.5,62.5
BSKH,BASUKINATH,0,6,2,8,0.0,75.0,25.0
MLKH,MULEWAL KHAI,0,8,0,8,0.0,100.0,0.0
SPB,SONEKHPUR HA,0,8,0,8,0.0,100.0,0.0
SOS,SOMESAR,2,0,6,8,25.0,0.0,75.0
COO,CHHOTI ODAI,0,0,8,8,0.0,0.0,100.0
COB,COOCH BEHAR,0,2,6,8,0.0,25.0,75.0
CNPR,CHAINPUR,1,0,7,8,12.5,0.0,87.5
SOR,SONAGIR,0,0,8,8,0.0,0.0,100.0
GOA,GOHAD ROAD H,0,4,4,8,0.0,50.0,50.0
GNZ,GAHNDRAN HAL,0,8,0,8,0.0,100.0,0.0
GNPR,GUNUPUR,0,2,6,8,0.0,25.0,75.0
GNN,GANGINENI,0,3,5,8,0.0,37.5,62.5
GNL,GONGALI,0,1,7,8,0.0,12.5,87.5
THUR,THURIA,0,0,8,8,0.0,0.0,100.0
NTR,NITTUR,0,0,8,8,0.0,0.0,100.0
MLSA,MALLASANDRA,0,0,8,8,0.0,0.0,100.0
BSM,BISANATTAM,2,4,2,8,25.0,50.0,25.0
VXM,VELIPPALAIYA,0,4,4,8,0.0,50.0,50.0
VVR,VIRAVANALLUR,0,8,0,8,0.0,100.0,0.0
VVN,VIKRAVANDI,1,3,4,8,12.5,37.5,50.0
SONI,SONI,0,4,4,8,0.0,50.0,50.0
RRGA,RANGAREDDIGU,0,2,6,8,0.0,25.0,75.0
RR,RICHHA ROAD,0,8,0,8,0.0,100.0,0.0
RPSC,Rudrapur Sid,4,0,4,8,50.0,0.0,50.0
KLSP,KUSHALPURA,0,0,8,8,0.0,0.0,100.0
KLRS,KOLARAS,1,0,7,8,12.5,0.0,87.5
KLPG,KAMALPUR,0,0,8,8,0.0,0.0,100.0
KLWN,KALWAN HALT,0,0,8,8,0.0,0.0,100.0
SGAM,SARAIGRAM,1,0,7,8,12.5,0.0,87.5
SGA,SHERGARH,0,0,8,8,0.0,0.0,100.0
JGE,JAGANNATH TE,0,3,5,8,0.0,37.5,62.5
KAY,KARAI MADAI,8,0,0,8,100.0,0.0,0.0
AVK,ARAVANKADU,6,1,1,8,75.0,12.5,12.5
GMI,GOND UMRI,0,1,7,8,0.0,12.5,87.5
TKBN,T.SAKIBANDA,1,1,6,8,12.5,12.5,75.0
TJH,TEJGADH,0,8,0,8,0.0,100.0,0.0
KUI,KULALI,0,2,6,8,0.0,25.0,75.0
KUHI,KUHI,0,0,8,8,0.0,0.0,100.0
KUG,KUSUGAL,0,0,8,8,0.0,0.0,100.0
DHNA,DHACHNA,0,6,2,8,0.0,75.0,25.0
VTV,VALANTARAVAI,0,5,3,8,0.0,62.5,37.5
MMLN,MAHUAMILAN,0,0,8,8,0.0,0.0,100.0
PUDI,PUDI,0,4,4,8,0.0,50.0,50.0
GMA,GUDIMETTA HA,0,0,8,8,0.0,0.0,100.0
GLU,GULLIPADU,0,2,6,8,0.0,25.0,75.0
GLMA,GULMA,0,0,8,8,0.0,0.0,100.0
GLKN,GUGALWA KIRT,0,0,8,8,0.0,0.0,100.0
GLH,GULAOTHI,0,7,1,8,0.0,87.5,12.5
CNPA,CHENNRAYAPAT,0,2,6,8,0.0,25.0,75.0
NRS,NAGARIA SADA,0,0,8,8,0.0,0.0,100.0
NRKP,NARKOPI FS,1,7,0,8,12.5,87.5,0.0
MNDH,MANDIR HASAU,0,0,8,8,0.0,0.0,100.0
UCP,UCHIPPULI,0,5,3,8,0.0,62.5,37.5
DXK,DHANA KHERLI,0,4,4,8,0.0,50.0,50.0
DPK,DHOLIPAL,0,4,4,8,0.0,50.0,50.0
DPI,DODDAMPATTI,0,0,8,8,0.0,0.0,100.0
DOT,DHAKIA TIWAR,0,8,0,8,0.0,100.0,0.0
VEL,VELLANUR,0,6,2,8,0.0,75.0,25.0
VEK,VELLARAKKAD,0,3,5,8,0.0,37.5,62.5
JAMA,JAMA,0,6,2,8,0.0,75.0,25.0
SEQ,SEKHA,0,3,5,8,0.0,37.5,62.5
VID,VILAVADE,0,0,8,8,0.0,0.0,100.0
DBNR,DIBNAPUR  HA,0,8,0,8,0.0,100.0,0.0
DBNK,DERABABA NAN,2,6,0,8,25.0,75.0,0.0
ADHL,ADIHALLI,0,0,8,8,0.0,0.0,100.0
RRME,RANCHI ROAD,1,0,7,8,12.5,0.0,87.5
RRI,RAHURI,0,0,8,8,0.0,0.0,100.0
DWT,DEWAN HAT,0,2,6,8,0.0,25.0,75.0
TKUR,TAPPA KHAJUR,0,5,3,8,0.0,62.5,37.5
TKT,TIKKOTTI,0,3,5,8,0.0,37.5,62.5
TKS,TOKISUD,0,0,8,8,0.0,0.0,100.0
KVL,KIZHVELUR,0,3,5,8,0.0,37.5,62.5
KVE,KAVALANDE,0,8,0,8,0.0,100.0,0.0
GKT,GANKHERA HAL,0,1,7,8,0.0,12.5,87.5
GKJ,GOLAKGANJ,0,0,8,8,0.0,0.0,100.0
TLGP,TALGUPPA,0,2,6,8,0.0,25.0,75.0
TLC,TALCHHAPAR,0,0,8,8,0.0,0.0,100.0
UDKN,UDAYPUR KHUR,0,8,0,8,0.0,100.0,0.0
BCJ,BAGAHA BISHN,0,0,8,8,0.0,0.0,100.0
NRDP,NAGIREDDIPAL,0,2,6,8,0.0,25.0,75.0
AZK,AZHWARKURUCH,0,8,0,8,0.0,100.0,0.0
AZA,AZARA,0,1,7,8,0.0,12.5,87.5
BS,BENISAR,0,3,5,8,0.0,37.5,62.5
MNSR,MANAKSAR,0,2,6,8,0.0,25.0,75.0
MNS,MANSHAHI,0,8,0,8,0.0,100.0,0.0
MNR,MAKKHANPUR,0,4,4,8,0.0,50.0,50.0
KDHL,KUNDHELA,0,8,0,8,0.0,100.0,0.0
BIQ,BANSI PAHARP,0,4,4,8,0.0,50.0,50.0
KBU,KASU BEGU,0,4,4,8,0.0,50.0,50.0
PTP,PATAL PANI,0,8,0,8,0.0,100.0,0.0
BIWK,BISLAWASKALA,0,1,7,8,0.0,12.5,87.5
PTLI,PATHAULI,0,4,4,8,0.0,50.0,50.0
RSA,RISAMA,0,8,0,8,0.0,100.0,0.0
KLI,KAULI,2,1,5,8,25.0,12.5,62.5
KWD,KARWANDIYA,0,2,6,8,0.0,25.0,75.0
GIR,GAINSARI JN,0,0,8,8,0.0,0.0,100.0
KWC,KUNDWA CHAIN,0,2,6,8,0.0,25.0,75.0
MNQ,MAINPURI,0,0,8,8,0.0,0.0,100.0
BWP,BHAWANIPUR K,0,0,8,8,0.0,0.0,100.0
NQR,NARAJ MARATH,0,0,8,8,0.0,0.0,100.0
NPRD,NAGPUR ROAD,0,0,8,8,0.0,0.0,100.0
KKPM,KALLAKKUDI-P,0,2,6,8,0.0,25.0,75.0
KKNA,KHUNKHUNA,0,0,8,8,0.0,0.0,100.0
ITRN,ITWARI JN.,0,0,8,8,0.0,0.0,100.0
SQD,SATTIRAKKUDI,0,5,3,8,0.0,62.5,37.5
KKY,KILAKADAIYAM,0,8,0,8,0.0,100.0,0.0
KCT,KERAKAT (HAL,0,4,4,8,0.0,50.0,50.0
KCO,KACHHLA BRID,0,8,0,8,0.0,100.0,0.0
KCN,KARCHANA,0,3,5,8,0.0,37.5,62.5
KCI,KALIKIRI,0,0,8,8,0.0,0.0,100.0
KDJR,KENDUJHAR,0,0,8,8,0.0,0.0,100.0
KDI,KUNDLI,0,4,4,8,0.0,50.0,50.0
KDHN,KANDHARAN HA,0,0,8,8,0.0,0.0,100.0
TMS,TUMSAR TOWN,5,3,0,8,62.5,37.5,0.0
TMPY,TUMBOLI H.,0,8,0,8,0.0,100.0,0.0
TMLU,TUMMALACHERU,1,4,3,8,12.5,50.0,37.5
BHA,BHANDAI,0,4,4,8,0.0,50.0,50.0
CPQ,CHAPRAKATA,0,0,8,8,0.0,0.0,100.0
MOL,MOLIROAD,0,0,8,8,0.0,0.0,100.0
NON,NONAR HALT,0,5,3,8,0.0,62.5,37.5
CHWT,CHAPRAWAT HA,0,7,1,8,0.0,87.5,12.5
WANI,WANI,0,2,6,8,0.0,25.0,75.0
VZPH,VAZEER PUR,0,8,0,8,0.0,100.0,0.0
TNGR,THONGANUR H,0,0,8,8,0.0,0.0,100.0
GHT,GHAGHARA GHA,0,1,7,8,0.0,12.5,87.5
CHTL,CHURARU TAKA,2,0,6,8,25.0,0.0,75.0
GHB,GAHRI BHAGI,0,0,8,8,0.0,0.0,100.0
GHA,GOLEHWALA,0,4,4,8,0.0,50.0,50.0
KTYR,KOTTAIYUR,0,6,2,8,0.0,75.0,25.0
DHH,DINHATA,0,2,6,8,0.0,25.0,75.0
DGY,DIGHORI BUZU,0,0,8,8,0.0,0.0,100.0
DGPP,DHENGLI PIMP,0,0,8,8,0.0,0.0,100.0
NNPR,NONAPAR F,0,5,3,8,0.0,62.5,37.5
NNM,NANNILAM,4,2,2,8,50.0,25.0,25.0
GDZ,GUNDARDEHI,0,8,0,8,0.0,100.0,0.0
TOR,TITUR,0,0,8,8,0.0,0.0,100.0
TNT,TINNAPATTI,0,0,8,8,0.0,0.0,100.0
CROA,CHAUTARA,0,0,8,8,0.0,0.0,100.0
CRL,CHORAL,0,8,0,8,0.0,100.0,0.0
TNPR,TEZNARAYANPU,0,8,0,8,0.0,100.0,0.0
NNGL,NAYA NANGAL,2,0,6,8,25.0,0.0,75.0
NNGE,NARANGI,0,0,8,8,0.0,0.0,100.0
KTRD,KETOSAN ROAD,0,5,3,8,0.0,62.5,37.5
MPI,MELPATTI,0,2,6,8,0.0,25.0,75.0
MPG,MANPUR NAGAR,0,8,0,8,0.0,100.0,0.0
JBU,JABUGAM,0,8,0,8,0.0,100.0,0.0
GDK,GONDA KACHAH,0,1,7,8,0.0,12.5,87.5
SDZ,SINDHAR,0,8,0,8,0.0,100.0,0.0
SDHA,SIDHARI (HAL,0,0,8,8,0.0,0.0,100.0
KKGM,KAKRI GUMA,1,0,7,8,12.5,0.0,87.5
CCP,CHHUCHHAPURA,0,8,0,8,0.0,100.0,0.0
CCO,CHICHOLI,5,3,0,8,62.5,37.5,0.0
CCL,CHANCHELAV,0,4,4,8,0.0,50.0,50.0
BAI,BASSI,0,2,6,8,0.0,25.0,75.0
KKT,KATH KUIYAN,0,2,6,8,0.0,25.0,75.0
SPYA,SIPAYA (HALT,0,2,6,8,0.0,25.0,75.0
GDE,GARLADINNE,0,0,8,8,0.0,0.0,100.0
TPV,TINPHERIA (H,0,2,6,8,0.0,25.0,75.0
GGG,GANGAGARH (H,0,8,0,8,0.0,100.0,0.0
GGB,GARHMUKTESAR,0,0,8,8,0.0,0.0,100.0
MPUR,NEW MADANPUR,1,7,0,8,12.5,87.5,0.0
MPLM,MURTHIPALAYA,0,5,3,8,0.0,62.5,37.5
MQX,MERALGRAM,0,0,8,8,0.0,0.0,100.0
MQW,MALLAN NAGAR,0,8,0,8,0.0,100.0,0.0
KDLR,KANDEL ROAD,0,0,8,8,0.0,0.0,100.0
PTH,PATRANGA,0,2,6,8,0.0,25.0,75.0
KEE,KASEETAR,0,8,0,8,0.0,100.0,0.0
PSV,PARSNEU,0,3,5,8,0.0,37.5,62.5
BAPR,BALLUPUR FLA,0,2,6,8,0.0,25.0,75.0
BAO,BANMORE,0,2,6,8,0.0,25.0,75.0
BAKA,BANKA,0,6,2,8,0.0,75.0,25.0
PSPY,PRASANNAYANA,0,0,8,8,0.0,0.0,100.0
AHLR,AHALYAPUR F,0,2,6,8,0.0,25.0,75.0
MRDP,MURADPUR (HA,2,6,0,8,25.0,75.0,0.0
PSN,PARSENDI,0,5,3,8,0.0,62.5,37.5
BAAR,BANDAR PH,0,8,0,8,0.0,100.0,0.0
TWV,THUWAVI,0,8,0,8,0.0,100.0,0.0
TWI,TOTEWAHI HAL,0,1,7,8,0.0,12.5,87.5
DZK,DURGACHAK,0,8,0,8,0.0,100.0,0.0
DYU,DIYURI  HALT,0,8,0,8,0.0,100.0,0.0
DY,DUMARIYA,0,0,8,8,0.0,0.0,100.0
PSLP,PASALAPUDI,0,6,2,8,0.0,75.0,25.0
TQA,TAKIA,0,0,8,8,0.0,0.0,100.0
KWP,KHATIPURA,0,2,6,8,0.0,25.0,75.0
GDW,GADHWALA,0,3,5,8,0.0,37.5,62.5
KYBR,KHAIRATIYA B,0,0,8,8,0.0,0.0,100.0
NMGA,Nelamangala,0,2,6,8,0.0,25.0,75.0
MRPL,MARAM PALLI,0,0,8,8,0.0,0.0,100.0
KXT,KETTI,6,1,1,8,75.0,12.5,12.5
WEL,WELLINGTON,6,1,1,8,75.0,12.5,12.5
KXP,KANIYAPURAM,0,3,5,8,0.0,37.5,62.5
DGDG,DURGADA GATE,0,2,6,8,0.0,25.0,75.0
DGBZ,DONGRIBUZURG,5,3,0,8,62.5,37.5,0.0
DEW,DEWALGAON,0,1,7,8,0.0,12.5,87.5
WDLN,WADWALNAGNAT,0,0,8,8,0.0,0.0,100.0
CCBG,CHICHOLIBUZU,0,1,7,8,0.0,12.5,87.5
KKD,KALA KUND,0,8,0,8,0.0,100.0,0.0
ISH,ISARWARA,0,2,6,8,0.0,25.0,75.0
KJZ,KARONJI,0,0,8,8,0.0,0.0,100.0
KJY,KHURJA CITY,0,5,3,8,0.0,62.5,37.5
RVS,RAVANASAMUDR,0,8,0,8,0.0,100.0,0.0
RVK,RAJA BHAT KH,0,1,7,8,0.0,12.5,87.5
ISA,ISARDA,0,0,8,8,0.0,0.0,100.0
ACPR,ARCHIPATHAR,0,0,8,8,0.0,0.0,100.0
BBL,BALRAI,0,6,2,8,0.0,75.0,25.0
KDSB,KHADUR  SAHI,0,8,0,8,0.0,100.0,0.0
KDRP,KANDARPUR,0,7,1,8,0.0,87.5,12.5
KDRI,KENDRI,2,6,0,8,25.0,75.0,0.0
WDG,WADEGAON,0,1,7,8,0.0,12.5,87.5
NLH,NAULTHA,0,2,6,8,0.0,25.0,75.0
GBRI,GOBERWAHI,5,3,0,8,62.5,37.5,0.0
CS,KANNUR SOUTH,0,3,5,8,0.0,37.5,62.5
CRWA,CHIRAWA,0,0,8,8,0.0,0.0,100.0
UAM,UDHAGAMANDAL,6,1,1,8,75.0,12.5,12.5
TYT,TIRUNELVELI,0,8,0,8,0.0,100.0,0.0
TYM,TIRUMAIYAM,0,6,2,8,0.0,75.0,25.0
MSDL,MAHISADAL,0,8,0,8,0.0,100.0,0.0
MSDG,MHASOBA DONG,0,2,6,8,0.0,25.0,75.0
MRTY,MURTI HALT,0,0,8,8,0.0,0.0,100.0
NKBR,NARKATIA BAZ,0,2,6,8,0.0,25.0,75.0
IRP,IRAVIPURAM H,0,3,5,8,0.0,37.5,62.5
BPRS,BHOGPUR SIRW,0,6,2,8,0.0,75.0,25.0
BGND,BOGINADI,0,0,8,8,0.0,0.0,100.0
MSR,MASUR,0,0,8,8,0.0,0.0,100.0
TRKR,TUREKALA ROA,0,0,8,8,0.0,0.0,100.0
KEY,KAGANKARAI,0,0,8,8,0.0,0.0,100.0
SRGH,SURAJGARH,0,0,8,8,0.0,0.0,100.0
CGON,CHAYGAON,0,1,7,8,0.0,12.5,87.5
KDTY,KADUTURUTTY,0,3,5,8,0.0,37.5,62.5
SDD,SINDHAVADER,0,2,6,8,0.0,25.0,75.0
SRF,SAGARAJAMBAG,0,2,6,8,0.0,25.0,75.0
SQS,SIGSIGI,0,0,8,8,0.0,0.0,100.0
SDAM,SUNDHIA MAU,0,5,3,8,0.0,62.5,37.5
SCV,SUKHCHAIN,0,0,8,8,0.0,0.0,100.0
CGHD,CHINNADAGUDI,0,8,0,8,0.0,100.0,0.0
JACN,JALSU NANAK,0,0,8,8,0.0,0.0,100.0
TRJ,TARIASUJAN,0,2,6,8,0.0,25.0,75.0
TRE,TIKRI HALT,4,2,2,8,50.0,25.0,25.0
TRDI,TIRODI,5,3,0,8,62.5,37.5,0.0
CRQ,CHARPOKHARI,0,5,3,8,0.0,62.5,37.5
GAW,GAINJAHWA,0,0,8,8,0.0,0.0,100.0
JAC,JALSU,0,0,8,8,0.0,0.0,100.0
GAQ,GANJ  KHWAJA,0,2,6,8,0.0,25.0,75.0
GAP,GURPA,0,4,4,8,0.0,50.0,50.0
MSN,MURSAN,0,4,4,8,0.0,50.0,50.0
NJA,NAGJUA FS,1,7,0,8,12.5,87.5,0.0
MTE,METTUR,0,8,0,8,0.0,100.0,0.0
MTBG,MATHIA BARGH,0,2,6,8,0.0,25.0,75.0
MTA,MATHELA,4,0,4,8,50.0,0.0,50.0
NID,NIDUR,0,6,2,8,0.0,75.0,25.0
PS,PARAS,0,0,8,8,0.0,0.0,100.0
MTH,MATAUNDH,0,0,8,8,0.0,0.0,100.0
MTGE,MUTHANI,0,2,6,8,0.0,25.0,75.0
AMD,AMILA (HALT),2,6,0,8,25.0,75.0,0.0
GHG,GHAGGHAR,0,2,6,8,0.0,25.0,75.0
AMA,ATAMANDA,0,8,0,8,0.0,100.0,0.0
BRQ,BAGRAKOT,0,0,8,8,0.0,0.0,100.0
NGWN,NOGANWAN,0,3,5,8,0.0,37.5,62.5
NGW,NAUGANWAN,0,7,1,8,0.0,87.5,12.5
NGTN,NAGOTHANE,0,4,4,8,0.0,50.0,50.0
GAI,GAUCHHARI,0,0,8,8,0.0,0.0,100.0
GAHT,GHUSIA HALT,0,5,3,8,0.0,62.5,37.5
GAGA,GALGALIA,0,0,8,8,0.0,0.0,100.0
SAJH,SAHJHA HALT,0,8,0,8,0.0,100.0,0.0
SAC,SANICHARA,0,4,4,8,0.0,50.0,50.0
KJJ,KODAVALURU,0,2,6,8,0.0,25.0,75.0
KJC,KASGANJ CITY,0,8,0,8,0.0,100.0,0.0
KIZ,KANSUDHI,0,4,4,8,0.0,50.0,50.0
KYZ,KIZHA PULIYU,0,8,0,8,0.0,100.0,0.0
KEP,KELANPUR,0,8,0,8,0.0,100.0,0.0
KEMP,KEMPALSAD HA,0,0,8,8,0.0,0.0,100.0
KEMK,KHEM KARAN,0,8,0,8,0.0,100.0,0.0
KFH,KATPHAL,3,5,0,8,37.5,62.5,0.0
KFE,KURIKAD,0,3,5,8,0.0,37.5,62.5
KEZ,KELZHAR,0,1,7,8,0.0,12.5,87.5
GAE,GAIPURA,0,3,5,8,0.0,37.5,62.5
ADQ,ADHIKARI,0,0,8,8,0.0,0.0,100.0
NGLT,NAGLA TULA,0,4,4,8,0.0,50.0,50.0
MTPR,RAI MAIHATPU,2,0,6,8,25.0,0.0,75.0
MTO,MAITHA,0,6,2,8,0.0,75.0,25.0
KYW,KARCHHUE HAL,0,5,3,8,0.0,62.5,37.5
ALNP,AKELA HANSPU,0,8,0,8,0.0,100.0,0.0
AEL,ATELI,0,0,8,8,0.0,0.0,100.0
AED,AULENDA,0,4,4,8,0.0,50.0,50.0
ADX,ADAPUR,0,2,6,8,0.0,25.0,75.0
ADVI,ADAVALI,0,0,8,8,0.0,0.0,100.0
FTH,FATUHI,0,4,4,8,0.0,50.0,50.0
KYS,KUSUMKASA,0,8,0,8,0.0,100.0,0.0
MTWN,MITEWANI PH,5,3,0,8,62.5,37.5,0.0
NGE,NAGAR,0,0,8,8,0.0,0.0,100.0
ASD,AMBASAMUDRAM,0,8,0,8,0.0,100.0,0.0
FHT,FARAH TOWN,0,3,5,8,0.0,37.5,62.5
KGD,KALLIGUDI,0,5,3,8,0.0,62.5,37.5
KFY,KARAPGAON,0,0,8,8,0.0,0.0,100.0
KYNT,KALYANKOT  H,0,8,0,8,0.0,100.0,0.0
PRTN,PRATAP NAGAR,0,8,0,8,0.0,100.0,0.0
KFI,KAPPIL,0,3,5,8,0.0,37.5,62.5
KIC,KALLIDAIKURU,0,8,0,8,0.0,100.0,0.0
KIB,KIZHA AMBUR,0,8,0,8,0.0,100.0,0.0
BGNR,B G NAGAR,0,2,6,8,0.0,25.0,75.0
SAK,SANKHEDA BAH,0,8,0,8,0.0,100.0,0.0
CTD,CHHOTA UDEPU,0,8,0,8,0.0,100.0,0.0
IKR,IKLEHRA,0,4,4,8,0.0,50.0,50.0
ITKY,ITKY PH,1,7,0,8,12.5,87.5,0.0
ITE,INTIYATHOK,0,0,8,8,0.0,0.0,100.0
TRVZ,TIRUVIZHA,0,8,0,8,0.0,100.0,0.0
BR,BANDH BARETH,0,4,4,8,0.0,50.0,50.0
DDNI,DUDHNOI,0,1,7,8,0.0,12.5,87.5
DDM,DAM DIM,0,0,8,8,0.0,0.0,100.0
PRSP,PRASADPUR (H,0,8,0,8,0.0,100.0,0.0
TTI,TURTIPAR F,0,0,8,8,0.0,0.0,100.0
TTB,TITABAR,0,0,8,8,0.0,0.0,100.0
PRSL,PANDRASALI,2,3,3,8,25.0,37.5,37.5
ASLU,ASLU,0,0,8,8,0.0,0.0,100.0
DEOR,DIYODAR,0,2,6,8,0.0,25.0,75.0
DEMU,DEMU,0,0,8,8,0.0,0.0,100.0
PRNG,PRITAMNAGAR,0,7,1,8,0.0,87.5,12.5
DCH,DINHATA COLL,0,2,6,8,0.0,25.0,75.0
AUR,ATRAULI ROAD,0,0,8,8,0.0,0.0,100.0
AUL,AGSAULI,0,4,4,8,0.0,50.0,50.0
WP,WANGAPALLI,0,4,4,8,0.0,50.0,50.0
WH,WEST HILL,0,3,5,8,0.0,37.5,62.5
BQH,BHANOHAD PUN,0,8,0,8,0.0,100.0,0.0
ETR,ELATTUR,0,3,5,8,0.0,37.5,62.5
BAGJ,BARHARAGANJ,0,2,6,8,0.0,25.0,75.0
BJKN,BAJEKHAN HAL,0,0,8,8,0.0,0.0,100.0
KHC,KHORANA,0,2,6,8,0.0,25.0,75.0
SBGN,SISIBORGAON,0,0,8,8,0.0,0.0,100.0
SBGA,SHRAVANABELA,0,2,6,8,0.0,25.0,75.0
SB,SARAI BHOPAT,0,6,2,8,0.0,75.0,25.0
CDBN,CHEDHABANNI,0,0,8,8,0.0,0.0,100.0
KIGL,KUNIGAL,0,2,6,8,0.0,25.0,75.0
ETP,ETTAPUR ROAD,0,4,4,8,0.0,50.0,50.0
ETK,ETTAKKOT,0,3,5,8,0.0,37.5,62.5
BDBA,BADABANDHA R,0,7,1,8,0.0,87.5,12.5
PRNC,PURNEA COURT,0,6,2,8,0.0,75.0,25.0
TUR,TURKI,0,4,4,8,0.0,50.0,50.0
TUD,TALODI,0,1,7,8,0.0,12.5,87.5
FGCN,FATEHGARH CH,2,6,0,8,25.0,75.0,0.0
NDZ,NIDIGALU,0,4,4,8,0.0,50.0,50.0
MVC,MAVINKERE,0,2,6,8,0.0,25.0,75.0
BRMT,BARAMATI,3,5,0,8,37.5,62.5,0.0
BRMO,BERMO,1,0,7,8,12.5,0.0,87.5
MWJ,MADWAS GRAM,1,0,7,8,12.5,0.0,87.5
MWG,MINDALA,0,1,7,8,0.0,12.5,87.5
NDN,NARDANA,0,0,8,8,0.0,0.0,100.0
NCH,NAKACHARI,0,0,8,8,0.0,0.0,100.0
NBU,NARASAMBUDHI,0,8,0,8,0.0,100.0,0.0
BRDT,BERIA DAULAT,5,1,2,8,62.5,12.5,25.0
BRDB,BARDA,0,8,0,8,0.0,100.0,0.0
BVO,BOGOLU,0,3,5,8,0.0,37.5,62.5
KZS,KUAKHERA HAL,0,4,4,8,0.0,50.0,50.0
VELI,VELI H.,0,3,5,8,0.0,37.5,62.5
BDE,BODELI,0,8,0,8,0.0,100.0,0.0
BDDR,BADODAR,0,0,8,8,0.0,0.0,100.0
BDBS,BINDUBASINI,0,3,5,8,0.0,37.5,62.5
LAT,LATHI,0,4,4,8,0.0,50.0,50.0
MYO,MORIDHAL,0,0,8,8,0.0,0.0,100.0
MYL,MALLIYALA,0,2,6,8,0.0,25.0,75.0
YL,YEOLA,0,0,8,8,0.0,0.0,100.0
VGE,VALAPPADI GA,0,4,4,8,0.0,50.0,50.0
VGA,VEPAGUNTA,0,4,4,8,0.0,50.0,50.0
VEN,VERNA,0,6,2,8,0.0,75.0,25.0
YY,YEDIYYURU,0,2,6,8,0.0,25.0,75.0
ZNP,ZINDPURA (HA,0,8,0,8,0.0,100.0,0.0
MZGI,MANJUR GADI,0,0,8,8,0.0,0.0,100.0
MZB,MAHULI HALT,0,0,8,8,0.0,0.0,100.0
BDGP,BADANAGUPPE,0,8,0,8,0.0,100.0,0.0
SNPR,SINGARPUR,0,4,4,8,0.0,50.0,50.0
CTQ,CHETAR,0,0,8,8,0.0,0.0,100.0
EZP,EZHUPUNNA,0,8,0,8,0.0,100.0,0.0
EVA,EDAVAI,0,3,5,8,0.0,37.5,62.5
NAW,NAWANDGI,0,0,8,8,0.0,0.0,100.0
JHT,JUNETA,0,0,8,8,0.0,0.0,100.0
BRGM,BARAIGRAM JN,0,3,5,8,0.0,37.5,62.5
MXZ,MOHDARA HALT,0,0,8,8,0.0,0.0,100.0
SPK,SAPEKHATI,0,0,8,8,0.0,0.0,100.0
SPJB,SAIDPUR JALA,0,8,0,8,0.0,100.0,0.0
SPGR,SAMPIGE ROAD,0,0,8,8,0.0,0.0,100.0
SPDR,SHEOPRASAD N,0,0,8,8,0.0,0.0,100.0
JHG,JHINGURA,0,3,5,8,0.0,37.5,62.5
JGP,JALALPUR,0,2,6,8,0.0,25.0,75.0
KUQ,KURETHA,0,8,0,8,0.0,100.0,0.0
AMC,AMRITHAPURA,2,2,4,8,25.0,25.0,50.0
BNP,BHANAPUR,0,0,7,7,0.0,0.0,100.0
TMPT,TIRUMALAIRAY,4,3,0,7,57.1,42.9,0.0
AUNG,AUNG,0,5,2,7,0.0,71.4,28.6
MFH,MAHRAULI,0,2,5,7,0.0,28.6,71.4
ABD,AMBLI ROAD,0,0,7,7,0.0,0.0,100.0
GNW,GANGIWARA,0,4,3,7,0.0,57.1,42.9
JGWL,JAGJVAN HALT,0,2,5,7,0.0,28.6,71.4
IGR,INGUR,0,3,4,7,0.0,42.9,57.1
JPP,JALALPUR-PAN,0,2,5,7,0.0,28.6,71.4
NXH,NIDAGHATTA H,0,4,3,7,0.0,57.1,42.9
SUU,SULUR ROAD,0,3,4,7,0.0,42.9,57.1
SNL,SANAHWAL,0,4,3,7,0.0,57.1,42.9
MDPB,MADHOPUR PUN,0,2,5,7,0.0,28.6,71.4
JPI,JHADUPUDI,0,1,6,7,0.0,14.3,85.7
IRN,IRGAON P.H.,0,7,0,7,0.0,100.0,0.0
MRTL,MIRTHAL,0,6,1,7,0.0,85.7,14.3
SWX,SAIDANWALA,0,7,0,7,0.0,100.0,0.0
RKJE,RAKHITPUR,2,5,0,7,28.6,71.4,0.0
TMC,TALAMANCHI,0,2,5,7,0.0,28.6,71.4
JHJ,JHEJHAR,0,5,2,7,0.0,71.4,28.6
BRTG,BARITHEN GAR,0,5,2,7,0.0,71.4,28.6
BYY,BYREE,0,5,2,7,0.0,71.4,28.6
KOTT,KOTTUR HALT,0,2,5,7,0.0,28.6,71.4
JEN,JENAPUR,0,5,2,7,0.0,71.4,28.6
SMT,SALAMATPUR,0,2,5,7,0.0,28.6,71.4
RJAP,RAJAPUR HALT,0,2,5,7,0.0,28.6,71.4
HLW,HIRNAWALI,0,4,3,7,0.0,57.1,42.9
MDVE,MAHENDRAVADI,0,5,2,7,0.0,71.4,28.6
NDKR,NANDHAKUMARP,0,5,2,7,0.0,71.4,28.6
GTA,GOLANTHRA,0,1,6,7,0.0,14.3,85.7
GIN,GINIGERA,0,0,7,7,0.0,0.0,100.0
ARX,ARELI (HALT),0,7,0,7,0.0,100.0,0.0
SULH,SULHANI,0,7,0,7,0.0,100.0,0.0
JKA,JAKHVADA,0,0,7,7,0.0,0.0,100.0
BDPL,BANDARUPALLE,0,3,4,7,0.0,42.9,57.1
GKX,GHAL KALAN,0,7,0,7,0.0,100.0,0.0
JDA,JASODA,0,2,5,7,0.0,28.6,71.4
TLAM,TULSI ASHRAR,0,2,5,7,0.0,28.6,71.4
SSL,SIRSAUL,0,5,2,7,0.0,71.4,28.6
BAV,BARUVA,0,1,6,7,0.0,14.3,85.7
NGS,NAGANSUR,0,2,5,7,0.0,28.6,71.4
NGMP,NEW GARH MAD,0,5,2,7,0.0,71.4,28.6
PCV,PALAKKODU,0,2,5,7,0.0,28.6,71.4
SLRD,SURLA ROAD,0,1,6,7,0.0,14.3,85.7
CHM,CHALTHAN,0,0,7,7,0.0,0.0,100.0
CRAE,CHERAGRAM BH,0,7,0,7,0.0,100.0,0.0
SUDV,SUMMA DEVI,0,1,6,7,0.0,14.3,85.7
STVA,SATYAVADA HA,1,6,0,7,14.3,85.7,0.0
BRMI,BRAHMANI,0,5,2,7,0.0,71.4,28.6
GTST,GAUTAM STHAN,0,0,7,7,0.0,0.0,100.0
PDPK,PADMAPUKUR,5,2,0,7,71.4,28.6,0.0
BHCL,BAHORA CHAND,0,2,5,7,0.0,28.6,71.4
HP,HARIPUR,0,4,3,7,0.0,57.1,42.9
VZ,VIJAYAMANGAL,0,3,4,7,0.0,42.9,57.1
BRG,BARGARH,2,0,5,7,28.6,0.0,71.4
SNZ,SHERGANJ (HA,0,7,0,7,0.0,100.0,0.0
NLI,NAMLI,0,1,6,7,0.0,14.3,85.7
VNJ,VANJIPALAIYA,0,3,4,7,0.0,42.9,57.1
MHBA,MATHABHANGA,1,0,6,7,14.3,0.0,85.7
MSHW,MUSHARWA   H,0,2,5,7,0.0,28.6,71.4
MNMU,MANI MAU,0,2,5,7,0.0,28.6,71.4
VPU,VELPURU HALT,1,6,0,7,14.3,85.7,0.0
MGPA,MUNDA GOPAL,0,4,3,7,0.0,57.1,42.9
HDS,HARIDAS PUR,0,5,2,7,0.0,71.4,28.6
MNGR,MOHAN NAGAR,0,7,0,7,0.0,100.0,0.0
MLKP,MALIKPUR (HA,0,2,5,7,0.0,28.6,71.4
TLT,TILATI,0,2,5,7,0.0,28.6,71.4
HRNG,HARPUR NAG,0,0,7,7,0.0,0.0,100.0
GWP,GANGWA PUR (,0,2,5,7,0.0,28.6,71.4
BOT,BOROTI,0,2,5,7,0.0,28.6,71.4
MLGT,MALLAPA GATE,0,1,6,7,0.0,14.3,85.7
GOP,GOP JAM,0,2,5,7,0.0,28.6,71.4
CPD,CHINCHPADA,0,0,7,7,0.0,0.0,100.0
HHD,HUNSIHADGIL,0,2,5,7,0.0,28.6,71.4
SVUR,SEVUR,0,5,2,7,0.0,71.4,28.6
BDSW,BUDHSINGHWAL,0,4,3,7,0.0,57.1,42.9
APE,ANDANAPETTAI,0,3,4,7,0.0,42.9,57.1
JRKT,JADARAMA KUN,0,0,7,7,0.0,0.0,100.0
JRKN,JORKIAN,0,4,3,7,0.0,57.1,42.9
SYA,SALAIA,0,0,7,7,0.0,0.0,100.0
NML,NELLIMARLA,0,3,4,7,0.0,42.9,57.1
MDA,MANDHANA JN,0,2,5,7,0.0,28.6,71.4
HDD,HADDINGAUNDU,1,1,5,7,14.3,14.3,71.4
VRB,VISHRAMBAG,0,2,5,7,0.0,28.6,71.4
BBD,BABLAD,0,2,5,7,0.0,28.6,71.4
BNPT,BENIPATTI PI,0,4,3,7,0.0,57.1,42.9
SKLP,SHANKERPUR,0,4,3,7,0.0,57.1,42.9
SKK,SIKKAL,0,3,4,7,0.0,42.9,57.1
SJDR,SRI JHADESHW,0,5,2,7,0.0,71.4,28.6
BTVA,BATUVA. P.H.,0,3,4,7,0.0,42.9,57.1
BUGL,BUGLANWALI,0,4,3,7,0.0,57.1,42.9
SIPR,SIHAPAR (HAL,0,1,6,7,0.0,14.3,85.7
MAV,MARIAMMN KOV,0,3,4,7,0.0,42.9,57.1
DOC,DAUN KALAN,2,1,4,7,28.6,14.3,57.1
PKZ,PIPLI PAKHI,0,4,3,7,0.0,57.1,42.9
SHNG,SHIVNAGAR,0,2,5,7,0.0,28.6,71.4
SILO,SILAO,0,5,2,7,0.0,71.4,28.6
TPM,TOTIYAPALAIY,0,3,4,7,0.0,42.9,57.1
KAA,KAURARA,0,5,2,7,0.0,71.4,28.6
KAH,KALHAR,0,2,5,7,0.0,28.6,71.4
GDGN,GAUDGAON,0,2,5,7,0.0,28.6,71.4
KBH,KHANDBARA,0,0,7,7,0.0,0.0,100.0
CHA,CHAWAPAIL,0,4,3,7,0.0,57.1,42.9
SGRP,SINGHIRAMPUR,0,2,5,7,0.0,28.6,71.4
GDN,GANGAIKONDAN,0,2,5,7,0.0,28.6,71.4
PMH,PARAO MAHNA,0,7,0,7,0.0,100.0,0.0
AHL,AJHARAIL,0,2,5,7,0.0,28.6,71.4
AKZ,AKASHI  PH,0,7,0,7,0.0,100.0,0.0
KDJ,KHUDAGANJ,0,2,5,7,0.0,28.6,71.4
PO,PARANGIPPETT,0,6,1,7,0.0,85.7,14.3
CGKR,CHANDAGIRI K,0,3,4,7,0.0,42.9,57.1
UTP,UTRI PURA,0,2,5,7,0.0,28.6,71.4
ATH,ANTAH,0,0,7,7,0.0,0.0,100.0
LKSH,LAKSHMINARAY,1,6,0,7,14.3,85.7,0.0
LMO,LILIYA MOTA,0,2,5,7,0.0,28.6,71.4
USD,UKAI SONGHAD,0,0,7,7,0.0,0.0,100.0
PRKE,PURWA KHERA,0,2,5,7,0.0,28.6,71.4
KHDP,KHUDLAPUR F,0,2,5,7,0.0,28.6,71.4
BCD,BANSDIH ROAD,0,0,7,7,0.0,0.0,100.0
BBPR,BABUPUR (HAL,0,4,3,7,0.0,57.1,42.9
BVM,BAYYAVARAM,0,1,6,7,0.0,14.3,85.7
KHNP,KHANAPUR,0,6,1,7,0.0,85.7,14.3
KID,KHAIRAR JN.,0,0,7,7,0.0,0.0,100.0
KHU,KHURHAND,0,0,7,7,0.0,0.0,100.0
LAE,LAKHOLI,0,0,7,7,0.0,0.0,100.0
CYI,CHHAYAPURI,0,6,1,7,0.0,85.7,14.3
FNO,FUNGO HALT,0,0,7,7,0.0,0.0,100.0
SANK,SANK,0,3,4,7,0.0,42.9,57.1
KXO,KUDIKADU,0,3,4,7,0.0,42.9,57.1
DSPN,DESHAPRAN PH,0,7,0,7,0.0,100.0,0.0
KJNC,KANNAUJ CITY,0,2,5,7,0.0,28.6,71.4
CE,CHHARODI,0,0,7,7,0.0,0.0,100.0
AOR,ARGORA  PH,0,7,0,7,0.0,100.0,0.0
KVTA,KARUVATTA H.,1,6,0,7,14.3,85.7,0.0
ASH,AISHBAGH,1,4,2,7,14.3,57.1,28.6
FSW,FATEH SINGHW,0,4,3,7,0.0,57.1,42.9
KUX,KHIRASDOH JN,0,4,3,7,0.0,57.1,42.9
PY,PERUNDURAI,0,3,4,7,0.0,42.9,57.1
RSWN,RAMESHWAR NA,0,2,5,7,0.0,28.6,71.4
FGH,FATEHGARH HA,0,3,4,7,0.0,42.9,57.1
CBR,CHAUBEPUR,0,2,5,7,0.0,28.6,71.4
BKTS,BAKHOTI KHAS,0,2,5,7,0.0,28.6,71.4
AJJN,ARAKKONAM NO,1,6,0,7,14.3,85.7,0.0
DUO,DHAURSALAR H,0,2,5,7,0.0,28.6,71.4
DZL,DHANA LADANP,0,3,4,7,0.0,42.9,57.1
KNKT,KANKOT,0,2,5,7,0.0,28.6,71.4
REI,RITHI,0,0,7,7,0.0,0.0,100.0
KRKD,KARAKAD,0,4,3,7,0.0,57.1,42.9
KON,KUDALNAGAR,1,3,3,7,14.3,42.9,42.9
KOLA,KOTLA,0,2,5,7,0.0,28.6,71.4
DDK,DHINDSA,0,7,0,7,0.0,100.0,0.0
YAG,YAQUTGANJ (H,0,2,5,7,0.0,28.6,71.4
TGP,TULJAPUR,0,2,5,7,0.0,28.6,71.4
HDGR,HADGAON ROAD,0,2,4,6,0.0,33.3,66.7
HDC,HARISHDADPUR,1,5,0,6,16.7,83.3,0.0
HCNR,HARICHANDANP,0,0,6,6,0.0,0.0,100.0
GVH,GOVINDGARH,0,2,4,6,0.0,33.3,66.7
SYW,SINDURWA,0,2,4,6,0.0,33.3,66.7
GZA,GURUJALA,2,3,1,6,33.3,50.0,16.7
WOC,WARUD ORANGE,0,2,4,6,0.0,33.3,66.7
WLGN,WALGAON,0,2,4,6,0.0,33.3,66.7
WKRC,WANKANER CIT,0,2,4,6,0.0,33.3,66.7
THW,THARWAI,0,1,5,6,0.0,16.7,83.3
GOVR,GOVINDNAGAR,0,1,5,6,0.0,16.7,83.3
GOT,GOT (HALT),0,6,0,6,0.0,100.0,0.0
GOS,GHOSRANA,0,4,2,6,0.0,66.7,33.3
HCM,HARISCHANDRA,0,2,4,6,0.0,33.3,66.7
HBW,HABIBWALA,0,0,6,6,0.0,0.0,100.0
HBLN,HBL NAGAR H,0,1,5,6,0.0,16.7,83.3
SXE,SILA KHERI,0,0,6,6,0.0,0.0,100.0
SXB,SAMBRE,0,1,5,6,0.0,16.7,83.3
CLC,CHALALA,0,1,5,6,0.0,16.7,83.3
HAR,HAMIRPUR ROA,0,0,6,6,0.0,0.0,100.0
SYK,SAIDKHANPUR,0,2,4,6,0.0,33.3,66.7
BQZ,BALLALPURE,0,5,1,6,0.0,83.3,16.7
BQQ,BAKHLETA,0,0,6,6,0.0,0.0,100.0
BRLA,BARAYLA CHAU,0,1,5,6,0.0,16.7,83.3
SWDE,SIWAHA,0,0,6,6,0.0,0.0,100.0
SWAR,SEWAR,0,2,4,6,0.0,33.3,66.7
SVX,SAVARDA,0,0,6,6,0.0,0.0,100.0
SVW,SHIVNISHIVAP,0,0,6,6,0.0,0.0,100.0
HET,HETAMPUR,0,2,4,6,0.0,33.3,66.7
HEB,HEBBAL,0,4,2,6,0.0,66.7,33.3
CLKN,CHUCHELA KAL,0,3,3,6,0.0,50.0,50.0
MUGR,MANUGURU,0,0,6,6,0.0,0.0,100.0
MUGA,MAHUGARA,0,0,6,6,0.0,0.0,100.0
NGTG,NEW GITALDAH,0,2,4,6,0.0,33.3,66.7
DGD,DANGIDAHAR,0,2,4,6,0.0,33.3,66.7
DGB,DANDU GOPALA,0,2,4,6,0.0,33.3,66.7
DEV,DEVARAYI,0,2,4,6,0.0,33.3,66.7
THY,THADI,0,1,5,6,0.0,16.7,83.3
BPRA,BARIPURA,0,0,6,6,0.0,0.0,100.0
BPKA,BHOPALKA,0,0,6,6,0.0,0.0,100.0
NIP,NIZAMPUR,0,0,6,6,0.0,0.0,100.0
WDL,WANDAL,0,0,6,6,0.0,0.0,100.0
WADO,WADODA,0,0,6,6,0.0,0.0,100.0
DHI,DHULE,6,0,0,6,100.0,0.0,0.0
DGW,DHIGAWARA,0,0,6,6,0.0,0.0,100.0
ALPR,ALAM PUR ROA,0,0,6,6,0.0,0.0,100.0
MTB,MATLABPUR,0,0,6,6,0.0,0.0,100.0
NHX,NARTHAR (HAL,0,2,4,6,0.0,33.3,66.7
NHLN,NAHARLAGUN,0,0,6,6,0.0,0.0,100.0
HLKH,HALLIKHED,0,6,0,6,0.0,100.0,0.0
HDU,HARDUA,0,0,6,6,0.0,0.0,100.0
SWF,SATHIN ROAD,0,0,6,6,0.0,0.0,100.0
NJN,NAOJAN,0,0,6,6,0.0,0.0,100.0
BPW,BURHPURA,0,1,5,6,0.0,16.7,83.3
MSWA,MASANIWALA,0,6,0,6,0.0,100.0,0.0
HMBD,HUMNABAD,0,6,0,6,0.0,100.0,0.0
HK,HELAK,0,4,2,6,0.0,66.7,33.3
HHT,HABANGHATTA,0,2,4,6,0.0,33.3,66.7
SVT,SHIVPURA,0,0,6,6,0.0,0.0,100.0
SVO,SANVRAD,0,0,6,6,0.0,0.0,100.0
HLV,HALIYURU,2,2,2,6,33.3,33.3,33.3
HLP,HALDHARPUR F,0,0,6,6,0.0,0.0,100.0
NGZ,SHRI-KSHETRA,0,0,6,6,0.0,0.0,100.0
AMDI,AMDI,3,3,0,6,50.0,50.0,0.0
MSS,MASARAHALLI,0,2,4,6,0.0,33.3,66.7
MSRP,MURHESI RAMP,0,2,4,6,0.0,33.3,66.7
DHRN,DHURANA,0,0,6,6,0.0,0.0,100.0
DHRJ,DHIRGANJ,0,0,6,6,0.0,0.0,100.0
MRHA,MURAHARA,0,4,2,6,0.0,66.7,33.3
MRG,MARGHERITA,0,4,2,6,0.0,66.7,33.3
HLDD,HALDI ROAD,0,1,5,6,0.0,16.7,83.3
HLB,HADALA BHAL,0,2,4,6,0.0,33.3,66.7
HKL,HARKIA KHAL,0,1,5,6,0.0,16.7,83.3
SVB,SAVNI,0,2,4,6,0.0,33.3,66.7
SURP,SURATPURA JN,0,0,6,6,0.0,0.0,100.0
NIN,NIMKANA,0,6,0,6,0.0,100.0,0.0
MRZA,MIRZA,0,1,5,6,0.0,16.7,83.3
MRV,MARSUL,0,0,6,6,0.0,0.0,100.0
NKDO,NAKKANADODDI,0,0,6,6,0.0,0.0,100.0
BRUD,BARUD,0,0,6,6,0.0,0.0,100.0
BAC,BARGACHIA,1,5,0,6,16.7,83.3,0.0
NMGY,NUMALIGARH R,0,0,6,6,0.0,0.0,100.0
SUNM,SUNMAI HALT,0,0,6,6,0.0,0.0,100.0
SUM,SUMMIT,0,2,4,6,0.0,33.3,66.7
HND,HINDOL ROAD,0,0,6,6,0.0,0.0,100.0
CNR,CHANDAR,0,6,0,6,0.0,100.0,0.0
TIW,TIVARI,0,1,5,6,0.0,16.7,83.3
TIM,TIMMANACHERL,0,0,6,6,0.0,0.0,100.0
DGJ,DUNGAR ROAD,2,2,2,6,33.3,33.3,33.3
VYK,VILAYAT KALA,0,0,6,6,0.0,0.0,100.0
BASN,ADRA,0,0,6,6,0.0,0.0,100.0
STDR,SATADHAR,0,0,6,6,0.0,0.0,100.0
SSZ,SADDA SINGHW,0,0,6,6,0.0,0.0,100.0
BFP,BILOCHPURA (,0,3,3,6,0.0,50.0,50.0
STRK,SITAPUR KUTC,0,4,2,6,0.0,66.7,33.3
HPA,HAMPAPURA,0,2,4,6,0.0,33.3,66.7
NLKT,NALKATA,0,3,3,6,0.0,50.0,50.0
NLBR,NILAMBAZAR,0,2,4,6,0.0,33.3,66.7
NKN,NYOLIKALAN,0,0,6,6,0.0,0.0,100.0
MSDR,MURSHADPUR,0,0,6,6,0.0,0.0,100.0
BRYC,BAREILLY CAN,0,2,4,6,0.0,33.3,66.7
BRVR,BORVIHIR,6,0,0,6,100.0,0.0,0.0
MPH,MUNDHA PANDE,0,0,6,6,0.0,0.0,100.0
SSPR,SADASHIBAPUR,0,0,6,6,0.0,0.0,100.0
BGN,BORGAON,0,0,6,6,0.0,0.0,100.0
HRH,HARTHALA,0,0,6,6,0.0,0.0,100.0
HRE,HIRODIH,0,4,2,6,0.0,66.7,33.3
NMGT,NIMSHIRGAON,1,1,4,6,16.7,16.7,66.7
NMG,NIMIAGHAT,0,4,2,6,0.0,66.7,33.3
MRSH,MORSHI,0,2,4,6,0.0,33.3,66.7
MROA,MORA,0,2,4,6,0.0,33.3,66.7
NMN,NAMANASAMUDR,0,4,2,6,0.0,66.7,33.3
BADR,BHADER,0,1,5,6,0.0,16.7,83.3
BAD,BAAD,0,3,3,6,0.0,50.0,50.0
DHL,DEVANHALLI,2,0,4,6,33.3,0.0,66.7
BARI,BARI,1,5,0,6,16.7,83.3,0.0
MOI,MORI BERA,0,0,6,6,0.0,0.0,100.0
NPK,N.PANAKUDI,0,2,4,6,0.0,33.3,66.7
NOA,NOSARIA  HAL,6,0,0,6,100.0,0.0,0.0
TKB,TUPKADIH,0,2,4,6,0.0,33.3,66.7
TJP,TAJPUR,0,0,6,6,0.0,0.0,100.0
TJM,TURINJAPURAM,0,0,6,6,0.0,0.0,100.0
GNJB,GOPINATHJEW,0,6,0,6,0.0,100.0,0.0
GNGL,GANGAULI (HA,0,4,2,6,0.0,66.7,33.3
CKYD,CHAKRA ROAD,0,0,6,6,0.0,0.0,100.0
CKV,CHERUKUVADA,0,4,2,6,0.0,66.7,33.3
VVA,VARVALA,0,0,6,6,0.0,0.0,100.0
VST,VIJAYSOTA,0,0,6,6,0.0,0.0,100.0
DIBL,DHOLI (BHAL),0,2,4,6,0.0,33.3,66.7
DHWN,DANIYAWAN FL,0,6,0,6,0.0,100.0,0.0
NNE,NONERA,0,4,2,6,0.0,66.7,33.3
MPLI,MINNAMPALLI,0,4,2,6,0.0,66.7,33.3
DKB,DAKSHINBARI,1,5,0,6,16.7,83.3,0.0
DJX,DUNGRIPALI,0,0,6,6,0.0,0.0,100.0
MOA,MANOPAD,0,0,6,6,0.0,0.0,100.0
MNX,MANGANALLUR,4,2,0,6,66.7,33.3,0.0
NPX,NARINDARPURA,0,0,6,6,0.0,0.0,100.0
BGHI,BAGAHAI ROAD,0,0,6,6,0.0,0.0,100.0
HSY,HARSINGHPUR,0,2,4,6,0.0,33.3,66.7
GMG,GUMGAON,0,2,4,6,0.0,33.3,66.7
TKI,TAKLI,0,0,6,6,0.0,0.0,100.0
MPNH,MAJNUPUR NAW,0,5,1,6,0.0,83.3,16.7
MORA,MORAIYA,0,2,4,6,0.0,33.3,66.7
MOPR,MOHANPURA HA,0,4,2,6,0.0,66.7,33.3
MOP,MOHITNAGAR,0,6,0,6,0.0,100.0,0.0
MONR,MOHANUR,0,4,2,6,0.0,66.7,33.3
MOMU,MOLAKALMURU,0,1,5,6,0.0,16.7,83.3
MNHA,MINDHA,0,0,6,6,0.0,0.0,100.0
MNH,MUNSIRHAT PH,1,5,0,6,16.7,83.3,0.0
NRGR,NARANJIPUR,1,2,3,6,16.7,33.3,50.0
ICG,ICHCHANGADU,0,2,4,6,0.0,33.3,66.7
HWR,HATWAR,0,0,6,6,0.0,0.0,100.0
ARE,ARNETHA,0,0,6,6,0.0,0.0,100.0
HVD,HALVAD,0,0,6,6,0.0,0.0,100.0
SRVT,SIRUVATTUR H,0,4,2,6,0.0,66.7,33.3
SRVN,SRAVANUR,0,2,4,6,0.0,33.3,66.7
SRSI,SARSI,0,6,0,6,0.0,100.0,0.0
DJD,DIDARGANJ RO,0,0,6,6,0.0,0.0,100.0
VRT,VRIDDHACHALA,0,2,4,6,0.0,33.3,66.7
BBGN,BARUA BAMUNG,0,0,6,6,0.0,0.0,100.0
BGPA,BAGESHPURA,0,2,4,6,0.0,33.3,66.7
IQG,IQBAL GADH,0,2,4,6,0.0,33.3,66.7
INJ,INNANJE,0,0,6,6,0.0,0.0,100.0
ILA,SILAIMAN,0,5,1,6,0.0,83.3,16.7
IKI,ITIKYALA,0,0,6,6,0.0,0.0,100.0
IDM,INDEMAU,0,0,6,6,0.0,0.0,100.0
AGT,AGTHORI,0,0,6,6,0.0,0.0,100.0
SRRG,SURER,0,0,6,6,0.0,0.0,100.0
SRPJ,SWARUPGANJ,0,0,6,6,0.0,0.0,100.0
SRMR,SRIRAMPURAM,0,2,4,6,0.0,33.3,66.7
SRL,SAROLA,0,0,6,6,0.0,0.0,100.0
NPW,NIPANI VADGA,0,0,6,6,0.0,0.0,100.0
NPT,NARASINGANPE,0,6,0,6,0.0,100.0,0.0
NPR,NEPALGANJ RO,0,6,0,6,0.0,100.0,0.0
NPM,NELLIKUPPAM,0,6,0,6,0.0,100.0,0.0
NSS,NAWASHAHR DO,0,6,0,6,0.0,100.0,0.0
NSRH,NIZ-SARIHA,0,0,6,6,0.0,0.0,100.0
NRY,NYORIYA HUSE,6,0,0,6,100.0,0.0,0.0
MLYR,MELNARIYAPPA,0,4,2,6,0.0,66.7,33.3
DKU,DUMRIKHURD,3,3,0,6,50.0,50.0,0.0
BSA,BHAINSA,0,2,4,6,0.0,33.3,66.7
NRR,NAGARUR,1,2,3,6,16.7,33.3,50.0
NRNR,NURNAGAR  HA,0,5,1,6,0.0,83.3,16.7
MNDA,MANDURA,0,0,6,6,0.0,0.0,100.0
MMY,MARWAR MATHA,0,0,6,6,0.0,0.0,100.0
MMP,MAMBALAPPATT,0,0,6,6,0.0,0.0,100.0
DJR,DOMJUR,1,5,0,6,16.7,83.3,0.0
DJL,DODJALA,2,0,4,6,33.3,0.0,66.7
AGMN,AGOMONI,0,0,6,6,0.0,0.0,100.0
SRJK,SURAJKUNDA,0,4,2,6,0.0,66.7,33.3
BGRR,BAGARPUR HAL,0,3,3,6,0.0,50.0,50.0
VPJ,VAIYAMPATTI,0,2,4,6,0.0,33.3,66.7
DLP,DALPATPUR,0,0,6,6,0.0,0.0,100.0
NTWL,NETAWAL,0,2,4,6,0.0,33.3,66.7
GLNA,GOLANA  HALT,0,0,6,6,0.0,0.0,100.0
TKRP,TIKAULI RAWA,0,0,6,6,0.0,0.0,100.0
TKMY,TAKLIMIYA HA,0,0,6,6,0.0,0.0,100.0
CNPI,CHANDANPAHAR,0,6,0,6,0.0,100.0,0.0
GMU,GAURIYAMAU,0,2,4,6,0.0,33.3,66.7
DBW,DUBIA,0,0,6,6,0.0,0.0,100.0
VRG,VIKRAM NAGAR,1,2,3,6,16.7,33.3,50.0
BSQ,BARSI TAKLI,0,0,6,6,0.0,0.0,100.0
BSPX,BANSPANI,0,0,6,6,0.0,0.0,100.0
BOK,BORKHEDI,0,2,4,6,0.0,33.3,66.7
JDL,JAGDEVWALA,0,0,6,6,0.0,0.0,100.0
CIT,CHITALI,0,0,6,6,0.0,0.0,100.0
SQJ,SAILA KHURD,0,6,0,6,0.0,100.0,0.0
SPY,SARSONPURI,0,6,0,6,0.0,100.0,0.0
SPX,SAPATGRAM,0,0,6,6,0.0,0.0,100.0
SPV,SIVAPUR,0,2,4,6,0.0,33.3,66.7
JBS,JADOLI KA BA,0,2,4,6,0.0,33.3,66.7
BGNP,BANAGALAPALL,0,4,2,6,0.0,66.7,33.3
SRDR,SARDARSAHAR,6,0,0,6,100.0,0.0,0.0
SRBG,SAROBAG,3,3,0,6,50.0,50.0,0.0
SQQ,SALAGAON,0,0,6,6,0.0,0.0,100.0
JALD,JALIADEWANI,0,0,6,6,0.0,0.0,100.0
JAL,JAWALI,0,0,6,6,0.0,0.0,100.0
DKRA,DHUANKHEDI,0,0,6,6,0.0,0.0,100.0
DKLU,DOLKALLU,0,0,6,6,0.0,0.0,100.0
GKB,GHATKAVARANA,0,0,6,6,0.0,0.0,100.0
TKYR,TIKARIYA,0,4,2,6,0.0,66.7,33.3
JBG,JUNG BAHADUR,0,4,2,6,0.0,66.7,33.3
JAN,JARANGDIH,0,0,6,6,0.0,0.0,100.0
BOKO,BOKO,0,1,5,6,0.0,16.7,83.3
MLSU,MALSAILU HAL,0,0,6,6,0.0,0.0,100.0
MLR,MALKHED,0,1,5,6,0.0,16.7,83.3
MLQ,MALKERA JN,0,2,4,6,0.0,33.3,66.7
BSJ,BHUPAL SAGAR,0,2,4,6,0.0,33.3,66.7
BSI,BASBARI,0,0,6,6,0.0,0.0,100.0
MLMG,MALLEMADUGU,0,2,4,6,0.0,33.3,66.7
MLKA,MALUKA,0,3,3,6,0.0,50.0,50.0
BSWA,BAISWARA,0,0,6,6,0.0,0.0,100.0
BSW,BANESWAR,0,2,4,6,0.0,33.3,66.7
OBM,OBLAPURAM,0,0,6,6,0.0,0.0,100.0
AMLI,AMLI,0,0,6,6,0.0,0.0,100.0
AMGA,AMJONGA,0,1,5,6,0.0,16.7,83.3
NVLN,NAVALGOAN,0,0,6,6,0.0,0.0,100.0
NVF,NAGAVANGALA,0,0,6,6,0.0,0.0,100.0
NVC,NAGALWANCHA,0,2,4,6,0.0,33.3,66.7
NUB,NURABAD,0,2,4,6,0.0,33.3,66.7
NUA,NUA,0,0,6,6,0.0,0.0,100.0
NTZ,NATHWANA,0,0,6,6,0.0,0.0,100.0
NXR,NAGSAR HALT,6,0,0,6,100.0,0.0,0.0
NWB,NIWAS ROAD,0,0,6,6,0.0,0.0,100.0
MLDE,MADLAUDA,0,0,6,6,0.0,0.0,100.0
MLC,MALKISAR,0,0,6,6,0.0,0.0,100.0
JHK,JETHUKE,0,1,5,6,0.0,16.7,83.3
SOB,SILANIBARI,0,0,6,6,0.0,0.0,100.0
BHAW,BLOCK HUT(A),0,0,6,6,0.0,0.0,100.0
BGY,BANGRIPOSI,4,0,2,6,66.7,0.0,33.3
JGKS,JIGNI KHAS (,0,0,6,6,0.0,0.0,100.0
JDH,JAM JODHPUR,0,0,6,6,0.0,0.0,100.0
JBX,JABRI,0,0,6,6,0.0,0.0,100.0
SOL,SOLAN,0,0,6,6,0.0,0.0,100.0
CHPT,CHATRAPPATTI,0,2,4,6,0.0,33.3,66.7
JGBR,JOGESWAR BIH,0,0,6,6,0.0,0.0,100.0
GLGT,GOLAGHAT,0,0,6,6,0.0,0.0,100.0
AMLO,AMLO,0,0,6,6,0.0,0.0,100.0
BSKO,BANSKHO,0,0,6,6,0.0,0.0,100.0
DMJR,DOMJUR ROAD,1,5,0,6,16.7,83.3,0.0
MJH,MAJU (PH),1,5,0,6,16.7,83.3,0.0
MJE,MUJNAI,0,0,6,6,0.0,0.0,100.0
MKSP,MUKHASA PARU,0,4,2,6,0.0,66.7,33.3
MKDI,MAKUDI,0,0,6,6,0.0,0.0,100.0
MKD,MARKUNDI,0,4,2,6,0.0,66.7,33.3
MJZ,MAJHOLA PAKA,6,0,0,6,100.0,0.0,0.0
ODHA,ODHA,0,2,4,6,0.0,33.3,66.7
ODC,ODDANCHATRAM,0,2,4,6,0.0,33.3,66.7
MKLI,MAKRAULI,0,0,6,6,0.0,0.0,100.0
DLC,DULMERA,0,0,6,6,0.0,0.0,100.0
DLA,DAULTA,0,1,5,6,0.0,16.7,83.3
SNVR,SANVATSAR,0,0,6,6,0.0,0.0,100.0
SNRA,SANWARA HALT,0,0,6,6,0.0,0.0,100.0
SNPH,SHANKAPUR HA,0,2,4,6,0.0,33.3,66.7
SNKX,SANKRA   HAL,0,6,0,6,0.0,100.0,0.0
SNKG,SANKARA GUMM,1,1,4,6,16.7,16.7,66.7
JJJ,JAIJON DOABA,0,6,0,6,0.0,100.0,0.0
JJA,JAJANPATTI,0,2,4,6,0.0,33.3,66.7
JJ,JAJAU,0,2,4,6,0.0,33.3,66.7
GILA,GHIALA,0,6,0,6,0.0,100.0,0.0
BDPK,BURHA PANKA,0,0,6,6,0.0,0.0,100.0
BDPG,BADA PADAGAO,0,0,6,6,0.0,0.0,100.0
TLNR,TALANALLUR,0,2,4,6,0.0,33.3,66.7
TLN,TALNI,0,1,5,6,0.0,16.7,83.3
TLMR,TELIAMURA,0,3,3,6,0.0,50.0,50.0
BGUA,BAIGUDA,0,0,6,6,0.0,0.0,100.0
BNM,BARAGAON,0,2,4,6,0.0,33.3,66.7
PAIL,BLOCK HUT 'C,1,2,3,6,16.7,33.3,50.0
DMBR,DUMRI BIHAR,0,0,6,6,0.0,0.0,100.0
VLG,VALI GONDA,0,2,4,6,0.0,33.3,66.7
VL,VILAD,0,0,6,6,0.0,0.0,100.0
VKP,VARAKALPATTU,0,6,0,6,0.0,100.0,0.0
VKM,VENKATESHAPU,0,0,6,6,0.0,0.0,100.0
DBI,DABLI RATHAN,0,2,4,6,0.0,33.3,66.7
DMRT,DUMMURIPUT,0,0,6,6,0.0,0.0,100.0
DMPR,DHARAMPUR  H,0,0,6,6,0.0,0.0,100.0
JMD,JAMDHA,6,0,0,6,100.0,0.0,0.0
JHA,JAKHAURA,0,1,5,6,0.0,16.7,83.3
JGNR,JOGENDRA NAG,0,3,3,6,0.0,50.0,50.0
SNMY,SINDRI MARSH,2,4,0,6,33.3,66.7,0.0
BTGH,BETTADANAGEN,2,2,2,6,33.3,33.3,33.3
PAQ,PADIYA NAGLA,0,6,0,6,0.0,100.0,0.0
SMRL,SAMARALA,0,0,6,6,0.0,0.0,100.0
SNDT,SINDRI TOWN,2,4,0,6,33.3,66.7,0.0
SNDI,SENDURAI,0,2,4,6,0.0,33.3,66.7
SNCA,SINGRA,0,1,5,6,0.0,16.7,83.3
SNB,SATNAUR BADE,0,6,0,6,0.0,100.0,0.0
OTK,OTTAKOVIL,0,2,4,6,0.0,33.3,66.7
OTD,OOTWARD,0,2,4,6,0.0,33.3,66.7
ORW,ORWARA,0,1,5,6,0.0,16.7,83.3
ORKI,ORKI HALT,0,4,2,6,0.0,66.7,33.3
ORDI,ORDI,0,1,5,6,0.0,16.7,83.3
MINA,MIYANA,1,0,5,6,16.7,0.0,83.3
MIH,MIHRAWAN,0,0,6,6,0.0,0.0,100.0
PBD,PEDDA BRAHMA,0,2,4,6,0.0,33.3,66.7
PATA,PATA,0,4,2,6,0.0,66.7,33.3
PASG,PANISAGAR,0,3,3,6,0.0,50.0,50.0
JML,JUMNAL,0,0,6,6,0.0,0.0,100.0
JMDG,JAMMALAMADUG,0,4,2,6,0.0,66.7,33.3
JNK,JHINKPANI,0,3,3,6,0.0,50.0,50.0
JLWC,JHALAWAR CIT,0,6,0,6,0.0,100.0,0.0
JLLO,JHILO,0,0,6,6,0.0,0.0,100.0
JLI,JALALSI PH,1,5,0,6,16.7,83.3,0.0
JLF,JULMI,0,6,0,6,0.0,100.0,0.0
JLBR,JHALUARBAR,1,5,0,6,16.7,83.3,0.0
SMV,SUMAOLI,0,0,6,6,0.0,0.0,100.0
OV,OTTIVAKKAM,0,4,2,6,0.0,66.7,33.3
MIA,MANIA,0,2,4,6,0.0,33.3,66.7
MHUR,MOHANPUR,0,6,0,6,0.0,100.0,0.0
MHUL,MAHUWALA HAL,0,0,6,6,0.0,0.0,100.0
PCMK,PACHAR MALIK,0,0,6,6,0.0,0.0,100.0
PCC,PRACHI ROAD,0,4,2,6,0.0,66.7,33.3
TLS,BETTAHALASUR,2,0,4,6,33.3,0.0,66.7
GJTA,GURUDIJHATIA,0,0,6,6,0.0,0.0,100.0
SMPA,SHYAMPURA,0,0,6,6,0.0,0.0,100.0
SMND,SARMATANR,0,4,2,6,0.0,66.7,33.3
CHKE,CHALLAKERE,0,1,5,6,0.0,16.7,83.3
MHLN,MAHENDRALALN,1,5,0,6,16.7,83.3,0.0
MHF,MOHARI,1,5,0,6,16.7,83.3,0.0
MHDB,MAHADIA PH,0,0,6,6,0.0,0.0,100.0
MGKM,MANGIAKAMI,0,3,3,6,0.0,50.0,50.0
DBN,DHABLAN,0,1,5,6,0.0,16.7,83.3
MES,MADURAI EAST,0,5,1,6,0.0,83.3,16.7
MEQ,MALETHU KANA,0,0,6,6,0.0,0.0,100.0
JMV,JAMBARA,0,2,4,6,0.0,33.3,66.7
JMS,JAMSAR,0,0,6,6,0.0,0.0,100.0
CHLR,CHHALESAR,0,4,2,6,0.0,66.7,33.3
BHK,BADHARI KALA,0,2,4,6,0.0,33.3,66.7
MHAD,MOHADI PRAGA,6,0,0,6,100.0,0.0,0.0
MGWD,MAHANGARWAL,0,6,0,6,0.0,100.0,0.0
MGD,MUGAD,0,2,4,6,0.0,33.3,66.7
MGB,MUDIGUBBA,0,0,6,6,0.0,0.0,100.0
MFQ,MAHROI,0,0,6,6,0.0,0.0,100.0
JPO,JORA ALAPUR,0,0,6,6,0.0,0.0,100.0
JOQ,JORAI,0,0,6,6,0.0,0.0,100.0
SLTH,SILLAKKUDI,0,2,4,6,0.0,33.3,66.7
SLRP,SALARPUR,0,2,4,6,0.0,33.3,66.7
SLR,SALOGRA,0,0,6,6,0.0,0.0,100.0
JOK,JODHKA,0,0,6,6,0.0,0.0,100.0
DML,DHARAMTUL,0,2,4,6,0.0,33.3,66.7
VJP,VIJAYPUR,0,0,6,6,0.0,0.0,100.0
VHGN,WIHIRGAON,0,0,6,6,0.0,0.0,100.0
DNEA,DANEA,0,0,6,6,0.0,0.0,100.0
DNE,DHAMNI HALT,0,0,6,6,0.0,0.0,100.0
DNDL,DANDI MAL,0,0,6,6,0.0,0.0,100.0
DN,DHANARI,0,0,6,6,0.0,0.0,100.0
BNJL,BINJHOL,0,0,6,6,0.0,0.0,100.0
BNI,BUDNI,0,0,6,6,0.0,0.0,100.0
BNHR,BANBIHARI -,0,6,0,6,0.0,100.0,0.0
BHM,BAHRAM,0,6,0,6,0.0,100.0,0.0
AVRD,ARAVALI ROAD,0,0,6,6,0.0,0.0,100.0
JNRD,JUNAGARH ROA,0,4,2,6,0.0,66.7,33.3
SLOR,SELOO ROAD,0,2,4,6,0.0,33.3,66.7
SLM,SOMALAPURAM,0,0,6,6,0.0,0.0,100.0
MELH,MELUSAR,6,0,0,6,100.0,0.0,0.0
MEE,METHAI F,0,6,0,6,0.0,100.0,0.0
MDPD,MANDA PADU,0,3,3,6,0.0,50.0,50.0
BNGL,BHANGALA,0,6,0,6,0.0,100.0,0.0
PDNA,PEDDADINNE H,0,0,6,6,0.0,0.0,100.0
TMT,TIMTALA,0,1,5,6,0.0,16.7,83.3
TMPM,TIMMAPURAM H,0,2,4,6,0.0,33.3,66.7
GIL,GAISAL,0,0,6,6,0.0,0.0,100.0
GIBP,GHOGI BARIAR,3,3,0,6,50.0,50.0,0.0
JOM,JOGIMAGRA,0,0,6,6,0.0,0.0,100.0
PDKM,PEDDANAYAKKA,0,4,2,6,0.0,66.7,33.3
PDGN,PADHEGAON,0,0,6,6,0.0,0.0,100.0
MFC,MONABARI,0,0,6,6,0.0,0.0,100.0
MDLE,MANDAR HILL,0,6,0,6,0.0,100.0,0.0
BTO,BHITAURA,0,0,6,6,0.0,0.0,100.0
PDPH,PADAPAHAR,0,3,3,6,0.0,50.0,50.0
PDO,POODOOR,0,0,6,6,0.0,0.0,100.0
PDNR,PADNUR H,0,1,5,6,0.0,16.7,83.3
DNI,DANSI PH,1,5,0,6,16.7,83.3,0.0
JRZ,JORANDA ROAD,0,0,6,6,0.0,0.0,100.0
JRNA,JIRINIA,0,3,3,6,0.0,50.0,50.0
AWL,ALAWAL PUR,0,6,0,6,0.0,100.0,0.0
BHKL,BHAKRAULI,0,0,6,6,0.0,0.0,100.0
SKVL,SANKAVAL,0,6,0,6,0.0,100.0,0.0
GHNH,GHANTIKAL NI,0,0,6,6,0.0,0.0,100.0
BNGY,BABHANJYOTIY,0,1,5,6,0.0,16.7,83.3
MCF,MANIK CHAURI,6,0,0,6,100.0,0.0,0.0
PEC,PENCHARTHAL,0,3,3,6,0.0,50.0,50.0
MDG,MANDALGHAT,0,6,0,6,0.0,100.0,0.0
MDC,MAKARDAHA,1,5,0,6,16.7,83.3,0.0
CQS,CAPPER QUARR,0,6,0,6,0.0,100.0,0.0
TNI,TANDARAI,0,0,6,6,0.0,0.0,100.0
SKPI,SIKRIPAI,0,0,6,6,0.0,0.0,100.0
SKNR,SHAKARNAGAR,2,2,2,6,33.3,33.3,33.3
SKLR,SAKLESHPUR,0,0,6,6,0.0,0.0,100.0
YDV,YADVENDRANAG,0,4,2,6,0.0,66.7,33.3
ABW,ABUTARA HALT,0,2,4,6,0.0,33.3,66.7
SKAP,SKPARA,0,3,3,6,0.0,50.0,50.0
DBM,DABOLIM H,0,6,0,6,0.0,100.0,0.0
DBLA,DABLA,0,0,6,6,0.0,0.0,100.0
ADIJ,AHMEDABAD JN,0,1,5,6,0.0,16.7,83.3
ADE,ADRI ROAD,0,0,6,6,0.0,0.0,100.0
BBKR,BABA BAKALA,0,4,2,6,0.0,66.7,33.3
BBJ,BABAGANJ HAL,0,6,0,6,0.0,100.0,0.0
BAPN,BARAIPURA  H,0,0,6,6,0.0,0.0,100.0
PIH,PARIHARA,0,0,6,6,0.0,0.0,100.0
PHY,PHARIHA,0,0,6,6,0.0,0.0,100.0
AAH,ITEHAR,0,4,2,6,0.0,66.7,33.3
APK,ARUPPUKKOTTA,0,2,4,6,0.0,33.3,66.7
APJ,AMARPUR-JORA,0,0,6,6,0.0,0.0,100.0
API,AKKARAIPPATT,0,2,4,6,0.0,33.3,66.7
APG,ANUPGANJ,0,2,4,6,0.0,33.3,66.7
BHTL,BHATEL,0,0,6,6,0.0,0.0,100.0
JSV,JARANDESHWAR,0,0,6,6,0.0,0.0,100.0
JSS,JASIA  HALT,0,0,6,6,0.0,0.0,100.0
PGG,PENGANGA,0,0,6,6,0.0,0.0,100.0
PEU,PERASHSHANNU,0,4,2,6,0.0,66.7,33.3
PETA,PANDETOLA,0,6,0,6,0.0,100.0,0.0
MCLA,MACHERLA,2,3,1,6,33.3,50.0,16.7
AAR,ADESAR,0,0,6,6,0.0,0.0,100.0
PH,PANOH,2,0,4,6,33.3,0.0,66.7
YDP,YEDAPALLI  H,2,2,2,6,33.3,33.3,33.3
MANU,MANU,0,3,3,6,0.0,50.0,50.0
SIY,SIRRI,0,6,0,6,0.0,100.0,0.0
SISN,SISAUNA,0,3,3,6,0.0,50.0,50.0
ABGT,ARABAGATTA,0,0,6,6,0.0,0.0,100.0
SIPA,SINGHPOKHARI,0,3,3,6,0.0,50.0,50.0
SIM,SHRI AMIRGAD,0,2,4,6,0.0,33.3,66.7
JSRD,JHANKAD SARA,0,6,0,6,0.0,100.0,0.0
JSPR,JASHAPUR,2,2,2,6,33.3,33.3,33.3
SJKL,SURJAKAMAL,0,0,6,6,0.0,0.0,100.0
SJER,SANJARPUR (H,0,0,6,6,0.0,0.0,100.0
BMZ,BAMOUR GAON,0,0,6,6,0.0,0.0,100.0
MBV,MIRZAPUR BAC,0,0,6,6,0.0,0.0,100.0
MBU,MELPATTAMBAK,0,6,0,6,0.0,100.0,0.0
MBSK,MARWAR- BALI,0,0,6,6,0.0,0.0,100.0
MANA,MANA,0,0,6,6,0.0,0.0,100.0
ACH,ACHAL GANJ,0,0,6,6,0.0,0.0,100.0
GEA,GHATERA,0,0,6,6,0.0,0.0,100.0
TPK,TIPKAI,0,0,6,6,0.0,0.0,100.0
TPG,TIPLING,0,0,6,6,0.0,0.0,100.0
TPC,TIRUPPACHETT,0,5,1,6,0.0,83.3,16.7
TPB,TRILOKPUR (H,0,0,6,6,0.0,0.0,100.0
TOK,THOKUR,0,0,6,6,0.0,0.0,100.0
GGT,GHUNGHUTI,0,0,6,6,0.0,0.0,100.0
GGR,GANGRAR,0,0,6,6,0.0,0.0,100.0
JTV,JETALVAD,0,1,5,6,0.0,16.7,83.3
JTO,JUTOGH,0,0,6,6,0.0,0.0,100.0
PHM,PATAPATNAM,0,2,4,6,0.0,33.3,66.7
ARN,ARAND,0,0,6,6,0.0,0.0,100.0
MASK,MAISAR KHANA,0,0,6,6,0.0,0.0,100.0
ANC,ANNECHAKANAH,0,2,4,6,0.0,33.3,66.7
BUL,BHALULATA,1,3,2,6,16.7,50.0,33.3
ARNA,ARNIYA,0,0,6,6,0.0,0.0,100.0
DPRA,DHUPDHARA,0,1,5,6,0.0,16.7,83.3
PLH,PARLAKIMIDI,0,2,4,6,0.0,33.3,66.7
ARNH,ARJUNAHALLI,0,2,4,6,0.0,33.3,66.7
ARPL,AREPALLI HAL,0,0,6,6,0.0,0.0,100.0
BEHJ,BEHAJ,0,2,4,6,0.0,33.3,66.7
SIKD,SIKRODA KWAN,0,2,4,6,0.0,33.3,66.7
SIF,SIRLI,0,0,6,6,0.0,0.0,100.0
SHZ,SUMMER HILL,0,0,6,6,0.0,0.0,100.0
SHX,SHUKARULLAHP,0,2,4,6,0.0,33.3,66.7
SHW,SAMHON,0,4,2,6,0.0,66.7,33.3
GEOR,GUNJARIA,0,0,6,6,0.0,0.0,100.0
MAHO,MAHOLI,0,4,2,6,0.0,66.7,33.3
PKDE,PILU KHERA,0,0,6,6,0.0,0.0,100.0
PKBS,PEEPLEE - KA,0,0,6,6,0.0,0.0,100.0
PJY,PARJANI  HAL,0,3,3,6,0.0,50.0,50.0
BDKN,BANDHUA KALA,0,2,4,6,0.0,33.3,66.7
BDHY,BUDHI,0,2,4,6,0.0,33.3,66.7
BDHN,BODHAN,2,2,2,6,33.3,33.3,33.3
TPPI,THIPPARTHI,0,2,4,6,0.0,33.3,66.7
UCB,UNCHI BASSI,0,6,0,6,0.0,100.0,0.0
CQL,CHIRAKKAL HA,1,2,3,6,16.7,33.3,50.0
BHU,BHANDU MOTI,0,2,4,6,0.0,33.3,66.7
BHTS,BHATASA (HAL,0,2,4,6,0.0,33.3,66.7
SHGN,SHRI GHASI N,0,4,2,6,0.0,66.7,33.3
SHF,SHIRUD,6,0,0,6,100.0,0.0,0.0
KADL,KUMRADOL,0,6,0,6,0.0,100.0,0.0
CVD,CHAVADIPALAY,0,5,1,6,0.0,83.3,16.7
JUNX,JUNONA HALT,0,0,6,6,0.0,0.0,100.0
JUK,JAULKA HALT,0,0,6,6,0.0,0.0,100.0
JTY,JETHI,0,2,4,6,0.0,33.3,66.7
VER,VELLUR HALT,0,2,4,6,0.0,33.3,66.7
SGRM,SINGARAM,0,0,6,6,0.0,0.0,100.0
KANS,KANSIYA NES,0,0,6,6,0.0,0.0,100.0
KALI,KAILI,0,5,1,6,0.0,83.3,16.7
DXR,DIGSAR,0,0,6,6,0.0,0.0,100.0
KAGR,KAHANGARH HA,0,0,6,6,0.0,0.0,100.0
GDHA,GODHA,0,0,6,6,0.0,0.0,100.0
PKRD,PAKARIYA ROA,0,0,6,6,0.0,0.0,100.0
BUDA,BHUDA,0,4,2,6,0.0,66.7,33.3
AMZ,AMTA,1,5,0,6,16.7,83.3,0.0
AMW,AMANVADI,0,0,6,6,0.0,0.0,100.0
MADA,MAONDA,0,0,6,6,0.0,0.0,100.0
MABB,MABBI HALT,0,0,6,6,0.0,0.0,100.0
MAA,MAVAL,0,2,4,6,0.0,33.3,66.7
LYD,LAYABAD,0,2,4,6,0.0,33.3,66.7
LXA,LAKWA,0,0,6,6,0.0,0.0,100.0
RKX,RUKHI HALT,0,0,6,6,0.0,0.0,100.0
RKS,SARAI RANI,0,0,6,6,0.0,0.0,100.0
KBE,KURBHAR,0,0,6,6,0.0,0.0,100.0
KAWT,KANWAT,0,0,6,6,0.0,0.0,100.0
BINR,BRIJ NAGAR,0,2,4,6,0.0,33.3,66.7
BIML,BHIMAL,0,2,4,6,0.0,33.3,66.7
BILA,BHESLANA,0,0,6,6,0.0,0.0,100.0
KASH,KULTHAM ABDU,0,6,0,6,0.0,100.0,0.0
BMKJ,BHIMKHOJ,0,0,6,6,0.0,0.0,100.0
LSE,LASERI  HALT,0,0,6,6,0.0,0.0,100.0
PMB,PULLAMBADI,0,2,4,6,0.0,33.3,66.7
PLW,PINGLESHWAR,0,0,6,6,0.0,0.0,100.0
PLU,PATAKOTTACHE,0,0,6,6,0.0,0.0,100.0
KAOT,KAOTHA,0,1,5,6,0.0,16.7,83.3
RJS,RAJIYASAR,0,0,6,6,0.0,0.0,100.0
JWNR,JAWAHAR NAGA,0,3,3,6,0.0,50.0,50.0
RJMP,RAJMALPUR RO,0,0,6,6,0.0,0.0,100.0
GDX,GHOKSADANGA,0,0,6,6,0.0,0.0,100.0
GDRA,GANGADHARA,1,4,1,6,16.7,66.7,16.7
GDPT,GUDAPARTI,0,2,4,6,0.0,33.3,66.7
GDO,GOVERDHAN,0,2,4,6,0.0,33.3,66.7
KPO,KARANPURA,0,4,2,6,0.0,66.7,33.3
SGBJ,SURGAON BANJ,0,0,6,6,0.0,0.0,100.0
SFR,SAFRAI,0,0,6,6,0.0,0.0,100.0
AKR,AKOLNER,0,0,6,6,0.0,0.0,100.0
PNB,PANBARI,0,2,4,6,0.0,33.3,66.7
PMT,PULLAMPET,0,0,6,6,0.0,0.0,100.0
PMO,PANDOLI,0,2,4,6,0.0,33.3,66.7
PMN,PAMAN,1,1,4,6,16.7,16.7,66.7
PMKT,PIMPALKHUTI,0,2,4,6,0.0,33.3,66.7
KORI,KHORI,0,0,6,6,0.0,0.0,100.0
DOY,DORNAHALLI,0,2,4,6,0.0,33.3,66.7
KBI,KAMBARGANVI,0,2,4,6,0.0,33.3,66.7
SFE,SANODIYA,0,0,6,6,0.0,0.0,100.0
SFDE,SAFIDON,0,0,6,6,0.0,0.0,100.0
SEW,SEHAL HALT,0,6,0,6,0.0,100.0,0.0
SEPR,SHERPUR,0,3,3,6,0.0,50.0,50.0
SEN,SENAPURA,0,0,6,6,0.0,0.0,100.0
KBSN,KASBE SUKENE,0,2,4,6,0.0,33.3,66.7
KBR,KABRAI,0,0,6,6,0.0,0.0,100.0
VEER,VEER,0,0,6,6,0.0,0.0,100.0
VDP,VADIPPATTI,1,3,2,6,16.7,50.0,33.3
VD,VADADIYA,0,0,6,6,0.0,0.0,100.0
DARI,DHARI,0,1,5,6,0.0,16.7,83.3
AWP,AGHWANPUR,0,0,6,6,0.0,0.0,100.0
BUTA,BHADUTOLA PH,0,6,0,6,0.0,100.0,0.0
CRX,CARRON,0,0,6,6,0.0,0.0,100.0
CRV,CHUREB,0,1,5,6,0.0,16.7,83.3
BDMA,BUDHMA,0,6,0,6,0.0,100.0,0.0
RJGR,RAJATHGARH J,0,0,6,6,0.0,0.0,100.0
KBP,KUBERPUR,0,4,2,6,0.0,66.7,33.3
KBKN,KHABRA KALAN,0,0,6,6,0.0,0.0,100.0
AIA,AJARKA,0,0,6,6,0.0,0.0,100.0
AHZ,ADHINPUR,0,2,4,6,0.0,33.3,66.7
BJA,BIJROTHA,0,1,5,6,0.0,16.7,83.3
BIZ,BAIHATA,0,0,6,6,0.0,0.0,100.0
PNDP,PANDILLAPALL,0,2,4,6,0.0,33.3,66.7
RIM,RAJIM,6,0,0,6,100.0,0.0,0.0
LPJL,JAGITYAL,1,4,1,6,16.7,66.7,16.7
LPH,LOTAPAHAR,1,3,2,6,16.7,50.0,33.3
LOT,LOHTA,0,1,5,6,0.0,16.7,83.3
PNI,PURAINI,0,0,6,6,0.0,0.0,100.0
PNGR,PINGORA,0,2,4,6,0.0,33.3,66.7
PNGI,PANANGUDI,0,4,2,6,0.0,66.7,33.3
CHBS,CHAUBISI,0,2,4,6,0.0,33.3,66.7
GCH,GACHHIPURA,0,0,6,6,0.0,0.0,100.0
ANMD,ARANGMAHANAD,0,0,6,6,0.0,0.0,100.0
KDHA,KARCHHA,1,2,3,6,16.7,33.3,50.0
KDGH,KODIGEHALLI,2,2,2,6,33.3,33.3,33.3
KDF,KHUNDAUR,0,0,6,6,0.0,0.0,100.0
BIS,BISWA BRIDGE,0,0,6,6,0.0,0.0,100.0
BMKD,BELLAM KONDA,0,3,3,6,0.0,50.0,50.0
BMK,BIRANG KHERA,0,2,4,6,0.0,33.3,66.7
AS,ARJANSAR,0,0,6,6,0.0,0.0,100.0
PNSD,PANGARSHINDE,0,0,6,6,0.0,0.0,100.0
LOHA,LOHA   HALT,0,0,6,6,0.0,0.0,100.0
LOA,LORHA,0,0,6,6,0.0,0.0,100.0
LO,LOLIYA,0,2,4,6,0.0,33.3,66.7
DQL,DHALAIBI,0,0,6,6,0.0,0.0,100.0
DPUR,DEPUR PH,0,4,2,6,0.0,66.7,33.3
BIRL,BIRAUL,1,5,0,6,16.7,83.3,0.0
PPLC,PIMPLA CHAUR,0,0,6,6,0.0,0.0,100.0
PPEA,PAPARERA,0,4,2,6,0.0,66.7,33.3
KEV,KELA DEVI,0,2,4,6,0.0,33.3,66.7
ARW,AHRAURA ROAD,0,1,5,6,0.0,16.7,83.3
KDSD,KUDSAD,0,2,4,6,0.0,33.3,66.7
KDN,KUDATINI,0,0,6,6,0.0,0.0,100.0
KDZ,KANDAGHAT,0,0,6,6,0.0,0.0,100.0
KDX,KADABARI HAT,0,6,0,6,0.0,100.0,0.0
TRG,TARIGHAT,6,0,0,6,100.0,0.0,0.0
VBR,VAMBORI,0,0,6,6,0.0,0.0,100.0
BEDM,BEDHAM,0,2,4,6,0.0,33.3,66.7
AGM,AGARAM SIBBA,0,0,6,6,0.0,0.0,100.0
GSD,GHOSUNDA,0,2,4,6,0.0,33.3,66.7
LKNR,LAKHPAT NAGA,0,1,5,6,0.0,16.7,83.3
GATD,GAUTAMDHARA,0,1,5,6,0.0,16.7,83.3
GAO,GAIGAON,0,0,6,6,0.0,0.0,100.0
KGN,KURSEONG,0,4,2,6,0.0,66.7,33.3
KGL,KUPGAL,1,2,3,6,16.7,33.3,50.0
SCPR,SHYAMA CHARA,0,0,6,6,0.0,0.0,100.0
SCPD,SUCHIPIND HA,0,6,0,6,0.0,100.0,0.0
SCN,SONDHA ROAD,0,4,2,6,0.0,66.7,33.3
CGH,CHOLANG,0,6,0,6,0.0,100.0,0.0
PORA,PORA,0,2,4,6,0.0,33.3,66.7
POM,PUNTHOTTAM,4,2,0,6,66.7,33.3,0.0
POK,POKARAN,0,0,6,6,0.0,0.0,100.0
GSB,GARNA SAHIB,0,6,0,6,0.0,100.0,0.0
AYR,AYYALUR,0,2,4,6,0.0,33.3,66.7
AXR,ALLURUROAD,0,2,4,6,0.0,33.3,66.7
AXK,ASOKHAR,0,4,2,6,0.0,66.7,33.3
AXA,AMARSAR,0,2,4,6,0.0,33.3,66.7
PPNS,PAPPINISSERI,1,2,3,6,16.7,33.3,50.0
PPLI,PIPLI,0,0,6,6,0.0,0.0,100.0
BBPM,BALABHADRAPU,0,2,4,6,0.0,33.3,66.7
BBO,BABUGARH,0,0,6,6,0.0,0.0,100.0
DRB,DEBARI,0,2,4,6,0.0,33.3,66.7
LBN,LABAN,0,0,6,6,0.0,0.0,100.0
LLGM,LELIGUMMA,0,0,6,6,0.0,0.0,100.0
BLSN,BELSONDA,0,0,6,6,0.0,0.0,100.0
PPU,PIPARPUR,0,0,6,6,0.0,0.0,100.0
PPTN,PIPRITHAN,0,0,6,6,0.0,0.0,100.0
LIN,LINGAM GUNTL,0,3,3,6,0.0,50.0,50.0
LHNR,LAKSHMANPUR,0,0,6,6,0.0,0.0,100.0
LHD,LOHOGAD,0,0,6,6,0.0,0.0,100.0
BUX,BHANDAK,0,2,4,6,0.0,33.3,66.7
BUU,BHADANPUR,0,0,6,6,0.0,0.0,100.0
AYU,ABHAYAPURI A,0,0,6,6,0.0,0.0,100.0
GSA,GUAGACHHA,0,0,6,6,0.0,0.0,100.0
BJL,BRAHMAJAN,0,0,6,6,0.0,0.0,100.0
BW,BIWAI,0,4,2,6,0.0,66.7,33.3
BVZ,NALOI BARWA,0,0,6,6,0.0,0.0,100.0
BVV,BEDETTI,0,0,6,6,0.0,0.0,100.0
GS,GODHNESHWAR,0,2,4,6,0.0,33.3,66.7
MYE,MANDHALI,0,6,0,6,0.0,100.0,0.0
BJI,BIJAULI,0,1,5,6,0.0,16.7,83.3
SBIC,SABARMATI JN,0,1,5,6,0.0,16.7,83.3
KGF,KATGHAR,0,0,6,6,0.0,0.0,100.0
SCE,SENCHOA JN,0,0,6,6,0.0,0.0,100.0
BAH,BHABHAR,0,0,6,6,0.0,0.0,100.0
BAGD,BAGWADA,0,2,4,6,0.0,33.3,66.7
BAGA,BHAGEGA,0,0,6,6,0.0,0.0,100.0
MXW,MAHADEVASAL,1,3,2,6,16.7,50.0,33.3
BBY,BHADROLI HAL,0,4,2,6,0.0,66.7,33.3
BBTR,BARBATPUR,0,0,6,6,0.0,0.0,100.0
MXP,MALUPOTA,0,6,0,6,0.0,100.0,0.0
BVNR,BHAVANI NAGA,0,0,6,6,0.0,0.0,100.0
NCA,NIZCHATIA,0,0,6,6,0.0,0.0,100.0
KZX,KHUDDA KORAL,0,6,0,6,0.0,100.0,0.0
NBX,NIZBARGANJ,0,0,6,6,0.0,0.0,100.0
SAV,SAVDA,0,0,6,6,0.0,0.0,100.0
CDK,CHANDKHEDA R,0,6,0,6,0.0,100.0,0.0
KII,KILLE,0,6,0,6,0.0,100.0,0.0
KIE,KHIRIA KHURD,0,6,0,6,0.0,100.0,0.0
GSR,GARHSHANKAR,0,6,0,6,0.0,100.0,0.0
NDT,NATHDWARA,0,0,6,6,0.0,0.0,100.0
KHJA,KHANJA HALT,0,0,6,6,0.0,0.0,100.0
KHJ,KHAJRAHA,0,1,5,6,0.0,16.7,83.3
KHHJ,KHATKAR KALA,0,6,0,6,0.0,100.0,0.0
BLX,BOLAI,0,0,6,6,0.0,0.0,100.0
LGCE,LAGARGAWAN,0,0,6,6,0.0,0.0,100.0
MVH,MANTATTI,0,0,6,6,0.0,0.0,100.0
MVD,MULVAD,0,0,6,6,0.0,0.0,100.0
GUNS,GHUNAS HALT,0,1,5,6,0.0,16.7,83.3
AEP,AMRELI PARA,0,1,5,6,0.0,16.7,83.3
AE,AMRELI,0,1,5,6,0.0,16.7,83.3
CTHR,CHITAHARA,0,4,2,6,0.0,66.7,33.3
KHSN,KHERA SANDHA,0,2,4,6,0.0,33.3,66.7
KHRI,KHARKHARI,0,2,4,6,0.0,33.3,66.7
KHRA,KACHERA,0,0,6,6,0.0,0.0,100.0
PRK,PARKHAM,0,2,4,6,0.0,33.3,66.7
PRGA,PAHARJAGANGA,0,0,6,6,0.0,0.0,100.0
PRDT,Proddatur,0,4,2,6,0.0,66.7,33.3
LBW,LAIBURWA HAL,0,0,6,6,0.0,0.0,100.0
KYY,KARIHA HALT,0,6,0,6,0.0,100.0,0.0
KYX,KARHIYA BHAD,0,0,6,6,0.0,0.0,100.0
PRNT,PERIYANAGATH,0,2,4,6,0.0,33.3,66.7
PRM,PIRUMADARA (,2,4,0,6,33.3,66.7,0.0
SASG,SASAN GIR,0,0,6,6,0.0,0.0,100.0
SAO,SAGONI,0,0,6,6,0.0,0.0,100.0
GRU,GAROPARA HAL,0,0,6,6,0.0,0.0,100.0
SANH,SANHA HALT,0,4,2,6,0.0,66.7,33.3
SAMT,SALEM MARKET,0,4,2,6,0.0,66.7,33.3
FRDH,FARIDAHA,0,4,2,6,0.0,66.7,33.3
KZW,KATAR SINGH,0,0,6,6,0.0,0.0,100.0
KXX,KATA ROAD,0,0,6,6,0.0,0.0,100.0
AGA,AGRA CITY,1,4,1,6,16.7,66.7,16.7
KXM,KITHAM,0,3,3,6,0.0,50.0,50.0
KXK,KHARKHAUDA,0,5,1,6,0.0,83.3,16.7
KXI,KURUMURTHI,0,0,6,6,0.0,0.0,100.0
PSL,PARISAL,0,0,6,6,0.0,0.0,100.0
PRWD,PAREWADI,0,0,6,6,0.0,0.0,100.0
PRV,PUKKIRAVARI,0,4,2,6,0.0,66.7,33.3
PRUR,PRITHWIRAJPU,0,6,0,6,0.0,100.0,0.0
SAD,SONADA,0,4,2,6,0.0,66.7,33.3
KJLU,KHARI - JHAL,0,3,3,6,0.0,50.0,50.0
KJL,KHUMGAON BUR,0,0,6,6,0.0,0.0,100.0
KJA,KHAJURHAT,0,0,6,6,0.0,0.0,100.0
KJ,KAJGAON,0,0,6,6,0.0,0.0,100.0
KJS,KRISHNARAJSA,0,2,4,6,0.0,33.3,66.7
CXA,CHANDSARA HA,0,5,1,6,0.0,83.3,16.7
DRWN,DEROWAN PH,1,3,2,6,16.7,50.0,33.3
DRW,DHAREWADA,0,2,4,6,0.0,33.3,66.7
TBL,TARCHHERA BA,0,4,2,6,0.0,66.7,33.3
BWPB,BHAWANIPUR B,0,2,4,6,0.0,33.3,66.7
BWIP,BHAWANIPATNA,0,4,2,6,0.0,66.7,33.3
BWD,BELVANDI,0,0,6,6,0.0,0.0,100.0
MWW,MAHWA,0,0,6,6,0.0,0.0,100.0
MWK,MORDAD TANDA,6,0,0,6,100.0,0.0,0.0
CDRL,CHHANDRAULI,0,2,4,6,0.0,33.3,66.7
KKL,KALA BAKRA,0,6,0,6,0.0,100.0,0.0
KKG,KEKATUMAR,0,0,6,6,0.0,0.0,100.0
APDC,ALIPUR DUAR,0,2,4,6,0.0,33.3,66.7
MWE,MEWA NAWADA,0,0,6,6,0.0,0.0,100.0
RZN,RAUZAGAON,0,2,4,6,0.0,33.3,66.7
RYT,RAYATPURA,0,4,2,6,0.0,66.7,33.3
RYC,RAYAKOTTAI,0,2,4,6,0.0,33.3,66.7
RY,RAYAKA,0,2,4,6,0.0,33.3,66.7
PST,POSOITA,1,3,2,6,16.7,50.0,33.3
KXG,KHARIA KHANG,0,0,6,6,0.0,0.0,100.0
KXF,KAMPIL ROAD,0,2,4,6,0.0,33.3,66.7
KVGM,KOLVAGRAM,0,0,6,6,0.0,0.0,100.0
RWJ,RAWANJNA,0,0,6,6,0.0,0.0,100.0
SAKD,SUPRAKANDI,0,2,4,6,0.0,33.3,66.7
SAHA,SARAHULA HAL,6,0,0,6,100.0,0.0,0.0
SAGM,SAGMA,0,4,2,6,0.0,66.7,33.3
PUC,PUDUCHATIRAM,0,6,0,6,0.0,100.0,0.0
CCK,CHICHAKI,0,4,2,6,0.0,66.7,33.3
BAHP,BAND HAMIRPU,0,0,6,6,0.0,0.0,100.0
BAHN,BABHAN GAON,0,2,4,6,0.0,33.3,66.7
RUL,RAVLI,0,0,6,6,0.0,0.0,100.0
KKRL,KAKRALA HALT,0,1,5,6,0.0,16.7,83.3
KKNH,KARUKHIRHARN,0,6,0,6,0.0,100.0,0.0
RVH,RAIPUR R-V B,0,0,6,6,0.0,0.0,100.0
PTHL,PANTIHAL PH,1,5,0,6,16.7,83.3,0.0
KW,KHERVADI,0,2,4,6,0.0,33.3,66.7
MWAD,MOWAD,0,2,4,6,0.0,33.3,66.7
KURO,KORARI,0,0,6,6,0.0,0.0,100.0
KURN,KHUKRANA HAL,0,0,6,6,0.0,0.0,100.0
PTWA,PATWARA,0,0,6,6,0.0,0.0,100.0
PTRE,PATARA,0,0,6,6,0.0,0.0,100.0
RVG,REVELGANJ GH,0,0,6,6,0.0,0.0,100.0
AJUG,ABJUGANJ,0,3,3,6,0.0,50.0,50.0
KTWS,KATHUWAS,0,0,6,6,0.0,0.0,100.0
KTRR,KATHARA ROAD,0,0,6,6,0.0,0.0,100.0
KTRK,KUTURUKHAMAR,0,4,2,6,0.0,66.7,33.3
KUND,KUND,0,0,6,6,0.0,0.0,100.0
CTRD,CHITRAWAD,0,0,6,6,0.0,0.0,100.0
TSAH,TATASIGUA,0,2,4,6,0.0,33.3,66.7
FLM,FALIMARI,0,2,4,6,0.0,33.3,66.7
NDPR,NANDAPUR,0,0,6,6,0.0,0.0,100.0
ASAN,ASAN,0,0,6,6,0.0,0.0,100.0
WIRR,WIRUR,0,0,6,6,0.0,0.0,100.0
KKET,KAMRUP KHETR,0,0,6,6,0.0,0.0,100.0
BLSD,BALSAMAND,0,0,6,6,0.0,0.0,100.0
BWB,BAGWALI,0,2,4,6,0.0,33.3,66.7
KUGT,KUMARGHAT,0,3,3,6,0.0,50.0,50.0
PUF,PAUTA (HALT),0,6,0,6,0.0,100.0,0.0
KULH,KULHA HALT,0,0,6,6,0.0,0.0,100.0
BLMK,BHALUMASKA,0,0,6,6,0.0,0.0,100.0
KTPK,KOTHA PAKKI,0,4,2,6,0.0,66.7,33.3
KTP,KATEPURNA,0,0,6,6,0.0,0.0,100.0
KTNR,KIRTYANAND N,0,6,0,6,0.0,100.0,0.0
KLHD,KOLHADI,0,0,6,6,0.0,0.0,100.0
KLH,KHEMLI,0,2,4,6,0.0,33.3,66.7
KLGM,KALLAGAM,0,2,4,6,0.0,33.3,66.7
KKMB,KASTLA-KASMA,0,2,4,6,0.0,33.3,66.7
RTZ,RATONA,0,2,4,6,0.0,33.3,66.7
RTK,RAMTEK,3,3,0,6,50.0,50.0,0.0
KLAD,KALANAD HALT,0,3,3,6,0.0,50.0,50.0
WGJ,WARISGANJ HA,0,2,4,6,0.0,33.3,66.7
BXB,BANGA,0,6,0,6,0.0,100.0,0.0
PUSA,PUSLA,0,2,4,6,0.0,33.3,66.7
AKNR,ADHYATMIK NA,0,2,4,6,0.0,33.3,66.7
KTF,KOT FATEH,0,0,6,6,0.0,0.0,100.0
MTUR,MATHUR,0,2,4,6,0.0,33.3,66.7
PW,PIRWA,0,0,6,6,0.0,0.0,100.0
DAE,DAHEGAON,0,1,5,6,0.0,16.7,83.3
UMNF,AMBLIYASAN J,0,6,0,6,0.0,100.0,0.0
KLSX,KAULSERI,0,1,5,6,0.0,16.7,83.3
KLS,KOLATUR,0,2,4,6,0.0,33.3,66.7
KLYN,KHILERIYAN,6,0,0,6,100.0,0.0,0.0
KLYH,KALLUR YEDAH,0,2,4,6,0.0,33.3,66.7
KLWL,KILANWALI PU,0,4,2,6,0.0,66.7,33.3
KKTI,KUTTAKUDI,0,4,2,6,0.0,66.7,33.3
MTU,MATMARI,1,2,3,6,16.7,33.3,50.0
RSH,RATAN SAHAR,0,0,6,6,0.0,0.0,100.0
RRU,RAYARU,0,2,4,6,0.0,33.3,66.7
KLKA,KOILAKUNTLA,0,4,2,6,0.0,66.7,33.3
KUM,KURAM,0,0,6,6,0.0,0.0,100.0
CMR,CHAMROLA,0,2,4,6,0.0,33.3,66.7
FAR,FARAH,0,3,3,6,0.0,50.0,50.0
CTW,CHHINTANWALA,0,1,5,6,0.0,16.7,83.3
CTT,CHITRASANI,0,2,4,6,0.0,33.3,66.7
CBT,CHAR BATIA,0,0,6,6,0.0,0.0,100.0
TABU,TALABURU,0,3,3,6,0.0,50.0,50.0
KMLI,KAMLI,0,2,4,6,0.0,33.3,66.7
KMKD,KHAMKHED,0,0,6,6,0.0,0.0,100.0
KMK,KOMAKHAN,0,0,6,6,0.0,0.0,100.0
KMHT,KARMAHAT,0,0,6,6,0.0,0.0,100.0
KMGH,KAMARGANJ,0,3,3,6,0.0,50.0,50.0
CBJ,CLUTTERBUCKG,0,0,6,6,0.0,0.0,100.0
CBH,CHAUBE,0,4,2,6,0.0,66.7,33.3
BXHT,BOXIRHAT,0,0,6,6,0.0,0.0,100.0
KTGM,KAYASTHAGRAM,0,2,4,6,0.0,33.3,66.7
KTGA,KEUTIGUA,0,0,6,6,0.0,0.0,100.0
DTF,DANTIA,0,4,2,6,0.0,66.7,33.3
UMED,UMED,0,0,6,6,0.0,0.0,100.0
DTX,DANGTAL,0,0,6,6,0.0,0.0,100.0
DTW,DATEWAS,0,0,6,6,0.0,0.0,100.0
DTR,DHAMTARI,0,6,0,6,0.0,100.0,0.0
KSTH,KASHTI,0,0,6,6,0.0,0.0,100.0
RAKL,RETHORAKALAN,0,4,2,6,0.0,66.7,33.3
RAHA,RAHA,0,2,4,6,0.0,33.3,66.7
RAH,RAMGARH,0,2,4,6,0.0,33.3,66.7
RAGM,RAJAGAMBIRAM,0,5,1,6,0.0,83.3,16.7
RA,RAMPARDA,0,0,6,6,0.0,0.0,100.0
QXR,KUCHESAR ROA,0,0,6,6,0.0,0.0,100.0
TUY,THIRUTHURAIY,0,6,0,6,0.0,100.0,0.0
TUX,TUNIA,1,3,2,6,16.7,50.0,33.3
TUNG,TUNG,0,4,2,6,0.0,66.7,33.3
TUJ,TANIJAN,0,0,6,6,0.0,0.0,100.0
DUM,DHAURMUI JAG,0,2,4,6,0.0,33.3,66.7
BKTW,BAIKUNTH WES,0,3,3,6,0.0,50.0,50.0
BFJ,BHORAS BUDRU,6,0,0,6,100.0,0.0,0.0
RCG,RACHAGUNNERI,0,4,2,6,0.0,66.7,33.3
KNB,KANIYAMBADI,0,0,6,6,0.0,0.0,100.0
KMSI,KURUSI,0,2,4,6,0.0,33.3,66.7
KM,KALEM,0,6,0,6,0.0,100.0,0.0
AJK,AJAKOLLU HAL,0,0,6,6,0.0,0.0,100.0
CMA,CINNAMARA,0,0,6,6,0.0,0.0,100.0
BJUD,BAJUD,0,2,4,6,0.0,33.3,66.7
BJRA,BHAJERA,0,4,2,6,0.0,66.7,33.3
KMPH,KAMALPUR HAL,0,2,4,6,0.0,33.3,66.7
KTHL,KATHOLA (HAL,0,1,5,6,0.0,16.7,83.3
KTHA,KHUTHA,0,4,2,6,0.0,66.7,33.3
KTA,KUSHTALA,0,0,6,6,0.0,0.0,100.0
KSWR,KALMESHWAR,0,0,6,6,0.0,0.0,100.0
KSR,KASTURI (HAL,0,1,5,6,0.0,16.7,83.3
RDG,RAYA DRUG,0,0,6,6,0.0,0.0,100.0
BLC,BOLDA,0,0,6,6,0.0,0.0,100.0
BKWA,BAKAYANWALA,0,4,2,6,0.0,66.7,33.3
TVS,TALAIVASAL,0,4,2,6,0.0,66.7,33.3
TVN,TIRUPPUVANAM,0,5,1,6,0.0,83.3,16.7
TVI,TARADEVI,0,0,6,6,0.0,0.0,100.0
BDHL,BADHAL,0,0,6,6,0.0,0.0,100.0
ETUE,ETMADPUR,0,4,2,6,0.0,66.7,33.3
KMNP,KISHAN-MANPU,0,0,6,6,0.0,0.0,100.0
KMM,KANNAMANGALA,0,0,6,6,0.0,0.0,100.0
KMLM,KELAMANGALAM,0,2,4,6,0.0,33.3,66.7
UM,UMERDASHI,0,2,4,6,0.0,33.3,66.7
UKE,UTTARKATHANI,0,0,6,6,0.0,0.0,100.0
DUS,DULRASAR,6,0,0,6,100.0,0.0,0.0
GWO,GWALIOR (NG),0,0,6,6,0.0,0.0,100.0
KODN,KODUMUNDA HA,0,4,2,6,0.0,66.7,33.3
KNGN,KANHEGAON,0,0,6,6,0.0,0.0,100.0
KNDL,KHANDEL,0,0,6,6,0.0,0.0,100.0
KNDI,KANDRORI,0,6,0,6,0.0,100.0,0.0
CATD,CHATAUD,0,6,0,6,0.0,100.0,0.0
CATA,CHHATA-ASCHA,0,0,6,6,0.0,0.0,100.0
RNKA,RUNKUTA,0,3,3,6,0.0,50.0,50.0
RNJD,RANJAN GAON,0,0,6,6,0.0,0.0,100.0
EKL,EKDIL,0,4,2,6,0.0,66.7,33.3
EDN,EDAMANN,0,4,2,6,0.0,66.7,33.3
GOPA,GHOSIPURA,0,0,6,6,0.0,0.0,100.0
RCA,RENTACHIN TA,2,3,1,6,33.3,50.0,16.7
RBR,RIBADA,0,0,6,6,0.0,0.0,100.0
KSDE,KARSINDHU HA,0,0,6,6,0.0,0.0,100.0
KSBI,KASHIABARI,0,6,0,6,0.0,100.0,0.0
KRX,KURUD,0,6,0,6,0.0,100.0,0.0
KONN,KONNUR HALT,0,0,6,6,0.0,0.0,100.0
KONA,KONA PH,1,5,0,6,16.7,83.3,0.0
RMW,ROSHAN MAU H,0,3,3,6,0.0,50.0,50.0
RMNR,RAHMAT NAGAR,0,2,4,6,0.0,33.3,66.7
RMH,RANGMAHAL,0,2,4,6,0.0,33.3,66.7
GPDE,GUDIPUDI,0,3,3,6,0.0,50.0,50.0
KRNH,KORNAHALLI,0,2,4,6,0.0,33.3,66.7
BYHA,BARYA RAM,0,1,5,6,0.0,16.7,83.3
BXT,BAMANHAT,0,2,4,6,0.0,33.3,66.7
KRC,KIRODA,0,0,6,6,0.0,0.0,100.0
RES,RASAULI,0,2,4,6,0.0,33.3,66.7
REM,REDDI GUDEM,0,3,3,6,0.0,50.0,50.0
GOZ,GOLSAR,6,0,0,6,100.0,0.0,0.0
RDV,RADHA BALAMP,0,4,2,6,0.0,66.7,33.3
KNJJ,KANNJARA HAL,0,0,6,6,0.0,0.0,100.0
KNGR,KASHINAGAR P,0,2,4,6,0.0,33.3,66.7
BKNM,BANKRA NAYAB,1,5,0,6,16.7,83.3,0.0
BKNA,BAKAINA HALT,0,3,3,6,0.0,50.0,50.0
KPRR,KOTAPAR ROAD,0,0,6,6,0.0,0.0,100.0
KRLS,KURLASI,0,0,6,6,0.0,0.0,100.0
KQS,KAILARAS,0,0,6,6,0.0,0.0,100.0
RGJI,RANGJULI,0,1,5,6,0.0,16.7,83.3
KRKN,KARKEND PH,0,2,4,6,0.0,33.3,66.7
GOX,GOBINDPUR DU,0,0,6,6,0.0,0.0,100.0
KRJD,KARJODA,0,2,4,6,0.0,33.3,66.7
KRI,KHAPRI,0,2,4,6,0.0,33.3,66.7
DWG,DEWANGANJ,0,2,4,6,0.0,33.3,66.7
RM,RAJMANE,6,0,0,6,100.0,0.0,0.0
BKLA,BAKULHA,0,0,6,6,0.0,0.0,100.0
BKKS,BAKKAS,0,2,4,6,0.0,33.3,66.7
BKIT,BINDADKATTI,0,0,6,6,0.0,0.0,100.0
KONY,KISONI,0,0,6,6,0.0,0.0,100.0
CAJ,CHAKRAJ MAL,0,0,6,6,0.0,0.0,100.0
GSW,GURUSAR SEHN,0,2,4,6,0.0,33.3,66.7
MTMI,MOTUMARI JN.,0,2,4,6,0.0,33.3,66.7
KOHR,KOHIR(DECCAN,0,2,4,6,0.0,33.3,66.7
BKDE,BUDHA KHERA,0,0,6,6,0.0,0.0,100.0
RLO,RAYALCHERUVU,0,2,4,6,0.0,33.3,66.7
UBN,UBARNI,0,4,2,6,0.0,66.7,33.3
UA,UPLETA,0,0,6,6,0.0,0.0,100.0
TZR,TURKI,0,0,6,6,0.0,0.0,100.0
CWI,CHONDI,0,0,6,6,0.0,0.0,100.0
CVV,CHERUVU MADH,0,2,4,6,0.0,33.3,66.7
KNSR,KANASAR,0,0,6,6,0.0,0.0,100.0
KNRG,KANHARGAON N,0,0,6,6,0.0,0.0,100.0
DWA,DAILWARA,0,1,5,6,0.0,16.7,83.3
UGN,UGAON,0,2,4,6,0.0,33.3,66.7
UDS,UDASAR,6,0,0,6,100.0,0.0,0.0
BEHT,BIHAT HALT,0,0,6,6,0.0,0.0,100.0
ACG,ACHEGAON,0,0,6,6,0.0,0.0,100.0
DEEG,DEEG,0,2,4,6,0.0,33.3,66.7
DDNA,DUDHAUNDA (H,0,4,2,6,0.0,66.7,33.3
MTL,MAILAM,1,1,4,6,16.7,16.7,66.7
DELO,DEORAKOT,0,2,4,6,0.0,33.3,66.7
NARA,NARA HALT,0,0,6,6,0.0,0.0,100.0
NAND,NANDIKOOR,0,0,6,6,0.0,0.0,100.0
NANA,NANA,0,0,6,6,0.0,0.0,100.0
ALP,ALAPPAKKAM,0,6,0,6,0.0,100.0,0.0
YAD,YEULKHED,0,0,6,6,0.0,0.0,100.0
DCP,DAL CHAPRA F,0,0,6,6,0.0,0.0,100.0
MZX,MATATILA,0,1,5,6,0.0,16.7,83.3
MZU,MARANDAHALLI,0,2,4,6,0.0,33.3,66.7
UDM,UNDASA MADHA,1,2,3,6,16.7,33.3,50.0
UCH,UNCHAULIA,0,4,2,6,0.0,66.7,33.3
NBT,NAYA BHAGIRA,0,0,6,6,0.0,0.0,100.0
BRGL,BURGULA HALT,0,2,4,6,0.0,33.3,66.7
GRHM,GIR GADHADA,0,4,2,6,0.0,66.7,33.3
GRCP,G.RAMACHANDR,0,4,2,6,0.0,66.7,33.3
GRAK,GARKHA F,0,2,4,6,0.0,33.3,66.7
SXR,SERNDANUR,0,6,0,6,0.0,100.0,0.0
TFGN,TUFANGANJ,0,0,6,6,0.0,0.0,100.0
TELY,TELIA,0,4,2,6,0.0,66.7,33.3
NAN,NANOGAON ROA,0,0,6,6,0.0,0.0,100.0
BRKB,BHARAT KHAND,0,0,6,6,0.0,0.0,100.0
MZY,MACHAPUR,0,0,6,6,0.0,0.0,100.0
MWT,MARWAR LOHAW,0,0,6,6,0.0,0.0,100.0
NB,NIMBHORA,0,0,6,6,0.0,0.0,100.0
TEK,TEKKALI,0,2,4,6,0.0,33.3,66.7
TEG,TRIBEDIGANJ,0,2,4,6,0.0,33.3,66.7
BEK,BUNDKI,0,0,6,6,0.0,0.0,100.0
TUL,TIRALDIH,0,0,5,5,0.0,0.0,100.0
PPKD,PAPRAKUND,0,1,4,5,0.0,20.0,80.0
KHTG,KHATGAON,0,0,5,5,0.0,0.0,100.0
SII,SITIMANI,0,0,5,5,0.0,0.0,100.0
BTKP,BHARAT KUP,0,0,5,5,0.0,0.0,100.0
KKS,KURASTI KALA,0,3,2,5,0.0,60.0,40.0
KDHI,KALADEHI,0,4,1,5,0.0,80.0,20.0
BRHU,BARAHU,0,0,5,5,0.0,0.0,100.0
KFF,KOLDE,0,0,5,5,0.0,0.0,100.0
KHE,KANKATHER,0,0,5,5,0.0,0.0,100.0
MAND,MANDURAI HAL,3,2,0,5,60.0,40.0,0.0
TVG,TAVARGATTI,0,1,4,5,0.0,20.0,80.0
PUO,PIR UMROD,0,0,5,5,0.0,0.0,100.0
SIW,SHIRAVADE,0,0,5,5,0.0,0.0,100.0
TRAN,TORANG,0,0,5,5,0.0,0.0,100.0
CRE,CHORGHAT PIP,0,4,1,5,0.0,80.0,20.0
KLM,KADLIMATTI H,0,0,5,5,0.0,0.0,100.0
RXM,ROOMA,0,3,2,5,0.0,60.0,40.0
CTPR,CHINTA PARRU,0,4,1,5,0.0,80.0,20.0
PLHW,PALHAWAS,0,5,0,5,0.0,100.0,0.0
RSYI,RASAYANI,0,1,4,5,0.0,20.0,80.0
DNK,DHANAKYA,1,1,3,5,20.0,20.0,60.0
ANPR,ANPARA,0,3,2,5,0.0,60.0,40.0
PTPR,PRATABPUR HA,0,5,0,5,0.0,100.0,0.0
BLWR,BILESHWAR,0,2,3,5,0.0,40.0,60.0
CSM,CANSAULIM,0,5,0,5,0.0,100.0,0.0
KSAR,KUDALA SANGA,0,0,5,5,0.0,0.0,100.0
LKKD,LOKKADKOT,0,0,5,5,0.0,0.0,100.0
PTRL,PATHRALA,0,2,3,5,0.0,40.0,60.0
APRD,ASHAPURNA DE,0,5,0,5,0.0,100.0,0.0
PRTR,PUTTARRA,0,4,1,5,0.0,80.0,20.0
PRU,PARLU,0,0,5,5,0.0,0.0,100.0
SJPA,SUJALPUR PH,0,5,0,5,0.0,100.0,0.0
USK,USIAKHAS HAL,0,0,5,5,0.0,0.0,100.0
KMTI,KUMARHATTI D,0,0,5,5,0.0,0.0,100.0
MDB,MANDOR,0,1,4,5,0.0,20.0,80.0
LSGS,LAVAN SATYAG,0,5,0,5,0.0,100.0,0.0
BUQ,BARGI,0,4,1,5,0.0,80.0,20.0
BUGY,BUGIA,0,5,0,5,0.0,100.0,0.0
TWL,TILWARA,0,0,5,5,0.0,0.0,100.0
SGS,SHOGHI,0,0,5,5,0.0,0.0,100.0
LAUL,LAUL,0,0,5,5,0.0,0.0,100.0
DPT,DALPAT SINGH,0,5,0,5,0.0,100.0,0.0
PHX,PATHAKPUR,0,0,5,5,0.0,0.0,100.0
KKRD,KIKAKUI ROAD,0,0,5,5,0.0,0.0,100.0
GGGS,GARHA GOODS,0,4,1,5,0.0,80.0,20.0
KHTX,KHED TEMPLE,0,0,5,5,0.0,0.0,100.0
PGMD,PRAGATI MAID,1,4,0,5,20.0,80.0,0.0
ANGR,ANGADGERI H,0,0,5,5,0.0,0.0,100.0
KHNR,KACHNARA,0,0,5,5,0.0,0.0,100.0
KDRD,KHULDIL ROAD,0,1,4,5,0.0,20.0,80.0
DRPH,DEVRI P.H,0,4,1,5,0.0,80.0,20.0
BMRN,BHIMRANA,0,0,5,5,0.0,0.0,100.0
KRAI,KAHER,0,0,5,5,0.0,0.0,100.0
KSVM,KESAVARAM HA,0,1,4,5,0.0,20.0,80.0
PTE,PATIALA CANT,0,1,4,5,0.0,20.0,80.0
PRPM,PT RAM PRASA,0,2,3,5,0.0,40.0,60.0
KYT,KAILAHAT,0,1,4,5,0.0,20.0,80.0
TNGM,TONDALAGOPAV,0,2,3,5,0.0,40.0,60.0
PMPR,PREMPUR,0,3,2,5,0.0,60.0,40.0
KSQ,KANSPUR GUGA,0,3,2,5,0.0,60.0,40.0
KBN,KARBIGWAN,0,3,2,5,0.0,60.0,40.0
KTK,KYATANAKERI,0,0,5,5,0.0,0.0,100.0
LNWT,LUCKNOW WEST,1,2,2,5,20.0,40.0,40.0
DWD,DHEKWAD,0,0,5,5,0.0,0.0,100.0
GGAR,GANGADHRA,0,0,5,5,0.0,0.0,100.0
BLG,BILHAR GHAT,0,0,5,5,0.0,0.0,100.0
BMQ,BHIMARLAI,0,0,5,5,0.0,0.0,100.0
SJDA,SANJUJA-DA-A,0,5,0,5,0.0,100.0,0.0
KRSL,KRISHNASHILA,0,3,2,5,0.0,60.0,40.0
KVA,KAVAS,0,0,5,5,0.0,0.0,100.0
SKRI,SIKARIA HALT,0,0,5,5,0.0,0.0,100.0
SKTN,SHAKTINAGAR,0,3,2,5,0.0,60.0,40.0
SKY,SHIKARA,0,4,1,5,0.0,80.0,20.0
SLGE,SULERJAVALGE,0,0,5,5,0.0,0.0,100.0
MDL,MANDAL,0,0,5,5,0.0,0.0,100.0
JON,JOHNA,0,1,4,5,0.0,20.0,80.0
JONR,JEONARA,0,4,1,5,0.0,80.0,20.0
PDE,PINDRAI,0,4,1,5,0.0,80.0,20.0
JNE,JANIYANA,0,0,5,5,0.0,0.0,100.0
JPV,JMTRA PARASW,0,4,1,5,0.0,80.0,20.0
MGRL,MANGROLIA,0,0,5,5,0.0,0.0,100.0
PATI,PARSA TIWARI,0,1,4,5,0.0,20.0,80.0
CHK,CHAKERI,0,3,2,5,0.0,60.0,40.0
DBEC,DEVBALODA CH,1,1,3,5,20.0,20.0,60.0
BDPA,BADALPUR PH,0,5,0,5,0.0,100.0,0.0
MHRI,MACHHRAULI,0,5,0,5,0.0,100.0,0.0
DMP,DHARAMPUR HI,0,0,5,5,0.0,0.0,100.0
MKDN,MARKADHANA,0,3,2,5,0.0,60.0,40.0
BOBS,BOBAS,1,1,3,5,20.0,20.0,60.0
MJHL,MAJHAULA HAL,0,0,5,5,0.0,0.0,100.0
CHRG,CHORGI H,0,0,5,5,0.0,0.0,100.0
SOY,SUKRIMANGELA,0,4,1,5,0.0,80.0,20.0
GKG,GOKULGARH,0,5,0,5,0.0,100.0,0.0
MKY,MEKKUDI HALT,0,4,1,5,0.0,80.0,20.0
TKRA,TIKRA PH,0,5,0,5,0.0,100.0,0.0
VNK,BINAIKI,0,4,1,5,0.0,80.0,20.0
BBAI,BHADBHUNJA,0,0,5,5,0.0,0.0,100.0
AHD,AHERWADI H,0,0,5,5,0.0,0.0,100.0
IMR,IBRAHIMPUR H,0,0,5,5,0.0,0.0,100.0
SSIA,SUISA,0,0,5,5,0.0,0.0,100.0
BSDA,BANIYA SANDA,0,0,5,5,0.0,0.0,100.0
MOM,MAMAN,0,4,1,5,0.0,80.0,20.0
HRW,HARRAWALA,0,0,5,5,0.0,0.0,100.0
STLB,SITALPUR (BE,0,5,0,5,0.0,100.0,0.0
BGMR,BAGUMRA,0,0,5,5,0.0,0.0,100.0
HOH,HONAGANAHALL,0,0,5,5,0.0,0.0,100.0
SUH,SULEHALLI,0,0,5,5,0.0,0.0,100.0
HMRR,HAMARAPUR,0,1,4,5,0.0,20.0,80.0
GNST,GHANDHI SMRU,0,2,3,5,0.0,40.0,60.0
TIC,TIMMACHIPURA,0,4,1,5,0.0,80.0,20.0
DHND,DHINDA,1,1,3,5,20.0,20.0,60.0
HGL,HARANGUL,0,0,5,5,0.0,0.0,100.0
HMG,HAMIR GARH,0,0,5,5,0.0,0.0,100.0
NIDI,NIDI,0,1,4,5,0.0,20.0,80.0
NIR,NAINPUR JN.,0,4,1,5,0.0,80.0,20.0
GNS,GHONSOR,0,4,1,5,0.0,80.0,20.0
HEN,HERIA PH,0,5,0,5,0.0,100.0,0.0
SWC,SHIVRAMPUR,0,0,5,5,0.0,0.0,100.0
BENL,BENAL H,0,0,5,5,0.0,0.0,100.0
HDE,HARDAS BIGHA,1,1,3,5,20.0,20.0,60.0
MTJL,MOTIJHEEL,0,0,5,5,0.0,0.0,100.0
BQW,BARAKALAN,0,0,5,5,0.0,0.0,100.0
DGHL,DIGHAL,0,5,0,5,0.0,100.0,0.0
SZA,SAROTRA ROAD,0,2,3,5,0.0,40.0,60.0
GOLE,GOLE,0,0,5,5,0.0,0.0,100.0
BET,BARETH,0,2,3,5,0.0,40.0,60.0
GRX,GAURA,0,1,4,5,0.0,20.0,80.0
BQM,BARELIPAR,0,3,2,5,0.0,60.0,40.0
MUQ,MARUDUR HALT,0,4,1,5,0.0,80.0,20.0
NDNI,NIDHANI,0,4,1,5,0.0,80.0,20.0
MWF,MAGARDAHA,0,1,4,5,0.0,20.0,80.0
MWH,MALWAN,0,3,2,5,0.0,60.0,40.0
TBV,TIMBARVA,0,0,5,5,0.0,0.0,100.0
GRG,GUWARI GHAT,0,4,1,5,0.0,80.0,20.0
NCN,NACHINDA PH,0,5,0,5,0.0,100.0,0.0
MYGD,MYNAGURI RD,1,0,4,5,20.0,0.0,80.0
ABLE,AMBLE,0,0,5,5,0.0,0.0,100.0
ZPR,ZORAWARPURA,0,5,0,5,0.0,100.0,0.0
CNBI,CHANDARI,0,3,2,5,0.0,60.0,40.0
RMPH,RAMPAHARI,0,0,4,4,0.0,0.0,100.0
RNB,RANPURA,0,4,0,4,0.0,100.0,0.0
DWDI,DIGHWA DUBAU,0,4,0,4,0.0,100.0,0.0
KRKM,KHARA-KAMERI,0,0,4,4,0.0,0.0,100.0
RFR,RAFINAGAR F,0,0,4,4,0.0,0.0,100.0
RNL,RANALA,0,0,4,4,0.0,0.0,100.0
RNN,RAJAN KUNTI,0,2,2,4,0.0,50.0,50.0
RNRD,RANIPUR ROAD,0,0,4,4,0.0,0.0,100.0
BJPR,BIJAIPUR ROA,0,0,4,4,0.0,0.0,100.0
ETAH,ETAH,0,4,0,4,0.0,100.0,0.0
RDK,RASHIDPURA-K,2,2,0,4,50.0,50.0,0.0
KRKP,KYARKOP,0,0,4,4,0.0,0.0,100.0
KRKR,KURKURA,0,0,4,4,0.0,0.0,100.0
KRW,KHARWA,0,2,2,4,0.0,50.0,50.0
KSA,KHASA,4,0,0,4,100.0,0.0,0.0
KSAE,KOSAI,0,0,4,4,0.0,0.0,100.0
EDU,ERIODU,0,0,4,4,0.0,0.0,100.0
RNGG,RANGALITING,0,0,4,4,0.0,0.0,100.0
CAPG,CHAPAGURI,0,0,4,4,0.0,0.0,100.0
BK,BAKRA ROAD,0,0,4,4,0.0,0.0,100.0
BKA,BARKHEDA,0,0,4,4,0.0,0.0,100.0
KLYT,KOLAYAT,0,0,4,4,0.0,0.0,100.0
KMAH,KAMATHE,0,0,4,4,0.0,0.0,100.0
KNAR,KHANPUR AHIR,0,0,4,4,0.0,0.0,100.0
RCJ,RANAYALA,0,2,2,4,0.0,50.0,50.0
BKTL,BAKTAL,0,0,4,4,0.0,0.0,100.0
KRQ,KARARI,0,0,4,4,0.0,0.0,100.0
DWJ,DWARKAGANJ,0,0,4,4,0.0,0.0,100.0
DUMR,DUMARA,0,0,4,4,0.0,0.0,100.0
DUN,DUGANPUR,0,0,4,4,0.0,0.0,100.0
UKC,UKSI,0,0,4,4,0.0,0.0,100.0
ULN,ULNA BHARI,0,0,4,4,0.0,0.0,100.0
KNBR,KANAIBAZAR,0,0,4,4,0.0,0.0,100.0
KNC,KANCHANPUR R,0,0,4,4,0.0,0.0,100.0
RAK,RAMKOT,0,1,3,4,0.0,25.0,75.0
DTQ,DATARDA KALA,0,0,4,4,0.0,0.0,100.0
DTT,DODDAGHATTA,0,0,4,4,0.0,0.0,100.0
DTJ,DETROJ,0,4,0,4,0.0,100.0,0.0
KSUA,KASHIPURA,0,4,0,4,0.0,100.0,0.0
KTAL,KATHLAL,0,4,0,4,0.0,100.0,0.0
RBHR,RABHRA HAALT,0,4,0,4,0.0,100.0,0.0
RBHT,R BLOCK HALT,2,2,0,4,50.0,50.0,0.0
KSHR,KESHWARI BH,0,2,2,4,0.0,50.0,50.0
KSNA,KANASAR NAWA,0,0,4,4,0.0,0.0,100.0
KTHE,KATAHRI,0,0,4,4,0.0,0.0,100.0
ERC,ERICH ROAD,0,0,4,4,0.0,0.0,100.0
KMRD,KALAMB ROAD,0,0,4,4,0.0,0.0,100.0
RPV,RAJAPATTI,0,4,0,4,0.0,100.0,0.0
RQP,RADHA KISHOR,0,0,4,4,0.0,0.0,100.0
RRJ,RAMARAJUPALL,0,0,4,4,0.0,0.0,100.0
KLGD,KOLLENGODE,0,2,2,4,0.0,50.0,50.0
KMLK,KAMALAPUR,0,4,0,4,0.0,100.0,0.0
AJM,ADRAJ MOTI,0,4,0,4,0.0,100.0,0.0
RORA,RORA,0,0,4,4,0.0,0.0,100.0
RPGU,RASULPUR GOG,0,0,4,4,0.0,0.0,100.0
RPL,REDDIPALLI,0,0,4,4,0.0,0.0,100.0
CBP,CHIKBALLAPUR,0,0,4,4,0.0,0.0,100.0
CTTP,CHITRAPUR (H,0,0,4,4,0.0,0.0,100.0
CTZ,CHAUNTRA BHA,0,0,4,4,0.0,0.0,100.0
NBP,NIBHAPUR,0,1,3,4,0.0,25.0,75.0
KTKD,KATANGI KHUR,0,0,4,4,0.0,0.0,100.0
QSR,KANSRAO,0,0,4,4,0.0,0.0,100.0
KUKA,KHUI KHERA,0,3,1,4,0.0,75.0,25.0
KLLF,KALOL,0,1,3,4,0.0,25.0,75.0
RSJ,RAYSER JAGIR,0,0,4,4,0.0,0.0,100.0
RSKA,RAJSUNAKHALA,0,4,0,4,0.0,100.0,0.0
CBZ,CHURAIBARI,0,0,4,4,0.0,0.0,100.0
UMG,UTTANGAL MAN,0,0,4,4,0.0,0.0,100.0
UMM,UMRAM,0,0,4,4,0.0,0.0,100.0
UMS,UDRAMSAR,0,0,4,4,0.0,0.0,100.0
UNA,UNA,0,2,2,4,0.0,50.0,50.0
KTLP,KATALPUR (HA,0,4,0,4,0.0,100.0,0.0
BWRA,BHARATWADA,0,0,4,4,0.0,0.0,100.0
BWS,BADWASI,0,0,4,4,0.0,0.0,100.0
PWK,PIPARIYAKELA,0,0,4,4,0.0,0.0,100.0
CBG,CHARBHUJA RO,0,0,4,4,0.0,0.0,100.0
RTBR,RATABARI,0,3,1,4,0.0,75.0,25.0
RTGN,RATANGAON,0,0,4,4,0.0,0.0,100.0
RTJ,RANTEJ,0,1,3,4,0.0,25.0,75.0
RTU,RATAN SARAI,0,4,0,4,0.0,100.0,0.0
KKLU,KAKLUR,0,0,4,4,0.0,0.0,100.0
KLGN,KALANGANI,0,4,0,4,0.0,100.0,0.0
KLGR,KOLAIGRAM,0,0,4,4,0.0,0.0,100.0
KTNA,KATHANA,0,4,0,4,0.0,100.0,0.0
KTR,KOTHAR,0,0,4,4,0.0,0.0,100.0
KTRA,KOTRA,0,0,4,4,0.0,0.0,100.0
BLGH,BISHALGARH,4,0,0,4,100.0,0.0,0.0
BLME,BHOLIDIH,0,2,2,4,0.0,50.0,50.0
BLMR,BHALUKMARA,0,0,4,4,0.0,0.0,100.0
BLNG,BARLANGA,0,0,4,4,0.0,0.0,100.0
PUY,PHULAGURI,0,0,4,4,0.0,0.0,100.0
KTKR,KUMTHA KHURD,0,0,4,4,0.0,0.0,100.0
FRH,FARHANTNAGAR,0,2,2,4,0.0,50.0,50.0
FSG,PHURSUNGI,0,0,4,4,0.0,0.0,100.0
FTC,FATEHPUR CHA,0,2,2,4,0.0,50.0,50.0
ASI,ARSENI,0,1,3,4,0.0,25.0,75.0
FLD,PHULAD,0,0,4,4,0.0,0.0,100.0
TSD,TAHSIL BHADR,0,0,4,4,0.0,0.0,100.0
TTLA,TETELIA,0,0,4,4,0.0,0.0,100.0
AJRE,AUJURI,0,0,4,4,0.0,0.0,100.0
AKI,ADARKI,0,0,4,4,0.0,0.0,100.0
KUT,KANAUTA,0,0,4,4,0.0,0.0,100.0
KUTI,KHUMTAI,0,0,4,4,0.0,0.0,100.0
PTYR,PATIYARA,0,2,2,4,0.0,50.0,50.0
KKV,KUKAVAV,0,4,0,4,0.0,100.0,0.0
KLBA,KALAMBHA,0,0,4,4,0.0,0.0,100.0
KKRH,KARAHIYA HAL,0,0,4,4,0.0,0.0,100.0
BAK,BHAN KARI,0,0,4,4,0.0,0.0,100.0
PU,PATCHUR,0,2,2,4,0.0,50.0,50.0
PUD,PHANDA,0,0,4,4,0.0,0.0,100.0
PUG,PUNGGUDI,0,2,2,4,0.0,50.0,50.0
KUJU,KUJU,0,0,4,4,0.0,0.0,100.0
KVN,KAVANUR,0,0,4,4,0.0,0.0,100.0
KVNJ,KAPADVANJ,0,4,0,4,0.0,100.0,0.0
BWA,BHINWALIYA,0,0,4,4,0.0,0.0,100.0
BLRD,BALAROAD,0,0,4,4,0.0,0.0,100.0
BLRG,BALASIRING,0,0,4,4,0.0,0.0,100.0
CDB,CHAUDHURIBAN,0,2,2,4,0.0,50.0,50.0
CDBH,CANDRABANDA,0,2,2,4,0.0,50.0,50.0
BJN,BEJNAL,0,0,4,4,0.0,0.0,100.0
PTSC,PARICHA THER,0,0,4,4,0.0,0.0,100.0
KURT,KHURDA TOWN,0,4,0,4,0.0,100.0,0.0
KWAR,KAWAR,0,4,0,4,0.0,100.0,0.0
PTKD,PATHARKANDI,0,0,4,4,0.0,0.0,100.0
BLNI,BHALWANI,0,0,4,4,0.0,0.0,100.0
BLNK,BELANKI,0,0,4,4,0.0,0.0,100.0
BLO,BHULON,0,0,4,4,0.0,0.0,100.0
BLPE,BALAPALLE,0,0,4,4,0.0,0.0,100.0
RVN,RAJIV NAGAR,2,2,0,4,50.0,50.0,0.0
KJTW,KAJGAON TERH,0,1,3,4,0.0,25.0,75.0
KJW,KHAJWANA,0,0,4,4,0.0,0.0,100.0
KKAS,KATKAMASANDI,0,0,4,4,0.0,0.0,100.0
CCD,CHICHONDA,0,0,4,4,0.0,0.0,100.0
KVJ,KESHAV GANJ,0,0,4,4,0.0,0.0,100.0
KVLR,KARUVALLI,0,0,4,4,0.0,0.0,100.0
KYH,KHAIRAH,0,4,0,4,0.0,100.0,0.0
KWI,KIVARLI,0,0,4,4,0.0,0.0,100.0
KWW,KUSWA HALT,0,4,0,4,0.0,100.0,0.0
KXA,KUNARIYA,0,0,4,4,0.0,0.0,100.0
PSLI,PARSOLI,0,0,4,4,0.0,0.0,100.0
PTG,PATNA GHAT,2,2,0,4,50.0,50.0,0.0
PTHD,PATOHAN,0,0,4,4,0.0,0.0,100.0
AON,ARAON,0,0,4,4,0.0,0.0,100.0
AONI,AMONI,0,0,4,4,0.0,0.0,100.0
APA,AMARPURA,0,2,2,4,0.0,50.0,50.0
KKGT,KALKALIGHAT,0,0,4,4,0.0,0.0,100.0
KKK,KHAKHARIYA,0,4,0,4,0.0,100.0,0.0
BJMR,BAIJNATH MAN,0,0,4,4,0.0,0.0,100.0
DAM,DHAMORA,0,0,4,4,0.0,0.0,100.0
DSR,DHANSIRI,0,0,4,4,0.0,0.0,100.0
BBLK,BABA LAKSHMA,0,0,4,4,0.0,0.0,100.0
DRS,DHARESHWAR,0,2,2,4,0.0,50.0,50.0
DSD,DOSVADA,0,0,4,4,0.0,0.0,100.0
DSK,DUSKHEDA,0,0,4,4,0.0,0.0,100.0
DSL,DESWAL  HALT,0,0,4,4,0.0,0.0,100.0
DSME,DASARA,0,2,2,4,0.0,50.0,50.0
KJPD,KURINJIPADI,0,0,4,4,0.0,0.0,100.0
SAF,SALKHAPUR,0,1,3,4,0.0,25.0,75.0
CCI,CHINNE KUNTA,0,0,4,4,0.0,0.0,100.0
RWH,ROWRIAH,0,0,4,4,0.0,0.0,100.0
RXN,RAMSAN,0,0,4,4,0.0,0.0,100.0
BLPR,BADULIPAR,0,0,4,4,0.0,0.0,100.0
KVH,KHAMBHEL,0,1,3,4,0.0,25.0,75.0
AEH,ANANTPAITH,0,0,4,4,0.0,0.0,100.0
TRWT,TARWATA,0,0,4,4,0.0,0.0,100.0
FPS,FATEHPUR-SHE,2,2,0,4,50.0,50.0,0.0
PRWA,PARWAKHURD H,0,0,4,4,0.0,0.0,100.0
KXL,KAMARBANDHA,0,0,4,4,0.0,0.0,100.0
KZQ,KHIMEL,0,0,4,4,0.0,0.0,100.0
SAPE,SAPE-WAMNE (,0,0,4,4,0.0,0.0,100.0
SAPR,SARANGPUR RO,0,0,4,4,0.0,0.0,100.0
SAR,SHAHZAD NAGA,0,0,4,4,0.0,0.0,100.0
CDRA,CHANDERA HAL,1,2,1,4,25.0,50.0,25.0
CDS,CHANDISAR,0,0,4,4,0.0,0.0,100.0
KIKA,KURWAI KETHO,0,2,2,4,0.0,50.0,50.0
KJP,KHOJEEPURA,0,0,4,4,0.0,0.0,100.0
BWO,BURAMARA,4,0,0,4,100.0,0.0,0.0
CDI,CHANDNI,0,0,4,4,0.0,0.0,100.0
KHOH,KHOH,0,0,4,4,0.0,0.0,100.0
KHPL,KHALIAPALI,0,0,4,4,0.0,0.0,100.0
PRN,PARAUNA,0,0,4,4,0.0,0.0,100.0
LBZ,LALBAGH,0,2,2,4,0.0,50.0,50.0
LCH,LINCH,0,4,0,4,0.0,100.0,0.0
KHRY,KHAIRAHI,0,0,4,4,0.0,0.0,100.0
GAL,GHATALA,0,0,4,4,0.0,0.0,100.0
GAMI,GOGAMERI,0,0,4,4,0.0,0.0,100.0
CTJ,CHATENI,0,0,4,4,0.0,0.0,100.0
CTL,CHITAL,0,4,0,4,0.0,100.0,0.0
GAA,GALAN,0,0,4,4,0.0,0.0,100.0
SBLJ,SHRI BALAJI,0,0,4,4,0.0,0.0,100.0
KHD,KHODIYAR,0,1,3,4,0.0,25.0,75.0
KHDI,KHANDHERI,0,0,4,4,0.0,0.0,100.0
KHDR,KHANDARI HAL,0,4,0,4,0.0,100.0,0.0
PRKD,POWAR KHEDA,0,0,4,4,0.0,0.0,100.0
LATH,LATH HALT,0,4,0,4,0.0,100.0,0.0
LDU,LUNIDHAR,0,4,0,4,0.0,100.0,0.0
LEK,LAKHAKERA,0,0,4,4,0.0,0.0,100.0
LGI,LONGAI,0,4,0,4,0.0,100.0,0.0
LGRE,LINGIRI,0,0,4,4,0.0,0.0,100.0
BMA,BAGMAR,0,0,4,4,0.0,0.0,100.0
BMBE,BIMBARI,0,0,4,4,0.0,0.0,100.0
KHKT,KHOTKHOTI,0,0,4,4,0.0,0.0,100.0
BJK,BIJORA,0,0,4,4,0.0,0.0,100.0
LH,LAHING,0,0,4,4,0.0,0.0,100.0
LHL,LAHOAL,0,4,0,4,0.0,100.0,0.0
PPTR,PUSHPATTUR,0,2,2,4,0.0,50.0,50.0
LDM,LADERMER,0,0,4,4,0.0,0.0,100.0
PQZ,PUNDIBARI,0,0,4,4,0.0,0.0,100.0
DRA,DULARIYA,0,0,4,4,0.0,0.0,100.0
DRG,DARSHANNAGAR,0,0,4,4,0.0,0.0,100.0
DRGM,DEORAGRAM,0,0,4,4,0.0,0.0,100.0
DRGU,DAMRUGHUTU,0,2,2,4,0.0,50.0,50.0
DRHI,DAGARKHEDI,0,0,4,4,0.0,0.0,100.0
BAHI,BALENAHALLI,0,0,4,4,0.0,0.0,100.0
SBW,SHEWBABUDIH,0,4,0,4,0.0,100.0,0.0
SDH,SARADHNA,0,2,2,4,0.0,50.0,50.0
SDMK,SIDMUKH,0,0,4,4,0.0,0.0,100.0
SEI,SHENDRI,0,0,4,4,0.0,0.0,100.0
CGTA,CHEGUNTA,0,0,4,4,0.0,0.0,100.0
PPF,PIPLAJ,0,2,2,4,0.0,50.0,50.0
PPJ,POPHLAJ,0,0,4,4,0.0,0.0,100.0
LMC,LAKHAMANCHI,0,0,4,4,0.0,0.0,100.0
KFC,KALPATTICHAT,0,2,2,4,0.0,50.0,50.0
KFD,KARANJADI,0,0,4,4,0.0,0.0,100.0
CEME,CHEGRO,0,2,2,4,0.0,50.0,50.0
CGF,CHARALI,0,0,4,4,0.0,0.0,100.0
KGX,KANGINHAL,0,0,4,4,0.0,0.0,100.0
KGZ,KARUNGUZHI,0,2,2,4,0.0,50.0,50.0
KHA,KHAIGAON,4,0,0,4,100.0,0.0,0.0
PPCK,PIPALWALI CH,0,0,4,4,0.0,0.0,100.0
LKG,LAMSAKHANG,0,0,4,4,0.0,0.0,100.0
LKZ,LAKDIYA,0,0,4,4,0.0,0.0,100.0
ASTG,ASHTEGAON,0,1,3,4,0.0,25.0,75.0
ATA,ATA,0,0,4,4,0.0,0.0,100.0
ATKS,ATWA KURSATH,0,2,2,4,0.0,50.0,50.0
ATM,ALTAGRAM,0,0,4,4,0.0,0.0,100.0
UWAN,URWAN,0,0,4,4,0.0,0.0,100.0
VADR,VARUD,0,1,3,4,0.0,25.0,75.0
GAJB,GAJARA BAHAR,0,0,4,4,0.0,0.0,100.0
GAJU,GAJU HALT,0,1,3,4,0.0,25.0,75.0
KDY,KETTANDAPATT,0,0,4,4,0.0,0.0,100.0
KDT,KHADARPETT,0,0,4,4,0.0,0.0,100.0
BIR,BIR,4,0,0,4,100.0,0.0,0.0
LNH,LACHHMANGARH,2,2,0,4,50.0,50.0,0.0
LNP,LANGARPETH,0,0,4,4,0.0,0.0,100.0
PNT,PANITOLA,0,4,0,4,0.0,100.0,0.0
PNV,PANEVADI,0,0,4,4,0.0,0.0,100.0
PNVT,PANCHRATNA,0,0,4,4,0.0,0.0,100.0
PNWN,PACHAWAN,0,0,4,4,0.0,0.0,100.0
KDBR,KHADKI BAZAR,0,0,4,4,0.0,0.0,100.0
KDK,KOHDAD,0,0,4,4,0.0,0.0,100.0
KDL,KANKROLI,0,0,4,4,0.0,0.0,100.0
CSMA,CHANASMA JN.,0,1,3,4,0.0,25.0,75.0
GARA,GARHA,0,0,4,4,0.0,0.0,100.0
GBP,GULABPURA,0,0,4,4,0.0,0.0,100.0
GBQ,GODBHAGA,0,0,4,4,0.0,0.0,100.0
KCLA,KENCHANALU,0,2,2,4,0.0,50.0,50.0
PNHR,PANIHAR,0,0,4,4,0.0,0.0,100.0
LOM,LODHMA,0,0,4,4,0.0,0.0,100.0
LPR,LILAPURROAD,0,0,4,4,0.0,0.0,100.0
BUPH,BABUPETH,0,2,2,4,0.0,50.0,50.0
ALAI,ALAI,0,0,4,4,0.0,0.0,100.0
BUR,BINDAURA,0,0,4,4,0.0,0.0,100.0
BURA,BAHUARA(HALT,0,4,0,4,0.0,100.0,0.0
KCM,KALASAMUDRAM,0,0,4,4,0.0,0.0,100.0
KCP,KALGUPUR,0,0,4,4,0.0,0.0,100.0
KCR,KHONKAR,0,0,4,4,0.0,0.0,100.0
BISH,BISHENGARH,0,0,4,4,0.0,0.0,100.0
KBK,KHAMIL GHAT,0,0,4,4,0.0,0.0,100.0
BIPR,BHEEMPURA,0,0,4,4,0.0,0.0,100.0
AWM,ASWAPURAM,0,0,4,4,0.0,0.0,100.0
LPTA,LONGPATIA,0,0,4,4,0.0,0.0,100.0
LRI,LIHURI PH,0,0,4,4,0.0,0.0,100.0
DAN,DHANETA,0,0,4,4,0.0,0.0,100.0
VCN,VIROCHANNAGA,0,0,4,4,0.0,0.0,100.0
VDM,VADAMADURA,0,2,2,4,0.0,50.0,50.0
VDV,VADIYA DEVLI,0,4,0,4,0.0,100.0,0.0
VEI,VELLIYANAI,0,0,4,4,0.0,0.0,100.0
DOTL,DEOTALA,0,4,0,4,0.0,100.0,0.0
CSDR,CHANNASANDRA,0,0,4,4,0.0,0.0,100.0
SER,SAMAYANALLUR,1,3,0,4,25.0,75.0,0.0
SEX,SERONI ROAD,0,0,4,4,0.0,0.0,100.0
SF,SETTIGUNTA,0,0,4,4,0.0,0.0,100.0
SFG,SUBEDARGANJ,0,0,4,4,0.0,0.0,100.0
AV,ASVALI,0,2,2,4,0.0,50.0,50.0
SFK,SIKIR,0,0,4,4,0.0,0.0,100.0
DOW,DAVOL,0,4,0,4,0.0,100.0,0.0
DOZ,DAURAI,0,2,2,4,0.0,50.0,50.0
LT,LAHAVIT,0,2,2,4,0.0,50.0,50.0
LTI,LATTERI,0,0,4,4,0.0,0.0,100.0
LTKR,LALIT KHERA,0,4,0,4,0.0,100.0,0.0
BMPT,BANNI MAHAMM,0,4,0,4,0.0,100.0,0.0
SFPR,SAFIPUR,0,2,2,4,0.0,50.0,50.0
BIF,BHAIRONPUR,0,0,4,4,0.0,0.0,100.0
KAUA,KATHAUTIA,0,0,4,4,0.0,0.0,100.0
KAW,KHAJURI,0,0,4,4,0.0,0.0,100.0
BDKT,BADAKHANDITA,0,4,0,4,0.0,100.0,0.0
BUTN,BUTANA HALT,0,4,0,4,0.0,100.0,0.0
BMSN,BAMSIN,0,0,4,4,0.0,0.0,100.0
BMU,BAMHRAULI,0,0,4,4,0.0,0.0,100.0
PLV,PALSI,0,0,4,4,0.0,0.0,100.0
PMD,PAMIDI,0,0,4,4,0.0,0.0,100.0
LSG,LAWA SARDARG,0,0,4,4,0.0,0.0,100.0
PLSG,PALASINGI,0,0,4,4,0.0,0.0,100.0
BMN,BHIMANA,0,0,4,4,0.0,0.0,100.0
BMNL,BAMANWALI,0,0,4,4,0.0,0.0,100.0
KARO,KHARIO PH,0,0,4,4,0.0,0.0,100.0
KARR,KHARAR,0,0,4,4,0.0,0.0,100.0
BILK,BILKHA,0,1,3,4,0.0,25.0,75.0
SGDP,SAGADAPATA,0,0,4,4,0.0,0.0,100.0
KAGA,KURHAGADA,0,0,4,4,0.0,0.0,100.0
AVL,AMRUTVEL,2,2,0,4,50.0,50.0,0.0
KBA,KURBALAKOTA,0,0,4,4,0.0,0.0,100.0
BDIN,BHADAIYAN,0,3,1,4,0.0,75.0,25.0
LW,LORWADA,0,0,4,4,0.0,0.0,100.0
LWS,LUKWASA,0,0,4,4,0.0,0.0,100.0
LXR,LUNSERIYA,0,0,4,4,0.0,0.0,100.0
MADR,MADURE (H),0,2,2,4,0.0,50.0,50.0
BUBT,BUDA BHARTHA,0,0,4,4,0.0,0.0,100.0
PKRA,PARSA KHERA,0,0,4,4,0.0,0.0,100.0
PKRH,PARSA KERWA,0,4,0,4,0.0,100.0,0.0
GDH,GIDANAHALLI,0,0,4,4,0.0,0.0,100.0
KAKN,KAIMARAKALAN,0,0,4,4,0.0,0.0,100.0
JWK,JAWAHARPUR K,0,4,0,4,0.0,100.0,0.0
CHBN,CHAND KHIRA,0,0,4,4,0.0,0.0,100.0
CHBR,CHAURE BAZAR,0,0,4,4,0.0,0.0,100.0
BMSB,BHIMASAR,0,0,4,4,0.0,0.0,100.0
VGL,VAGHLI,0,0,4,4,0.0,0.0,100.0
SHRM,SHARMA HALT,0,2,2,4,0.0,50.0,50.0
JUA,JARAUNA,0,1,3,4,0.0,25.0,75.0
JUBS,JUBBASAHANI,0,0,4,4,0.0,0.0,100.0
JUJA,JUJOMURA,0,0,4,4,0.0,0.0,100.0
JVA,JAVALE,0,0,4,4,0.0,0.0,100.0
JVL,JAMWALA,0,2,2,4,0.0,50.0,50.0
JXN,JIRONA HALT,0,0,4,4,0.0,0.0,100.0
KADI,KADI,0,1,3,4,0.0,25.0,75.0
SHER,SHER (HALT),0,4,0,4,0.0,100.0,0.0
SHIV,SHINDAWANE,0,0,4,4,0.0,0.0,100.0
BHUA,BHUA,0,0,4,4,0.0,0.0,100.0
BHY,BHAYAVADAR,0,0,4,4,0.0,0.0,100.0
BIB,BIRPUR,0,0,4,4,0.0,0.0,100.0
TPP,TOPPUR,0,0,4,4,0.0,0.0,100.0
JW,JATWARA,0,0,4,4,0.0,0.0,100.0
SHTT,SILGHAT TOWN,0,0,4,4,0.0,0.0,100.0
SHYP,SAKKARAYA PA,0,2,2,4,0.0,50.0,50.0
SHMI,SHIROOR,0,0,4,4,0.0,0.0,100.0
SHNX,SHEOSINGHPUR,1,1,2,4,25.0,25.0,50.0
PKX,PAKHRAULI,0,3,1,4,0.0,75.0,25.0
PLD,PALDHI,0,0,4,4,0.0,0.0,100.0
PLJE,PHULWARTANR,2,0,2,4,50.0,0.0,50.0
PLM,PANELI MOTI,0,0,4,4,0.0,0.0,100.0
DPE,DEVARAPALLE,0,2,2,4,0.0,50.0,50.0
DPLN,DIPLANA,0,0,4,4,0.0,0.0,100.0
DNWR,DHANWAR,0,4,0,4,0.0,100.0,0.0
DOH,DHODRAMOHAR,0,0,4,4,0.0,0.0,100.0
DOHM,DEVGADH MADA,0,0,4,4,0.0,0.0,100.0
JTP,JETPUR,0,4,0,4,0.0,100.0,0.0
TNUE,TINDAULI,0,0,4,4,0.0,0.0,100.0
TORA,TORNIYA,0,1,3,4,0.0,25.0,75.0
VGM,VINNAMANGALA,0,0,4,4,0.0,0.0,100.0
BAMR,BAMUR,0,0,4,4,0.0,0.0,100.0
PK,PAKNI,0,0,4,4,0.0,0.0,100.0
PKC,PAKRA,0,0,4,4,0.0,0.0,100.0
PKE,PIMPAR KHED,0,0,4,4,0.0,0.0,100.0
PKGM,PHAKHOAGARM,0,3,1,4,0.0,75.0,25.0
PKNA,PAKHNA,0,0,4,4,0.0,0.0,100.0
MADU,MADDURU,0,4,0,4,0.0,100.0,0.0
MAEL,MAEL,0,0,4,4,0.0,0.0,100.0
MAH,MADHOGANJ,0,2,2,4,0.0,50.0,50.0
MANG,MAHANAGAR,0,4,0,4,0.0,100.0,0.0
GEG,GIR GADHARA,0,2,2,4,0.0,50.0,50.0
JSB,YAMUNA SOUTH,0,0,4,4,0.0,0.0,100.0
JSC,JALESAR CITY,0,4,0,4,0.0,100.0,0.0
JSR,JASRA,0,0,4,4,0.0,0.0,100.0
MANK,MANKI,0,0,4,4,0.0,0.0,100.0
BTSI,BATASI,0,0,4,4,0.0,0.0,100.0
PJN,PANJHAN,0,0,4,4,0.0,0.0,100.0
PJPR,PJP ROAD HAL,0,2,2,4,0.0,50.0,50.0
PJR,PANGRI,0,0,4,4,0.0,0.0,100.0
ANE,ANANTARAJUPE,0,0,4,4,0.0,0.0,100.0
MAR,MULANUR,0,2,2,4,0.0,50.0,50.0
PHQ,PARDHADE,0,0,4,4,0.0,0.0,100.0
JTIN,JETHIAN,0,0,4,4,0.0,0.0,100.0
JTN,JOTANA,0,4,0,4,0.0,100.0,0.0
SJRR,SAJERPAR,0,0,4,4,0.0,0.0,100.0
SJT,SHUJATPUR,0,0,4,4,0.0,0.0,100.0
APRH,ALEHPUR,0,4,0,4,0.0,100.0,0.0
PHV,PIRTHIGANJ,0,1,3,4,0.0,25.0,75.0
PI,PADLI,0,2,2,4,0.0,50.0,50.0
PIC,PARICHA,0,0,4,4,0.0,0.0,100.0
MALR,MALLUR,0,4,0,4,0.0,100.0,0.0
MBW,MALWARA,0,0,4,4,0.0,0.0,100.0
BMVR,BMVR,0,4,0,4,0.0,100.0,0.0
BNAR,BINAUR,0,0,4,4,0.0,0.0,100.0
SJF,SAJANVAV ROA,2,2,0,4,50.0,50.0,0.0
SJMA,SANJAMALA,0,4,0,4,0.0,100.0,0.0
BHRJ,BECHRAJI,0,1,3,4,0.0,25.0,75.0
CRC,CHARKHARI RO,0,0,4,4,0.0,0.0,100.0
BNDI,BARUNDNI,0,0,4,4,0.0,0.0,100.0
PHI,PANIKHAITI,0,0,4,4,0.0,0.0,100.0
BTZ,BALIMARA,0,0,4,4,0.0,0.0,100.0
MCPE,MARWAR CHHAP,0,0,4,4,0.0,0.0,100.0
MCRD,MECHERI ROAD,2,2,0,4,50.0,50.0,0.0
MCSC,MAHARAJA CHH,0,0,4,4,0.0,0.0,100.0
MCZ,MAHABUANG,0,0,4,4,0.0,0.0,100.0
PFL,PIPRALA,0,0,4,4,0.0,0.0,100.0
PGL,PAGDHAL,0,0,4,4,0.0,0.0,100.0
CRK,CHARKHEDA,0,0,4,4,0.0,0.0,100.0
GGO,GORAM GHAT,0,0,4,4,0.0,0.0,100.0
BHRM,BISHRAMGANJ,4,0,0,4,100.0,0.0,0.0
JRPD,JARAPADA,0,0,4,4,0.0,0.0,100.0
JRQ,JHAROKHAS,0,0,4,4,0.0,0.0,100.0
APU,ANIPUR,0,3,1,4,0.0,75.0,25.0
PGP,PANDURANGA P,0,0,4,4,0.0,0.0,100.0
MBF,MUNABAO,0,2,2,4,0.0,50.0,50.0
MBGA,MARWAR BAGRA,0,0,4,4,0.0,0.0,100.0
DNJ,DAUNDAJ,0,0,4,4,0.0,0.0,100.0
DNPR,DHANPURA,0,1,3,4,0.0,25.0,75.0
DNU,DALSANUR,0,0,4,4,0.0,0.0,100.0
DNUA,DHANSURA,0,4,0,4,0.0,100.0,0.0
SKBR,SHANKARPUR B,0,0,4,4,0.0,0.0,100.0
SKKE,SEKERKOTE,4,0,0,4,100.0,0.0,0.0
GHRI,GHORI  HALT,0,1,3,4,0.0,25.0,75.0
TMUR,Tenua Dumari,0,4,0,4,0.0,100.0,0.0
TMP,TAMARAIPADI,0,2,2,4,0.0,50.0,50.0
GHAI,GHATIGAON,0,0,4,4,0.0,0.0,100.0
MDPA,MANDPIYA,0,0,4,4,0.0,0.0,100.0
BTKD,BHARATKUND,0,0,4,4,0.0,0.0,100.0
PDSN,PEDDASANA,0,0,4,4,0.0,0.0,100.0
PEE,PATERHI,0,4,0,4,0.0,100.0,0.0
MDVR,MADHAVNAGAR,0,0,4,4,0.0,0.0,100.0
MDXR,MUDARIA,0,0,4,4,0.0,0.0,100.0
SKPT,SOMANAYAKKAN,0,2,2,4,0.0,50.0,50.0
WSB,WASHIMBE,0,0,4,4,0.0,0.0,100.0
AAG,ANGAR,0,0,4,4,0.0,0.0,100.0
SKU,SIKRODA,0,0,4,4,0.0,0.0,100.0
JRLI,JAROLI,0,0,4,4,0.0,0.0,100.0
JRO,JIRON,0,1,3,4,0.0,25.0,75.0
BHMW,BHAMBHEWA,0,4,0,4,0.0,100.0,0.0
BHNE,BHONE,0,0,4,4,0.0,0.0,100.0
BRB,BORIBIAL,0,0,4,4,0.0,0.0,100.0
SLBN,SALAI BANWA,0,0,4,4,0.0,0.0,100.0
MWP,MAHARANI PAC,0,3,1,4,0.0,75.0,25.0
PDP,PADSE,0,0,4,4,0.0,0.0,100.0
BRHI,BARHI,0,0,4,4,0.0,0.0,100.0
METR,METHI TIKUR,0,2,2,4,0.0,50.0,50.0
MEW,MARHAURA,0,4,0,4,0.0,100.0,0.0
BRHT,BAILEY ROAD,2,2,0,4,50.0,50.0,0.0
BRI,BHIRINGI,0,0,4,4,0.0,0.0,100.0
CPL,CHAKARIAPALL,0,0,4,4,0.0,0.0,100.0
GHX,GARHARA,2,0,2,4,50.0,0.0,50.0
TMB,TEMBURU,0,0,4,4,0.0,0.0,100.0
TMGN,THAMLA MOGAN,0,0,4,4,0.0,0.0,100.0
TMKA,TOMKA,0,0,4,4,0.0,0.0,100.0
SLHA,SALHANA,0,0,4,4,0.0,0.0,100.0
SLHI,SILHAUDI,0,4,0,4,0.0,100.0,0.0
PDMA,PADMA,0,0,4,4,0.0,0.0,100.0
BNF,BANDHUA,0,2,2,4,0.0,50.0,50.0
MDPJ,MADANAPUR HA,0,0,4,4,0.0,0.0,100.0
MDPR,MODPUR,0,0,4,4,0.0,0.0,100.0
MDSA,MODASA,0,4,0,4,0.0,100.0,0.0
PCT,PANCHTALAVAD,0,2,2,4,0.0,50.0,50.0
BRKP,BARKIPONA,0,0,4,4,0.0,0.0,100.0
PDF,PADAMPUR,0,0,4,4,0.0,0.0,100.0
PDGL,PONDUGULA,1,1,2,4,25.0,25.0,50.0
PDGM,PUDUNAGARAM,0,2,2,4,0.0,50.0,50.0
SLP,SALPA,0,0,4,4,0.0,0.0,100.0
JNN,JAMUNIATANR,0,4,0,4,0.0,100.0,0.0
AVT,AVATIHALLI,0,0,4,4,0.0,0.0,100.0
AWG,AWA GARH,0,4,0,4,0.0,100.0,0.0
MYP,MUNDIAMPAKKA,0,0,4,4,0.0,0.0,100.0
JNTR,JINTI ROAD,0,0,4,4,0.0,0.0,100.0
JNX,JAGANNATH JI,0,0,4,4,0.0,0.0,100.0
JNZ,JENAL,0,0,4,4,0.0,0.0,100.0
JOBA,JOBA,0,0,4,4,0.0,0.0,100.0
MER,METPANJRA,0,0,4,4,0.0,0.0,100.0
DMYA,DAMAY,0,0,4,4,0.0,0.0,100.0
VINH,VINHERE,0,0,4,4,0.0,0.0,100.0
VJD,VIJAPADI ROA,0,2,2,4,0.0,50.0,50.0
VKH,VIKHRAN ROAD,0,0,4,4,0.0,0.0,100.0
DMK,DILMILI,0,0,4,4,0.0,0.0,100.0
SLTP,SULTANPUR,0,4,0,4,0.0,100.0,0.0
SLV,SANDALPUR,0,0,4,4,0.0,0.0,100.0
SLX,SELENGHAT,0,0,4,4,0.0,0.0,100.0
BHBV,BLOCK HUT B,0,0,4,4,0.0,0.0,100.0
NAG,NAGARGALI,0,0,4,4,0.0,0.0,100.0
SMKT,SOMAN KATTI,0,0,4,4,0.0,0.0,100.0
GIW,GIRDHARPUR,0,0,4,4,0.0,0.0,100.0
GJMB,GANJ MURADAB,0,2,2,4,0.0,50.0,50.0
GJT,JANNAGHATTA,0,0,4,4,0.0,0.0,100.0
BDT,BORDUBI ROAD,0,0,4,4,0.0,0.0,100.0
MGRD,MAGARDOH,0,0,4,4,0.0,0.0,100.0
TEO,TEEGAON,0,0,4,4,0.0,0.0,100.0
PCHT,PUNAICHAK HA,2,2,0,4,50.0,50.0,0.0
PCKM,PACHCHAKUPPA,0,0,4,4,0.0,0.0,100.0
PCL,PULICHERLA,0,0,4,4,0.0,0.0,100.0
MGRR,MAGARPUR,0,0,4,4,0.0,0.0,100.0
MGWN,MAHGAWAN HAL,0,0,4,4,0.0,0.0,100.0
TLZ,TALAVLI,0,0,4,4,0.0,0.0,100.0
BHDH,BAHADURPUR,0,2,2,4,0.0,50.0,50.0
BHDR,BHADRI,0,0,4,4,0.0,0.0,100.0
BHGN,BHILGAON,0,0,4,4,0.0,0.0,100.0
JLHI,JHILAHI,0,1,3,4,0.0,25.0,75.0
JLRF,JETALSAR JN,0,4,0,4,0.0,100.0,0.0
JMBL,JAMBHALI  HA,0,0,4,4,0.0,0.0,100.0
JMI,JAMGURI,0,0,4,4,0.0,0.0,100.0
CHIT,CHITHARI HAL,2,0,2,4,50.0,0.0,50.0
PASR,PANDURANGA S,0,2,2,4,0.0,50.0,50.0
TERH,TERHA HALT,0,4,0,4,0.0,100.0,0.0
PATR,PARAMJEEVAR,0,0,4,4,0.0,0.0,100.0
PBB,PARBATONIA,0,0,4,4,0.0,0.0,100.0
MHC,MASRAKH,0,4,0,4,0.0,100.0,0.0
MHDA,MAHADIYA,0,0,4,4,0.0,0.0,100.0
MHMB,MAHIMBA,0,0,4,4,0.0,0.0,100.0
TGDE,THANGUNDI,0,0,4,4,0.0,0.0,100.0
CHLK,CHAVALKHEDE,0,0,4,4,0.0,0.0,100.0
SMDT,SEMMANDAPATT,0,0,4,4,0.0,0.0,100.0
SMKR,SHAM KAURIA,0,4,0,4,0.0,100.0,0.0
JKH,JAHANIKHERA,0,4,0,4,0.0,100.0,0.0
JKR,JAULKHERA,0,0,4,4,0.0,0.0,100.0
SMTA,SAMUKTALA RO,0,0,4,4,0.0,0.0,100.0
SMTL,SIMARIATAL,0,0,4,4,0.0,0.0,100.0
BNRD,BALANGIR ROA,0,0,4,4,0.0,0.0,100.0
BNS,BANAS,0,0,4,4,0.0,0.0,100.0
BNSL,BANSINALA HA,0,2,2,4,0.0,50.0,50.0
PARH,PARA KHEDA,0,0,4,4,0.0,0.0,100.0
MHSA,MAHESHPUR 'A,0,4,0,4,0.0,100.0,0.0
MHUA,MAHUDHA,0,4,0,4,0.0,100.0,0.0
MIAL,MILAVALI HAL,0,0,4,4,0.0,0.0,100.0
PADH,PIPRADIH,0,0,4,4,0.0,0.0,100.0
PAE,PALANA,0,0,4,4,0.0,0.0,100.0
PAI,PABAI,0,2,2,4,0.0,50.0,50.0
SMWA,SOMESHWARA,0,2,2,4,0.0,50.0,50.0
JLG,JULGAON(DECC,0,0,4,4,0.0,0.0,100.0
TGE,THEKERAGURI,0,0,4,4,0.0,0.0,100.0
VKZ,VENKATANARAS,0,2,2,4,0.0,50.0,50.0
VLD,VAYALPADU,0,0,4,4,0.0,0.0,100.0
VLDR,VALADAR,0,2,2,4,0.0,50.0,50.0
DLW,DILWA,0,2,2,4,0.0,50.0,50.0
PAL,PALASNER,0,0,4,4,0.0,0.0,100.0
PALM,PALAYAM,0,0,4,4,0.0,0.0,100.0
ORC,ORCHHA,0,0,4,4,0.0,0.0,100.0
ORH,ODDARA HALLI,0,2,2,4,0.0,50.0,50.0
OSA,AUSA ROAD,0,0,4,4,0.0,0.0,100.0
OSH,OLD SACHIVAL,2,2,0,4,50.0,50.0,0.0
SNBR,SONUABARI,0,0,4,4,0.0,0.0,100.0
SND,SONDIMRA,0,0,4,4,0.0,0.0,100.0
SNE,SHENOLI,0,0,4,4,0.0,0.0,100.0
SNGN,SANGANER,0,0,4,4,0.0,0.0,100.0
JKB,JAKHALABANDH,0,0,4,4,0.0,0.0,100.0
VLU,VADALUR,0,0,4,4,0.0,0.0,100.0
DKY,DHOKI,0,0,4,4,0.0,0.0,100.0
CHRI,CHARHI,0,0,4,4,0.0,0.0,100.0
CHRK,CHURKI,0,0,4,4,0.0,0.0,100.0
TLMG,TALAMADUGU H,0,0,4,4,0.0,0.0,100.0
TLNH,TILAUNCHI,0,0,4,4,0.0,0.0,100.0
TLPH,TALPUR,4,0,0,4,100.0,0.0,0.0
TGRL,TANGIRIAPAL,0,0,4,4,0.0,0.0,100.0
GIS,GARHI SANDRA,0,4,0,4,0.0,100.0,0.0
JKS,JAKSI,0,4,0,4,0.0,100.0,0.0
JIR,JIRA ROAD,0,2,2,4,0.0,50.0,50.0
SNKB,SONKHAMB,0,0,4,4,0.0,0.0,100.0
SNN,SONEGAON,0,2,2,4,0.0,50.0,50.0
OTN,OATING,0,0,4,4,0.0,0.0,100.0
YSI,YEDSI,0,0,4,4,0.0,0.0,100.0
RJLK,RAJALUKAH,4,0,0,4,100.0,0.0,0.0
MKHI,MAKHI,0,2,2,4,0.0,50.0,50.0
MKL,MAKALI DURGA,0,2,2,4,0.0,50.0,50.0
BNTH,BANDNATH,0,0,4,4,0.0,0.0,100.0
MJV,MANJHAGARH,0,4,0,4,0.0,100.0,0.0
MJY,MARAMJHIRI,0,0,4,4,0.0,0.0,100.0
BKSA,BAKHSHA,0,3,1,4,0.0,75.0,25.0
BSSL,BASSI BERISA,0,0,4,4,0.0,0.0,100.0
BO,BORSAD,0,4,0,4,0.0,100.0,0.0
RJAK,RAJNAGAR K H,2,0,2,4,50.0,0.0,50.0
OLA,OLAKUR,0,2,2,4,0.0,50.0,50.0
MJGP,MAJHGAWAN PH,0,0,4,4,0.0,0.0,100.0
RJB,RAJABERA,0,0,4,4,0.0,0.0,100.0
MJNL,MAJRI NANGAL,0,0,4,4,0.0,0.0,100.0
DME,DAMNAGAR,0,2,2,4,0.0,50.0,50.0
DMGN,DHAMALGAON,0,2,2,4,0.0,50.0,50.0
VLTR,VADALI LUTER,0,4,0,4,0.0,100.0,0.0
GLE,GAJULAGUDEN,0,0,4,4,0.0,0.0,100.0
JEP,JEONATHPUR,0,1,3,4,0.0,25.0,75.0
JFG,JAFARGANJ,0,0,4,4,0.0,0.0,100.0
ANQ,AMNAPUR,0,0,4,4,0.0,0.0,100.0
SORI,SORAI,0,2,2,4,0.0,50.0,50.0
KOZ,KOSMA,0,0,4,4,0.0,0.0,100.0
JCN,JUNICHAVAND,0,1,3,4,0.0,25.0,75.0
JGF,JOGIDIH,0,0,4,4,0.0,0.0,100.0
JGJN,JUGIJAN,0,0,4,4,0.0,0.0,100.0
BHAN,BHOYANI,0,1,3,4,0.0,25.0,75.0
BHAT,BHATPURA,0,0,4,4,0.0,0.0,100.0
SOE,SHEOPUR KALA,0,0,4,4,0.0,0.0,100.0
JHIR,JHIR,0,0,4,4,0.0,0.0,100.0
SNSL,SHONSELU,0,0,4,4,0.0,0.0,100.0
SNYN,SONIYANA,0,0,4,4,0.0,0.0,100.0
DLCR,DULLABCHERRA,0,3,1,4,0.0,75.0,25.0
GKD,GADHAKADA,0,2,2,4,0.0,50.0,50.0
BYXA,BETGARA,0,0,4,4,0.0,0.0,100.0
NWDH,NAWADIH,0,4,0,4,0.0,100.0,0.0
NWSI,NAWAL SAHI H,0,4,0,4,0.0,100.0,0.0
MKPT,MALIKPETH,0,0,4,4,0.0,0.0,100.0
MKRA,MAKRERA,0,2,2,4,0.0,50.0,50.0
NVL,NEYVELI,0,0,4,4,0.0,0.0,100.0
NYG,NAYAGARH,0,0,4,4,0.0,0.0,100.0
NYGT,NAYAGARHTOWN,0,4,0,4,0.0,100.0,0.0
NYRH,NAYARHAT,0,0,4,4,0.0,0.0,100.0
NZR,NAZIRA,0,0,4,4,0.0,0.0,100.0
BSTP,BASANTAPUR,0,0,4,4,0.0,0.0,100.0
BSWD,BHENSWADI,0,2,2,4,0.0,50.0,50.0
BSY,BARSATHI,0,1,3,4,0.0,25.0,75.0
AMPR,AMARPURA RAT,0,2,2,4,0.0,50.0,50.0
BYZA,BEGUNIA,0,4,0,4,0.0,100.0,0.0
SPPR,SHUDNIPUR,0,1,3,4,0.0,25.0,75.0
SPRA,SILLIPUR,0,0,4,4,0.0,0.0,100.0
MLI,MANGALIYAWAS,0,2,2,4,0.0,50.0,50.0
MLM,MALTHAN,0,0,4,4,0.0,0.0,100.0
MLS,MALASA,0,0,4,4,0.0,0.0,100.0
BOMN,BOMMAGUNDANA,0,0,4,4,0.0,0.0,100.0
BON,BHONRA,0,0,4,4,0.0,0.0,100.0
BORD,BOLAGARH ROA,0,4,0,4,0.0,100.0,0.0
JARI,JARI,0,0,4,4,0.0,0.0,100.0
JAUA,JAMUA,0,4,0,4,0.0,100.0,0.0
JBB,JAMBUR,0,2,2,4,0.0,50.0,50.0
TKU,TANAKALLU,0,0,4,4,0.0,0.0,100.0
TL,TILONIYA,0,0,4,4,0.0,0.0,100.0
TLE,TALGARIA,0,4,0,4,0.0,100.0,0.0
TLGR,TULSI NAGAR,0,0,4,4,0.0,0.0,100.0
TLI,TALWARA JHIL,0,0,4,4,0.0,0.0,100.0
CJR,CHAMARAJ,0,0,4,4,0.0,0.0,100.0
JA,JALIYA,0,2,2,4,0.0,50.0,50.0
SQW,SIDHWALIA,0,4,0,4,0.0,100.0,0.0
SR,SABLIROAD,0,0,4,4,0.0,0.0,100.0
SRDW,SHRIMAD DWAR,0,0,4,4,0.0,0.0,100.0
ISRI,ISHAPUR KHER,0,4,0,4,0.0,100.0,0.0
JBR,JAHANGIRABAD,0,0,4,4,0.0,0.0,100.0
SPRM,SITAPURAM PH,0,0,4,4,0.0,0.0,100.0
SPSR,SARPESWAR P.,0,0,4,4,0.0,0.0,100.0
CJA,CHONGAJAN,0,0,4,4,0.0,0.0,100.0
JDNX,JOGINDER NAG,0,0,4,4,0.0,0.0,100.0
SPDM,SINGHPURDUMR,2,0,2,4,50.0,0.0,50.0
SPGL,SARAI GOPAL,0,0,4,4,0.0,0.0,100.0
SPHL,SHAMPURHALLI,0,0,4,4,0.0,0.0,100.0
SPHT,SHIVPURI HAL,2,2,0,4,50.0,50.0,0.0
SPO,SURPURA,0,0,4,4,0.0,0.0,100.0
TKMG,TIKAMGARH,0,0,4,4,0.0,0.0,100.0
TKND,TRIVIKARAMDE,0,4,0,4,0.0,100.0,0.0
TKOT,TOKKUTTU,0,2,2,4,0.0,50.0,50.0
TKPH,TAKIPUR HALT,4,0,0,4,100.0,0.0,0.0
TKPY,TURKAPALLI,0,0,4,4,0.0,0.0,100.0
BZGT,BAZARGHAT,0,3,1,4,0.0,75.0,25.0
TKRU,TAKHRAU HALT,0,0,4,4,0.0,0.0,100.0
BORT,Bolagarh tow,0,4,0,4,0.0,100.0,0.0
DLPH,DAULATPUR HA,0,4,0,4,0.0,100.0,0.0
RJW,RAJEWADI,0,0,4,4,0.0,0.0,100.0
VNM,ONTIMITTA,0,0,4,4,0.0,0.0,100.0
VNN,BHANAUR,0,1,3,4,0.0,25.0,75.0
VNRD,VANIROAD,0,0,4,4,0.0,0.0,100.0
VPL,VENKATAM PAL,0,0,4,4,0.0,0.0,100.0
DKI,DHARAM KUNDI,0,0,4,4,0.0,0.0,100.0
DKM,DIKOM,0,4,0,4,0.0,100.0,0.0
DJKR,DALAJI-KA-KH,0,0,4,4,0.0,0.0,100.0
MMPL,MANTAPAMPALL,0,0,4,4,0.0,0.0,100.0
NRV,NARIYAR  HAL,0,0,4,4,0.0,0.0,100.0
NRWI,NARWASI,0,0,4,4,0.0,0.0,100.0
MLW,MALLANWAN,0,2,2,4,0.0,50.0,50.0
BSCP,BASKATWA BH,0,2,2,4,0.0,50.0,50.0
NRF,NERALAKATTE,0,4,0,4,0.0,100.0,0.0
MMDA,MUTHALAMADA,0,2,2,4,0.0,50.0,50.0
BOKE,BHOKE,0,0,4,4,0.0,0.0,100.0
VRLI,veravali,0,0,4,4,0.0,0.0,100.0
BAYD,BAYAD,0,4,0,4,0.0,100.0,0.0
RKY,KOTHARIYA,0,0,4,4,0.0,0.0,100.0
AGQ,ASIRGARH ROA,0,0,4,4,0.0,0.0,100.0
GMX,GURMURA,0,0,4,4,0.0,0.0,100.0
CNL,CHANDAWAL,0,2,2,4,0.0,50.0,50.0
TKLN,TARRA KALAN,0,0,4,4,0.0,0.0,100.0
CKE,CHOKI SORATH,0,0,4,4,0.0,0.0,100.0
CKKD,CHARKEDA KHU,0,0,4,4,0.0,0.0,100.0
ARGD,ARIGADA,0,0,4,4,0.0,0.0,100.0
AGTR,AGAUTHAR HAL,0,4,0,4,0.0,100.0,0.0
DXD,DIGOD,0,0,4,4,0.0,0.0,100.0
AHJU,AHJU,0,0,4,4,0.0,0.0,100.0
SRKN,SHEREKAN,0,0,4,4,0.0,0.0,100.0
IDS,ISHARDASPUR,0,0,4,4,0.0,0.0,100.0
IDT,SIDLAGHATTA,0,0,4,4,0.0,0.0,100.0
IGRL,INGORALA,0,2,2,4,0.0,50.0,50.0
IKD,IKDORI,0,0,4,4,0.0,0.0,100.0
CIA,CHHEHARTA,4,0,0,4,100.0,0.0,0.0
BCHL,BACHELI,0,0,4,4,0.0,0.0,100.0
INP,INDAPUR,0,0,4,4,0.0,0.0,100.0
BGPL,BHAGUAPAL,0,0,4,4,0.0,0.0,100.0
ATRU,ATRU,0,0,4,4,0.0,0.0,100.0
SS,SHIRSOLI,0,0,4,4,0.0,0.0,100.0
HUN,HUNSENAHALLI,0,0,4,4,0.0,0.0,100.0
CJS,CHARAMULA KU,0,0,4,4,0.0,0.0,100.0
CJW,CHHAJAWA,0,0,4,4,0.0,0.0,100.0
CK,CHIKSUGUR,0,0,4,4,0.0,0.0,100.0
HZBN,HAZARIBAGH T,0,0,4,4,0.0,0.0,100.0
ICL,ICHAULI,0,0,4,4,0.0,0.0,100.0
MNDU,MANDU HALT,0,0,4,4,0.0,0.0,100.0
MNJ,MANOHARGANJ,0,0,4,4,0.0,0.0,100.0
MNJR,MANJHLEPUR,0,0,4,4,0.0,0.0,100.0
MNKD,MANKHURD,4,0,0,4,100.0,0.0,0.0
MNKN,MANIKALAN HA,0,0,4,4,0.0,0.0,100.0
MOTA,MOTA,0,0,4,4,0.0,0.0,100.0
NPU,NADIAPUR,0,0,4,4,0.0,0.0,100.0
SRMT,SIRMUTTRA,0,4,0,4,0.0,100.0,0.0
SRPB,SRIRAMPUR (A,0,0,4,4,0.0,0.0,100.0
SSGJ,SURASARAIGHA,0,0,4,4,0.0,0.0,100.0
BCHN,BOCHASAN JN.,0,4,0,4,0.0,100.0,0.0
BGG,BANTA RUGHNA,0,0,4,4,0.0,0.0,100.0
BGKA,BANGURKELA,0,0,4,4,0.0,0.0,100.0
ARH,AMHERA  HALT,0,3,1,4,0.0,75.0,25.0
ARI,ANTRI,0,0,4,4,0.0,0.0,100.0
ARK,ARAKU,0,0,4,4,0.0,0.0,100.0
NQH,NEW DOMOHANI,0,0,4,4,0.0,0.0,100.0
UDMR,UDI MOR,2,2,0,4,50.0,50.0,0.0
BSDR,BANSADHARA P,0,0,4,4,0.0,0.0,100.0
MOBD,MOUBUND,0,0,4,4,0.0,0.0,100.0
BALE,BALE,0,0,4,4,0.0,0.0,100.0
VRX,VARAHI,0,0,4,4,0.0,0.0,100.0
DJI,DHORAJI,0,0,4,4,0.0,0.0,100.0
ARKA,ARKHA HALT,0,0,4,4,0.0,0.0,100.0
SRTE,SOOROTHEE,0,4,0,4,0.0,100.0,0.0
GNDM,GUNRAJPUR DH,0,4,0,4,0.0,100.0,0.0
TJW,TEJPURWA (HA,0,4,0,4,0.0,100.0,0.0
TKA,TEHARKA,0,0,4,4,0.0,0.0,100.0
TKHA,TAKHA,0,0,4,4,0.0,0.0,100.0
TKHE,TAKARKHEDE,0,0,4,4,0.0,0.0,100.0
NOSM,NOSSAM,0,4,0,4,0.0,100.0,0.0
NPH,NURPURA HALT,0,4,0,4,0.0,100.0,0.0
MOHR,MOHANA HARYA,0,4,0,4,0.0,100.0,0.0
MOJ,MOHANA,0,0,4,4,0.0,0.0,100.0
KOA,KARONDA,0,1,3,4,0.0,25.0,75.0
MONJ,MONGLAJHORA,0,0,4,4,0.0,0.0,100.0
MPUE,MAINPURI KAC,0,0,4,4,0.0,0.0,100.0
GMGM,GOMANGALAM,0,2,2,4,0.0,50.0,50.0
HSL,HISVAHAL,0,0,4,4,0.0,0.0,100.0
HTGR,HATHIGADH,0,2,2,4,0.0,50.0,50.0
SSDT,SHAMSHABAD T,0,2,2,4,0.0,50.0,50.0
BGMU,BANGARMAU,0,2,2,4,0.0,50.0,50.0
SSPD,SADASHIVAPET,0,0,4,4,0.0,0.0,100.0
SSV,SASVAD ROAD,0,0,4,4,0.0,0.0,100.0
MQE,MOHD KHEDA,0,0,4,4,0.0,0.0,100.0
MOTG,MOTIGANJ,0,1,3,4,0.0,25.0,75.0
MP,MELAPPALAYAM,0,2,2,4,0.0,50.0,50.0
MPC,MUTTAMPATTI,0,0,4,4,0.0,0.0,100.0
MPF,MUIRPUR ROAD,0,0,4,4,0.0,0.0,100.0
DHS,DHAVALAS,0,0,4,4,0.0,0.0,100.0
VTE,VENKATAGIRIK,0,0,4,4,0.0,0.0,100.0
VTL,VADTAL SWAMI,4,0,0,4,100.0,0.0,0.0
VVD,VAVDI,0,4,0,4,0.0,100.0,0.0
CKW,CHALKHOWA,0,4,0,4,0.0,100.0,0.0
CKX,CHAKUR,0,0,4,4,0.0,0.0,100.0
ELL,ERALIGUL,0,3,1,4,0.0,75.0,25.0
COE,CHITROD,0,0,4,4,0.0,0.0,100.0
STBJ,SITABANJ,0,0,4,4,0.0,0.0,100.0
ENB,ELLENABAD,0,0,4,4,0.0,0.0,100.0
DHLI,DETHLI,0,1,3,4,0.0,25.0,75.0
MRDG,MARADANGA,0,0,4,4,0.0,0.0,100.0
MQZ,MOTA JADRA,2,2,0,4,50.0,50.0,0.0
BPK,BHUGAON,0,2,2,4,0.0,50.0,50.0
MRM,MAMANDURU,0,0,4,4,0.0,0.0,100.0
NM,NAIMISHARANY,0,1,3,4,0.0,25.0,75.0
STLI,SITHOULI,0,0,4,4,0.0,0.0,100.0
HRBR,HARUBERA,0,0,4,4,0.0,0.0,100.0
HRF,HATHRAS QILA,2,1,1,4,50.0,25.0,25.0
HRM,HADMADIYA,0,2,2,4,0.0,50.0,50.0
CKNI,CHIKNI ROAD,0,2,2,4,0.0,50.0,50.0
CKOD,CHAKROD,0,0,4,4,0.0,0.0,100.0
BGLI,BARGOLAI,0,4,0,4,0.0,100.0,0.0
CWDA,CHURIWALA,0,3,1,4,0.0,75.0,25.0
TISI,TISI,0,0,4,4,0.0,0.0,100.0
HNMN,HANUMAN CIRC,0,0,4,4,0.0,0.0,100.0
BGDI,BAGADIA  PH,0,4,0,4,0.0,100.0,0.0
SUMR,SUMER,0,2,2,4,0.0,50.0,50.0
HNU,HANSPURA,0,0,4,4,0.0,0.0,100.0
CX,CHANOL,0,0,4,4,0.0,0.0,100.0
BRTK,BHORTEX,0,0,4,4,0.0,0.0,100.0
NKK,NARIKKUDI,0,2,2,4,0.0,50.0,50.0
NKW,NILAKANTHEWA,0,0,4,4,0.0,0.0,100.0
NLNR,NULENURU,0,0,4,4,0.0,0.0,100.0
HOL,HOL,0,0,4,4,0.0,0.0,100.0
HPR,HIRAPUR,0,0,4,4,0.0,0.0,100.0
SUAL,saundal,0,0,4,4,0.0,0.0,100.0
DWV,DIWAN KHAVAT,0,0,4,4,0.0,0.0,100.0
DWZ,DANTE WARA,0,0,4,4,0.0,0.0,100.0
STBD,SULTANABAD H,0,4,0,4,0.0,100.0,0.0
RLK,ROHALKHURD,0,0,4,4,0.0,0.0,100.0
GNTR,GAUNTRA,0,2,2,4,0.0,50.0,50.0
GO,GHOTI,0,2,2,4,0.0,50.0,50.0
TIBI,TIBI,0,0,4,4,0.0,0.0,100.0
BKD,BANKODA,0,4,0,4,0.0,100.0,0.0
TID,TAGDI,0,0,4,4,0.0,0.0,100.0
MRF,MARPALLI,0,0,4,4,0.0,0.0,100.0
KOF,MARWAR KORI,0,0,4,4,0.0,0.0,100.0
DHNR,DHANORA (DEC,0,0,4,4,0.0,0.0,100.0
DHOA,DHOLPUR (NG),0,4,0,4,0.0,100.0,0.0
DHR,DHARNAODA,0,0,4,4,0.0,0.0,100.0
BAWA,BALWARA,0,0,4,4,0.0,0.0,100.0
VVV,VAVERA,0,2,2,4,0.0,50.0,50.0
VWA,VIDURASWATTH,0,2,2,4,0.0,50.0,50.0
TII,TINGRAI,0,4,0,4,0.0,100.0,0.0
TIP,TATAPPARAI,0,2,2,4,0.0,50.0,50.0
KOHL,KOHLI,0,0,4,4,0.0,0.0,100.0
HISE,HIRISAVE,0,2,2,4,0.0,50.0,50.0
KOL,KOLAD,0,0,4,4,0.0,0.0,100.0
HMO,HANUMANGARH,0,0,4,4,0.0,0.0,100.0
HMP,HEMPUR,0,4,0,4,0.0,100.0,0.0
DGN,DONGARGAON,0,0,4,4,0.0,0.0,100.0
MSTH,MISRIKH TIRA,0,1,3,4,0.0,25.0,75.0
MSV,MUSTRA,0,0,4,4,0.0,0.0,100.0
BPV,BHOTEPATTI,0,0,4,4,0.0,0.0,100.0
NKH,NATHU KHEDI,0,0,4,4,0.0,0.0,100.0
MRYA,MERIYANA,0,2,2,4,0.0,50.0,50.0
ALV,ANKLAV,0,4,0,4,0.0,100.0,0.0
BRNI,BARWASNI HAL,0,4,0,4,0.0,100.0,0.0
SUPP,SUPPALAPADU,0,4,0,4,0.0,100.0,0.0
SUW,SUKHI SEWANI,0,2,2,4,0.0,50.0,50.0
SVF,SRIVENKATAPE,0,2,2,4,0.0,50.0,50.0
KOLE,KOLE,0,0,4,4,0.0,0.0,100.0
MTDI,MALTEKDI,0,0,4,4,0.0,0.0,100.0
MTDM,METTUR DAM,2,2,0,4,50.0,50.0,0.0
DGQ,DUGDOL HALT,0,0,4,4,0.0,0.0,100.0
WAB,BALWA,0,0,4,4,0.0,0.0,100.0
ANO,ANJANI,0,0,4,4,0.0,0.0,100.0
NIV,NIVASAR,0,0,4,4,0.0,0.0,100.0
MSO,MISROD,0,0,4,4,0.0,0.0,100.0
MSOD,MASODHA,0,0,4,4,0.0,0.0,100.0
MSQ,MARWAR RATAN,0,0,4,4,0.0,0.0,100.0
MSSN,MAISHASHAN,0,4,0,4,0.0,100.0,0.0
BRRZ,BARARA BUZUR,0,0,4,4,0.0,0.0,100.0
AMBR,AMBIKA (ROHI,0,0,4,4,0.0,0.0,100.0
NGY,NATH GANJ,0,2,2,4,0.0,50.0,50.0
HLKK,HALLIKHERK,0,4,0,4,0.0,100.0,0.0
SVS,SRINIVASPUR,0,0,4,4,0.0,0.0,100.0
RGLI,RAGHOULI,2,0,2,4,50.0,0.0,50.0
DET,DET,0,0,4,4,0.0,0.0,100.0
DFR,DEOGAN ROAD,0,0,4,4,0.0,0.0,100.0
MTND,MATTAGAJPUR,0,4,0,4,0.0,100.0,0.0
MTRA,MATIGARA,0,0,4,4,0.0,0.0,100.0
BRNR,BARUA NAGAR,0,0,4,4,0.0,0.0,100.0
BROR,BERORE,0,4,0,4,0.0,100.0,0.0
BRRD,BORDI ROAD,0,1,3,4,0.0,25.0,75.0
MUGN,MAHUTGAON,0,0,4,4,0.0,0.0,100.0
CLO,CHILO,0,0,4,4,0.0,0.0,100.0
KQE,KALA AKHAR,0,0,4,4,0.0,0.0,100.0
HER,HER,0,0,4,4,0.0,0.0,100.0
SVZ,SARAI HARKHU,0,3,1,4,0.0,75.0,25.0
KQRT,KODERMA TOWN,0,4,0,4,0.0,100.0,0.0
NHR,NOHAR,0,0,4,4,0.0,0.0,100.0
NI,NAYDONGRI,0,0,4,4,0.0,0.0,100.0
SYL,SALPURA,0,0,4,4,0.0,0.0,100.0
HAA,HARWADA,0,0,4,4,0.0,0.0,100.0
HAQ,HASTAVARAMU,0,0,4,4,0.0,0.0,100.0
CLDR,CHILIKDARA,0,0,4,4,0.0,0.0,100.0
SWS,SUWANSA,0,1,3,4,0.0,25.0,75.0
SWT,SHIWALA TEHU,0,4,0,4,0.0,100.0,0.0
SWW,SHAHANAGAR T,0,4,0,4,0.0,100.0,0.0
SXA,SAGPHATA,0,0,4,4,0.0,0.0,100.0
HBN,HAIBARGAON,0,2,2,4,0.0,50.0,50.0
GOPG,GOPALGANJ,0,4,0,4,0.0,100.0,0.0
BDYR,BIDYADABRI,0,0,4,4,0.0,0.0,100.0
THR,THARA,0,0,4,4,0.0,0.0,100.0
THX,TOVALAI H.,0,2,2,4,0.0,50.0,50.0
GNO,GOREGAON ROA,0,0,4,4,0.0,0.0,100.0
GNQ,GODHANI,0,0,4,4,0.0,0.0,100.0
GNR,GADIGANURU,0,0,4,4,0.0,0.0,100.0
KRMB,KARMABAD,0,2,2,4,0.0,50.0,50.0
BES,BES,0,0,4,4,0.0,0.0,100.0
RHI,RAKHI,0,0,4,4,0.0,0.0,100.0
SXQ,SUAHERI HALT,0,3,1,4,0.0,75.0,25.0
SXX,SALBARI,0,0,4,4,0.0,0.0,100.0
MUO,MASANGAON,0,0,4,4,0.0,0.0,100.0
ALN,ALANDI,0,0,4,4,0.0,0.0,100.0
NGI,NAGRI,0,2,2,4,0.0,50.0,50.0
BKPR,BAKASPUR,0,0,4,4,0.0,0.0,100.0
MTJR,MOTERJHAR,0,0,4,4,0.0,0.0,100.0
BRLF,BAR LONGFER,0,0,4,4,0.0,0.0,100.0
BRLY,BIROLIYA,0,0,4,4,0.0,0.0,100.0
BQN,BAGRI NAGAR,0,2,2,4,0.0,50.0,50.0
BKPT,BHAKARAPET,0,0,4,4,0.0,0.0,100.0
NGAN,NAGAON,0,0,4,4,0.0,0.0,100.0
SYF,SEMAI,0,0,4,4,0.0,0.0,100.0
BETI,BHETASI,0,4,0,4,0.0,100.0,0.0
BEW,BETAWAD,0,0,4,4,0.0,0.0,100.0
SZV,SIVADI,0,0,4,4,0.0,0.0,100.0
HATI,HATI,0,4,0,4,0.0,100.0,0.0
HBF,HADOBHANGI P,0,0,4,4,0.0,0.0,100.0
CMGR,CHIKMAGALURU,0,2,2,4,0.0,50.0,50.0
NGD,NAGARDEVLA,0,0,4,4,0.0,0.0,100.0
BKRH,BRIJ KISHOR,0,4,0,4,0.0,100.0,0.0
WDS,WADSINGE,0,0,4,4,0.0,0.0,100.0
WG,WAGHOLI,0,2,2,4,0.0,50.0,50.0
WGA,WAGHODA,0,0,4,4,0.0,0.0,100.0
WKA,VAKAV,0,0,4,4,0.0,0.0,100.0
WLH,VALHA,0,0,4,4,0.0,0.0,100.0
ATW,ATWA MUTHIA,0,1,3,4,0.0,25.0,75.0
SYQ,SINHAN,0,0,4,4,0.0,0.0,100.0
UDPU,UDAIPUR,4,0,0,4,100.0,0.0,0.0
NCU,NALLACHERUVU,0,0,4,4,0.0,0.0,100.0
NDE,NANDRE,0,0,4,4,0.0,0.0,100.0
NDK,NANDKHAS,0,0,4,4,0.0,0.0,100.0
TAE,TADALI JN.,0,2,2,4,0.0,50.0,50.0
TAKU,TAKU,0,0,4,4,0.0,0.0,100.0
TAT,TUMMANAM GUT,0,0,4,4,0.0,0.0,100.0
TATI,TATI,0,0,4,4,0.0,0.0,100.0
GSGJ,GHAUSGANJ,0,2,2,4,0.0,50.0,50.0
GPU,GULAPALAYAMU,0,0,4,4,0.0,0.0,100.0
THEA,THALERA,0,0,4,4,0.0,0.0,100.0
THED,TAUHEED,0,0,4,4,0.0,0.0,100.0
THKU,THALAKU,0,0,4,4,0.0,0.0,100.0
BDW,BANDANWARA,0,0,4,4,0.0,0.0,100.0
UGP,UGARPUR,0,0,4,4,0.0,0.0,100.0
GWH,GHOSHAWAR,0,2,2,4,0.0,50.0,50.0
UGU,UGU,0,2,2,4,0.0,50.0,50.0
CNH,CHAUNRAH,0,0,4,4,0.0,0.0,100.0
DVA,DELVADA,0,2,2,4,0.0,50.0,50.0
GUZ,GUMANIHAT,0,0,4,4,0.0,0.0,100.0
GVA,GANGUWADA,0,0,4,4,0.0,0.0,100.0
GTT,GOMTA,0,0,4,4,0.0,0.0,100.0
GTY,GOLAPATTI,0,0,4,4,0.0,0.0,100.0
GUA,GUA,0,3,1,4,0.0,75.0,25.0
AUS,ANUP SHAHR,0,0,4,4,0.0,0.0,100.0
AUWA,AUWA,0,0,4,4,0.0,0.0,100.0
BRMX,BURMI  HALT,0,1,3,4,0.0,25.0,75.0
MVE,MUNDHEWADI,0,0,4,4,0.0,0.0,100.0
NDY,NANDI,0,0,4,4,0.0,0.0,100.0
NERI,NERI,0,4,0,4,0.0,100.0,0.0
BQE,BAKANIAN BHA,0,0,4,4,0.0,0.0,100.0
DVN,DEVTHANA HAL,0,0,4,4,0.0,0.0,100.0
KNRN,KANAROAN,0,0,4,4,0.0,0.0,100.0
BEE,BEBEJIA,0,0,4,4,0.0,0.0,100.0
CMY,CHINTAMANI,0,0,4,4,0.0,0.0,100.0
GTI,GHUTAI,0,0,4,4,0.0,0.0,100.0
REMA,REMA,0,4,0,4,0.0,100.0,0.0
MVRD,MAIVADIROAD,0,2,2,4,0.0,50.0,50.0
MWA,MANDVA,0,0,4,4,0.0,0.0,100.0
MWD,MHASAVAD,0,0,4,4,0.0,0.0,100.0
KRDL,KIRANDUL,0,0,4,4,0.0,0.0,100.0
KRRA,KARRA,0,0,4,4,0.0,0.0,100.0
MXM,MINATCHIPURA,0,2,2,4,0.0,50.0,50.0
BRCK,BARUA CHAK,0,1,3,4,0.0,25.0,75.0
BRDV,BARADEV,0,2,2,4,0.0,50.0,50.0
TBU,THERBAN HALT,0,0,4,4,0.0,0.0,100.0
KRTH,KIRATGARH,0,0,4,4,0.0,0.0,100.0
TBX,TILBHUM,0,0,4,4,0.0,0.0,100.0
TCH,TIRUCHCHULI,0,2,2,4,0.0,50.0,50.0
GRE,GOLA ROAD,0,0,4,4,0.0,0.0,100.0
KRTR,KAROTA PATRI,0,0,4,4,0.0,0.0,100.0
GRI,GURIYA,0,2,2,4,0.0,50.0,50.0
GRJA,GORINJA,0,0,4,4,0.0,0.0,100.0
BRGJ,BARGAON GUJA,0,0,4,4,0.0,0.0,100.0
NBUE,NIBKARORI,0,0,4,4,0.0,0.0,100.0
NCBD,NEW CHANGRAB,0,0,4,4,0.0,0.0,100.0
BYC,BELLARYCANTT,0,0,4,4,0.0,0.0,100.0
MXR,MAHUR,0,0,4,4,0.0,0.0,100.0
MXS,MOHASA,0,1,3,4,0.0,25.0,75.0
MXY,MAHUARIYA,0,0,4,4,0.0,0.0,100.0
KRNI,KRISHNAI,0,0,4,4,0.0,0.0,100.0
MYJ,MAHEJI,0,0,4,4,0.0,0.0,100.0
AGD,AGASOD,0,1,3,4,0.0,25.0,75.0
AGDL,AGRAN DHULGA,0,0,4,4,0.0,0.0,100.0
AGE,ANGAI HALT,0,4,0,4,0.0,100.0,0.0
KNLP,KANAMALEPALL,0,0,4,4,0.0,0.0,100.0
ABE,AMBIKESHWAR,0,0,4,4,0.0,0.0,100.0
ABX,AMBARI,0,0,4,4,0.0,0.0,100.0
YDD,YADUDIH,0,2,2,4,0.0,50.0,50.0
YDLP,YADALAPUR,0,0,4,4,0.0,0.0,100.0
YDM,YEDAMANGALA,0,2,2,4,0.0,50.0,50.0
KNNA,KHINANIYAN,0,0,4,4,0.0,0.0,100.0
YGM,YADUGRAM BH,0,2,2,4,0.0,50.0,50.0
YS,YERMARAS,0,0,4,4,0.0,0.0,100.0
RMGJ,RAMGANJ,0,0,4,4,0.0,0.0,100.0
GRM,GARHMAU,0,0,4,4,0.0,0.0,100.0
ARP,ATRAMPUR,0,0,4,4,0.0,0.0,100.0
ARU,ARASALU,0,2,2,4,0.0,50.0,50.0
BEJ,BENIGANJ,0,1,3,4,0.0,25.0,75.0
TDV,THONDE BHAVI,0,2,2,4,0.0,50.0,50.0
GRBH,GAREA BIHAR,0,2,2,4,0.0,50.0,50.0
WSD,WASUD,0,0,4,4,0.0,0.0,100.0
AABH,AMBIKA BHAWA,0,2,2,4,0.0,50.0,50.0
MZA,MEZENGA,0,0,4,4,0.0,0.0,100.0
MZQ,MAJGAON-ASSA,0,0,4,4,0.0,0.0,100.0
YGA,YARAGOPPA H,0,0,4,4,0.0,0.0,100.0
DCU,DAMALACHERUV,0,0,4,4,0.0,0.0,100.0
DDG,DIGHA GHAT,2,2,0,4,50.0,50.0,0.0
DDGA,DUGDA WASHAR,0,2,2,4,0.0,50.0,50.0
ZARP,ZARAP,0,0,4,4,0.0,0.0,100.0
BAR,BAR,0,2,2,4,0.0,50.0,50.0
BARD,DUBRIKALAN,0,0,4,4,0.0,0.0,100.0
NANR,NARANPUR,0,0,4,4,0.0,0.0,100.0
MXO,MORTHALA,0,0,4,4,0.0,0.0,100.0
DDGJ,DEEDAR GANJ,0,4,0,4,0.0,100.0,0.0
WRGN,WARIGAON NEW,0,1,3,4,0.0,25.0,75.0
NAWN,NAWAN,0,2,2,4,0.0,50.0,50.0
HTN,HATNAPUR,0,0,3,3,0.0,0.0,100.0
MZV,MARALAHALLI,0,2,1,3,0.0,66.7,33.3
CDSL,CHANDRESAL,0,0,3,3,0.0,0.0,100.0
IDGJ,IRADATGANJ,0,0,3,3,0.0,0.0,100.0
MTPC,MOTIPURA CHA,0,0,3,3,0.0,0.0,100.0
JHMR,JHIMRI,0,0,3,3,0.0,0.0,100.0
FYZ,FAIZULLAPUR,0,0,3,3,0.0,0.0,100.0
SSNS,SAHEED SURAJ,1,1,1,3,33.3,33.3,33.3
SSR,SARERI,0,0,3,3,0.0,0.0,100.0
GDBR,GOONDA (BIHA,0,0,3,3,0.0,0.0,100.0
RT,ROHAT,0,0,3,3,0.0,0.0,100.0
SVTN,SHIVATHAN,0,0,3,3,0.0,0.0,100.0
KANO,KANOH,0,0,3,3,0.0,0.0,100.0
SAHL,SAHELI,0,0,3,3,0.0,0.0,100.0
MRX,MURUD,0,0,3,3,0.0,0.0,100.0
KLPM,KAILASAPURAM,0,2,1,3,0.0,66.7,33.3
BJIH,BIJULI HALT,1,1,1,3,33.3,33.3,33.3
NHGJ,NEW HARANGAJ,0,0,3,3,0.0,0.0,100.0
GHSR,GHASARA HALT,0,0,3,3,0.0,0.0,100.0
TNH,TINKHEDA,0,0,3,3,0.0,0.0,100.0
BGAR,BANGARI,0,0,3,3,0.0,0.0,100.0
BCRD,BARCHHI ROAD,0,1,2,3,0.0,33.3,66.7
CRKR,CHAURAKHERI,0,0,3,3,0.0,0.0,100.0
HNSL,HESALONG  FS,0,0,3,3,0.0,0.0,100.0
KEJ,KATHLEEGHAT,0,0,3,3,0.0,0.0,100.0
SHWL,SAHUWALA,0,3,0,3,0.0,100.0,0.0
ILO,ILLOO,0,0,3,3,0.0,0.0,100.0
KAI,KAIRLA,0,0,3,3,0.0,0.0,100.0
SYWN,SAIYID SARAW,0,0,3,3,0.0,0.0,100.0
CRWL,CHAKRAKWALA,0,0,3,3,0.0,0.0,100.0
BIP,BAHILPURWA,0,0,3,3,0.0,0.0,100.0
BKKI,BAKARKUDI,0,0,3,3,0.0,0.0,100.0
DV,DHUVA,1,2,0,3,33.3,66.7,0.0
DWI,DINGWAI,0,0,3,3,0.0,0.0,100.0
KOLI,KESHOLI,0,0,3,3,0.0,0.0,100.0
KPCM,KUWARCHINTAW,0,0,3,3,0.0,0.0,100.0
RKZ,RAJKIAWAS,0,0,3,3,0.0,0.0,100.0
BYR,BHAYANDAR,0,2,1,3,0.0,66.7,33.3
KTDD,KATAIYA DAND,0,0,3,3,0.0,0.0,100.0
LBH,LUCKNOW (DIK,0,0,3,3,0.0,0.0,100.0
POR,PIPLOD ROAD,0,0,3,3,0.0,0.0,100.0
LKJN,LINK JN CABI,0,0,3,3,0.0,0.0,100.0
VBH,VISHNUPUR BA,1,1,1,3,33.3,33.3,33.3
LNKC,LINK C-CABIN,0,0,3,3,0.0,0.0,100.0
PNHI,PANHAI,0,0,3,3,0.0,0.0,100.0
BUS,BADAUSA,0,0,3,3,0.0,0.0,100.0
LOG,LOHGARA,0,0,3,3,0.0,0.0,100.0
LTMD,LATEMDA,0,0,3,3,0.0,0.0,100.0
BNOD,BENODA,0,1,2,3,0.0,33.3,66.7
PAAL,PALA,0,1,2,3,0.0,33.3,66.7
PEH,PATHARDIH JN,0,1,2,3,0.0,33.3,66.7
BNGM,BANGURGRAM H,0,2,1,3,0.0,66.7,33.3
MJHR,MAJHIARI,0,0,3,3,0.0,0.0,100.0
MFX,MADARAHA,0,0,3,3,0.0,0.0,100.0
PBC,PARVATSAR CI,3,0,0,3,100.0,0.0,0.0
NWBV,NEW WEST BLO,0,1,2,3,0.0,33.3,66.7
NVD,NAVAL GUND R,0,0,3,3,0.0,0.0,100.0
BOM,BOMADRA,0,0,3,3,0.0,0.0,100.0
BBAR,BARA,0,0,3,3,0.0,0.0,100.0
OHAN,OHAN CABIN,0,0,3,3,0.0,0.0,100.0
BSDL,BHARSENDI,0,0,3,3,0.0,0.0,100.0
MQA,MATODA,0,2,1,3,0.0,66.7,33.3
DIP,DIPORE,0,0,3,3,0.0,0.0,100.0
MRE,MANAURI,0,0,3,3,0.0,0.0,100.0
MLU,MALUGUR,0,0,3,3,0.0,0.0,100.0
GRMT,GUD MARKET,2,1,0,3,66.7,33.3,0.0
NGHW,NAGESHWADI H,0,0,3,3,0.0,0.0,100.0
HKD,HAILAKANDI,0,1,1,2,0.0,50.0,50.0
SURL,SURELI,0,0,2,2,0.0,0.0,100.0
SURR,SURERA,0,0,2,2,0.0,0.0,100.0
HLD,HALUDPUKUR,0,0,2,2,0.0,0.0,100.0
TILA,TILA,0,0,2,2,0.0,0.0,100.0
CNV,KINATTUKKADA,2,0,0,2,100.0,0.0,0.0
CNX,CHANDAUNA HA,0,0,2,2,0.0,0.0,100.0
HNM,HINOTA RAMBA,0,0,2,2,0.0,0.0,100.0
HNPA,HANDAPA,0,0,2,2,0.0,0.0,100.0
HNR,HANSARA,0,2,0,2,0.0,100.0,0.0
IGTA,LNGOHTA,0,0,2,2,0.0,0.0,100.0
CII,CHETTIYAPATT,0,2,0,2,0.0,100.0,0.0
SRGP,SARGIPALI,0,0,2,2,0.0,0.0,100.0
SRK,SAMRAU,0,0,2,2,0.0,0.0,100.0
SUKU,SUKU,0,0,2,2,0.0,0.0,100.0
SUP,SRUNGAVARAPU,0,0,2,2,0.0,0.0,100.0
HLX,HILARA,0,0,2,2,0.0,0.0,100.0
CKS,CHAKSU,0,0,2,2,0.0,0.0,100.0
STSN,SHAITAN SING,0,0,2,2,0.0,0.0,100.0
SUBL,HUBLI SOUTH,0,0,2,2,0.0,0.0,100.0
GMM,GUMMAN,0,0,2,2,0.0,0.0,100.0
GMTO,GUMTO,0,0,2,2,0.0,0.0,100.0
HSWS,HANSIAWAS,0,0,2,2,0.0,0.0,100.0
JATP,JAITPURA,0,2,0,2,0.0,100.0,0.0
GM,GARMADI,0,0,2,2,0.0,0.0,100.0
GMC,KANPUR GOODS,0,2,0,2,0.0,100.0,0.0
GME,GUMANDEV,0,2,0,2,0.0,100.0,0.0
SOLR,SOLUR,0,0,2,2,0.0,0.0,100.0
HTL,HATIKHALI,0,0,2,2,0.0,0.0,100.0
MZHL,MAJHAULI,0,0,2,2,0.0,0.0,100.0
HTNL,HITNAL H,0,0,2,2,0.0,0.0,100.0
BGHU,BORRAGUHALU,0,0,2,2,0.0,0.0,100.0
SSCR,SONACHARA  S,0,2,0,2,0.0,100.0,0.0
ARMU,ARMOOR,0,1,1,2,0.0,50.0,50.0
HWX,HABAIPUR,0,0,2,2,0.0,0.0,100.0
CKHS,CHIKHLI,0,0,2,2,0.0,0.0,100.0
AGZ,AMAGURA,0,0,2,2,0.0,0.0,100.0
SRKR,SALAR KHURD,0,0,2,2,0.0,0.0,100.0
JHH,JHALRA  HALT,0,1,1,2,0.0,50.0,50.0
CHRU,CHAMRUA,0,0,2,2,0.0,0.0,100.0
TLL,TALAP,0,2,0,2,0.0,100.0,0.0
BDO,BAHALDA ROAD,0,0,2,2,0.0,0.0,100.0
BDQ,BUDORA,2,0,0,2,100.0,0.0,0.0
GLTA,GAHLOTA,0,0,2,2,0.0,0.0,100.0
JAK,JAKANUR H,0,0,2,2,0.0,0.0,100.0
SRAS,SIRAS,0,0,2,2,0.0,0.0,100.0
ISHN,ISHANAGAR,0,0,2,2,0.0,0.0,100.0
SPS,SHRIPAT SHRI,2,0,0,2,100.0,0.0,0.0
SQB,SINGHABAD,2,0,0,2,100.0,0.0,0.0
SQF,SUKRITIPUR,0,0,2,2,0.0,0.0,100.0
CJE,KANCHIPURAM,1,1,0,2,50.0,50.0,0.0
CJQ,CHAMPAJHARAN,0,2,0,2,0.0,100.0,0.0
SPD,SUPEDI,0,0,2,2,0.0,0.0,100.0
GIZ,GIDAM,0,0,2,2,0.0,0.0,100.0
GJN,GAJNER,0,0,2,2,0.0,0.0,100.0
BDRI,BHADRAULI,0,2,0,2,0.0,100.0,0.0
BDS,BORADIGHI,0,0,2,2,0.0,0.0,100.0
BDVR,BODDAVARA,0,0,2,2,0.0,0.0,100.0
CPE,CHANDIPOSHI,0,2,0,2,0.0,100.0,0.0
BHJA,BHEJA,0,0,2,2,0.0,0.0,100.0
SOQ,SOMPUR ROAD,0,0,2,2,0.0,0.0,100.0
JCH,JETHA CHANDA,0,0,2,2,0.0,0.0,100.0
JDD,JERTHI DADHI,0,0,2,2,0.0,0.0,100.0
CHTT,CHITTA HALT,0,0,2,2,0.0,0.0,100.0
JGI,JHAGADIYA JN,0,2,0,2,0.0,100.0,0.0
JGLP,JATINGA,0,0,2,2,0.0,0.0,100.0
BHAS,BHOJRAS,0,0,2,2,0.0,0.0,100.0
BHAU,BHALUA,0,2,0,2,0.0,100.0,0.0
SOF,SAOTA,2,0,0,2,100.0,0.0,0.0
BHBR,BATHUA BAZAR,0,0,2,2,0.0,0.0,100.0
SLON,SALONA,0,0,2,2,0.0,0.0,100.0
SLPM,SHIVALINGAPU,0,0,2,2,0.0,0.0,100.0
JNNA,JAMUNIATANR,0,0,2,2,0.0,0.0,100.0
JRBM,JIRIBAM,0,2,0,2,0.0,100.0,0.0
BHNG,BHALUKPONG,0,2,0,2,0.0,100.0,0.0
GIHT,GAIGHAT HALT,0,0,2,2,0.0,0.0,100.0
TMH,TIN MILE HAT,0,0,2,2,0.0,0.0,100.0
JIGT,JIRIGHAT,0,2,0,2,0.0,100.0,0.0
SNIE,SATH NARAINI,0,0,2,2,0.0,0.0,100.0
SNAR,SRINAGAR,0,0,2,2,0.0,0.0,100.0
JKAR,JAKLAIR,1,1,0,2,50.0,50.0,0.0
JKO,JAKKALACHERU,0,0,2,2,0.0,0.0,100.0
SN,SUKNA,0,0,2,2,0.0,0.0,100.0
SMGR,SAMAGURI,0,0,2,2,0.0,0.0,100.0
SMLG,SHIMILI GUDA,0,0,2,2,0.0,0.0,100.0
SKAR,SAKARIYA,0,0,2,2,0.0,0.0,100.0
SKNP,SARKANPUR,0,0,2,2,0.0,0.0,100.0
SKPA,SRI KALYAN P,0,0,2,2,0.0,0.0,100.0
TNO,TUNDU,2,0,0,2,100.0,0.0,0.0
GGNP,GANGANPALLE,2,0,0,2,100.0,0.0,0.0
BHSA,BHISA HALT,0,0,2,2,0.0,0.0,100.0
SMDM,SAMUDRAM,0,1,1,2,0.0,50.0,50.0
CHNN,CHANNANI,0,0,2,2,0.0,0.0,100.0
CHOD,CHARDUAR,0,2,0,2,0.0,100.0,0.0
CHOK,CHAUK,0,0,2,2,0.0,0.0,100.0
JMRA,JAMIRA,0,1,1,2,0.0,50.0,50.0
JNRI,JALINDRI,0,0,2,2,0.0,0.0,100.0
SMBH,SALIMPUR BIH,0,0,2,2,0.0,0.0,100.0
JSD,JAISINDER,0,2,0,2,0.0,100.0,0.0
JSI,JASALI,0,0,2,2,0.0,0.0,100.0
SIRA,SIRHI ITARA,0,0,2,2,0.0,0.0,100.0
SIRD,SIRD,0,0,2,2,0.0,0.0,100.0
SIZ,SHRIKHANDA,2,0,0,2,100.0,0.0,0.0
JTKN,JAITPUR KALA,0,2,0,2,0.0,100.0,0.0
GGY,GAGARIYA,0,2,0,2,0.0,100.0,0.0
TOP,TAPASI,0,2,0,2,0.0,100.0,0.0
GEK,GEGAL AKHRI,0,0,2,2,0.0,0.0,100.0
SIA,SHIVLAKHA,0,0,2,2,0.0,0.0,100.0
CHHU,CHHANUA,0,0,2,2,0.0,0.0,100.0
CHIB,CHIRAI,0,0,2,2,0.0,0.0,100.0
JRT,JARATI,0,0,2,2,0.0,0.0,100.0
JRV,JUNA RAJUVAD,0,2,0,2,0.0,100.0,0.0
JRX,JURIAGAON,0,0,2,2,0.0,0.0,100.0
BIDD,BIDIYAD,2,0,0,2,100.0,0.0,0.0
SHRG,SHRI RAMGARH,0,0,2,2,0.0,0.0,100.0
JUCT,JODHPUR CANT,0,2,0,2,0.0,100.0,0.0
JUR,JUTURU,0,0,2,2,0.0,0.0,100.0
SHEO,SHISHO H,0,0,2,2,0.0,0.0,100.0
BHZ,BIHARA,0,0,2,2,0.0,0.0,100.0
BICI,BARKICHANPI,0,2,0,2,0.0,100.0,0.0
TPO,TANTPUR,1,1,0,2,50.0,50.0,0.0
TPQ,TOKOPAL,0,0,2,2,0.0,0.0,100.0
GDKP,GHUNDANKHAPA,0,0,2,2,0.0,0.0,100.0
SJSM,SALEMGARH MA,0,0,2,2,0.0,0.0,100.0
SK,SAKHUN,0,0,2,2,0.0,0.0,100.0
BHNS,BHANSI,0,0,2,2,0.0,0.0,100.0
BHRB,BHAIRABI,0,1,1,2,0.0,50.0,50.0
JSA,JASAI,0,2,0,2,0.0,100.0,0.0
SGW,SINGWAL,0,0,2,2,0.0,0.0,100.0
JWS,JHARWASA,0,0,2,2,0.0,0.0,100.0
CHAR,CHARMAL,0,0,2,2,0.0,0.0,100.0
KARJ,KARJHAUSA,0,2,0,2,0.0,100.0,0.0
BII,BORIDRA,0,2,0,2,0.0,100.0,0.0
KAYR,KAYAR,0,0,2,2,0.0,0.0,100.0
SFM,SUNAM,1,0,1,2,50.0,0.0,50.0
SFZ,SHINDURIYA K,0,0,2,2,0.0,0.0,100.0
BDNP,BIDANPUR,0,0,2,2,0.0,0.0,100.0
TQR,TEKTAR F,0,0,2,2,0.0,0.0,100.0
SEPN,SEPON,0,2,0,2,0.0,100.0,0.0
SIBR,SHRIBAR,0,2,0,2,0.0,100.0,0.0
SIDP,SIDDAPURA,0,0,2,2,0.0,0.0,100.0
SIGA,SHANTIGRAMA,0,0,2,2,0.0,0.0,100.0
SILR,SILARI,0,2,0,2,0.0,100.0,0.0
NKJ,NEW KATNI JU,0,0,2,2,0.0,0.0,100.0
MRTD,MORTAD,0,1,1,2,0.0,50.0,50.0
MRWS,MARWAR RANAW,0,0,2,2,0.0,0.0,100.0
NJB,NIJBARI,0,0,2,2,0.0,0.0,100.0
BPKH,BUDHA PUSHKA,2,0,0,2,100.0,0.0,0.0
DGPI,DURGAPURI,0,0,2,2,0.0,0.0,100.0
DGX,DAHGAON,0,0,2,2,0.0,0.0,100.0
WDA,WADRENGDISA,0,0,2,2,0.0,0.0,100.0
DGFJ,DAHEJ,0,2,0,2,0.0,100.0,0.0
MTPI,METPALLI,0,1,1,2,0.0,50.0,50.0
NGM,NAGASAMUDRAM,0,0,2,2,0.0,0.0,100.0
KALN,KALANA,0,0,2,2,0.0,0.0,100.0
AVC,AMARAVATHI C,0,0,2,2,0.0,0.0,100.0
AVH,AVIDHA,0,2,0,2,0.0,100.0,0.0
KCY,KAICHAR,2,0,0,2,100.0,0.0,0.0
KDAG,KYATSNDRA GO,0,0,2,2,0.0,0.0,100.0
AHO,ADARSHNAGAR,0,0,2,2,0.0,0.0,100.0
KDBA,KODIMBALA,0,2,0,2,0.0,100.0,0.0
KDGI,KUDGI H,0,0,2,2,0.0,0.0,100.0
GDD,GADRA ROAD,0,2,0,2,0.0,100.0,0.0
GBE,GAYABARI,0,0,2,2,0.0,0.0,100.0
TRBE,TARABARI,0,0,2,2,0.0,0.0,100.0
TRF,TAROPA,0,2,0,2,0.0,100.0,0.0
GADH,GOALDIH,0,0,2,2,0.0,0.0,100.0
KDMD,KANDAMBAKKAM,0,0,2,2,0.0,0.0,100.0
ASCE,ATHSARAI,0,0,2,2,0.0,0.0,100.0
KDPA,KHADAPA,0,0,2,2,0.0,0.0,100.0
KDS,KUSUNDA,2,0,0,2,100.0,0.0,0.0
SDHR,SANDHANI DHA,0,2,0,2,0.0,100.0,0.0
SDLK,SUNDLAK,0,0,2,2,0.0,0.0,100.0
KEMA,KUKMA,0,0,2,2,0.0,0.0,100.0
KEMR,KEMRI (HALT),0,0,2,2,0.0,0.0,100.0
CFG,CHAKITING,0,0,2,2,0.0,0.0,100.0
KDUH,KUNDURU,0,2,0,2,0.0,100.0,0.0
KGK,KANKURGACHHI,2,0,0,2,100.0,0.0,0.0
KHST,KASHANATTI,0,0,2,2,0.0,0.0,100.0
KHGP,KHARGAPUR,0,0,2,2,0.0,0.0,100.0
GAMN,GAMANI,0,2,0,2,0.0,100.0,0.0
GA,GUDDA,0,0,2,2,0.0,0.0,100.0
CUE,CHAUPALE,0,0,2,2,0.0,0.0,100.0
BCW,BHAWI,0,2,0,2,0.0,100.0,0.0
SAS,SHEODASPURA-,0,0,2,2,0.0,0.0,100.0
KIJ,KULDIHA,0,0,2,2,0.0,0.0,100.0
SALI,SAHELI,0,0,2,2,0.0,0.0,100.0
SAMN,SAMNI JN.,0,2,0,2,0.0,100.0,0.0
RXR,RANGAPAHAR,0,0,2,2,0.0,0.0,100.0
RXRX,RANGAPHAR CR,0,0,2,2,0.0,0.0,100.0
BJM,BAGAVATHIPUR,0,2,0,2,0.0,100.0,0.0
RUT,RATNAL,0,0,2,2,0.0,0.0,100.0
KKBA,KAKBARA,0,2,0,2,0.0,100.0,0.0
KKR,KHAKHRALA RO,0,2,0,2,0.0,100.0,0.0
RUP,RUPAIGAON,0,0,2,2,0.0,0.0,100.0
BAJE,BAJAKARE,0,2,0,2,0.0,100.0,0.0
RNI,RANGAPANI,0,0,2,2,0.0,0.0,100.0
CASA,CHHANSARA,0,0,2,2,0.0,0.0,100.0
TSL,TAKSAL,0,0,2,2,0.0,0.0,100.0
KLCR,KATLICHERRA,0,1,1,2,0.0,50.0,50.0
RTG,RANGTONG,0,0,2,2,0.0,0.0,100.0
RTRA,RAMNATHPUR,0,1,1,2,0.0,50.0,50.0
RUB,RASULABAD,0,0,2,2,0.0,0.0,100.0
RSWT,RAMGARH SHEK,0,2,0,2,0.0,100.0,0.0
RPY,RUPAI,0,2,0,2,0.0,100.0,0.0
RRP,RAIRANGPUR,0,0,2,2,0.0,0.0,100.0
KMH,KALAMALLA,0,0,2,2,0.0,0.0,100.0
ROS,RAJOSI,0,0,2,2,0.0,0.0,100.0
RPI,RUPAHELI,0,0,2,2,0.0,0.0,100.0
CTS,CHHATARIPUT,0,0,2,2,0.0,0.0,100.0
TXD,TYADA,0,0,2,2,0.0,0.0,100.0
TY,TULUKAPATTI,0,0,2,2,0.0,0.0,100.0
KMPS,KUMARAPATNAM,0,0,2,2,0.0,0.0,100.0
KMQA,KOMALI,0,0,2,2,0.0,0.0,100.0
BKAC,BARKAKANA AV,0,0,2,2,0.0,0.0,100.0
KMA,KAIMA,0,0,2,2,0.0,0.0,100.0
KMEZ,KUMAR MARANG,0,0,2,2,0.0,0.0,100.0
KMSD,KUMAR SODRA,0,0,2,2,0.0,0.0,100.0
KMLR,KAMALUR,0,0,2,2,0.0,0.0,100.0
KMNG,KAMRANGA,0,2,0,2,0.0,100.0,0.0
ESV,ISIVI,0,0,2,2,0.0,0.0,100.0
FAB,FATEHABAD,0,2,0,2,0.0,100.0,0.0
BDHA,BADHADA,0,2,0,2,0.0,100.0,0.0
TVNL,TIRUVENNAMAL,0,0,2,2,0.0,0.0,100.0
EGU,IRANAGALU,0,0,2,2,0.0,0.0,100.0
RNGN,RANIGAON,0,2,0,2,0.0,100.0,0.0
BCF,BANKAPASI,2,0,0,2,100.0,0.0,0.0
UDK,UDYANKHERI,0,0,2,2,0.0,0.0,100.0
CAT,CHATTAR HAT,0,0,2,2,0.0,0.0,100.0
CAZ,CHAUHANI,0,0,2,2,0.0,0.0,100.0
CBD,CHANGRABANDH,0,0,2,2,0.0,0.0,100.0
KNDP,KHANDIP,0,0,2,2,0.0,0.0,100.0
KODR,KODINAR,0,2,0,2,0.0,100.0,0.0
KNHP,KANHAIPUR,0,0,2,2,0.0,0.0,100.0
RMPB,RAMPUR BAZAR,0,2,0,2,0.0,100.0,0.0
RMX,RAMSAR,0,2,0,2,0.0,100.0,0.0
BKKA,BHUKARKA,0,0,2,2,0.0,0.0,100.0
YGD,YERRAGUDIPAD,0,0,2,2,0.0,0.0,100.0
RLX,RAMANUJAMPAL,0,0,2,2,0.0,0.0,100.0
KNYR,KANIYURU,0,2,0,2,0.0,100.0,0.0
EN,ISAND,0,0,2,2,0.0,0.0,100.0
DUT,DUM DUMA TOW,0,2,0,2,0.0,100.0,0.0
NOLB,NOLBARI,0,1,1,2,0.0,50.0,50.0
DVGM,DEVGAM,0,0,2,2,0.0,0.0,100.0
TGT,TINAIGHAT,0,0,2,2,0.0,0.0,100.0
RGG,RADHOGARH,0,0,2,2,0.0,0.0,100.0
TZD,TOZHUPPEDU,0,0,2,2,0.0,0.0,100.0
RLL,REGADIPALLI,0,0,2,2,0.0,0.0,100.0
RLP,HARLA PUR,0,0,2,2,0.0,0.0,100.0
RLR,RAILA ROAD,0,0,2,2,0.0,0.0,100.0
BKC,BHIKAMKOR,0,0,2,2,0.0,0.0,100.0
MVF,MANABAR,0,0,2,2,0.0,0.0,100.0
MVG,MALIGURA,0,0,2,2,0.0,0.0,100.0
ANM,ANAMALAI ROA,0,0,2,2,0.0,0.0,100.0
RJU,RAJULA CITY,2,0,0,2,100.0,0.0,0.0
MUPA,MUPA,0,0,2,2,0.0,0.0,100.0
DXU,DOHRU,0,0,2,2,0.0,0.0,100.0
DWL,DHUWALA,0,0,2,2,0.0,0.0,100.0
DURP,DURGAPURI,0,0,2,2,0.0,0.0,100.0
ULU,ULUNDURPET,0,0,2,2,0.0,0.0,100.0
DTC,DITOKCHERRA,0,0,2,2,0.0,0.0,100.0
KTCE,KATOGHAN,0,0,2,2,0.0,0.0,100.0
UDPR,UDAIPURA,0,0,2,2,0.0,0.0,100.0
BKS,BALIKOTIA,0,0,2,2,0.0,0.0,100.0
RJD,RAJ-PARDI,0,2,0,2,0.0,100.0,0.0
KOTI,KOTI,0,0,2,2,0.0,0.0,100.0
KOVH,KOVVADA HALT,0,2,0,2,0.0,100.0,0.0
KOWN,KHOWANG,0,2,0,2,0.0,100.0,0.0
MVW,MALLIVIDU,0,0,2,2,0.0,0.0,100.0
KPU,KRISHNAPURAM,0,0,2,2,0.0,0.0,100.0
KPJG,KEREJANGA,0,0,2,2,0.0,0.0,100.0
KPLH,KOTIPALLI,0,2,0,2,0.0,100.0,0.0
UGNA,UGNA,0,1,1,2,0.0,50.0,50.0
UML,UMALLA,0,2,0,2,0.0,100.0,0.0
DAC,DAHINSARA,0,2,0,2,0.0,100.0,0.0
KTLA,KATKOLA,0,0,2,2,0.0,0.0,100.0
BWPL,BALWANTPURA,0,0,2,2,0.0,0.0,100.0
PVN,PUVANUR,0,0,2,2,0.0,0.0,100.0
PYLA,PIYALA BLOCK,0,1,1,2,0.0,50.0,50.0
KQI,KALACHAND,0,0,2,2,0.0,0.0,100.0
KQY,KHARIKATIA,0,0,2,2,0.0,0.0,100.0
KRAP,KRAPPA HALT,0,2,0,2,0.0,100.0,0.0
KRMD,KUARMUNDA,0,2,0,2,0.0,100.0,0.0
BXK,BANDARKHAL,0,0,2,2,0.0,0.0,100.0
RDY,Reddipalaiya,1,1,0,2,50.0,50.0,0.0
KRDN,KARAUNDHANA,0,2,0,2,0.0,100.0,0.0
KRHA,KORAHIA,0,1,1,2,0.0,50.0,50.0
KRHT,KHARAHAT,0,2,0,2,0.0,100.0,0.0
KRLA,KORATLA,0,1,1,2,0.0,50.0,50.0
PUQ,PURANIGUDAM,0,0,2,2,0.0,0.0,100.0
PTPL,PETRAPOLE,0,2,0,2,0.0,100.0,0.0
KVLS,KARAKAVALASA,0,0,2,2,0.0,0.0,100.0
KWGN,KAWARGAON,0,0,2,2,0.0,0.0,100.0
DSVS,D Samudraval,0,0,2,2,0.0,0.0,100.0
DSX,DESANG,0,2,0,2,0.0,100.0,0.0
URML,UPARMAL,0,0,2,2,0.0,0.0,100.0
KTCR,KATLICHERA,0,0,2,2,0.0,0.0,100.0
MWAI,MAWAI,0,0,2,2,0.0,0.0,100.0
RAMA,RAMVA,0,0,2,2,0.0,0.0,100.0
RAPU,RAMPURA,0,0,2,2,0.0,0.0,100.0
RBCS,RAMACHANDRAP,0,2,0,2,0.0,100.0,0.0
QMRS,KAYAMSAR,0,2,0,2,0.0,100.0,0.0
RAJ,RAJPIPLA,0,2,0,2,0.0,100.0,0.0
DTRA,DANTRA,0,0,2,2,0.0,0.0,100.0
DTRD,DIYATRA,0,0,2,2,0.0,0.0,100.0
PRSR,PAHARSAR,0,0,2,2,0.0,0.0,100.0
LCT,LANGCHOLIET,0,0,2,2,0.0,0.0,100.0
PRKL,PARIKKAL,0,0,2,2,0.0,0.0,100.0
PQU,PARHANA MAU,0,0,2,2,0.0,0.0,100.0
LB,LAIN BAZAR,0,0,2,2,0.0,0.0,100.0
MXJ,MANGURJAN,0,0,2,2,0.0,0.0,100.0
DAYG,DARIYAGANJ,0,0,2,2,0.0,0.0,100.0
LGT,LANGTING,0,0,2,2,0.0,0.0,100.0
PYV,PALAYASIVARA,1,1,0,2,50.0,50.0,0.0
QDN,QADIAN,0,2,0,2,0.0,100.0,0.0
BXF,BARSUAN,0,2,0,2,0.0,100.0,0.0
KTOR,KATORIYA,0,2,0,2,0.0,100.0,0.0
KUMT,KURMAHAT,1,1,0,2,50.0,50.0,0.0
AKAH,ARTALAKATTA,0,2,0,2,0.0,100.0,0.0
KUW,KUNWAR,0,0,2,2,0.0,0.0,100.0
PUHT,PUSHKAR TERM,2,0,0,2,100.0,0.0,0.0
LLPR,LALIT LACHMI,0,1,1,2,0.0,50.0,50.0
LMA,LAMBIYA,0,0,2,2,0.0,0.0,100.0
NBS,NEW BANESWAR,0,0,2,2,0.0,0.0,100.0
POX,POLAPATTHAR,0,0,2,2,0.0,0.0,100.0
NCE,NLACHRVURU E,0,0,2,2,0.0,0.0,100.0
VB,Villiambakka,1,1,0,2,50.0,50.0,0.0
MYD,MANDERDISA,0,0,2,2,0.0,0.0,100.0
DPSR,DAPSAURA,0,0,2,2,0.0,0.0,100.0
DPZ,DEVPURA,0,0,2,2,0.0,0.0,100.0
MWR,MAHANSAR,0,2,0,2,0.0,100.0,0.0
KZJE,KAZIPET E CA,0,2,0,2,0.0,100.0,0.0
PSJ,PATASAHI,0,2,0,2,0.0,100.0,0.0
KYG,KIDIYA NAGAR,0,0,2,2,0.0,0.0,100.0
KZJF,KAZIPET F CA,0,0,2,2,0.0,0.0,100.0
LAA,LAKHPAT,0,0,2,2,0.0,0.0,100.0
PRNR,PORJANPUR,0,0,2,2,0.0,0.0,100.0
NAL,NAL HALT,0,0,2,2,0.0,0.0,100.0
LPK,LEPETKATA,0,2,0,2,0.0,100.0,0.0
LPN,LAOPANI,0,0,2,2,0.0,0.0,100.0
AKW,AKONA,0,0,2,2,0.0,0.0,100.0
DCA,DAMCHARA,0,0,2,2,0.0,0.0,100.0
LR,LADPURA,0,0,2,2,0.0,0.0,100.0
LRB,LARABAD BH,0,0,2,2,0.0,0.0,100.0
ASP,ASPARI,0,0,2,2,0.0,0.0,100.0
VDK,VADAKANNIKAP,0,0,2,2,0.0,0.0,100.0
DPC,DARLIPUT,0,0,2,2,0.0,0.0,100.0
LTG,LATAGURI JN,0,0,2,2,0.0,0.0,100.0
LTK,LATHIKATA,0,2,0,2,0.0,100.0,0.0
PPS,PIPLIYA ROAD,0,2,0,2,0.0,100.0,0.0
LLBR,LALABAZAR,0,1,1,2,0.0,50.0,50.0
LLD,LALAWADI,0,1,1,2,0.0,50.0,50.0
AYN,AIYANAPURAM,0,2,0,2,0.0,100.0,0.0
MRBD,MOINARBAND,0,2,0,2,0.0,100.0,0.0
BAF,BAP,0,0,2,2,0.0,0.0,100.0
BPGR,BENIPURGRAM,0,0,2,2,0.0,0.0,100.0
BPJ,BARA HAPJAN,0,2,0,2,0.0,100.0,0.0
NMLU,NEMAKALLU,0,0,2,2,0.0,0.0,100.0
MPLY,MEPPULIYUR,0,0,2,2,0.0,0.0,100.0
MRKL,MARIKAL,1,1,0,2,50.0,50.0,0.0
MRTA,MURAITHA  HA,0,0,2,2,0.0,0.0,100.0
NKRA,NOKHRA,0,0,2,2,0.0,0.0,100.0
NKX,NAKATI SEMRA,0,0,2,2,0.0,0.0,100.0
NLA,NANCHERLA,0,0,2,2,0.0,0.0,100.0
NLN,NAILALUNG,0,0,2,2,0.0,0.0,100.0
DHQ,DHARAKOH,0,0,2,2,0.0,0.0,100.0
BASR,BATESAR,0,2,0,2,0.0,100.0,0.0
LNT,LINGTI,0,0,2,2,0.0,0.0,100.0
DDMT,DARIMETA,0,0,2,2,0.0,0.0,100.0
DBLG,DIJAOBRA,0,0,2,2,0.0,0.0,100.0
DJHR,DEOJHAR,0,0,2,2,0.0,0.0,100.0
PN,PANSAR,0,0,2,2,0.0,0.0,100.0
AKVU,ANKLESHWAR U,0,2,0,2,0.0,100.0,0.0
BMPR,BADAMPAHAR,0,0,2,2,0.0,0.0,100.0
PLWR,PHULWARIA,0,0,2,2,0.0,0.0,100.0
LVK,LAKKAVARAPUK,0,0,2,2,0.0,0.0,100.0
MAAR,MALAR,0,0,2,2,0.0,0.0,100.0
BUBR,BHUTKIYA BHI,0,0,2,2,0.0,0.0,100.0
PLE,PIPLEE,0,0,2,2,0.0,0.0,100.0
DOI,DOMOHNI,0,0,2,2,0.0,0.0,100.0
VGH,VELANGI HALT,0,2,0,2,0.0,100.0,0.0
VGRA,VAGRA,0,2,0,2,0.0,100.0,0.0
DNGI,DANGARI,0,2,0,2,0.0,100.0,0.0
MAKH,MOKHAMPURA,0,0,2,2,0.0,0.0,100.0
PKB,PATHARKHOLA,0,0,2,2,0.0,0.0,100.0
PCY,PIPAR CITY,0,2,0,2,0.0,100.0,0.0
MEKM,MELAKKONNAKK,0,2,0,2,0.0,100.0,0.0
DMZ,DUMDANGI,0,0,2,2,0.0,0.0,100.0
VH,VAKADA HALT,0,2,0,2,0.0,100.0,0.0
PKJN,PAKHAJAN,0,2,0,2,0.0,100.0,0.0
MANE,MANESWAR,0,0,2,2,0.0,0.0,100.0
PJPT,PARJAPATI HA,0,0,2,2,0.0,0.0,100.0
BUF,BIMALGARH JN,0,2,0,2,0.0,100.0,0.0
MAKP,MANIKPURA,0,2,0,2,0.0,100.0,0.0
MBT,MARWAR BITHR,0,0,2,2,0.0,0.0,100.0
BNA,BANNIKOPPA,0,0,2,2,0.0,0.0,100.0
BTTN,BHATTIAN,0,1,1,2,0.0,50.0,50.0
BUB,BISSAU,0,2,0,2,0.0,100.0,0.0
PFU,PADUA,0,0,2,2,0.0,0.0,100.0
MBO,MAIRABARI,0,0,2,2,0.0,0.0,100.0
BBI,BARA BANI,0,2,0,2,0.0,100.0,0.0
MGKP,MANISINGH KA,0,2,0,2,0.0,100.0,0.0
MHKT,MOHKHUTI,0,2,0,2,0.0,100.0,0.0
GVMR,GOVINDI MARW,0,0,2,2,0.0,0.0,100.0
CMBR,CHEMBUR,2,0,0,2,100.0,0.0,0.0
MITA,MITHA,0,0,2,2,0.0,0.0,100.0
MHN,MAHANADI,0,0,2,2,0.0,0.0,100.0
MHPE,MOHOPE,0,0,2,2,0.0,0.0,100.0
DMSR,DHIMSIRI,0,2,0,2,0.0,100.0,0.0
DBLI,DEBRABANDHAU,0,0,2,2,0.0,0.0,100.0
BTM,BATTULAPURAM,0,0,2,2,0.0,0.0,100.0
BFG,BAGTHAR,1,1,0,2,50.0,50.0,0.0
PEI,PERANI,0,0,2,2,0.0,0.0,100.0
PDJ,PHIDING,0,0,2,2,0.0,0.0,100.0
PDMI,PENDLIMARRI,2,0,0,2,100.0,0.0,0.0
SZY,SILAK JHORI,0,0,2,2,0.0,0.0,100.0
MGE,MIGRENDISA,0,0,2,2,0.0,0.0,100.0
OND,AUNLAJORI JN,0,0,2,2,0.0,0.0,100.0
GUDM,GUDUM,0,2,0,2,0.0,100.0,0.0
MJKN,MAJRIKHADAN,0,1,1,2,0.0,50.0,50.0
DMF,DUMETRA,0,2,0,2,0.0,100.0,0.0
VLV,VALLIVEDU,0,0,2,2,0.0,0.0,100.0
VML,VEMULAPADU,0,0,2,2,0.0,0.0,100.0
DLDE,DALDALI,0,0,2,2,0.0,0.0,100.0
MKHR,MARWAR KHARA,0,0,2,2,0.0,0.0,100.0
MKJ,MAKKAJIPALLI,0,0,2,2,0.0,0.0,100.0
VJK,VEJALAKA,0,2,0,2,0.0,100.0,0.0
BTDR,BATADRAWA RO,0,0,2,2,0.0,0.0,100.0
PBV,PALIBA,0,0,2,2,0.0,0.0,100.0
GUMI,GORUMAHISANI,0,0,2,2,0.0,0.0,100.0
MGTD,meghpur tito,0,0,2,2,0.0,0.0,100.0
MGV,MOLAGAVALLI,0,0,2,2,0.0,0.0,100.0
HATB,HATIBARI,0,0,2,2,0.0,0.0,100.0
NYK,NAYA KHARDIA,0,0,2,2,0.0,0.0,100.0
MLBZ,MAL BAZAR,0,0,2,2,0.0,0.0,100.0
CMDP,CHIMIDIPALLI,0,0,2,2,0.0,0.0,100.0
MKRD,MACHHAKUNDA,0,0,2,2,0.0,0.0,100.0
SZE,SONARDIH,2,0,0,2,100.0,0.0,0.0
MLNH,MALANCHA,0,2,0,2,0.0,100.0,0.0
MLPM,ARAKKONAM WE,0,2,0,2,0.0,100.0,0.0
GVMH,GANGAVARAM H,0,2,0,2,0.0,100.0,0.0
NTT,NATHAPETTAI,1,1,0,2,50.0,50.0,0.0
NTVT,NETHRAVATHI,0,0,2,2,0.0,0.0,100.0
VONB,VONDH,0,0,2,2,0.0,0.0,100.0
DKSA,DRAKSHARAMA,0,2,0,2,0.0,100.0,0.0
DBF,DABPAL,0,0,2,2,0.0,0.0,100.0
BSRI,BASARI,0,0,2,2,0.0,0.0,100.0
BSRL,BESROLI,0,0,2,2,0.0,0.0,100.0
OKD,OKHAMADHI,0,0,2,2,0.0,0.0,100.0
NSP,NALLA-SOPARA,0,2,0,2,0.0,100.0,0.0
NSPH,NARASAPURAPU,0,2,0,2,0.0,100.0,0.0
BSPL,BASAMPALLE,0,0,2,2,0.0,0.0,100.0
DKUR,DOKUR,0,0,2,2,0.0,0.0,100.0
DKW,DHANAKWADA,0,0,2,2,0.0,0.0,100.0
VRDP,VARADAPUR,0,1,1,2,0.0,50.0,50.0
HAB,BAH,0,2,0,2,0.0,100.0,0.0
BBC,BHACHHBAR,0,2,0,2,0.0,100.0,0.0
DJS,DHURANT JWAS,0,0,2,2,0.0,0.0,100.0
MMVR,MURGA-MAHADE,0,0,2,2,0.0,0.0,100.0
MNCR,MONACHERRA,0,1,1,2,0.0,50.0,50.0
MNDP,MENDIPATHAR,0,1,1,2,0.0,50.0,50.0
OCH,ODANIYA CHAC,0,0,2,2,0.0,0.0,100.0
SWO,SONWARA,0,0,2,2,0.0,0.0,100.0
MKRH,MALLICKPURHA,0,2,0,2,0.0,100.0,0.0
MKWI,MAKARWADI HA,2,0,0,2,100.0,0.0,0.0
MNPT,MUNGILIPATTU,0,2,0,2,0.0,100.0,0.0
BOW,BORAWAR,0,0,2,2,0.0,0.0,100.0
NRJ,NARIMOGARU,0,2,0,2,0.0,100.0,0.0
BOTR,BHAVDHARI,0,0,2,2,0.0,0.0,100.0
HBQ,HUBLI EAST C,0,0,2,2,0.0,0.0,100.0
MOAR,MANIPUR BAGA,0,1,1,2,0.0,50.0,50.0
DKE,DIHAKHO,0,0,2,2,0.0,0.0,100.0
BBCE,BULBULCHANDI,2,0,0,2,100.0,0.0,0.0
VRN,VANGANUR,0,0,2,2,0.0,0.0,100.0
DIR,DHANAPUR-ORI,0,0,2,2,0.0,0.0,100.0
DIU,DHING,0,0,2,2,0.0,0.0,100.0
DJA,DAOTUHAJA,0,0,2,2,0.0,0.0,100.0
MMC,MAHAMANDIR,0,0,2,2,0.0,0.0,100.0
MMKB,MEMRA MEMRAK,0,0,2,2,0.0,0.0,100.0
NRYP,NARAYANAPURA,0,0,2,2,0.0,0.0,100.0
NSCL,NEW SILCHAR,0,2,0,2,0.0,100.0,0.0
NOR,NEORANADI,0,0,2,2,0.0,0.0,100.0
MPRA,MAHAMADPUR-A,0,1,1,2,0.0,50.0,50.0
MPT,MANGALAMPETA,0,0,2,2,0.0,0.0,100.0
HBU,HALBARGA,0,0,2,2,0.0,0.0,100.0
MOX,MORAN,0,2,0,2,0.0,100.0,0.0
NNHT,NONIHAT,1,1,0,2,50.0,50.0,0.0
NNWH,NEW NAWADIH,0,2,0,2,0.0,100.0,0.0
DHRY,DHAIPUKHURI,0,0,2,2,0.0,0.0,100.0
BDXX,BADEARAPUR,0,0,2,2,0.0,0.0,100.0
VU,VAGHPURA,0,0,2,2,0.0,0.0,100.0
DHM,DADHAL INAM,0,2,0,2,0.0,100.0,0.0
MRC,MARICHETHAL,0,0,2,2,0.0,0.0,100.0
HTD,HATUNDI,0,0,2,2,0.0,0.0,100.0
NRKE,NARI-KHETRI,0,0,2,2,0.0,0.0,100.0
NRSP,NARASIMHAPUR,0,1,1,2,0.0,50.0,50.0
BED,BASERI,1,1,0,2,50.0,50.0,0.0
BDYK,BINDAYAKA,1,1,0,2,50.0,50.0,0.0
TDH,TINDHARIA,0,0,2,2,0.0,0.0,100.0
CLPE,CHALLAVARIPA,0,0,2,2,0.0,0.0,100.0
TCNR,TIRUCHANUR,0,2,0,2,0.0,100.0,0.0
AGB,AMBAGAON,0,0,2,2,0.0,0.0,100.0
CNDN,CHANDAN,0,2,0,2,0.0,100.0,0.0
CNE,CHANDRANATHP,0,0,2,2,0.0,0.0,100.0
CNJW,HOLDING LINE,0,0,2,2,0.0,0.0,100.0
GTWD,GHATWAD,0,2,0,2,0.0,100.0,0.0
TASA,TIPPESANDRA,0,0,2,2,0.0,0.0,100.0
GPJ,GORAPUR,0,0,2,2,0.0,0.0,100.0
GPY,GANGA YAPALL,0,0,2,2,0.0,0.0,100.0
THM,THAIYAT HAMI,0,0,2,2,0.0,0.0,100.0
THMA,THAM,0,2,0,2,0.0,100.0,0.0
THMR,THATHANA MIT,0,0,2,2,0.0,0.0,100.0
ACCI,ADICHUNCHUNA,0,0,2,2,0.0,0.0,100.0
MVA,MALAKA VEMAL,0,0,2,2,0.0,0.0,100.0
NGMN,NEW GUMANDEV,0,2,0,2,0.0,100.0,0.0
NGX,NEGUN,2,0,0,2,100.0,0.0,0.0
BRPS,BARAPALASI,1,1,0,2,50.0,50.0,0.0
BRRI,BIRARI,0,0,2,2,0.0,0.0,100.0
MTV,MATALKUNTA,0,0,2,2,0.0,0.0,100.0
MUM,MANGAPATNAM,0,0,2,2,0.0,0.0,100.0
ALE,AMLETHA,0,2,0,2,0.0,100.0,0.0
ALGP,ALGAPUR,0,1,1,2,0.0,50.0,50.0
HLKT,HALAKATTA,1,0,1,2,50.0,0.0,50.0
BRL,BARWALAROAD,0,2,0,2,0.0,100.0,0.0
DBZ,DHING BAZAR,0,0,2,2,0.0,0.0,100.0
BRMP,BIRMITRAPUR,0,2,0,2,0.0,100.0,0.0
WWA,VAVANIYA,0,2,0,2,0.0,100.0,0.0
BARA,BILARA,0,2,0,2,0.0,100.0,0.0
YPRA,YESVANTPUR B,0,0,2,2,0.0,0.0,100.0
DDS,DUDH SAGAR,0,0,1,1,0.0,0.0,100.0
WSC,WEST CABIN T,0,0,1,1,0.0,0.0,100.0
VVKN,VIVEKANANDA,0,1,0,1,0.0,100.0,0.0
NRSD,NEW RUNNISAI,0,0,1,1,0.0,0.0,100.0
MJM,MANJHAULI GR,0,0,1,1,0.0,0.0,100.0
VNGL,LADDIVADI,0,1,0,1,0.0,100.0,0.0
VNGP,VANGAICHUNGP,0,1,0,1,0.0,100.0,0.0
MGPI,MANGARPATTI,0,1,0,1,0.0,100.0,0.0
MCL,MADIMANGALAM,0,0,1,1,0.0,0.0,100.0
MDVB,MANDAR VIDYA,0,1,0,1,0.0,100.0,0.0
PCTM,PUDUCHATTI,0,1,0,1,0.0,100.0,0.0
MEH,MELALATHUR,0,1,0,1,0.0,100.0,0.0
PKL,PAPINAYAKANA,0,0,1,1,0.0,0.0,100.0
PJLE,PANJWARA ROA,0,1,0,1,0.0,100.0,0.0
MAUL,MAULA ALI,0,1,0,1,0.0,100.0,0.0
BMNI,BAMANI,0,0,1,1,0.0,0.0,100.0
BRTA,BARTARA  HAL,0,1,0,1,0.0,100.0,0.0
BA,BANDRA,0,1,0,1,0.0,100.0,0.0
LLKN,LAL KALAN,0,0,1,1,0.0,0.0,100.0
AWPR,AWAPUR F,0,0,1,1,0.0,0.0,100.0
LIM,SONAUILM,0,0,1,1,0.0,0.0,100.0
AYD,AYANDUR,0,0,1,1,0.0,0.0,100.0
PRGR,PINAGORIA,0,1,0,1,0.0,100.0,0.0
BLWD,BOLWAD,0,0,1,1,0.0,0.0,100.0
KURV,KURVA,0,1,0,1,0.0,100.0,0.0
PWU,PARANUR,0,1,0,1,0.0,100.0,0.0
KRCA,KARCHIYA YAR,0,1,0,1,0.0,100.0,0.0
BCL,MUMBAI CENTR,0,1,0,1,0.0,100.0,0.0
BCPR,BACHHARPUR H,0,0,1,1,0.0,0.0,100.0
RMBG,RAMGHAT  HAL,0,0,1,1,0.0,0.0,100.0
ASJP,AMAR SAHEED,0,0,1,1,0.0,0.0,100.0
KGW,KARIGANURU,0,0,1,1,0.0,0.0,100.0
ALPD,ADALPAHARI,0,1,0,1,0.0,100.0,0.0
MTSK,MOTA SURKA,0,0,1,1,0.0,0.0,100.0
SGLM,SENGULAM,0,0,1,1,0.0,0.0,100.0
CRZ,CARANZOL,0,0,1,1,0.0,0.0,100.0
CPW,CHOTIPADOLI,0,1,0,1,0.0,100.0,0.0
SKIP,SHIKARIPARA,0,1,0,1,0.0,100.0,0.0
TNRI,TENERI HALT,0,1,0,1,0.0,100.0,0.0
SLJR,SALGAJHARI,0,0,1,1,0.0,0.0,100.0
CHJC,CHITODA,0,1,0,1,0.0,100.0,0.0
JHSA,JHANSI A CAB,0,0,1,1,0.0,0.0,100.0
SPRN,SALEMPUR HAL,0,1,0,1,0.0,100.0,0.0
STDB,SITAFALMANDI,0,0,1,1,0.0,0.0,100.0
CKMI,CHHOTAKI MAS,0,1,0,1,0.0,100.0,0.0
CKVD,CHIKKADAVADI,0,1,0,1,0.0,100.0,0.0
HRNS,HARISING,0,1,0,1,0.0,100.0,0.0
MUY,MUGAIYUR HAL,0,0,1,1,0.0,0.0,100.0
BRMA,BARMASIA,0,1,0,1,0.0,100.0,0.0
NEWC,NEW WEST CAB,0,0,1,1,0.0,0.0,100.0
NEYT,NATIONAL THE,0,0,1,1,0.0,0.0,100.0
YADA,SATYAVALLI,0,0,1,1,0.0,0.0,100.0
DDCL,DOMBIVLI CTL,0,1,0,1,0.0,100.0,0.0
