Rank,Station_Code,Station_Name,Train_Count,Stop_Count
1,CSMT,CST-MUMBAI,1027,1027
2,KYN,KALYAN JN,828,828
3,TNA,THANE,796,796
4,SDAH,SEALDAH,745,745
5,MSB,CHENNAI BEAC,738,738
6,HWH,HOWRAH JN.,699,699
7,DR,DADAR,567,567
8,DDJ,DUM DUM JN.,463,463
9,CLA,KURLA,462,462
10,TBM,TAMBARAM,434,434
11,BZA,VIJAYWADA JN,416,416
12,GC,GHAT KOPAR,406,406
13,BNXR,BIDHANNAGAR,404,404
14,PNVL,PANVEL,400,400
15,MLND,MULUND,393,393
16,MTN,MUMBAI (MATU,393,393
17,BY,MUMBAI (BYCU,392,392
18,CNB,KANPUR CENTR,382,383
19,BRC,VADODARA JN.,376,376
20,BND,BHANDUP,373,373
21,VK,VIKHROLI,370,370
22,NDLS,NEW DELHI,356,356
23,VVH,VIDYAVIHAR,356,356
24,NHU,NAHUR,355,355
25,PR,MUMBAI(PAREL,346,346
26,CHG,MUMBAI (CHIN,344,344
27,CRD,MUMBAI CURRE,344,344
28,MSD,MUMBAI (MASJ,344,344
29,SNRD,MUMBAI SANDH,344,344
30,PER,PERAMBUR,342,342
31,BDC,BANDEL JN.,325,325
32,BWN,BARDDHAMAN J,319,319
33,ST,SURAT,316,316
34,KGP,KHARAGPUR,309,309
35,MS,CHENNAI EGMO,309,309
36,NH,NAIHATI JN.,307,307
37,LLH,LILUAH,306,306
38,ADI,AHMEDABAD,305,305
39,BLN,BALLYGUNGE J,300,300
40,BSL,BHUSAVAL JN.,298,298
41,BEQ,BELUR,295,295
42,LKO,LUCKNOW JN.,295,295
43,VLK,VILLIVAKKAM,293,293
44,AVD,AVADI,291,291
45,ET,ITARSI,291,291
46,MGS,MUGHAL SARAI,291,292
47,SC,SECUNDERABAD,288,288
48,ABU,AMBATTUR,281,281
49,PUNE,PUNE JN.,278,278
50,UMB,AMBALA CANTT,275,275
51,VPY,VEYSARPADI,274,274
52,BBQ,BASIN BRIDGE,268,268
53,DI,DOMBIVLI,267,267
54,MMCC,MOOR MARKET,267,267
55,SRP,SHRIRAMPUR,266,266
56,DIVA,DIVA JN,265,265
57,SHE,SEORAPHULI J,265,265
58,BP,BARRACKPORE,264,264
59,ASN,ASANSOL MAIN,263,263
60,GZB,GHAZIABAD JN,262,262
61,CGL,CHENGALPATTU,254,254
62,NGP,NAGPUR JN.(C,252,252
63,BBS,BHUBANESWAR,248,248
64,KLVA,KALVA,248,248
65,KOPR,KOPAR,248,248
66,MBQ,MUMBRA,248,248
67,JHS,JHANSI JN,246,246
68,PNBE,PATNA JN.,246,246
69,KPD,KATPADI JN,245,245
70,NZM,HAZRAT NIZAM,245,249
71,ANND,ANAND JN.,243,243
72,DLI,DELHI JN.,240,240
73,BPL,BHOPAL,239,239
74,BLY,BALLY,238,238
75,MB,MORADABAD JN,238,238
76,UPA,UTTARPARA,238,238
77,KUR,KHURDA ROAD,236,236
78,LDH,LUDHIANA JN.,236,236
79,KOG,KONNAGAR,235,235
80,SPR,SONARPUR JN.,235,235
81,RIS,RISHRA,233,233
82,VLCY,VELACHEERY,233,233
83,VSKP,VISAKHAPATNA,233,233
84,HMZ,HINDMOTOR,231,231
85,BSB,VARANASI JN.,230,230
86,MTMY,THIRUMAYILAI,230,230
87,SRC,SANTRAGACHI,230,230
88,AJJ,ARAKKONAM JN,227,227
89,ABH,AMBERNATH,225,225
90,RJY,RAJAHMUNDRY,220,220
91,BLH,BELGHARIA,219,219
92,GKP,GORAKHPUR JN,219,219
93,SEP,SODPUR,219,219
94,BGJT,.BAGHAJATIN,217,217
95,DHK,DHAKURIA,217,217
96,GIA,GARIA,217,217
97,JDP,JADABPUR,217,217
98,STM,ST. THOMAS M,217,217
99,ED,ERODE JN.,214,214
100,MKK,KODAMBAKKAM,214,214
101,PV,PALLAVARAM,214,214
102,MMR,MANMAD JN.,212,212
103,MTJ,MATHURA JN.,212,212
104,AGP,AGARPARA,210,210
105,KDH,KHARDAHA,210,210
106,SA,SALEM JN.,210,210
107,TGH,TITA GARH,210,210
108,TRL,TIRUVALLUR,209,209
109,RHA,RANAGHAT JN.,207,207
110,TCR,TRICHUR,206,206
111,ALD,ALLAHABAD JN,205,205
112,GDR,GUDUR JN.,203,203
113,NRPR,NARENDRAPUR,200,200
114,PRES,PATTABIRAM E,200,200
115,SNR,SHYAM NAGAR,200,200
116,OGL,ONGOLE,198,198
117,JTJ,JOLARPETTAI,197,197
118,RU,RENIGUNTA JN,197,197
119,MBM,MAMBALAM,196,196
120,NLR,NELLORE,195,195
121,MAS,CHENNAI CENT,192,192
122,RVJ,RAVLI JN,192,192
123,CTC,CUTTACK JN.,189,189
124,KOTA,KOTA,189,189
125,IP,ICHHAPUR,188,188
126,CBE,COIMBATORE,186,186
127,KCG,KACHEGUDA,186,186
128,PTF,PALTA,186,186
129,TI,TIRUNINRAVUR,186,186
130,YPR,YESVANTPUR J,186,186
131,THK,THAKURLI,185,185
132,VSH,VASHI,185,185
133,ANNR,ANNANUR,184,184
134,KNR,KANKINARA,184,184
135,KOTR,KORATTUR,184,184
136,PVM,PATTARAVAKKA,184,184
137,TMVL,THIRUMULLAIV,184,184
138,R,RAIPUR JN.,183,183
139,VZM,VIZIANAGARAM,183,183
140,JP,JAIPUR JN.,180,180
141,BJU,BARAUNI JN.,179,179
142,QLN,QUILON,179,179
143,BT,BARASAT JN.,178,178
144,JBP,JABALPUR,178,178
145,ND,NADIAD JN.,177,177
146,AGC,AGRA CANTT,176,176
147,CGR,CHANDAN NAGA,173,173
148,SPJ,SAMASTIPUR J,173,173
149,CNS,CHUCHURA,171,171
150,RTM,RATLAM JN,171,171
151,BE,BAREILLY JN.,170,170
152,GDY,GUINDY,170,170
153,BSP,BILASPUR JN.,169,169
154,MN,MINAMBAKKAM,169,169
155,MPK,CHENNAI PARK,169,169
156,MSC,CHENNAI CHET,169,169
157,MSF,CHENNAI FORT,169,169
158,NBK,NUNGAMBAKKAM,169,169
159,PZA,PALAVANTHANG,169,169
160,SP,SAIDAPET,169,169
161,TLM,TIRUSULAM,169,169
162,CMP,CHROMEPET,168,168
163,TBMS,TAMBARAM SAN,168,168
164,SBC,KRANTIVIRA S,167,167
165,VAPI,VAPI,167,167
166,KPA,KANCHRAPARA,166,166
167,KYI,KALYANI JN.,166,166
168,KTE,KATNI,165,165
169,AWY,ALWAYE,164,164
170,KIUL,KIUL JN.,164,164
171,KJT,KARJAT,164,164
172,DURG,DURG,163,163
173,STA,SATNA,163,163
174,PGT,PALAKKAD JN,162,162
175,DDC,DUMDUM CANTO,161,161
176,BMT,BEGAMPET,160,160
177,GWL,GWALIOR JN,160,160
178,JUC,JALANDHAR CI,160,160
179,LPI,LINGAMPALLI,160,160
180,TUP,TIRUPPUR,160,160
181,BBT,BIRATI,159,159
182,MMG,MADHYAM GRAM,159,159
183,DGR,DURGAPUR,158,158
184,GAYA,GAYA JN.,158,158
185,JGDL,JAGADAL,158,158
186,LNL,LONAVLA,157,157
187,BRP,BARUIPUR JN.,156,156
188,JSME,JASIDIH JN.,156,156
189,SRE,SAHARANPUR J,156,156
190,BH,BHARUCH JN.,155,155
191,CPR,CHHAPRA JN.,155,155
192,HC,HINDU COLLEG,155,155
193,PRWS,PATTABIRAM W,155,155
194,TLA,TITVALA,155,155
195,BPQ,BALHARSHAH,154,154
196,PNC,PATNA SAHEB,154,154
197,BLS,BALASORE,152,152
198,KYJ,KAYANKULAM J,152,152
199,SLO,SAMALKOT JN.,152,152
200,NJP,NEW JALPAIGU,151,151
201,WL,WARANGAL,151,151
202,MFP,MUZAFFARPUR,149,149
203,EE,ELURU,148,148
204,HLR,HALISAHAR,148,148
205,BINA,BINA,147,147
206,BUD,BADLAPUR,147,147
207,TPJ,TIRUCHIRAPPA,147,147
208,TPTY,TIRUPATI,147,147
209,MAK,MALLIKPUR,146,146
210,SBGR,SUBHASGRAM,146,146
211,BAM,BERHAMPUR,145,145
212,JL,JALGAON JN.,145,145
213,BBAE,BAIDYABATI,144,144
214,BHR,BHADRESHWAR,144,144
215,DGNR,DURGANAGAR,144,144
216,BVI,BORIVLI,143,143
217,HGY,HOOGHLY,143,143
218,MUU,MANKUNDU,143,143
219,TEL,TENALI JN.,143,143
220,KNW,KHANDWA JN.,142,142
221,SRR,SHORANUR JN.,142,142
222,G,GONDIA JN.,141,141
223,TATA,TATANAGAR JN,141,141
224,BL,VALSAD,139,139
225,HHR,HRIDAYPUR,139,139
226,LTT,LOKMANYA TIL,139,139
227,NK,NASIK ROAD,139,139
228,DD,DAUND JN.,138,138
229,BRPK,BISHARPARA-K,137,137
230,ERS,ERNAKULAM. J,137,137
231,NBE,NEW BARRACKP,137,137
232,KIR,KATIHAR JN.,136,136
233,MCA,MECHEDA,136,136
234,GD,GONDA JN.,135,135
235,JRC,JALANDHAR CA,135,135
236,SWM,SAWAI MADHOP,135,135
237,AK,AKOLA JN.,134,134
238,ULB,ULUBARIA,134,134
239,CDH,CHAKDAHA,133,133
240,HJP,HAJIPUR JN.,133,133
241,VM,VILLUPURAM J,133,133
242,RPH,RAMPUR HAT,131,131
243,BHC,BHADRAKH,130,130
244,KNE,KISHANGANJ,129,129
245,PKU,PANSKURA,129,129
246,RE,REWARI JN.,129,129
247,AII,AJMER JN.,127,127
248,ASR,AMRITSAR JN.,127,127
249,BSR,VASAI ROAD,126,126
250,MLDT,MALDA TOWN,126,126
251,NAD,NAGDA JN,126,126
252,KZJ,KAZIPET JN.,125,125
253,HFZ,HAFIZPETA,124,124
254,JSG,JHARSUGUDA J,124,124
255,UJN,UJJAIN JN,124,124
256,BD,BADNERA JN.,122,122
257,BZN,BAGNAN,122,122
258,MDP,MADHUPUR JN.,122,122
259,ERN,ERNAKULAM TO,121,121
260,GTL,GUNTAKAL JN.,121,121
261,NBQ,NEW BONGAIGA,121,121
262,SBB,SAHIBABAD,121,121
263,SMX,SIMURALI,121,121
264,RPM,ROYAPURAM,120,120
265,WST,WASHERMANPET,120,120
266,GHY,GUWAHATI,119,119
267,FM,FALAKNUMA,118,118
268,HYB,HYDERABAD DE,118,118
269,MKA,MOKAMA JN.,118,118
270,MSH,MAHESANA JN,118,118
271,PNP,PANIPAT JN.,118,118
272,TDL,TUNDLA JN,118,118
273,BWT,BANGARPET JN,117,117
274,KJM,KRISHNA RAJA,117,117
275,PTLR,PUTTLUR,117,117
276,SVR,SEVVAPET ROA,117,117
277,VEU,VEPPAMPATTU,117,117
278,KTYM,KOTTAYAM,116,116
279,ADL,ANDUL,115,115
280,DNR,DANAPUR,115,115
281,MPJ,MADANPUR,115,115
282,PDX,PAYRA DANGA,115,115
283,SUR,SOLAPUR,115,115
284,VG,VIRAMGAM JN,115,115
285,BKP,BAKHTIYARPUR,114,114
286,BVA,BAURIA JN,114,114
287,CLT,CALICUT,114,114
288,JAJ,JHAJHA,114,114
289,MAO,MADGOAN JN.,114,114
290,ROU,ROURKELA,114,114
291,ARA,ARA,113,113
292,DKAE,DANKUNI JN.,113,113
293,ULNR,ULHASNAGAR,113,113
294,BMG,BAMANGACHHI,112,112
295,DTK,DATTAPUKUR,112,112
296,FDB,FARIDABAD,112,112
297,DHN,DHANBAD JN.,111,111
298,JAT,JAMMU TAWI,110,110
299,ON,UNNAO JN.,110,110
300,CAN,KANNUR,109,109
301,FLR,FULESWAR,109,109
302,PXR,PALPARA,109,109
303,SPN,SHAHJAHANPUR,109,109
304,STPD,SITAFALMANDI,109,109
305,UBL,HUBLI JN.,109,109
306,VLDI,VITHALWADI,109,109
307,BEAS,BEAS JN,108,108
308,BRBD,BORABANDA,108,108
309,BTNR,BHARATNAGAR,108,108
310,CDNR,CHANDANAGAR,108,108
311,CNGR,CHENGANNUR,108,108
312,FNB,FATEHNAGAR,108,108
313,GNT,GUNTUR JN.,108,108
314,HTCY,HITECH CITY,108,108
315,NCHS,NATURE CURE,108,108
316,PNU,PALANPUR JN,108,108
317,PSA,PALASA,108,108
318,BBK,BARA BANKI J,107,107
319,KYQ,KAMAKHYA JN,107,107
320,IGP,IGATPURI,106,106
321,JU,JODHPUR JN.,105,105
322,SEE,SONPUR JN.,105,105
323,TKJ,TILAK BRIDGE,105,107
324,ENR,ENNORE,104,104
325,KOK,KORUKKUPET,104,104
326,TNP,TONDIARPET,104,104
327,TRVL,TIRUVALLA,104,104
328,TVT,TIRUVOTTIYUR,104,104
329,BST,BASTI,103,103
330,CGA,CHENGEL,103,103
331,CSB,SHIVAJI BRID,103,105
332,MXT,MALAKPET,103,103
333,NALR,NALPUR,103,103
334,SEL,SANKRAIL,103,103
335,AIP,ATTIPATTU,102,102
336,DSA,DELHI-SHAHDA,102,102
337,JJKR,JAJPUR KEONJ,102,102
338,MDU,MADURAI JN,102,102
339,MJR,MINJUR,102,102
340,PON,PONNERI,102,102
341,TVC,TRIVANDRUM C,102,102
342,AIPP,ATTIPATTU PU,101,101
343,BXR,BUXAR,101,101
344,DQR,DABIR PURA,101,101
345,DVD,DUVVADA,101,101
346,HPG,HUPPUGUDA,101,101
347,KIG,KOLAGHAT,101,101
348,ROK,ROHTAK JN.,101,102
349,YKA,YAKUT PURA,101,101
350,ABR,ABU ROAD,100,100
351,DTE,DEULTI,100,100
352,HBJ,HABIBGANJ,100,100
353,MJT,MAJERHAT,100,100
354,PAU,PURNA  JN.,100,100
355,ALJN,ALIGARH JN.,99,99
356,ATC,ARTS COLLAGE,99,99
357,BEPR,BELAPUR C.B.,99,99
358,BNC,BANGALORE CA,99,99
359,FL,PHULERA JN.,99,99
360,JMP,JAMALPUR JN.,99,99
361,JOO,JAMAI-OSMANI,99,99
362,KGG,KHAGARIA JN.,99,99
363,KOAA,KOLKATA,99,99
364,NED,NANDED,99,99
365,SV,SIWAN JN.,99,99
366,VAR,VIDYA NAGAR,99,99
367,BDTS,BANDRA TERMI,98,98
368,BSBP,BIRSHIBPUR,98,98
369,GMO,NSC BOSE J G,98,98
370,GPD,GUMMIDIPUNDI,98,98
371,KGY,KULGACHIA,98,98
372,KLNP,KALINARAYANP,98,98
373,KMT,KHAMMAM,98,98
374,PURI,PURI,98,98
375,RMJ,RAMRAJATALA,98,98
376,SKZR,SIRPURKAGHAZ,98,98
377,GRP,GANGPUR,97,97
378,NCB,NEW COOCH BE,97,97
379,SKG,SAKTI GARH J,97,97
380,ADRA,ADRA,96,96
381,BNJ,BANGAON JN.,96,96
382,MTD,MERTA ROAD J,96,96
383,RJT,RAJKOT,96,96
384,SUNR,SURENDRANAGA,96,96
385,TPKR,TIKIAPARA,96,96
386,BTE,BHARATPUR JN,95,95
387,DSNR,DASHNAGAR,95,95
388,RN,RATNAGIRI,95,95
389,CLX,CHIRALA,94,94
390,DRD,DAHANU ROAD,94,94
391,INDB,INDORE BG,94,94
392,KVP,KAVARAIPPETT,94,94
393,MJ,MARWAR JN.,94,94
394,RJPB,RAJENDRANAGA,94,94
395,RNY,RANGIYA JN.,94,94
396,ANVT,ANAND VIHAR,93,93
397,CHE,SRIKAKULAM R,93,93
398,GGTA,GHORAGHATA,93,93
399,KBT,KADAMBATTUR,93,93
400,PTKC,PATHANKOT CA,93,93
401,BOE,BARSOI JN.,92,92
402,DBG,DARBHANGA JN,92,92
403,DMM,DHARMAVARAM,92,92
404,WR,WARDHA JN.,92,92
405,ASK,ARSIKERE JN.,91,91
406,ASKR,ASHOKNAGAR R,91,91
407,BIRA,BIRA,91,91
408,DEC,DELHI CANTT,91,91
409,GUMA,GUMA,91,91
410,HB,HABRA,91,91
411,MDN,MIDNAPORE,91,91
412,ABB,ABADA,90,90
413,AKV,ANKLESHWAR J,90,90
414,CRJ,CHITTARANJAN,90,90
415,DG,DINDIGUL JN,90,90
416,KWAE,KATWA JN.,90,90
417,LJN,LUCKNOW JN.,90,90
418,BHP,BOLPUR,89,89
419,GGN,GURGAON,89,89
420,GY,GOOTY JN.,89,89
421,PGW,PHAGWARA JN.,89,89
422,BZU,BETUL,88,88
423,DHD,DAHOD,88,88
424,BOP,BHOGPUR,87,87
425,DEOS,DEORIA SADAR,87,87
426,MURI,MURI,87,87
427,RNC,RANCHI,87,87
428,MRJ,MIRAJ JN.,86,86
429,FUT,FATUHA,85,85
430,NACC,NEW ALIPUR (,85,85
431,NFK,NEW FARAKKA,85,85
432,NVS,NAVSARI,85,85
433,RK,ROORKEE,85,85
434,TO,TIRUVALANGAD,85,85
435,ATP,ANANTAPUR,84,84
436,BYT,BHATAPARA,84,84
437,GR,GULBARGA,84,84
438,KKDE,KURUKSHETRA,84,84
439,SSB,SHAKUR BASTI,84,84
440,TDD,TADEPALLI GU,84,84
441,HW,HARIDWAR JN,83,83
442,KGQ,KASARAGOD,83,83
443,KQR,KODERMA,83,83
444,LKF,LAKE GARDENS,83,83
445,PPI,PIPARIYA,83,83
446,RPJ,RAJPURA JN.,83,83
447,TLG,TOLLY GANJ,83,83
448,BTI,BATHINDA JN,82,82
449,CD,CHANDRAPUR (,82,82
450,DOS,DEHRI-ON-SON,82,82
451,FD,FAIZABAD JN.,82,82
452,MJF,MALKAJGIRI,82,82
453,PBN,PARBHANI JN.,82,82
454,RDM,RAMGUNDAM,82,82
455,SSM,SASARAM,82,82
456,DEE,DELHI-SARAI,81,81
457,LKPR,LAKSHMIKANTA,81,81
458,RBL,RAE BARELI J,81,81
459,AZ,AZIMGANJ JN.,80,80
460,TIR,TIRUR,80,80
461,TK,TUMKUR,80,80
462,FA,FALNA,79,79
463,KAVM,KATHIVAKKAM,79,79
464,KPG,KOPARGAON,79,79
465,TEN,TIRUNELVELI,79,79
466,UDL,ANDAL JN.,79,79
467,WCN,WIMCO NAGAR,79,79
468,ABY,AMBIVLI,78,78
469,APB,ANUPPAMBATTU,78,78
470,ASO,ASANGAON,78,78
471,BGP,BHAGALPUR,78,78
472,BQA,BANKURA,78,78
473,CKP,CHAKARADHARP,78,78
474,KDV,KHADAVALI,78,78
475,KNJ,KRISHNA NAGA,78,78
476,LKR,LUCKEESARAI,78,78
477,MAJN,MANGALORE JN,78,78
478,PRR,PURULIA JN.,78,78
479,SHAD,SHAHAD,78,78
480,VSD,VASIND,78,78
481,GDA,GODHRA JN.,77,77
482,LRJ,LAKSAR JN.,77,77
483,MZP,MIRZAPUR,77,77
484,WADI,WADI JN.,77,77
485,ARJ,AUNRIHAR JN.,76,76
486,BUI,BALLIA,76,76
487,MYS,MYSORE JN.,76,76
488,NPKM,NANDIYAMBAKK,76,76
489,NRL,NERAL,76,76
490,RC,RAICHUR,76,76
491,BALU,BALUGAN,75,75
492,DKZ,DELHI-KISHAN,75,75
493,GBG,GOBARDANGA,75,75
494,MSL,MACHHALANDAP,75,75
495,MTC,MEERUT CITY,75,75
496,RNG,RANI GANJ,75,75
497,TRT,TIRUTTANI,75,75
498,BTT,BHATNI JN.,74,74
499,SBP,SAMBALPUR JN,74,74
500,SGO,SAUGOR,74,74
501,SNT,SAINTHIA JN.,74,74
502,SPE,SULLURUPETTA,74,74
503,YJUD,YAMUNANAGER,74,74
504,BGS,BEGU SARAI,73,73
505,BVS,BHIVPURI ROA,73,73
506,DHNE,DHONE JN,73,73
507,ETW,ETAWAH,73,73
508,KQU,KAMARKUNDU J,73,73
509,MUR,MANKAPUR JN.,73,73
510,NZB,NIZAMABAD,73,73
511,PDA,PUNDOOAH,73,73
512,RRB,BIRUR JN.,73,73
513,VGI,VANGANI,73,73
514,AKP,ANAKAPALLE,72,72
515,APR,ANUPPUR JN.,72,72
516,BARH,BARH,72,72
517,CPH,CHAMPA JN.,72,72
518,HRI,HARDOI,72,72
519,NDD,NIDADAVOLU J,72,72
520,NU,NARSINGHPUR,72,72
521,TAK,TARAKESHWAR,72,72
522,BHS,VIDISHA,71,71
523,HPU,HAPUR JN.,71,71
524,JOX,JANAI ROAD,71,71
525,MBNR,MAHBUBNAGAR,71,71
526,MKP,MANIKPUR JN.,71,71
527,MVLK,MAVELIKARA,71,71
528,NOQ,NEW ALIPURDU,71,71
529,PBH,PARTAPGARH J,71,71
530,RJN,RAJNANDGAON,71,71
531,BPAE,BEGAMPUR,70,70
532,BRPA,BARUI PARA,70,70
533,GBRA,GOBRA,70,70
534,JIND,JIND JN,70,70
535,LAR,LALITPUR,70,70
536,MUG,MAGRA,70,70
537,NDB,NANDURBAR,70,70
538,NPMR,NARAYAN PAKU,70,70
539,SLN,SULTANPUR JN,70,70
540,TLY,THALASSERY,70,70
541,VPT,VIRUDUNAGAR,70,70
542,WKR,WANKANER,70,70
543,BVH,BALLABGARH,69,69
544,DEA,DIARA,69,69
545,DWX,DEWAS,69,69
546,GDV,GUDIVADA JN.,69,69
547,KLD,KHALILABAD,69,69
548,KOJ,KOKRAJHAR,69,69
549,KQD,KHAIRATABAD,69,69
550,NDGJ,NANDAIGAJAN,69,69
551,NSF,NASIBPUR,69,69
552,PKR,PAKUR,69,69
553,SIU,SINGUR,69,69
554,ALLP,ALLEPPEY,68,68
555,AWB,AURANGABAD,68,68
556,BOR,BOISAR,68,68
557,DMO,DAMOH,68,68
558,JET,JAMES STREET,68,68
559,MKU,MALKAPUR,68,68
560,NDAE,NABADWIP DHA,68,68
561,SJVP,SANJIVAIAH P,68,68
562,TIG,TITLA GARH J,68,68
563,TJ,THANJAVUR JN,68,68
564,UD,UDUPI,68,68
565,J,JALNA,67,67
566,KHN,KHANYAN,67,67
567,KRNT,KURNOOL TOWN,67,67
568,KRR,KARUR JN.,67,67
569,KUN,KARNAL,67,67
570,MAU,MAU JN.,67,67
571,MUE,MUDKHED JN.,67,67
572,MYM,MEMARI,67,67
573,SEGM,SEWAGRAM,67,67
574,TKNR,THAKURNAGAR,67,67
575,BKSC,BOKARO STEEL,66,66
576,BOI,BAINCHI,66,66
577,BZL,BELA NAGAR,66,66
578,CDG,CHANDIGARH,66,66
579,FZR,FIROZPUR CAN,66,66
580,HUP,HINDUPUR,66,66
581,JNU,JAUNPUR JN.,66,66
582,KWV,KURDUVADI JN,66,66
583,ORAI,ORAI,66,66
584,PAR,PANDHURNA,66,66
585,SIR,SIRHIND JN.,66,66
586,SNP,SONIPAT,66,66
587,SVJR,SHIVAJINAGAR,66,66
588,ADST,ADI SAPTAGRA,65,65
589,BKI,BANDIKUI JN.,65,65
590,BKN,BIKANER JN.,65,65
591,BPP,BAPATIA,65,65
592,CDP,CHANDPARA,65,65
593,COR,CHITTAURGARH,65,65
594,DVG,DAVANGERE,65,65
595,HPL,HARI PAL,65,65
596,KQLS,KAMARKUNDU H,65,65
597,MLYA,MALIYA,65,65
598,MNE,MANSI JN.,65,65
599,NBD,NAJIBABAD JN,65,65
600,NKL,NALIKUL,65,65
601,TLO,TALANDU,65,65
602,VRI,VRIDHA CHALA,65,65
603,BBU,BHABUA ROAD,64,64
604,BLAE,BALARAMBATI,64,64
605,BRYA,BARHIYA,64,64
606,CCH,CHINCHVAD,64,64
607,CDAE,CHANDANPUR,64,64
608,DAKE,DAKHINESWAR,64,64
609,DWR,DHARWAD,64,64
610,KSG,KISHANGARH,64,64
611,KTHU,KATHUA,64,64
612,LMG,LUMDING JN.,64,64
613,MALM,MANTHRALAYAM,64,64
614,MBE,MIRZAPUR BAN,64,64
615,PWL,PALWAL,64,64
616,SDL,SHAHDOL,64,64
617,SJP,SHUJALPUR,64,64
618,ANG,AHMADNAGAR,63,63
619,AWR,ALWAR JN.,63,63
620,BAHW,BAHIR KHANDA,63,63
621,DUI,DHURI JN.,63,63
622,HAPA,HAPA,63,63
623,KKAE,KAIKALA,63,63
624,LOK,LOKNATH,63,63
625,MAN,MANINAGAR,63,63
626,MDSE,MADHUSUDANPU,63,63
627,MV,MAYILADUTURA,63,63
628,NCJ,NAGERCOIL JN,63,63
629,SHG,SHAHGANJ JN.,63,63
630,AHA,ABHAIPUR,62,62
631,AKRA,AKRA,62,62
632,BCGM,BAINCHI GRAM,62,62
633,BCK,BALICHAK,62,62
634,BGB,BUDGE BUDGE,62,62
635,BGF,BAGILA,62,62
636,BRJ,BRACE BRIDGE,62,62
637,DBP,DEBIPUR,62,62
638,KAWR,KAWR,62,62
639,KK,KHADKI,62,62
640,MCI,MANCHIRYAL,62,62
641,NAI,NANGI,62,62
642,SLG,SIMLAGARH,62,62
643,SNHT,SANHATI,62,62
644,SSP,SANTOSH PUR,62,62
645,DSB,SADAR BAZAR,61,61
646,MKC,MAKSI JN,61,61
647,MYR,MAIHAR,61,61
648,RKM,RAJA-KI-MAND,61,61
649,RMU,RAMPUR,61,61
650,BDJ,VADAKARA,60,60
651,BDYP,BIDYADHARPUR,60,60
652,CHT,CHAMPAHATI,60,60
653,DNA,DEGANA JN.,60,60
654,GUNA,GUNA,60,60
655,KLKR,KALIKAPUR,60,60
656,VKB,VIKRABAD JN.,60,60
657,BGZ,BAHADURGARH,59,59
658,GCT,GHAZIPUR CIT,59,59
659,GOF,GHUTIARI SHA,59,59
660,KMC,KAMAREDDI,59,59
661,AF,AGRA  FORT,58,58
662,AY,AYODHYA,58,58
663,CG,CANNING,58,58
664,DLN,DILDARNAGAR,58,58
665,HAUR,HAUR,58,58
666,HD,HARDA,58,58
667,LKPL,LAKDI KA PUL,58,58
668,MABD,MAHBUBABAD,58,58
669,NLRD,NECKLACE ROA,58,58
670,RGDA,RAYAGADA JN.,58,58
671,RIG,RAIGARH,58,58
672,TGN,TALEGAON,58,58
673,TLX,TALDI,58,58
674,UBC,AMBALA CITY,58,58
675,AD,ADONI,57,57
676,BMAE,BELMURI,57,57
677,BPHB,BHILAI POWER,57,57
678,GQD,GOURDAHA (HA,57,57
679,GRAE,GURAP,57,57
680,GWD,GADWAL,57,57
681,HSR,HISAR JN,57,58
682,HX,CUDDAPAH,57,57
683,KSRA,KASARA,57,57
684,MOZ,MUZAFFARNAGA,57,57
685,MRA,MORENA,57,57
686,NNA,NAUGACHIA,57,57
687,PLF,PIALI,57,57
688,RDU,RADHAMOHANPU,57,57
689,RMA,RAMGANJ MAND,57,57
690,SGG,SULTANGANJ,57,57
691,VR,VIRAR,57,57
692,ABKA,AMBIKA KALNA,56,56
693,AME,AMETHI,56,56
694,BARU,BAHARU F,56,56
695,BDZ,BADKULLA,56,56
696,BIJ,BIRNAGAR,56,56
697,BMO,BOLARUM,56,56
698,CRP,CHANDRAPURA,56,56
699,CVP,KOVILPATTI,56,56
700,DBSI,DAYA BASTI,56,56
701,DBT,DAKSHIN BARA,56,56
702,DKDP,DAKSHIN DURG,56,56
703,DPDP,DHAPDHAPI,56,56
704,GADJ,GANDHINAGAR,56,56
705,GCN,GOCHARAN,56,56
706,GGC,GANGAPUR CIT,56,56
707,HIH,HAJIGARH,56,56
708,HT,HOTAR,56,56
709,JNM,JAYNAGAR MAJ,56,56
710,KSJ,KASGANJ JN.,56,56
711,KYP,KALYANPUR,56,56
712,LUNI,LUNI JN.,56,56
713,MAQ,MANGALORE CE,56,56
714,MGT,MAGRAHAT,56,56
715,MPRD,MATHURAPUR R,56,56
716,NEU,NERUL,56,56
717,OTP,OTTAPPALAM,56,56
718,PBZ,PORA BAZAR,56,56
719,SJPR,SURJYAPUR,56,56
720,SZM,SUBZI MANDI,56,56
721,THP,TAHERPUR,56,56
722,TKD,TUGALAKABAD,56,56
723,VVKP,VIVEKANANDPU,56,56
724,ACOI,CHHEOKI,55,55
725,CHI,CHIPLUN,55,55
726,DPA,DURGAPURA,55,55
727,HGA,HOGLAHALT E,55,55
728,JAM,JAMNAGAR,55,55
729,JHL,JAKHAL JN.,55,55
730,KVZ,KAVALI,55,55
731,MSAE,MASAGRAM,55,55
732,TUNI,TUNI,55,55
733,VVB,VIVEK VIHAR,55,55
734,AMLA,AMLA JN.,54,54
735,BHW,BARHARWA JN.,54,54
736,BSD,BASULDANGA,54,54
737,BXN,BAYANA,54,54
738,CTO,CHITTOOR,54,54
739,D,DEULA,54,54
740,DH,DIAMOND HARB,54,54
741,DMU,DHAMUA,54,54
742,HTZ,HATHIDAH JN,54,54
743,JPQ,JHAPANDANGA,54,54
744,JRAE,JAUGRAM,54,54
745,KOO,KHUSROPUR,54,54
746,MDBP,MADHABPUR,54,54
747,NBAE,NABAGRAM,54,54
748,NTA,NETRA,54,54
749,OKA,OKHLA,54,54
750,PMP,PIMPRI,54,54
751,PND,PENDRA ROAD,54,54
752,PNME,PARASNATH,54,54
753,SBG,SAHIBGANJ,54,54
754,SGL,SAGAULI JN.,54,54
755,SRT,SATUR,54,54
756,UDN,UDHNA JN.,54,54
757,UTN,UTTAR RADHAN,54,54
758,YG,YADGIR,54,54
759,BGM,BELGAUM,53,53
760,CGY,CHANGANACHER,53,53
761,GURN,GURUDAS NAGA,53,53
762,HRR,HARIHAR JN.,53,53
763,LD,LONDA JN.,53,53
764,MED,MEDCHAL,53,53
765,MHD,MAHEMADAVAD,53,53
766,PLG,PALGHAR,53,53
767,VSU,BISHNUPUR,53,53
768,YA,YERRA GUNTLA,53,53
769,AH,ACHHNERA JN.,52,52
770,BAU,BURHANPUR,52,52
771,BTPG,BETHERIA GHO,52,52
772,DEHR,DEHU ROAD,52,52
773,EGT,EGATTUR,52,52
774,JNH,JANGHAI JN.,52,52
775,KHT,SRI KALAHAST,52,52
776,KRJ,KHURJA JN,52,52
777,MLMR,MELMARUVATHU,52,52
778,PAN,PANA GARH,52,52
779,PHR,PHILLAUR JN.,52,52
780,PLAE,PALSIT,52,52
781,PTK,PATHANKOT JN,52,52
782,RSLR,RASULPUR,52,52
783,UHP,UDHAMPUR,52,52
784,VAK,VARKALA,52,52
785,AMRO,AMROHA,51,51
786,PAY,PAYYANUR,51,51
787,THVM,THIVIM,51,51
788,DGG,DONGAR GARH,50,50
789,GMDN,GIRI MAIDAN,50,50
790,HBD,HOSHANGABAD,50,50
791,HVR,HAVERI,50,50
792,JMU,JAMUI,50,50
793,KAN,KHANA JN.,50,50
794,MPD,MADPUR,50,50
795,NKE,NARKATIAGANJ,50,50
796,SHC,SAHARSA JN.,50,50
797,SKB,SHIKOHABAD J,50,50
798,TPH,TINPAHAR JN.,50,50
799,WFD,WHITE FIELD,50,50
800,YNK,YELAHANKA JN,50,50
801,BAQ,GANJ BASODA,49,49
802,BNW,BHIWANI JN.,49,50
803,BPA,BELLAMPALLI,49,49
804,CAP,CHATRAPUR,49,49
805,DO,DAUSA,49,49
806,FDN,FARIDABAD NE,49,49
807,JER,JALESWAR,49,49
808,JOC,JOYCHANDI PA,49,49
809,KHAI,KHIRAI,49,49
810,MEJ,VANCHI MANIY,49,49
811,SMCK,SHYAM CHAK,49,49
812,TTR,TIPTUR,49,49
813,AFK,ANGAMALI (FO,48,48
814,AKRD,AKURDI,48,48
815,AST,ASAOTI,48,48
816,BIRD,BHIWANDI ROA,48,48
817,CSN,CHALISGAON J,48,48
818,DAPD,DAPODI,48,48
819,DNKL,DHENKANAL,48,48
820,GKL,GOKULPUR,48,48
821,JPR,JAKPUR,48,48
822,KGI,KENGERI,48,48
823,KPY,KARUNAGAPPAL,48,48
824,KSNG,KESINGA,48,48
825,MGN,MEGHNAGAR,48,48
826,MRGA,MIRYALAGUDA,48,48
827,NLDA,NALGONDA,48,48
828,RNR,RANIBENNUR,48,48
829,SGUJ,SILIGURI JN.,48,48
830,SIL,SAKHIGOPAL,48,48
831,ANVR,ANAND VIHAR,47,47
832,BCT,MUMBAI CENTR,47,47
833,BCY,VARANASI CIT,47,47
834,CKI,CHALAKUDI,47,47
835,DKJ,DORNAKAL JN.,47,47
836,DNHL,DHANIOIAKHAL,47,47
837,DRU,KADUR,47,47
838,GYN,GYANPUR ROAD,47,47
839,HTE,HATIA,47,47
840,KMZ,KATNI MURWAR,47,47
841,MAF,MANAVUR,47,47
842,MSU,MOSUR,47,47
843,NDO,NIDUBROLU,47,47
844,PLMG,PULIYAMANGAL,47,47
845,SBI,SABARMATI JN,47,47
846,SHBC,SIBAICHANDI,47,47
847,SPAM,SENJIPANAMBA,47,47
848,VN,VANIYAMBADI,47,47
849,AKT,AKALTARA,46,46
850,AMP,AHMADPUR JN.,46,46
851,AN,AMALNER,46,46
852,ANGL,ANGUL,46,46
853,BARN,BARANAGAR RO,46,46
854,BLGR,BALANGIR,46,46
855,BLYG,BALLY GHAT,46,46
856,BLYH,BALLY HALT,46,46
857,BRD,BHANDARA RD,46,46
858,BRGA,BARGARH ROAD,46,46
859,BRKA,BARKAKANA,46,46
860,BWM,BHAWANI MAND,46,46
861,GDG,GADAG JN.,46,46
862,GRWD,GHORAWADI,46,46
863,HJI,HOJAI,46,46
864,IJK,IRINJALAKUDA,46,46
865,KGLE,KHAGRAGHAT R,46,46
866,KSWD,KASARWADI,46,46
867,KZE,KANHANGAD,46,46
868,LKU,LALKUA JN.,46,46
869,LSI,LAHERIA SARA,46,46
870,NHT,NALHATI JN.,46,46
871,NMF,NIMO,46,46
872,PRAE,PALLA ROAD,46,46
873,RCD,RAJCHANDRAPU,46,46
874,SEH,SEHORE,46,46
875,STR,SATARA,46,46
876,TDU,TANDUR,46,46
877,VBL,BOBBILI JN.,46,46
878,VDLR,MUMBAI VADAL,46,46
879,BGWI,BEGDAEWAI,45,45
880,DMV,DIMAPUR,45,45
881,DSS,DALSINGH SAR,45,45
882,FBD,FARRUKHABAD,45,45
883,GFAE,GARIFA,45,45
884,HYG,HOOGHLY GHAT,45,45
885,MXN,MARIANI JN.,45,45
886,NRW,NARWANA JN.,45,45
887,PPTA,PATLIPUTRA,45,45
888,SALE,SALAR,45,45
889,SPT,SOMPETA,45,45
890,BBLA,BHYABLA,44,44
891,BCH,BERCHHA,44,44
892,BGRD,BELIAGHATA R,44,44
893,BHKA,BAHIRA KALIB,44,44
894,BMKI,BAPUDHAM MOT,44,44
895,BPRD,BARPETA ROAD,44,44
896,BSHT,BASIRHAT,44,44
897,BSLA,BHASILA,44,44
898,BTA,BIHTA,44,44
899,BUP,BARIARPUR,44,44
900,BVRT,BHIMAVARAM T,44,44
901,CQR,CHAMPAPUKUR,44,44
902,DBA,DABRA,44,44
903,DVL,DEVLALI,44,44
904,FZD,FIROZABAD,44,44
905,GDYA,GHORADONGRI,44,44
906,GGV,GHOVARASH GH,44,44
907,HNB,HASANABAD,44,44
908,HRO,HARUA ROAD,44,44
909,JGM,JHARGRAM,44,44
910,KBGH,KAREA KADAMB,44,44
911,KMU,KUMBAKONAM,44,44
912,KMZA,KANKRA MIRZA,44,44
913,KTU,KUTTIPPURAM,44,44
914,KUDL,KUDAL,44,44
915,KZPR,KAZIPARA  HA,44,44
916,LBTL,LEBUTALA,44,44
917,MPE,MALATI PUR,44,44
918,MPN,MADHYAMPUR,44,44
919,MYA,MANDYA,44,44
920,NGO,NAGAUR,44,44
921,NHH,NIHALGARH,44,44
922,NMDR,NIMDANRI,44,44
923,NSL,NAGARSOL,44,44
924,PTMS,PATTABIRAM E,44,44
925,RTGH,RATANAGARH J,44,44
926,SCM,SIMHACHALAM,44,44
927,SDB,SHAHABAD,44,44
928,SGZ,SHAMGARH,44,44
929,SVDK,SHRI MATA VA,44,44
930,SXC,SONDALIA,44,44
931,TKF,TAKI ROAD,44,44
932,TLD,TILDA,44,44
933,TMR,TUMSAR RD,44,44
934,UMR,UMARIA,44,44
935,BHPA,BAHIRPUYA HA,43,43
936,BNCE,BANGALORE EA,43,43
937,BSX,BASAR,43,43
938,DPU,DIPHU,43,43
939,MKN,MAKRANA JN.,43,43
940,SNU,SANGRAMPUR,43,43
941,STB,SHANTIPUR JN,43,43
942,TPZ,TAPRI JN.,43,43
943,TU,TADIPATRI,43,43
944,ABP,AKBARPUR JN.,42,42
945,ANDN,ANAND NAGAR,42,42
946,ANR,ANARA,42,42
947,APDJ,ALIPUR DUAR,42,42
948,AUBR,ANUGRAH NARA,42,42
949,BCA,BACHWARA JN.,42,42
950,BDL,VINDHYACHAL,42,42
951,BGAE,BALA GARH,42,42
952,BHL,BHILWARA,42,42
953,BIH,BAIRAGARH,42,42
954,BSAE,BANSH BARIA,42,42
955,BVRM,BHIMAVARAM J,42,42
956,CH,CHANDAUSI JN,42,42
957,CPA,KANPUR ANWAR,42,42
958,CPJ,KAPTANGANJ J,42,42
959,DBD,DEOBAND,42,42
960,DGA,DIGHWARA,42,42
961,DHO,DHAULPUR,42,42
962,DMN,DHAMANGAON,42,42
963,DURE,DUMRAON,42,42
964,GHD,GARWA ROAD J,42,42
965,GPAE,GUPTIPARA,42,42
966,JIT,JIRAT,42,42
967,KJU,KUNTIGHAT,42,42
968,KMAE,KHAMARGACHHI,42,42
969,KSV,KOSI KALAN,42,42
970,MNGD,MUNIGUDA,42,42
971,NNO,NANGLOI,42,42
972,PGI,PARPANANGADI,42,42
973,PGRL,PIDUGURALLA,42,42
974,PRG,PRAYAG JN.,42,42
975,PSAE,PURBA STHALI,42,42
976,RJP,RAZAMPETA,42,42
977,SDLP,SADULPUR JN,42,42
978,SEG,SHEGAON,42,42
979,SGNR,SHRI GANGANA,42,42
980,SKI,SAKRI JN.,42,42
981,SOAE,SOMRA BAZAR,42,42
982,STN,SITARAMPUR J,42,42
983,TBAE,TRIBENI,42,42
984,TIT,TALIT,42,42
985,AKVD,AKIVIDU,41,41
986,BER,BEAWAR,41,41
987,BIM,BILIMORA JN.,41,41
988,BJE,BHOJUDIH JN.,41,41
989,BNZ,BADSHAHNAGAR,41,41
990,CNJ,CHANDER NAGA,41,41
991,CPK,CHAPARMUKH J,41,41
992,DLK,DALKOLHA,41,41
993,DTAE,DHATRI GRAM,41,41
994,HIJ,HIJLI,41,41
995,KKLR,KAIKALUR,41,41
996,KMST,KAMSHET,41,41
997,KQN,KODAIKKANAL,41,41
998,PAK,PAKALA JN.,41,41
999,PMY,PALI MARWAR,41,41
1000,PTRD,PATAUDI ROAD,41,41
1001,SELU,SELU,41,41
1002,SHR,SIHORAROAD,41,41
1003,SKL,SINGAPERUMAL,41,41
1004,SLI,SANGLI,41,41
1005,SMAE,SAMUDRA GARH,41,41
1006,SRTL,SHERTALAI,41,41
1007,AGAE,AGRADWIP,40,40
1008,ANV,ANNAVARAM,40,40
1009,BGRA,BAGHNAPARA,40,40
1010,BTH,BETTIAH,40,40
1011,CAR,CHUNAR JN.,40,40
1012,DAA,DATIA,40,40
1013,DDA,DURAUNDHA JN,40,40
1014,DHAE,DAINHAT,40,40
1015,DMLE,DUMURDAHA,40,40
1016,DQG,DHUPGURI,40,40
1017,DTO,DALTONGANJ,40,40
1018,FLU,PHULIA,40,40
1019,GEDE,GEDE,40,40
1020,GHH,GARHI HARSAR,40,40
1021,GIMB,GANDHIDHAM J,40,40
1022,GKH,GUSKARA,40,40
1023,GTS,GHATSILA,40,40
1024,HAN,HINDAUN CITY,40,40
1025,HBE,HABIBPUR,40,40
1026,IAA,INDARA JN.,40,40
1027,KRMI,KARMALI,40,40
1028,LGDH,LALAGUDA GAT,40,40
1029,MDR,MADHIRA,40,40
1030,NIA,NAILA,40,40
1031,NOK,NOKHA,40,40
1032,PTAE,PATULI,40,40
1033,PTU,PARTUR,40,40
1034,QLD,QUILANDI,40,40
1035,RXL,RAXAUL JN.,40,40
1036,SAP,SATTENAPALLE,40,40
1037,SBV,SIMRI BAKHTI,40,40
1038,SIOB,SAMAKHIYALI,40,40
1039,TLHD,TALCHER ROAD,40,40
1040,BAP,BELAPUR,39,39
1041,BFZ,BHANDARTIKUR,39,39
1042,BHLA,BEHULA,39,39
1043,BOY,BHADOHI,39,39
1044,BURN,BURNPUR,39,39
1045,JCL,JADCHARLA,39,39
1046,KPN,KUPPAM,39,39
1047,KSB,KOSAMBA JN.,39,39
1048,LKX,LAKSHMIPUR,39,39
1049,NTSK,NEW TINSUKIA,39,39
1050,OYR,WARIA,39,39
1051,PDPL,PEDDAPALLI,39,39
1052,PWS,PHULWARI SHA,39,39
1053,RMGM,RAMANAGARAM,39,39
1054,SHM,SHALIMAR,39,39
1055,VDN,VADGAON,39,39
1056,AG,ARANGHATA,38,38
1057,ATG,ATGAON,38,38
1058,BAY,BELLARY JN.,38,38
1059,BC,BAREILLY CIT,38,38
1060,BGL,BAGULA,38,38
1061,BHGH,BAHIRGACHHI,38,38
1062,BHNA,BHAINA H,38,38
1063,BNAA,BIBHUTI BHUS,38,38
1064,BPN,BANPUR,38,38
1065,BZLE,BAZARASU,38,38
1066,CLG,KAHALGAON,38,38
1067,CPB,KANPUR BRIDG,38,38
1068,DDN,DEHRA DUN,38,38
1069,DUAN,DUAN,38,38
1070,GNG,GAURIGANJ,38,38
1071,GP,RAJGANGPUR,38,38
1072,JAA,JHALIDA,38,38
1073,JMT,JAMTARA,38,38
1074,JYG,JAYNAGAR,38,38
1075,KBJ,KANTABANJI,38,38
1076,KCVL,KOCHUVELI,38,38
1077,KKW,KANKAVALI,38,38
1078,KLNT,KALINAGAR,38,38
1079,MGW,MAGARWARA,38,38
1080,MIJ,MAJHDIA,38,38
1081,MML,MADANMAHAL,38,38
1082,MYHT,MAYURHAT,38,38
1083,NDKD,NADIKUDE JN.,38,38
1084,NRKR,NARKHER,38,38
1085,PLO,PULGAON JN.,38,38
1086,PNE,PRANTIK,38,38
1087,PTJ,PODANUR JN.,38,38
1088,SAG,SANGRUR,38,38
1089,SKM,SINGARAYAKON,38,38
1090,SPZ,SAMPLA,38,38
1091,TMV,TINDIVANAM,38,38
1092,TNX,TARAK NAGAR,38,38
1093,ZBD,ZAFARABAD JN,38,38
1094,BLM,BALAMAU JN.,37,37
1095,BNKA,BANKIMNAGAR,37,37
1096,BYPL,BAIYYAPPANAH,37,37
1097,CCT,KAKINADA TOW,37,37
1098,CNI,CHANDIL JN.,37,37
1099,CPU,CHOPAN,37,37
1100,DAB,DHARMABAD,37,37
1101,GI,GUDUVANCHERI,37,37
1102,GLPT,GOALPARA  TO,37,37
1103,HRSR,HARISH NAGAR,37,37
1104,IDH,IDGAH,37,37
1105,JUDW,JAGADHRI WOR,37,37
1106,KE,KHARDI,37,37
1107,KNHE,KANHE,37,37
1108,KPV,KASHIPUR JN,37,37
1109,KRXM,KRISHNAMOHAN,37,37
1110,MLO,MALUR,37,37
1111,MVJ,MAVLI JN.,37,37
1112,MVL,MALAVLI,37,37
1113,PNCB,PANCHBHERIA,37,37
1114,RTA,RUTHIYAI JN,37,37
1115,SMK,SAMALKHA,37,37
1116,SSRD,SHASAN ROAD,37,37
1117,ZN,JANGAON,37,37
1118,ASKN,ASHOK NAGAR,36,36
1119,BEA,BIHIYA,36,36
1120,BGKT,BHAGAT-KI-KO,36,36
1121,BJP,BIJAPUR JN,36,36
1122,CAA,CHAKIA,36,36
1123,CHC,CHANCHAI,36,36
1124,CTM,KATTANGULATH,36,36
1125,CUR,CHURU,36,36
1126,CVB,CAVALRY BARR,36,36
1127,GOC,PONMALAI (GO,36,36
1128,GZH,GULZARBAGH,36,36
1129,HGT,HINGANGHAT,36,36
1130,KJH,KAJRA,36,36
1131,KNN,KHANNA,36,36
1132,KRD,KARAD,36,36
1133,KUH,KHACHROD,36,36
1134,MBI,MADHUBANI,36,36
1135,MRR,MURARAI,36,36
1136,OMB,UMBERMALLI,36,36
1137,PBE,PILIBHIT JN.,36,36
1138,PDI,PALASDARI,36,36
1139,PFM,PHAPHAMAU JN,36,36
1140,PTNR,PATEL NAGAR,36,36
1141,PVP,PARVATIPURAM,36,36
1142,SAH,SAPHALE,36,36
1143,SM,SAMSI,36,36
1144,THS,THANSIT,36,36
1145,UR,UMDANAGAR,36,36
1146,VDR,VANDALUR,36,36
1147,WKI,WADAKANCHERI,36,36
1148,ZNA,ZAMANIA,36,36
1149,AUB,ALUABARI ROA,35,35
1150,CDM,CHIDAMBARAM,35,35
1151,FK,FEROK,35,35
1152,GNU,GANAUR,35,35
1153,JID,JAGI ROAD,35,35
1154,JRU,CHIKJAJUR JN,35,35
1155,KBRV,KANJARI BORI,35,35
1156,KCC,KRISHANA CAN,35,35
1157,KEI,KASHI,35,35
1158,KOP,CHHATRAPATI,35,35
1159,KOU,KODURU,35,35
1160,KTV,KOTTAVALASA,35,35
1161,LSR,LASUR,35,35
1162,LTRR,LATUR ROAD,35,35
1163,MAG,MANGALA GIRI,35,35
1164,MUT,MEERUT CANT,35,35
1165,MZR,MURTAJAPUR J,35,35
1166,PKW,PILKHUA,35,35
1167,SOG,SURATGARH JN,35,35
1168,TMZ,TAMLUK,35,35
1169,VKI,VENKATAGIRI,35,35
1170,AKM,ARAMBAKKAM,34,34
1171,ALW,ALWAL HALT,34,34
1172,AMH,AZAMGARH,34,34
1173,AMQ,AMMUGUDA HAL,34,34
1174,BCN,BACHHRAWN,34,34
1175,BID,BIDADI,34,34
1176,BMB,BAMRA,34,34
1177,BOZ,BOLARUM BAZA,34,34
1178,BQY,BELERHAT,34,34
1179,BRWD,BARWADIH JN,34,34
1180,BUG,BAGAHA,34,34
1181,CKU,CHAKULIA,34,34
1182,DRH,DHARHARA,34,34
1183,DYE,DAYANANDNAGA,34,34
1184,ELR,ELAVUR,34,34
1185,GOTN,GOTAN,34,34
1186,GPB,GHATPRABHA,34,34
1187,HNL,HINGOLI(DECC,34,34
1188,IDG,INDRAGARH SU,34,34
1189,IPM,ICHCHA PURAM,34,34
1190,JHD,JEHANABAD,34,34
1191,KKP,KOT KAPURA J,34,34
1192,KRAR,KHARIAR ROAD,34,34
1193,KRH,KHAIRTHAL,34,34
1194,KVR,KOVVUR,34,34
1195,MAHE,MAHE,34,34
1196,MCS,MANCHESWAR,34,34
1197,MNM,MANAMADURAI,34,34
1198,MSMD,MAHASAMUND,34,34
1199,MUV,MANDUADIH,34,34
1200,NUR,NARELA,34,34
1201,PM,PALAM,34,34
1202,PRLI,PARLI VAIJNA,34,34
1203,PTB,PATTAMBI,34,34
1204,RKO,RAMAKISTA PU,34,34
1205,SCC,SITAPUR CANT,34,34
1206,SFX,SAFILGUDA HA,34,34
1207,STKT,SASTHANKOTTA,34,34
1208,SY,SIRKAZHI,34,34
1209,TADA,TADA,34,34
1210,TEA,TAREGNA,34,34
1211,TNKU,TANUKU,34,34
1212,URI,URULI,34,34
1213,VDS,VIDYASAGAR,34,34
1214,WHM,WASHIM,34,34
1215,ALY,ALLAHABAD CI,33,33
1216,BAND,BANASWADI,33,33
1217,BBDB,BENOY BADAL,33,33
1218,BIDR,BIDAR,33,33
1219,FKG,FURKATING JN,33,33
1220,FTP,FATEHPUR,33,33
1221,GAR,GADARWARA,33,33
1222,GKC,GORAKHPUR CA,33,33
1223,GWV,GOWDAVALLI H,33,33
1224,KLYG,KALYANI GHOS,33,33
1225,KLYM,KALYANI SIMA,33,33
1226,KLYS,KALYANI SILP,33,33
1227,MDNR,MODINAGAR,33,33
1228,MYG,MIYAGAM KARJ,33,33
1229,NMH,NIMACH,33,33
1230,RDL,RUDAULI,33,33
1231,RGO,ROTEGAON,33,33
1232,ROHA,ROHA,33,33
1233,SHNR,SHADNAGAR,33,33
1234,SOH,SIROHI ROAD,33,33
1235,AMPA,AMBALAPUZHA,32,32
1236,ATL,ATHMAL GOLA,32,32
1237,BAL,BUDALUR,32,32
1238,BBM,BARABHUM,32,32
1239,BCOB,BHACHAU,32,32
1240,BJD,BAREJADI NAN,32,32
1241,BTTR,BITRAGUNTA,32,32
1242,BVC,BHAVNAGAR TE,32,32
1243,CT,CHITTAPUR,32,32
1244,DADN,MHOW,32,32
1245,DWK,DWARKA,32,32
1246,DZA,DASUA,32,32
1247,GBA,GARBETA,32,32
1248,GHR,GIDHAUR,32,32
1249,GJL,GAJRAULA JN.,32,32
1250,GMR,GAHMAR,32,32
1251,HAD,HARIPAD,32,32
1252,HCR,HARISHCHANDR,32,32
1253,HYT,HAIAGHAT,32,32
1254,JRLE,JANGIPUR ROA,32,32
1255,KMBL,KHAMBHALIYA,32,32
1256,KP,KAMPTEE,32,32
1257,MHRG,MAHENDRAGARH,32,32
1258,MNP,MANANPUR,32,32
1259,MVO,MANWATH ROAD,32,32
1260,OKHA,OKHA,32,32
1261,PDY,PONDICHERRY,32,32
1262,PHK,PUNARAKH,32,32
1263,PPT,PIRPAINTI,32,32
1264,RKSN,RAJKHARSAWAN,32,32
1265,ROZA,ROZA JN,32,32
1266,SBPD,SAMBALPUR RO,32,32
1267,SEB,SON NAGAR JN,32,32
1268,SIP,SURAIMANPUR,32,32
1269,SMBJ,SHRI MAHABIR,32,32
1270,SMI,SITAMARHI,32,32
1271,TPT,TIRUPATTUR,32,32
1272,UDZ,UDAIPUR CITY,32,32
1273,VGN,VANGAON,32,32
1274,WJR,WALAJAH ROAD,32,32
1275,YLM,ELAMANCHILI,32,32
1276,ABO,ASTHAL BOHAR,31,31
1277,AKIP,AKAIPUR H,31,31
1278,BDVL,BUDVEL,31,31
1279,BEB,BELDANGA,31,31
1280,BIA,BHILAI,31,31
1281,BLDA,BELDA,31,31
1282,BPB,BADARPUR JN.,31,31
1283,BPC,BERHAMPORE C,31,31
1284,BQR,BHILAINAGAR,31,31
1285,BRR,BARAKAR,31,31
1286,BTD,BOTAD,31,31
1287,BTY,BETHUADAHARI,31,31
1288,CPT,CHANNA PATNA,31,31
1289,DBRG,DIBRUGARH,31,31
1290,DDR,DADAR,31,31
1291,DLJ,DHOLA JN,31,31
1292,FKM,FAKIRAGRAM J,31,31
1293,GDPL,GUNDLA POCHA,31,31
1294,GGP,GANGNAPUR,31,31
1295,GN,GOPAL NAGAR,31,31
1296,HZD,HAZARIBAGH R,31,31
1297,JJG,JIAGANJ,31,31
1298,JOP,JAUNPUR CITY,31,31
1299,KIM,KIM,31,31
1300,KJN,KANNAUJ,31,31
1301,KLV,KELVE ROAD,31,31
1302,KUDA,KUNDAPURA,31,31
1303,LGL,LALGOLA,31,31
1304,MAJ,MAJHERGRAM,31,31
1305,MBB,MURSHIDABAD,31,31
1306,MDS,MANDSOR,31,31
1307,MIPM,MARRI PALEM.,31,31
1308,MLV,MALLARPUR,31,31
1309,MNAE,MANKAR,31,31
1310,NBRN,NABA RAYNAGA,31,31
1311,PLY,PLASSEY,31,31
1312,RPZ,RANA PRATAP,31,31
1313,SCY,SACHIWALAYA,31,31
1314,SLGR,SIMALUGURI J,31,31
1315,SRID,SRIDHAM,31,31
1316,STBB,SATBERIAHALT,31,31
1317,SWV,SAWANTWADI R,31,31
1318,TUN,TOHANA,31,31
1319,VDA,VASAD JN.,31,31
1320,AB,AMBUR,30,30
1321,ACLE,AZIMGANJ  CI,30,30
1322,AKN,AKBARNAGAR,30,30
1323,ALU,ARIYALUR,30,30
1324,AMI,AMRAVATI,30,30
1325,BAW,CHIKBANAVAR,30,30
1326,BCQ,BARACHAK JN.,30,30
1327,BDGM,BUDGAM,30,30
1328,BKG,BANKA GHAT,30,30
1329,BUW,BURHWAL JN.,30,30
1330,CDGR,CHANDRAKONA,30,30
1331,DOL,DHOLI,30,30
1332,HRS,HATHRAS JN.,30,30
1333,HTC,HATHRAS CITY,30,30
1334,IZN,IZZATNAGAR J,30,30
1335,KATL,KATOL,30,30
1336,KDM,KESAMUDRAM,30,30
1337,KDPR,KUMEDPUR,30,30
1338,KHGR,KASHINAGAR-H,30,30
1339,KLK,KALKA,30,30
1340,KLW,KULPI-FLAG,30,30
1341,KMME,KUMAR DUBI,30,30
1342,KNJI,KARANJALI,30,30
1343,KWDP,KWAKDWIP,30,30
1344,KZT,KULITTURAI,30,30
1345,LHU,LOHARU JN,30,30
1346,LKA,LANKA,30,30
1347,MAI,MEHSI,30,30
1348,MEX,MUKERIAN,30,30
1349,MFKA,MUSAFIRKHANA,30,30
1350,MNV,MUNGAOLI,30,30
1351,MTR,MOTIPUR,30,30
1352,NCP,NISCHINDAPUR,30,30
1353,NDL,NANDYAL,30,30
1354,PHD,PHAPHUND,30,30
1355,ROP,RUPSA JN.,30,30
1356,SBZ,SISWA BAZAR,30,30
1357,SINI,SINI JN,30,30
1358,SKP,SHANKARPALLI,30,30
1359,SMBX,SAMBA,30,30
1360,SNSI,SAI NAGAR SH,30,30
1361,SOJN,SIHOR JN(GUJ,30,30
1362,SORO,SORO,30,30
1363,SURI,SIURI,30,30
1364,TGA,TEGHRA,30,30
1365,TORI,TORI,30,30
1366,TRTR,TRIPUNITTURA,30,30
1367,UJA,UNJHA,30,30
1368,URP,UDAIRAMPUR,30,30
1369,VTN,VAITARNA,30,30
1370,AMG,ALAM NAGAR,29,29
1371,BLD,BHILAD,29,29
1372,BQG,BHAGWANGOLA,29,29
1373,BTJL,BHATKAL,29,29
1374,BYNR,BYNDOOR,29,29
1375,CHZ,CHARLAPALLI,29,29
1376,EDG,EDEN GARDENS,29,29
1377,HSRA,HOSUR,29,29
1378,KY,KARELI,29,29
1379,NWP,NAUPADA JN.,29,29
1380,ODM,ONDAGRARM,29,29
1381,PML,PAPANASAM,29,29
1382,PPGT,PRINCEP GHAT,29,29
1383,PRNA,PURNEA JN.,29,29
1384,TDPR,TIRUPPADIRIP,29,29
1385,TMLP,TIRUMALPUR,29,29
1386,TVR,THIRUVARUR J,29,29
1387,UCA,UCHANA,29,29
1388,ABS,ABOHAR,28,28
1389,ADTP,ADITYAPUR,28,28
1390,AJ,AJGAIN,28,28
1391,AML,AMALSAD,28,28
1392,AMS,AMAUSI,28,28
1393,AO,AONLA,28,28
1394,APT,ANAPARTI,28,28
1395,BAB,BABINA,28,28
1396,BELA,BELA,28,28
1397,BG,BHONGIR,28,28
1398,BNLW,BANASTHALI N,28,28
1399,BUH,BURHAR,28,28
1400,BYL,BELHA,28,28
1401,CJ,KANCHIPURAM,28,28
1402,CUPJ,CUDDALORE PO,28,28
1403,DHG,DHRANGADHRA,28,28
1404,DLR,DULLAHAPUR,28,28
1405,DWP,DWARAPUDI,28,28
1406,GJUT,GANGSAR JAIT,28,28
1407,GNH,GANGA KHER,28,28
1408,HG,HOTGI JN.,28,28
1409,HRN,HARAUNI,28,28
1410,JTU,JAITIPUR,28,28
1411,KHS,KHARSIA,28,28
1412,KMI,KUMHARI,28,28
1413,KPK,KALI PAHARI,28,28
1414,KT,KUMTA,28,28
1415,KTQ,KUDRA,28,28
1416,KUD,KUDACHI,28,28
1417,KVX,KUSUMBHI,28,28
1418,KWO,KARAUTA,28,28
1419,KYE,KHURAI,28,28
1420,LCAE,LALBAGH COUR,28,28
1421,LTHR,LATEHER,28,28
1422,MAD,MADDUR,28,28
1423,MAKR,MALKHEDI,28,28
1424,MDE,MAKHDUMPUR G,28,28
1425,MET,MALERKOTLA,28,28
1426,MKB,MANKATHA,28,28
1427,MKG,MANAK NAGAR,28,28
1428,MOR,MOR,28,28
1429,MRL,MAROLI,28,28
1430,MWM,MALLESWARAM,28,28
1431,NILE,NIMTITA,28,28
1432,NMKA,NAMKHANA,28,28
1433,NYP,NAYUDUPETA,28,28
1434,PB,PUNTAMBA,28,28
1435,PLJ,PALEJ,28,28
1436,POF,PIPARSAND,28,28
1437,PVPT,PARVATIPURAM,28,28
1438,PVRD,PIRAVAM ROAD,28,28
1439,PVU,PARAVUR,28,28
1440,RAIR,RAIRAKHOL,28,28
1441,RKB,RAIKA BAGH P,28,29
1442,RPAN,RANGAPARA NO,28,28
1443,RPR,RAGHUNATHPUR,28,28
1444,SAN,SANDILA,28,28
1445,SEM,SERAM,28,28
1446,SIC,SONIK,28,28
1447,SID,SIDHAPUR,28,28
1448,SLB,SALBONI,28,28
1449,SRNT,SARNATH,28,28
1450,SRU,SALEMPUR JN.,28,28
1451,TA,TANUR,28,28
1452,VLY,VALLIYUR,28,28
1453,VMA,VIKRAMGARH A,28,28
1454,VSPR,BISNUPRIYA H,28,28
1455,ADH,ANDHERI,27,27
1456,AJNI,AJNI,27,27
1457,BBR,BAGH BAZAR,27,27
1458,BRRG,BIYAVRA RAJG,27,27
1459,BTP,BABATPUR,27,27
1460,BZB,BARRA BAZAR,27,27
1461,CJN,CHHATNA,27,27
1462,CSZ,COSSIMBAZAR,27,27
1463,DEB,DEBAGRAM,27,27
1464,ISM,ISMAILA HARY,27,27
1465,JMKT,JAMIKUNTA,27,27
1466,JND,JUNAGADH JN,27,27
1467,KAT,KHATAULI,27,27
1468,KHED,KHED,27,27
1469,KIRP,KHIDIRPUR,27,27
1470,MGLP,MANGOLPURI,27,27
1471,MWC,MANDAWALI CH,27,27
1472,PBR,PORBANDAR,27,27
1473,PPN,PUNPUN,27,27
1474,RANI,RANI,27,27
1475,REJ,REJINAGAR,27,27
1476,RMTR,REMOUNT ROAD,27,27
1477,SCL,SILCHAR,27,27
1478,SJN,SANJAN,27,27
1479,SMQL,SHAMLI,27,27
1480,SOLA,SOVABAZAR-AH,27,27
1481,SRGM,SRIRANGAM,27,27
1482,TALA,TALLA,27,27
1483,TCL,TYAKAL,27,27
1484,UBR,UMBERGAON RO,27,27
1485,AL,ATTILI,26,26
1486,ASE,ASAUDAH,26,26
1487,BGK,BAGALKOT,26,26
1488,BJNR,BIJAINAGAR,26,26
1489,BLTR,BELTHARA ROA,26,26
1490,BNY,BARHNI,26,26
1491,BRJN,BRAJARAJNAGA,26,26
1492,BRS,BIRSINGHPUR,26,26
1493,BSQP,BANSIPUR,26,26
1494,BV,BABHNAN,26,26
1495,BYN,BANAHI,26,26
1496,CRR,KARAGOLA ROA,26,26
1497,CWLE,CHOWRIGACHA,26,26
1498,DYD,DARYABAD,26,26
1499,FKA,FAZILKA JN.,26,26
1500,GGA,GHOGHA,26,26
1501,GGJ,GOSHAINGANJ,26,26
1502,GGLE,GANGATIKURI,26,26
1503,GHE,GHEVRA,26,26
1504,HAS,HASSAN JN.,26,26
1505,HIR,HARINAGAR,26,26
1506,HPT,HOSPET JN.,26,26
1507,JAIS,JAIS,26,26
1508,JPE,JALPAIGURI R,26,26
1509,JRMG,JAIRAMNAGAR,26,26
1510,KDG,KEDGAON,26,26
1511,KKDI,KARAIKKUDI,26,26
1512,KNSN,KARNA SUBARN,26,26
1513,KRBP,KHUDIRAM BOS,26,26
1514,KRZ,KHARAWAR,26,26
1515,KSX,KOTSHILA,26,26
1516,KUA,KULHARIA,26,26
1517,LKN,LAKHMINIA,26,26
1518,LNK,LOHIAN KHAS,26,26
1519,LS,LASAL GAON,26,26
1520,LWR,ALNAVAR JN.,26,26
1521,MOT,MALOUT,26,26
1522,MQC,MUNDKA HALT,26,26
1523,MRK,MARKAPUR ROA,26,26
1524,MTFA,MERTALA PHAL,26,26
1525,MTY,MULTAI,26,26
1526,MW,MAIRWA,26,26
1527,MZL,MIRZAPALI,26,26
1528,NDU,NADAUL,26,26
1529,NDW,NADWAN,26,26
1530,NEO,NEORA,26,26
1531,NN,NANDURA,26,26
1532,NRT,NARASARAOPET,26,26
1533,NS,NARASAPUR,26,26
1534,NUH,NAUGARH,26,26
1535,NYY,NEYYATTINKAR,26,26
1536,PHN,POKHRAYAN,26,26
1537,PKO,PALAKOLLU,26,26
1538,PNQ,PUNKUNNAM,26,26
1539,PPC,PIPRAICH,26,26
1540,PUT,PUTUR,26,26
1541,RFJ,RAFIGANJ,26,26
1542,RMM,RAMESWARAM,26,26
1543,ROHN,ROHAD NAGAR,26,26
1544,SDE,SADISOPUR,26,26
1545,SDLE,SWADINPUR,26,26
1546,SKT,SAKTI,26,26
1547,STL,SIMULTALA,26,26
1548,TET,TETULMARI,26,26
1549,THA,TEHTA,26,26
1550,TRB,TIRUVERUMBUR,26,26
1551,TVP,TRIVANDRAM P,26,26
1552,TYAE,TENYA,26,26
1553,ULT,KULTI,26,26
1554,UMRI,UMRI,26,26
1555,USL,USALAPUR,26,26
1556,VKA,VERKA JN.,26,26
1557,VLR,VELLORE CANT,26,26
1558,YFP,YUSUFPUR,26,26
1559,AGN,AMGAON,25,25
1560,AMBG,ARAMBAG,25,25
1561,ANDI,ADARSH NAGAR,25,25
1562,BFT,BHABTA,25,25
1563,BHTR,BHATPAR RANI,25,25
1564,BTU,BARAUT,25,25
1565,BWSN,BIJWASAN,25,25
1566,DHU,DHUBULIA,25,25
1567,DNRE,DHANAURI,25,25
1568,DPJ,DHARMAPURI,25,25
1569,EKMA,EKMA,25,25
1570,GMH,GAMHARIA,25,25
1571,HDIH,HOODI,25,25
1572,JKN,JAKHANIAN,25,25
1573,JLL,JALALGANJ,25,25
1574,JPH,JHANTIPAHARI,25,25
1575,KDQ,KADIPUR,25,25
1576,KND,KANDRA,25,25
1577,KRP,KRISHNAPUR,25,25
1578,MAYP,MAYAPUR,25,25
1579,MGM,MURAGACHHA,25,25
1580,MMA,MUHAMMADABAD,25,25
1581,NGT,NAGAPPATTINA,25,25
1582,PANP,PANDAVAPURA,25,25
1583,PCX,PAGLA CHANDI,25,25
1584,PHA,PATHARIA,25,25
1585,PJ,PEPPEGANJ,25,25
1586,PTKR,PATIPUKUR,25,25
1587,RAA,BARARA,25,25
1588,RJG,RAJGRAM,25,25
1589,RJI,RAJAWARI,25,25
1590,SBT,SABARMATI,25,25
1591,SFY,SHAJAPUR,25,25
1592,SGV,SARGACHNI,25,25
1593,SZB,SARONA,25,25
1594,THB,THANA BIHPUR,25,25
1595,TUVR,THURAVUR,25,25
1596,UVD,UDVADA,25,25
1597,AAL,AMLAI,24,24
1598,AHQ,AHERA,24,24
1599,AIT,AIT JN,24,24
1600,AKAT,AKKAMPET,24,24
1601,AKE,AKANAPET,24,24
1602,ALER,ALER,24,24
1603,ALK,ALAKKUDI,24,24
1604,BAT,BATALA JN.,24,24
1605,BDXT,BASAI DHANKO,24,24
1606,BGA,BAGALIA,24,24
1607,BHD,BADLI,24,24
1608,BJW,BAJVA,24,24
1609,BNDA,BANDA JN,24,24
1610,BNN,BARNALA,24,24
1611,BONA,BOINDA,24,24
1612,BPM,BAGHPAT ROAD,24,24
1613,BPR,BHOJIPURA JN,24,24
1614,BRAG,BARANG JN.,24,24
1615,BTS,BASTA,24,24
1616,BUJ,BARAUNI FLAG,24,24
1617,BVP,BHAVNAGAR PA,24,24
1618,BWH,BHADAURA,24,24
1619,CAPE,KANNIYAKUMAR,24,24
1620,CHRA,CHHARRA,24,24
1621,CJM,CHINNAGANJAM,24,24
1622,CLJ,COLONELGANJ,24,24
1623,CPP,CHIPURUPALLE,24,24
1624,DER,DADRI,24,24
1625,DRL,DEROL,24,24
1626,DRTP,DASHARATHPUR,24,24
1627,EKC,EKCHARI,24,24
1628,EKI,EKLAKHI,24,24
1629,ERL,ERANIEL,24,24
1630,FAP,FAKHARPUR HA,24,24
1631,FDK,FARIDKOT,24,24
1632,GBD,GAURIBIDANUR,24,24
1633,GDB,GIDDARBAHA,24,24
1634,GLI,GALSI,24,24
1635,GRB,GARH-DHRUBBE,24,24
1636,GTRA,GOTRA,24,24
1637,HCP,HARCHANDPUR,24,24
1638,HMH,HANUMANGARH,24,24
1639,HTK,HATKANANGALE,24,24
1640,IDR,INDI ROAD,24,24
1641,ITR,ITWARI JN.,24,24
1642,JHBN,JHAMATPUR BA,24,24
1643,JLD,JARWAL ROAD,24,24
1644,KEX,KHEKRA,24,24
1645,KFA,KOPARIA,24,24
1646,KLRE,KHALARI,24,24
1647,KMNC,KUCHAMAN CIT,24,24
1648,KPQ,KANNAPURAM,24,24
1649,KSU,KUSTAUR,24,24
1650,KWR,KOELWAR,24,24
1651,MBA,MAHOBA,24,24
1652,MHQ,MOHUDA,24,24
1653,MHTR,MALIHATI TAL,24,24
1654,MLN,MAILANI JN.,24,24
1655,MRGM,MAURIGRAM,24,24
1656,MTM,MACHILIPATNA,24,24
1657,MZC,MIRZA-CHEUKI,24,24
1658,NGR,ANNIGERI,24,24
1659,NLDM,NANGAL DAM,24,24
1660,NLV,NALBARI,24,24
1661,NMZ,NEW MAL JN.,24,24
1662,NOLI,NOLI,24,24
1663,PAJ,PARAJ,24,24
1664,PAP,PITHAPURAM,24,24
1665,PDKT,PUDUKKOTTAI,24,24
1666,PFT,POTHAHI,24,24
1667,PMK,PARAMAKKUDI,24,24
1668,PNK,PANKI,24,24
1669,PTRU,PATRATU,24,24
1670,RBH,RAJBANDH,24,24
1671,RGL,RENGALI,24,24
1672,RHE,RAKHA MINES,24,24
1673,RHG,RAJGARH,24,24
1674,RJK,RAJA-KA-SAHA,24,24
1675,RMD,RAMANATHAPUR,24,24
1676,RWL,RAIWALA JN.,24,24
1677,SBO,SABOUR,24,24
1678,SFA,SUNEHRA,24,24
1679,SFMU,SUNAM,24,24
1680,SGM,SOLAGAMPATTI,24,24
1681,SKJ,SAHIBPUR KAM,24,24
1682,SMDP,SHAHABAD MUH,24,24
1683,SPP,SHAHPUR PATO,24,24
1684,SPRD,SINGAPUR ROA,24,24
1685,SRWN,SARASWATI NA,24,24
1686,SSPN,SRI SATYA SA,24,24
1687,SUA,SARDIHA,24,24
1688,THAN,THAN,24,24
1689,TRO,TIRORA,24,24
1690,UCR,UNCHAHAR JN.,24,24
1691,BN,BIBINAGAR,23,23
1692,BNDM,BONDAMUNDA J,23,23
1693,BZO,BARSOLA,23,23
1694,CBF,COIMBATORE N,23,23
1695,CHV,CHERVATTUR,23,23
1696,CM,CAMPIERGANJ,23,23
1697,DSJ,DELHI-SAFDAR,23,25
1698,FGR,FATEHGARH,23,23
1699,GDL,GONDAL,23,23
1700,GHLE,GADADHARPUR,23,23
1701,JLR,JETALSAR JN,23,23
1702,KBL,KOPPAL,23,23
1703,KIT,KHALLIKOT,23,23
1704,MABA,MANDI BAMORA,23,23
1705,MDF,MURADI,23,23
1706,MDKD,MADHUKUNDA,23,23
1707,MIM,MANIRAM,23,23
1708,MLY,MAULA ALI,23,23
1709,NBH,NIMBAHERA,23,23
1710,NKM,NAMKOM,23,23
1711,NKP,NIRAKARPUR,23,23
1712,NYN,NAINI JN.,23,23
1713,PAD,PARDI,23,23
1714,PC,PACHORA JN.,23,23
1715,PDT,PENDURTI,23,23
1716,PKA,PRADHAN KHUN,23,23
1717,PTA,PATIALA,23,23
1718,RDDE,RATHDHANA,23,23
1719,RMR,RAMNAGAR,23,23
1720,RNO,RANOLI,23,23
1721,SGRL,SINGRAULI,23,23
1722,SHDM,SHAHABAD MAR,23,23
1723,SMR,SAMDARI,23,23
1724,SOT,SHOHRATGARH,23,23
1725,SRJ,SHANKARGARH,23,23
1726,SVH,SONADANGA,23,23
1727,TDO,TANDA-URMAR,23,23
1728,TPF,TARAPITH ROA,23,23
1729,UDGR,UDGIR,23,23
1730,VRL,VERAVAL,23,23
1731,VVM,VIRAVASARAM,23,23
1732,WSJ,WANSJALIYA J,23,23
1733,AJI,ANJI SHAHABA,22,22
1734,AJR,AJAIBPUR,22,22
1735,AMB,AMBODALA,22,22
1736,ANSB,ANANDPUR SAH,22,22
1737,ANT,ANANTNAG,22,22
1738,ATPA,AWANTIPURA,22,22
1739,BAHL,BANIHAL,22,22
1740,BDH,BHEDIA,22,22
1741,BEML,BEML NAGAR,22,22
1742,BFM,BHALUI,22,22
1743,BHHZ,BEHTA HAZIPU,22,22
1744,BKRD,BHALUKA ROAD,22,22
1745,BLP,"BALRAMPUR,",22,22
1746,BMF,BASMAT,22,22
1747,BNR,BHAGWANPUR,22,22
1748,BNT,BHARTHANA,22,22
1749,BPD,BAHADURPUR,22,22
1750,BRKY,BORAKI HALT,22,22
1751,CAI,CHANPATIA,22,22
1752,CHU,CHAMPION,22,22
1753,CKH,CHAKAND,22,22
1754,CLU,CHILAKALPUDI,22,22
1755,COL,COROMANDEL,22,22
1756,CRY,CHIRAYINKIL,22,22
1757,CSA,CHAUSA,22,22
1758,DBL,DODBELE,22,22
1759,DEG,DELANG,22,22
1760,DES,DESARI,22,22
1761,DGLE,DHULIAN GANG,22,22
1762,DHT,DHAMARA GHAT,22,22
1763,DKD,DONAKONDA,22,22
1764,DKDE,DANKAUR,22,22
1765,DKN,DEVAN GONTHI,22,22
1766,GID,GIDDALUR,22,22
1767,GOY,GOVINDPURI,22,22
1768,GRRU,GURARU,22,22
1769,GSP,GURDASPUR,22,22
1770,GTW,GATORA,22,22
1771,GVL,GUDLAVALLERU,22,22
1772,GZN,NAYA GHAZIAB,22,22
1773,HUK,HOLAMBI KALA,22,22
1774,JEA,NAKAHA JUNGL,22,22
1775,JJK,JHINJHAK,22,22
1776,JKE,JUKEHI,22,22
1777,JNR,JANAKPUR ROA,22,22
1778,JWP,JWALAPUR,22,22
1779,KDP,KONDAPURAM,22,22
1780,KLP,KOTALPUKUR,22,22
1781,KML,KAMTAUL,22,22
1782,KPKI,QASIMPUR KHE,22,22
1783,KQL,KANDHLA,22,22
1784,KRND,KHORASON ROA,22,22
1785,KUE,KURSELA,22,22
1786,KVM,KAVUTARAM,22,22
1787,KVU,KADAKAVUR,22,22
1788,LAV,LABHA,22,22
1789,LKMN,LOKMANYA NAG,22,22
1790,MAP,MORAPPUR,22,22
1791,MIU,MARIPAT,22,22
1792,MKM,MARIKUPPAM,22,22
1793,MLPR,MALIPUR,22,22
1794,MOB,MANOHARABAD,22,22
1795,MQO,MUNROTURUTTU,22,22
1796,MUD,MURADNAGAR,22,22
1797,NCR,NAGORE,22,22
1798,NLE,NILESHWAR,22,22
1799,NRLR,NORLA  ROAD,22,22
1800,NSVP,NPA SIVARAMP,22,22
1801,NTG,NUSRATABAD K,22,22
1802,NWD,NAWADAH,22,22
1803,OGM,OORGAUM,22,22
1804,PASA,PARASSALA,22,22
1805,PAV,PEDANA,22,22
1806,PKD,PENU KONDA,22,22
1807,PRBZ,PARSA BAZAR,22,22
1808,PUL,RAMPURA PHUL,22,22
1809,QG,QUAZIGUND,22,22
1810,QLM,KULEM,22,22
1811,RAU,RAU,22,22
1812,RBZ,RAMBHADDARPU,22,22
1813,RDUM,RAMPUR DUMRA,22,22
1814,RJQ,RAJENDRANAGA,22,22
1815,RPAR,ROOP NAGAR,22,22
1816,RPRD,RUPRA ROAD,22,22
1817,SFNR,Saifee Nagar,22,22
1818,SGD,SONGADH,22,22
1819,SHBA,SAHEBTALA  H,22,22
1820,SHU,SHOLINGUR,22,22
1821,SINA,SRINAGAR,22,22
1822,SL,SURATHKAL,22,22
1823,SMET,SHIMOGA TOWN,22,22
1824,SMU,SAMBHU,22,22
1825,SNF,SANAT NAGAR,22,22
1826,SUJR,SUJRA,22,22
1827,SVM,SANVORDEM CU,22,22
1828,SVRP,SHIVNARAYANP,22,22
1829,TALL,TALL JN.,22,22
1830,TAPA,TAPA,22,22
1831,THE,THAWE JN.,22,22
1832,TLH,TILHAR,22,22
1833,TLJ,TALJHARI,22,22
1834,TOM,TONDAMANPATT,22,22
1835,VMD,VADLAMANNADU,22,22
1836,VSG,VASCO-DA-GAM,22,22
1837,VTJ,VARTREJ,22,22
1838,VTM,VETAPALEM,22,22
1839,WDR,WADIARAM,22,22
1840,ZB,ZAHIRABAD,22,22
1841,AZR,AZAMNAGAR RO,21,21
1842,BHLK,BHALKI,21,21
1843,BJRI,BIJURI,21,21
1844,BKNG,BHAKTINAGAR,21,21
1845,CC,CHAURI CHAUR,21,21
1846,CHL,CHOLA,21,21
1847,CKTD,CHITRAKUTDHA,21,21
1848,DGHA,DIGHA FS,21,21
1849,DIG,DUGGIRALA,21,21
1850,GTE,GOTHAJ,21,21
1851,GVD,GHOLVAD,21,21
1852,GVN,GODAVRI,21,21
1853,HNN,HARSANA KALA,21,21
1854,IBL,INDRABIL,21,21
1855,JNA,JULANA,21,21
1856,JRR,JUGAUR,21,21
1857,JVN,JORAVARNAGAR,21,21
1858,KANJ,KANIJ,21,21
1859,KAPG,KALUPARA GHA,21,21
1860,KATI,KANTHI FS,21,21
1861,KHKN,KHERA KALAN,21,21
1862,KKQ,KALAIKUNDA,21,21
1863,KPNA,KAPAN  HALT,21,21
1864,KSD,KESHOD,21,21
1865,KSO,KHEMASULI PH,21,21
1866,LGH,LALGARH JN.,21,21
1867,LHA,LEHRA GAGA,21,21
1868,ML,MALHOUR,21,21
1869,NBR,NAMBURU,21,21
1870,NDR,NANDESARI,21,21
1871,NEP,NENPUR,21,21
1872,NKD,NEKONDA,21,21
1873,PAO,PANOLI,21,21
1874,PDKN,PEDAKAKANI H,21,21
1875,PEP,PHEPHNA JN.,21,21
1876,PMR,PITAMBARPUR,21,21
1877,PVR,PANDHARPUR,21,21
1878,RPUR,RATANPUR,21,21
1879,RSG,RAMSAGAR,21,21
1880,RURA,RURA,21,21
1881,SCH,SACHIN,21,21
1882,SDT,SADAT,21,21
1883,SFH,SAFEDABAD,21,21
1884,SGP,SOHAGPUR,21,21
1885,SHBL,SHIBLUN,21,21
1886,TGU,TARI GOPPULA,21,21
1887,UREN,UREN,21,21
1888,VTA,VATVA,21,21
1889,ADT,ADUTHURAI,20,20
1890,AIH,ALAWALPUR ID,20,20
1891,AILM,AILAM HALT,20,20
1892,AKD,AKODIA,20,20
1893,ANB,AMMANABROLU,20,20
1894,BADK,BARKA HALT,20,20
1895,BBW,BODARWAR,20,20
1896,BDME,BAIDYANATHDH,20,20
1897,BDVT,BHADRAVATI,20,20
1898,BEH,BAGDIHI,20,20
1899,BFW,BYATRAYANHAL,20,20
1900,BGBR,BAGBAHRA,20,20
1901,BJBA,BIJBIARA,20,20
1902,BLDI,BHILDI JN,20,20
1903,BMH,BETAMCHERLA,20,20
1904,BPS,BANPAS,20,20
1905,BXJ,BOKAJAN,20,20
1906,CHJ,CHATA,20,20
1907,CKD,CHARKHI DADR,20,20
1908,CMU,CHAU MAHLA,20,20
1909,DHW,DHARIWAL,20,20
1910,DKNT,DAKANIYA TAL,20,20
1911,DKO,DEVAKOTTAI R,20,20
1912,DLO,DALGAON,20,20
1913,DMT,DIGUVAMETTA,20,20
1914,DOKM,DOKRA HALT,20,20
1915,DPR,DHAMPUR,20,20
1916,DVM,DALBHUMGARH,20,20
1917,DWNA,DIWANA,20,20
1918,GB,GAURI BAZAR,20,20
1919,GER,GERATPUR,20,20
1920,GMAN,GUMANI,20,20
1921,GMS,GARHMUKTESAR,20,20
1922,GNA,GONIANA,20,20
1923,GPH,GARPOS,20,20
1924,GRA,GHARAUNDA,20,20
1925,GSO,GHASO,20,20
1926,GTJT,GETOR JAGATP,20,20
1927,GUD,GALUDIH,20,20
1928,GUR,GANGAPUR ROA,20,20
1929,GYM,GUDIATTAM,20,20
1930,HDP,HADAPSAR,20,20
1931,HDW,HALDWANI,20,20
1932,HIP,HALDIPADA,20,20
1933,HRSB,HILLAR SHAHA,20,20
1934,HSA,HASIMARA,20,20
1935,JEUR,JEUR,20,20
1936,JKI,KAURIA JUNGL,20,20
1937,JVT,JIBANTI,20,20
1938,JWB,JAWAI BANDH,20,20
1939,KAPE,KAKAPORA,20,20
1940,KEB,KARAMBELI,20,20
1941,KGB,KARGI ROAD,20,20
1942,KGM,KATHGODAM,20,20
1943,KHH,KICHHA,20,20
1944,KIAT,KYATSANDRA,20,20
1945,KIK,KARAIKAL,20,20
1946,KKHT,KAKARGHATTI,20,20
1947,KPGM,KARPOORIGRAM,20,20
1948,KPP,KALA PIPAL,20,20
1949,KRBA,KORBA,20,20
1950,KRE,KARTARPUR,20,20
1951,KSP,KISHANPUR,20,20
1952,KTMA,KOTMA,20,20
1953,KTSH,KOTMI SONAR,20,20
1954,KZK,KAZHAKUTTAM,20,20
1955,LGTR,LINGARAJ TEM,20,20
1956,LKE,LAKHERI,20,20
1957,LONI,LONI,20,20
1958,LPW,LOHARPURWA (,20,20
1959,MCJ,MANJATTIDAL,20,20
1960,MJBK,MANJARI BUDR,20,20
1961,MOG,MOHIUDDINNAG,20,20
1962,MPO,MANPUR JN.,20,20
1963,MQL,MIRKHAL,20,20
1964,MSDN,MASUDAN,20,20
1965,MSK,MAHESH KHUNT,20,20
1966,MSW,MASKANWA,20,20
1967,MUW,MATHURA PUR,20,20
1968,MVKR,MAHAWAN KHOR,20,20
1969,NAT,NATHNAGAR,20,20
1970,NBL,NIMBAL,20,20
1971,NGG,NAGINA,20,20
1972,NGN,NANDGAON,20,20
1973,NHN,NIGOHAN,20,20
1974,NMJ,NIDAMANGALAM,20,20
1975,NNR,NARAYANPUR,20,20
1976,NPNR,NEPA NAGAR,20,20
1977,NRE,NANDALUR,20,20
1978,NSD,NASIRABAD,20,20
1979,NZD,NUZVID,20,20
1980,OCR,OCHIRA,20,20
1981,OMLF,OLD MALDA,20,20
1982,PAA,PATAS,20,20
1983,PAZ,PAYANGADI,20,20
1984,PBA,PIARDOBA,20,20
1985,PIZ,PINGLI,20,20
1986,PJGM,PANJGAM,20,20
1987,PMPE,PAMPORA,20,20
1988,PRND,PERINAD,20,20
1989,PRTL,PIRTALA,20,20
1990,PUK,PUDUKAD,20,20
1991,RBG,RAYBAG,20,20
1992,RCRA,RAMCHAURA HA,20,20
1993,REWA,REWA,20,20
1994,RJ,RAWATGANJ F,20,20
1995,RJA,RAJNAGAR,20,20
1996,RNPR,RUPNARAYANPU,20,20
1997,ROA,RUSERA GHAT,20,20
1998,RSR,RASRA,20,20
1999,SCMN,SIMHACHALAM,20,20
2000,SDUA,SADURA,20,20
2001,SLJ,SAKRIGALI,20,20
2002,SLKN,SANDAL KALAN,20,20
2003,SLW,SOHWAL,20,20
2004,SMO,SEMAPUR,20,20
2005,SRGT,SURENDRANAGA,20,20
2006,SVA,SUWASRA,20,20
2007,SVGA,SIVAGANGA,20,20
2008,SVPI,SHIVPURI,20,20
2009,THV,THERUBALI,20,20
2010,TIA,TILAIYA,20,20
2011,TKE,TARIKERE,20,20
2012,TLWA,THALWARA,20,20
2013,TMX,TIMMAPUR,20,20
2014,TNGL,TORANAGALLU,20,20
2015,TNL,TANGLA,20,20
2016,TRS,TARSARAI,20,20
2017,UHR,UNCHEHARA,20,20
2018,ULG,UDALGURI,20,20
2019,UNLA,UNAULA,20,20
2020,UTD,UTARSANDA,20,20
2021,VDD,VENDODU,20,20
2022,VDE,VEDAYAPALEM,20,20
2023,VKN,VINUKONDA,20,20
2024,WRR,WARORA,20,20
2025,YT,YEVAT,20,20
2026,ADB,ADILABAD,19,19
2027,AHH,AHMED GARH,19,19
2028,ALM,ALAMANDA,19,19
2029,ARQ,ARARIYA COUR,19,19
2030,ATE,ATARRA,19,19
2031,BDM,BADAMI,19,19
2032,BDMJ,BHODWAL MAJR,19,19
2033,BERO,BERO,19,19
2034,BRND,BORIDAND,19,19
2035,BSBR,BANSHLAI BRI,19,19
2036,BSLE,BATASPUR,19,19
2037,BXL,BHEDUASOL,19,19
2038,CLDY,CHANDLODIYA,19,19
2039,COA,KAKINADA POR,19,19
2040,CTR,CHATRA,19,19
2041,CW,CHAINWA,19,19
2042,DAZ,DELHI-AZADPU,19,19
2043,DGI,DUNGRI,19,19
2044,DMA,DAMODAR JN.,19,19
2045,DNT,DANTAN,19,19
2046,FBG,FORBESGANJ J,19,19
2047,GTNR,GOMTINAGAR F,19,19
2048,JBN,JOGBANI,19,19
2049,JOB,ASAIPUR JOBN,19,19
2050,JTL,JHAPATERDHAL,19,19
2051,KDTN,KADETHAN,19,19
2052,KIN,KAPASAN,19,19
2053,KIP,KHALILPUR,19,19
2054,KNVT,KINWAT,19,19
2055,KPL,KANTAKAPALLE,19,19
2056,KPLE,KOPAI,19,19
2057,KSF,KHALISPUR,19,19
2058,KUK,KORU KONDA,19,19
2059,LMT,ALMATTI,19,19
2060,LUR,LATUR,19,19
2061,MOO,MUDDANURU,19,19
2062,MSZ,MANSA,19,19
2063,MZM,MUAZZAMPUR N,19,19
2064,NDJ,NANDGANJ,19,19
2065,NIU,NABIPUR,19,19
2066,NRO,NAKODAR JN.,19,19
2067,NRX,NOADAR DHAL,19,19
2068,PALR,PALUR,19,19
2069,PCQ,PICHKURIRDHA,19,19
2070,PGR,PUGALUR,19,19
2071,PLS,PIPALSANA,19,19
2072,RKI,RAMKANALI JN,19,19
2073,RUG,RAJLU GARHI,19,19
2074,SDN,SHOLAVANDAN,19,19
2075,SRJM,SIRJAM,19,19
2076,SSA,SIRSA,19,20
2077,SWA,SAHJANWA,19,19
2078,SYN,SAYAN,19,19
2079,TIS,TATISILWAI,19,19
2080,TLR,TULSIPUR,19,19
2081,TMQ,TIRUMANGALAM,19,19
2082,UJP,UJIARPUR,19,19
2083,UMD,USMANABAD,19,19
2084,UPL,UPPALUR,19,19
2085,VJA,VEJANDLA,19,19
2086,ADD,ADAS ROAD,18,18
2087,ANTU,ANTU,18,18
2088,ASAR,ASRA HALT,18,18
2089,AYRN,AKSHAYWAT RA,18,18
2090,BAOL,BAWLI HALT,18,18
2091,BATL,BAIHATOLA,18,18
2092,BDHP,BHUDPUR,18,18
2093,BEHS,BIHAR SHARIF,18,18
2094,BGU,BAIRAGNIA,18,18
2095,BHB,BADLA GHAT,18,18
2096,BHI,BAHERI,18,18
2097,BHLP,BHULANPUR F,18,18
2098,BHRL,BHAROLI,18,18
2099,BHUJ,NEW BHUJ,18,18
2100,BIG,BELGAHNA,18,18
2101,BKLE,BAKUDI,18,18
2102,BMI,BAMNIA,18,18
2103,BNB,BANSTOLA P.H,18,18
2104,BRK,BAHRAICH,18,18
2105,BRML,BARAMULLA,18,18
2106,BUA,BARADWAR,18,18
2107,BZM,BHIMSEN,18,18
2108,CBM,CUMBUM,18,18
2109,CHD,CHANDIA ROAD,18,18
2110,CI,CHHAPRA KACH,18,18
2111,CIL,CHILBILA JN,18,18
2112,CLR,CASTLE ROCK,18,18
2113,CND,CHANDUR,18,18
2114,CU,CHAGALLU,18,18
2115,CUX,CHAURA BH,18,18
2116,DBV,DABILPUR HAL,18,18
2117,DGO,DURGAUTI,18,18
2118,DIA,DIDWANA,18,18
2119,DINR,DIVINE NAGAR,18,18
2120,DNN,DINANAGAR,18,18
2121,DPD,DOSAPADU,18,18
2122,DRSN,DHURWASIN  H,18,18
2123,DSO,DESHNOKE,18,18
2124,DUD,DUDHANI,18,18
2125,ETM,ETTUMANUR,18,18
2126,FLK,FALAKATA,18,18
2127,GALE,GANKAR,18,18
2128,GII,GIDHNI,18,18
2129,GNP,GHANPUR,18,18
2130,GNRL,GANGRAUL HAL,18,18
2131,GOGH,GOSAI GAON H,18,18
2132,GRL,GORAUL,18,18
2133,GT,GHATKESAR,18,18
2134,GUG,GARJAIPUR,18,18
2135,GUH,GULDHAR,18,18
2136,HDL,HODAL,18,18
2137,HLN,HOLENARSIPUR,18,18
2138,HN,HATHBANDH,18,18
2139,HNS,HANSI,18,18
2140,HPO,HASANPUR ROA,18,18
2141,HRNR,HIRA NAGAR,18,18
2142,HRV,HARRAD,18,18
2143,HTZU,HATHIDAH JN,18,18
2144,IHP,INCHHAPURI,18,18
2145,JGN,JAGRAON,18,18
2146,JHN,JAKHIM,18,18
2147,JKM,JANKAMPET JN,18,18
2148,JM,JALAMB JN.,18,18
2149,JNL,JANDIALA,18,18
2150,JPL,JAPLA,18,18
2151,JSKA,JATAULA JORI,18,18
2152,JSP,JAYASINGPUR,18,18
2153,JTW,JAITWAR,18,18
2154,KAP,KALIANPUR,18,18
2155,KASR,KANAS ROAD,18,18
2156,KAV,KALUMNA,18,18
2157,KD,KUNDARKHI,18,18
2158,KDMR,KHODIYAR MAN,18,18
2159,KHDB,KHODIYAR,18,18
2160,KHNM,KUNDA HARNAM,18,18
2161,KJI,KHAJAULI,18,18
2162,KKN,KHIRKIYA,18,18
2163,KKPR,KOKPARA,18,18
2164,KL,KHERLI,18,18
2165,KLL,KALOL,18,18
2166,KMS,KARAMNASA,18,18
2167,KNHN,KANHAN JN.,18,18
2168,KRNR,KRISHNA RAJA,18,18
2169,KRPU,KORAPUT JN.,18,18
2170,KRS,KARISATH,18,18
2171,KTM,KUTRALAM,18,18
2172,KTT,KHUTBAV,18,18
2173,KWMD,KUMBHAWAS MU,18,18
2174,KXE,KALIAN CHAK,18,18
2175,KZA,KHADA,18,18
2176,LAU,LADNUN,18,18
2177,LRD,LAR ROAD,18,18
2178,MAKM,MARARIKULAM,18,18
2179,MCN,MUKUNDARAYAP,18,18
2180,MCV,MACHARYA,18,18
2181,MDUN,MADHRANAGAR,18,18
2182,MEC,MERTA CITY,18,18
2183,MGLE,MANIGRAM,18,18
2184,MJP,MOHARAJPUR,18,18
2185,MKPR,MUKTAPUR,18,18
2186,MKX,MORAK,18,18
2187,MMM,MANDAPAM,18,18
2188,MNO,MEHNAR ROAD,18,18
2189,MNTT,MULANTURUTTI,18,18
2190,MOGA,MOGA,18,18
2191,MOU,MANOHARPUR,18,18
2192,MPLR,MAHIPAL ROAD,18,18
2193,MRND,MORINDA,18,18
2194,MRT,MATHURA CANT,18,18
2195,MT,MATERA,18,18
2196,MVI,MORVI,18,18
2197,MWX,MALLANWALA K,18,18
2198,MXH,MAKHU,18,18
2199,MZH,MAUHARI,18,18
2200,MZMA,MAZHOM,18,18
2201,NAC,NAWA CITY,18,18
2202,NAZJ,NAZIRGANJ,18,18
2203,NBA,NABHA,18,18
2204,NBG,NABINAGAR RO,18,18
2205,NBI,NADBAI,18,18
2206,NHLG,NEW HALFLONG,18,18
2207,NLD,NALANDA,18,18
2208,NLPD,NALLA PADU J,18,18
2209,NNP,NANPARA JN.,18,18
2210,NRP,NARSIPATNAM,18,18
2211,NUQ,NAGARUNTARI,18,18
2212,NYH,NAYANDAHALLI,18,18
2213,PDW,PANDAUL,18,18
2214,PERN,PERNEM,18,18
2215,PLCJ,PHALODI,18,18
2216,PLP,PHULPUR,18,18
2217,PNW,PUNDAG,18,18
2218,POE,PAWAPURI ROA,18,18
2219,PPA,PIPRA,18,18
2220,PSDA,PASIVEDALA H,18,18
2221,PT,PATLI,18,18
2222,QRP,KILA RAIPUR,18,18
2223,RGB,RAMGANGA,18,18
2224,RGD,RAJGIR,18,18
2225,RKD,RUKADI,18,18
2226,RMV,RAMAVARAPPAD,18,18
2227,RNQ,RENUKUT,18,18
2228,RS,RISIA,18,18
2229,RTN,RETANG,18,18
2230,RUJ,RANUJ,18,18
2231,SASN,SAHIBZADA AJ,18,18
2232,SBM,SONBARSA KAC,18,18
2233,SCT,SENGOTTAI JN,18,18
2234,SEO,SEOHARA,18,18
2235,SHK,SHEIKHPURA,18,18
2236,SI,SONAILI,18,18
2237,SKQ,SIKANDARPUR,18,18
2238,SLD,SAKALDIHA,18,18
2239,SLH,SILYARI,18,18
2240,SMZ,SARAIMIR,18,18
2241,SNQ,SANKARPUR,18,18
2242,STD,SATROD,18,18
2243,STNL,SATNALI,18,18
2244,SUJH,SUJANGARH,18,18
2245,SXZM,SOPORE,18,18
2246,TAN,TARANA ROAD,18,18
2247,TNJR,TAJ NAGAR,18,18
2248,TNM,TIRUVANNAMAL,18,18
2249,TRR,TARAORI,18,18
2250,TSI,TENKASI,18,18
2251,TWG,TWINING GANJ,18,18
2252,UTR,UTRAITIA JN,18,18
2253,VARD,VAIKAM ROAD,18,18
2254,VS,VISHWAMITRI,18,18
2255,VV,VALIVADE,18,18
2256,VXD,VADOD,18,18
2257,WAIR,WAIR,18,18
2258,WJ,WALAJABAD,18,18
2259,WRS,WARISALIGANJ,18,18
2260,WZJ,WAZERGANJ,18,18
2261,YLG,YALVIGI,18,18
2262,ACL,ANCHELI,17,17
2263,BAZ,BARAN,17,17
2264,BDU,BADNAPUR,17,17
2265,BHET,BHESTAN,17,17
2266,BSDP,BHUSANDPUR,17,17
2267,BTKB,BATHNA KRITT,17,17
2268,CLKA,CHILKA,17,17
2269,CNA,CHANDERIYA J,17,17
2270,CRLM,CARMELARAM,17,17
2271,FAN,FATEH NAGAR,17,17
2272,GAM,GANJAM,17,17
2273,GLBN,GUJRAN-BALWA,17,17
2274,HEM,HIMAYATNAGAR,17,17
2275,HJL,HEJJALA,17,17
2276,IDP,INDUPALLI,17,17
2277,IPL,IDAPPALLI,17,17
2278,JAO,JOARA,17,17
2279,JKNI,JHARKHANDI F,17,17
2280,JSM,JAISALMER,17,17
2281,JTR,JATKANHAR,17,17
2282,KAD,KANDALA,17,17
2283,KPRD,KALYANPUR RO,17,17
2284,KSN,KRISHNA,17,17
2285,KUU,KUHURI,17,17
2286,KZI,KHANDRAWALI,17,17
2287,LC,LUCKNOW CITY,17,17
2288,MAUR,MAUR,17,17
2289,MHO,MAHPUR,17,17
2290,MKDD,MUKUNDWADI H,17,17
2291,MLHA,MALIYA HATIN,17,17
2292,MUA,MUSRA,17,17
2293,MUZ,MOHIUDDINPUR,17,17
2294,MYX,METYAL SAHAR,17,17
2295,NGF,NAGAR NABI,17,17
2296,NNW,NARAYANPUR T,17,17
2297,OBR,OBRADAM,17,17
2298,PRTP,PARTAPUR,17,17
2299,PVD,PEDDAVADLAPU,17,17
2300,SJL,SANGAM JAGAR,17,17
2301,SKS,SALEKASA,17,17
2302,SLF,SILLI,17,17
2303,SNDD,SINDHU DURG,17,17
2304,SNTD,SANTALDIH,17,17
2305,SSNR,SATSANG NAGA,17,17
2306,TBB,TILBHITA,17,17
2307,TBN,TIMARNI,17,17
2308,TSR,TSUNDURU,17,17
2309,VDH,VEDCHHA,17,17
2310,VLI,VALLIUKUNNU,17,17
2311,VRR,VIRPUR,17,17
2312,VYA,VYARA,17,17
2313,AGAS,AGAS,16,16
2314,AGTL,AGARTALA,16,16
2315,AHN,AHIRAN H,16,16
2316,AJP,AJAMPUR,16,16
2317,ALS,AMLORI SARSA,16,16
2318,AMSA,AMMASANDRA,16,16
2319,ANH,ANKORAH (AKO,16,16
2320,ARD,AMARDA ROAD,16,16
2321,ARV,ARNI ROAD,16,16
2322,ASB,ASANBONI,16,16
2323,ATUL,ATUL,16,16
2324,AVS,AUVANEESWARA,16,16
2325,BABR,BALANAGAR,16,16
2326,BCU,BHUCHCHU,16,16
2327,BGO,BOGRI ROAD,16,16
2328,BGVN,BHIGVAN,16,16
2329,BHAL,BHATIEL,16,16
2330,BJF,BIJNI,16,16
2331,BKSL,BIKRAMSHILA,16,16
2332,BMD,BHIMADOLU,16,16
2333,BNCR,BANCHARI,16,16
2334,BNGN,BONGAIGAON,16,16
2335,BNV,BINNAGURI,16,16
2336,BPF,BANAPURA,16,16
2337,BPH,BELPAHAR,16,16
2338,BPO,BARIPADA PH,16,16
2339,BPZ,BAZPUR,16,16
2340,BQI,BOMMIDI,16,16
2341,BRPL,BARPALI,16,16
2342,BSE,BADSHAHPUR,16,16
2343,BTK,BANKATA,16,16
2344,BTSR,BHUTESHWAR,16,16
2345,BUDI,BUNDI,16,16
2346,BVR,BANAVAR,16,16
2347,BWK,BAWANI KHERA,16,16
2348,BYD,BYADGI,16,16
2349,CAM,CHHOTA AMBAN,16,16
2350,CBSA,CHAIBASA,16,16
2351,CBY,KHAMBHAT,16,16
2352,CDMR,CHANDAULI MA,16,16
2353,CNO,CANACONA,16,16
2354,CRU,CHUDAWA,16,16
2355,CTF,CHITGIDDA,16,16
2356,CTKT,CHHOTI KHATU,16,16
2357,CYN,CHERIYANAD,16,16
2358,DBU,DODBALLAPUR,16,16
2359,DDP,DAUDPUR,16,16
2360,DKGS,SIMARIA,16,16
2361,DKJR,DHEKIAJULI R,16,16
2362,DPS,DANGOAPOSI,16,16
2363,DPX,DADPUR BH,16,16
2364,DRLA,DAURALA,16,16
2365,DTVL,DATIVLI,16,16
2366,DXH,DUHAI,16,16
2367,DZB,DAHINA-ZAINA,16,16
2368,EKM,EKAMBARAKUPP,16,16
2369,EKN,EZHUKONE,16,16
2370,GGD,GULLAGUDA,16,16
2371,GH,GHUGHULI,16,16
2372,GHQ,GARHWA,16,16
2373,GLA,GARLA,16,16
2374,GLY,GOLLAPALLI,16,16
2375,GOL,GOILKERA,16,16
2376,GRMR,GARHI MANIKP,16,16
2377,GTD,GOURINATHDHA,16,16
2378,GVG,MANDI GOBIND,16,16
2379,GVR,GORESWAR,16,16
2380,HDN,HAIDARNAGAR,16,16
2381,HME,HAMRE,16,16
2382,HNA,HONNAVAR,16,16
2383,HPP,HARPALPUR,16,16
2384,HRT,HARNAUT,16,16
2385,HSK,HARI SHANKAR,16,16
2386,HSX,HOSHIARPUR,16,16
2387,HTW,HATHUA,16,16
2388,JRL,JHARLI,16,16
2389,JTS,JATUSANA,16,16
2390,KAO,KALUBATHAN,16,16
2391,KART,KIRATPUR SAH,16,16
2392,KATB,KHATKURA PH,16,16
2393,KGBS,KISHANGARH B,16,16
2394,KKM,KAMALAPURAM,16,16
2395,KKZ,KOTTARAKKARA,16,16
2396,KLMG,KALAMBOLI,16,16
2397,KLNK,KALANAUR KAL,16,16
2398,KLQ,KILIKOLLUR,16,16
2399,KLT,KULITALAI,16,16
2400,KLWD,KALITALAVADI,16,16
2401,KMD,KODUMUDI,16,16
2402,KMQ,KUMBLA,16,16
2403,KNM,KANIMAHULI P,16,16
2404,KNNK,KANINA KHAS,16,16
2405,KPTO,KARANPURATO,16,16
2406,KRLI,KURALI,16,16
2407,KRPP,KURUPPANTARA,16,16
2408,KRYR,KARAMSAD,16,16
2409,KSC,KASHI CHAK,16,16
2410,KSH,KALISINDH,16,16
2411,KSI,KOSLI,16,16
2412,KTD,KANTADIH,16,16
2413,KUPR,KHURDPUR,16,16
2414,KUV,KUNDARA,16,16
2415,KWM,KAMPUR,16,16
2416,KXH,KAPURTHALA,16,16
2417,KXJ,KARIMGANJ JN,16,16
2418,KXN,KANSBAHAL,16,16
2419,LBA,LAMBHUA,16,16
2420,LBG,LIMBGAON,16,16
2421,LMN,LACHHMANPUR,16,16
2422,LMNR,LAXMIBAINAGA,16,16
2423,MALB,MALIYA MIYAN,16,16
2424,MAY,MARIAHU,16,16
2425,MDJ,MUHAMMADGANJ,16,16
2426,MDVL,MANDAVALLI,16,16
2427,MEP,MEHIDPUR ROA,16,16
2428,MFA,MUKURIA,16,16
2429,MGAE,MORGRAM,16,16
2430,MGC,MUGAT,16,16
2431,MHU,MANHERU,16,16
2432,MJBT,MAJBAT,16,16
2433,MJL,MAJHOWALIA,16,16
2434,MJRI,MAJRI JN.,16,16
2435,MKO,MARKONA,16,16
2436,MMU,MUGMA,16,16
2437,MMV,MAHALI MARUP,16,16
2438,MNI,MANGAON,16,16
2439,MQR,MALKHAID ROA,16,16
2440,MRDW,MURDESHWAR,16,16
2441,MRPR,MAU RANIPUR,16,16
2442,MUP,MURHIPAR,16,16
2443,MURD,MANDAWAR MAH,16,16
2444,MYK,MAYAKONDA,16,16
2445,NDM,NIDAMANURU,16,16
2446,NDV,NIDVANDA,16,16
2447,NIIJ,NILJE,16,16
2448,NJT,NAGERCOIL TO,16,16
2449,NLKR,NILOKHERI,16,16
2450,NLS,NELLORE SOUT,16,16
2451,NMDA,NEW MORINDA,16,16
2452,NMM,NEW MISAMARI,16,16
2453,NPD,NAWAPARA ROA,16,16
2454,NPL,NAGALAPALLE,16,16
2455,NPS,NAPASAR,16,16
2456,NR,NIPHAD,16,16
2457,NRZB,NOWROZABAD,16,16
2458,NTN,NAR TOWN,16,16
2459,NTV,NAUTANWA,16,16
2460,NUJ,NUJELLA,16,16
2461,NW,NALWAR,16,16
2462,NYO,NAYAGAON,16,16
2463,PAW,PANDABESWAR,16,16
2464,PBL,PATHSHALA,16,16
2465,PCK,PACHRUKHI,16,16
2466,PDH,PADADHARI,16,16
2467,PNDR,PANDORI,16,16
2468,PNUG,PUNPUN GHAT,16,16
2469,PNYA,PANIYAHAWA,16,16
2470,PQS,PARK CIRCUS,16,16
2471,PRP,PAHARPUR,16,16
2472,PTAB,PATIA HALT,16,16
2473,PTD,PETLAD JN.,16,16
2474,PTTN,PATTAN,16,16
2475,PUU,PUNALUR,16,16
2476,PYOL,PAYYOLI,16,16
2477,RAY,RAY,16,16
2478,RCF,RAIL COACH F,16,16
2479,RDE,RUNDHI,16,16
2480,RDRA,RAMDEVRA,16,16
2481,RGH,RAMGARHWA F,16,16
2482,RHN,ROSHANPUR,16,16
2483,RJL,RAJMAHAL,16,16
2484,RJR,RAJALDESAR,16,16
2485,RMT,RAMGARH CANT,16,16
2486,RPK,RAVALPALLI K,16,16
2487,RQJ,RANINAGAR JA,16,16
2488,RV,RAVER,16,16
2489,RWTB,ROWTA BAGAN,16,16
2490,S,SRIRANGAPATT,16,16
2491,SADP,SAIDAPUR,16,16
2492,SAHI,SATHI,16,16
2493,SAW,SURIAWAN,16,16
2494,SAY,SAYAMA,16,16
2495,SBE,SORBHOG,16,16
2496,SDGH,SRI DUNGARGA,16,16
2497,SDI,SAGARDIGHI,16,16
2498,SDRA,SUDHRANA,16,16
2499,SGE,SANKARIDRUG,16,16
2500,SHLK,SHOLAKA,16,16
2501,SLNA,SALAUNA,16,16
2502,SLS,SALANPUR,16,16
2503,SME,SHIMOGA,16,16
2504,SPC,SITAPUR CITY,16,16
2505,SPLE,SUJNIPARA,16,16
2506,SQR,SULTANPUR LO,16,16
2507,SRI,SALMARI,16,16
2508,SRNR,SRI RAMNAGAR,16,16
2509,SRY,SIRARI,16,16
2510,SUD,SUDHANI,16,16
2511,SWPR,SEWAPURI,16,16
2512,SYJ,SAIDRAJA,16,16
2513,TAO,TAMNA,16,16
2514,TBT,TALBAHAT,16,16
2515,TETA,TELTA,16,16
2516,THO,TULIN,16,16
2517,TIHU,TIHU,16,16
2518,TLHR,TALCHER,16,16
2519,TNR,TANGUTURU,16,16
2520,TNRU,TENNERU HALT,16,16
2521,TNW,THANPAR NAGA,16,16
2522,TP,TIRUCHIRAPPA,16,16
2523,TPND,TALAJA PANCH,16,16
2524,TRP,TARAPUR,16,16
2525,TSK,TINSUKIA JN.,16,16
2526,TTO,TARN TARAN,16,16
2527,TWB,TALWANDI,16,16
2528,URD,UNTARI ROAD,16,16
2529,URMA,URMA,16,16
2530,VJPJ,VIJAYPUR JAM,16,16
2531,VLYN,VALLABH VIDH,16,16
2532,VNR,DEVANUR,16,16
2533,VNUP,VISHNUPURAM,16,16
2534,VPDA,VIDYAPATINAG,16,16
2535,WENA,WENA,16,16
2536,WPR,WANPARTI ROA,16,16
2537,YVP,YAWARPURA,16,16
2538,AKU,ANGALAKUDURU,15,15
2539,ANCR,ANCHURI PH,15,15
2540,ARR,ARARIYA,15,15
2541,BAKL,BAKAL,15,15
2542,BLZ,BUDHLADA,15,15
2543,BME,BARMER,15,15
2544,BNBH,BANI BIHAR,15,15
2545,BNVD,BHANVAD,15,15
2546,BSRX,BASAVANA BAG,15,15
2547,BTF,BATHNAHA,15,15
2548,BTV,BAITARANI RO,15,15
2549,BTW,BARSHI,15,15
2550,CLVR,CHILUVUR,15,15
2551,CTH,CHIKALTHAN,15,15
2552,DBR,DABHAURA,15,15
2553,DDX,DHAMDHAMIA,15,15
2554,DHE,DHOBHI,15,15
2555,DJ,DARJEELING,15,24
2556,DLB,DAULATABAD,15,15
2557,DLF,DALAN,15,15
2558,DOA,DORAHA,15,15
2559,DOE,DEORI,15,15
2560,DOKY,DUKHERI,15,15
2561,DZP,DARAZPUR,15,15
2562,GBN,GARH BANALI,15,15
2563,GHJ,GURSAHAIGANJ,15,15
2564,GHUM,GHUM,15,15
2565,GNGD,GANGADHARPUR,15,15
2566,GNNA,GANGANIA,15,15
2567,GSPR,GOSALPUR,15,15
2568,ITA,ITOLA,15,15
2569,JAG,JALALGARH,15,15
2570,JKL,JALALKHALI H,15,15
2571,JRS,JORAWASAN,15,15
2572,JWO,JAWAD ROAD,15,15
2573,KAJG,KARANJGOAN,15,15
2574,KDU,KADAMBUR,15,15
2575,KES,KESRI,15,15
2576,KHLL,KETO HALLI H,15,15
2577,KMV,KARMAD,15,15
2578,KNZ,KALANOUR,15,15
2579,KSY,KUSIARGAON,15,15
2580,KUB,KASBA,15,15
2581,KZU,KUNKI BH,15,15
2582,LDW,LADHOWAL,15,15
2583,LKS,LUNKARANSAR,15,15
2584,LM,LIMDI,15,15
2585,LXD,LAKSHANNATH,15,15
2586,MFB,MUSTAFABAD,15,15
2587,MIAN,MIANGRAM,15,15
2588,MIK,MANIKUI,15,15
2589,MJA,MEJA ROAD,15,15
2590,MJS,MANJESHWAR,15,15
2591,MLD,MALIHABAD,15,15
2592,MOTC,MOTICHUR,15,15
2593,MPY,MURARPUR HAL,15,15
2594,MSP,MANSURPUR,15,15
2595,NSI,NIKURSINI,15,15
2596,NUD,NAVAGADH,15,15
2597,NYA,NARAYANGARH,15,15
2598,PARD,PATHRAD HALT,15,15
2599,PGK,PILI BANGAN,15,15
2600,PKY,PILKHANI,15,15
2601,PMS,PARMALKASA,15,15
2602,POZ,POTUL,15,15
2603,PPH,PIPRIDIH,15,15
2604,PQY,PABLI KHAS,15,15
2605,PSD,PARSODA,15,15
2606,RNA,ROHANA KALAN,15,15
2607,RNX,RANIPATRA,15,15
2608,RPMN,RAMPUR MANIH,15,15
2609,RPO,RAWATPUR,15,15
2610,RSM,RASMARA,15,15
2611,RWA,RAUTARA,15,15
2612,RWO,RANAVAV,15,15
2613,SBD,SLEEMNABAD,15,15
2614,SGBA,SIR GURUDAS,15,15
2615,SHAN,SRINIVASANAG,15,15
2616,SKF,SAKHOTI TAND,15,15
2617,SMH,SIMRAHA,15,15
2618,SNGP,SINGHPUR,15,15
2619,SNI,SINDI,15,15
2620,SOD,SOJAT ROAD,15,15
2621,SRJN,SIRAJNAGAR,15,15
2622,SRPR,SARUPSAR JN.,15,15
2623,SRZ,SARDARGARH,15,15
2624,SSW,SARSAWA,15,15
2625,SVC,SIWAN KACHER,15,15
2626,SZR,SARUPATHAR,15,15
2627,TDN,TIRUPARANKUN,15,15
2628,TDW,TANDWAL,15,15
2629,TKBG,TEKA BIGHA,15,15
2630,TR,TARUR,15,15
2631,VKD,BAKHRABAD,15,15
2632,VKT,VENKATACHALE,15,15
2633,AAM,ANGADIPURAM,14,14
2634,ABI,AMBATURAI,14,14
2635,ACND,ACHARYA NARE,14,14
2636,ADF,ADINA,14,14
2637,ADR,MANDI ADAMPU,14,14
2638,AGI,AMGURI,14,14
2639,AI,ADIPUR,14,14
2640,AKJ,AKBAR GANJ,14,14
2641,AKS,ANKUSPUR,14,14
2642,ANK,ANKAI,14,14
2643,ANY,ARUMUGANERI,14,14
2644,APL,APPIKATLA,14,14
2645,ARCL,ARUNACHAL,14,14
2646,AVN,ANVARDIKANPE,14,14
2647,BANE,BASNI,14,14
2648,BDWD,BODWAD,14,14
2649,BEM,BADAUN,14,14
2650,BEY,BUGGANAPALLI,14,14
2651,BHN,BHULI,14,14
2652,BHT,BHATTU,14,14
2653,BIK,BHIRA KHERI,14,14
2654,BLK,BELAKOBA,14,14
2655,BLND,BOLINNA DOAB,14,14
2656,BLPU,BILPUR,14,14
2657,BMHR,BAMANHERI,14,14
2658,BMJ,BRIJMANGANJ,14,14
2659,BNSR,BHAGWANSAR,14,14
2660,BOD,BANGROD,14,14
2661,BQU,BHATTIPROLU,14,14
2662,BRST,BIRPURUSOTHA,14,14
2663,BRU,BIHAIROGANJ,14,14
2664,BRY,BAREILLY JN,14,14
2665,BSCK,BASUCHAK HAL,14,14
2666,BSPH,BISHANPUR HA,14,14
2667,BSS,BAHADUR SING,14,14
2668,BU,BASWA,14,14
2669,BUDM,BADMAL,14,14
2670,BXM,BELRAYAN,14,14
2671,CAER,CHANERA,14,14
2672,CAS,CHAS ROAD PH,14,14
2673,CBX,CHAND BHAN,14,14
2674,CGI,CHANDRAGIRI,14,14
2675,CGN,CHIRGAON,14,14
2676,CGS,CHANGSARI,14,14
2677,CHBT,CHAKARBHATHA,14,14
2678,CIV,CHINNARAVURU,14,14
2679,CJL,CHAJLI,14,14
2680,CNC,CHINCHLI,14,14
2681,CQA,CHERUKARA HA,14,14
2682,CTA,CHITRADURG,14,14
2683,CTND,CHETTINAD,14,14
2684,DAR,DANWAR,14,14
2685,DARA,DARA,14,14
2686,DAVM,DHANUVACHAPU,14,14
2687,DDE,DONDAICHA,14,14
2688,DDL,DHANDARI KAL,14,14
2689,DDW,DUDWA,14,14
2690,DHA,DHEENA,14,14
2691,DHJ,DHINOJ,14,14
2692,DHKR,DHODA KHERI,14,14
2693,DHMZ,DHOLA MAJRA,14,14
2694,DING,DING,14,14
2695,DISA,DISA,14,14
2696,DLSR,DALHOUSI ROA,14,14
2697,DMH,DAURAM MADHE,14,14
2698,DMR,DHARMANAGAR,14,14
2699,DMW,DALMAU JN.,14,14
2700,DPL,DANAULI PHUL,14,14
2701,DPP,DHIRPUR,14,14
2702,DUA,DHAURA,14,14
2703,DUB,DABTARA,14,14
2704,DUJ,DUBRAJPUR,14,14
2705,DXN,DUDHINAGAR,14,14
2706,DYP,DARYAPUR,14,14
2707,FRD,FARHEDI HALT,14,14
2708,FSP,FATEHSINGHPU,14,14
2709,FTG,FURSATGANJ,14,14
2710,GANL,GHANAULI,14,14
2711,GBB,GUBBI,14,14
2712,GBK,GOPALPUR BAL,14,14
2713,GHL,GOLHALLI,14,14
2714,GHNA,GOHANA,14,14
2715,GLP,GOLLAPROLU,14,14
2716,GNB,JNANA BHARAT,14,14
2717,GOH,GAROTH,14,14
2718,GRN,GURNAY,14,14
2719,GSL,GODAPEASAL,14,14
2720,GTX,GOTHAN GAM,14,14
2721,GULR,GULER,14,14
2722,GUV,GURUVAYUR,14,14
2723,GWA,GANJ DUNDWAR,14,14
2724,HAT,HATHURAN,14,14
2725,HHL,HIREHALLI,14,14
2726,HIND,HIND,14,14
2727,HKG,HIRAKUND,14,14
2728,HLAR,HOLE-ALUR,14,14
2729,HLZ,HALDIA,14,14
2730,HMY,HARMUTI,14,14
2731,HPGM,HARIPUR GRAM,14,14
2732,HRDR,HARSAR DEHRI,14,14
2733,HRSN,HARISINGA,14,14
2734,JAQ,JANDRAPETA H,14,14
2735,JDR,JIWDHARA,14,14
2736,JDW,JARAUDA NARA,14,14
2737,JHW,JHALAWAR ROA,14,14
2738,JJT,JAI JAI WANT,14,14
2739,JKDP,JANKIDAIPUR,14,14
2740,JKZ,JITA KHERI,14,14
2741,JMKR,JAWALAMUKHI,14,14
2742,JNT,JAINTIPURA,14,14
2743,JPRD,JENAPUR ROAD,14,14
2744,JTDM,JATDUMRI HAL,14,14
2745,JWLS,JAWANWALA SH,14,14
2746,KAG,KODAGANUR,14,14
2747,KAMG,KAMAKHYAGURI,14,14
2748,KAMP,KAMALPUR HAL,14,14
2749,KARD,KAMAN,14,14
2750,KBQ,KUMRABAD ROH,14,14
2751,KBY,KHOIRABARI,14,14
2752,KCA,KUCHMAN,14,14
2753,KCD,KURICHEDU,14,14
2754,KCJ,KASIMPUR HAL,14,14
2755,KCKI,KECHKI,14,14
2756,KEA,KATRA,14,14
2757,KEK,KARKHELI,14,14
2758,KHBV,KHARBAO,14,14
2759,KHV,KARAINTHI,14,14
2760,KIU,KINANA,14,14
2761,KKI,KARKELI,14,14
2762,KLA,KULWA,14,14
2763,KLAR,KULPAHAR,14,14
2764,KLDI,KALDHARI,14,14
2765,KLG,KALUNGA,14,14
2766,KMJ,KAIMGANJ,14,14
2767,KNDV,KRISHNA DEVA,14,14
2768,KNG,KATHUNANGAL,14,14
2769,KNP,KHANAPUR,14,14
2770,KNT,KANTH,14,14
2771,KOV,KIRLOSKAR WA,14,14
2772,KPLL,KOTTA PANDIL,14,14
2773,KPS,KOPA SAMHOTA,14,14
2774,KRJR,KARJARA,14,14
2775,KRON,KARONA HALT,14,14
2776,KRV,KARAVADI,14,14
2777,KSE,KOSAD,14,14
2778,KTHD,KOTHARI ROAD,14,14
2779,KTX,KATAKHAL JN.,14,14
2780,KUCH,KUCHAVARAM H,14,14
2781,KUMB,KUMARBAGH,14,14
2782,KURJ,KHAJAURAHO,14,14
2783,KVDU,KADAVAKUDURU,14,14
2784,KYF,KAJRAT NAWAD,14,14
2785,KZB,KURUMBUR,14,14
2786,KZH,KILA ZAFARGA,14,14
2787,KZY,KAYALPATTINA,14,14
2788,LGO,LALGOPALGANJ,14,14
2789,LHB,LAHABON HALT,14,14
2790,LHN,LACHYAN,14,14
2791,LJR,LANJI GARH R,14,14
2792,LLJ,LALGANJ,14,14
2793,LMK,LIMKHERA,14,14
2794,LMM,LAILAKH MAMA,14,14
2795,MBL,MANUBOLU,14,14
2796,MBS,MADHOSINGH,14,14
2797,MCLE,MANCHILI,14,14
2798,MDH,MANDHAR,14,14
2799,MDKU,MODUKURU HAL,14,14
2800,MGME,MCCLUSKIEGAN,14,14
2801,MHH,MAGHAR,14,14
2802,MHRN,MAHENDRANATH,14,14
2803,MJG,MAJHGAWAN,14,14
2804,MJO,MAJORDE JN.,14,14
2805,MKR,MADDIKERA,14,14
2806,MLB,MODLIMB,14,14
2807,MLT,MALATIPATPUR,14,14
2808,MLTR,MELATUR HALT,14,14
2809,MLZ,MALARNA,14,14
2810,MMK,MADURANTAKAM,14,14
2811,MNF,MANDA ROAD,14,14
2812,MNL,MINCHNAL,14,14
2813,MOY,MOHRI,14,14
2814,MPA,MANAPARAI,14,14
2815,MRQ,MATARI,14,14
2816,MUUA,MAHUAWA KHUR,14,14
2817,MVV,MAHESHI,14,14
2818,MWQ,MOTARI HALT,14,14
2819,MWUE,MAHRAWAL,14,14
2820,MYY,MAYYANAD,14,14
2821,NAS,NASRALA,14,14
2822,NDBT,NANDPUR BHAT,14,14
2823,NGL,NAGAL,14,14
2824,NGRS,NAGROTA SURI,14,14
2825,NIL,NILAMBUR ROA,14,14
2826,NMBR,NUAGAON-MAYU,14,14
2827,NNN,NANGUNERI,14,14
2828,NNU,NANGAL MUNDI,14,14
2829,NPI,NIPANIA,14,14
2830,NPTY,NIMPURATHROU,14,14
2831,NRGO,NARGANJO HAL,14,14
2832,NUPR,NURPUR ROAD,14,14
2833,NZT,NAZARETH,14,14
2834,ODG,OBAIDULLA GA,14,14
2835,OEA,ODELA,14,14
2836,PCU,PUTLACHERUVU,14,14
2837,PDU,PONDURU,14,14
2838,PES,PHESAR,14,14
2839,PHC,PANCHOT,14,14
2840,PHLG,PAHLEJAGHAT,14,14
2841,PIA,PIPRAIGAON,14,14
2842,PKQ,PATTIKKAD HA,14,14
2843,PLK,PALIA KALAN,14,14
2844,PNF,PANGAON,14,14
2845,POA,PALLIKONA HA,14,14
2846,PPD,PIPOLOD,14,14
2847,PPO,PANPOSH,14,14
2848,PQN,PARIAWAN KAL,14,14
2849,PRF,PARSIPUR,14,14
2850,PRH,POWERPET,14,14
2851,PSB,PARSABAD,14,14
2852,PTN,PATAN,14,14
2853,PUS,PHUSRO,14,14
2854,RAL,REPALLE,14,14
2855,RBGJ,ROBERTSGANJ,14,14
2856,REN,REN,14,14
2857,RGT,RAJGHAT PH,14,14
2858,RLS,ROMANA ALBEL,14,14
2859,RMPR,RAMPUR  HALT,14,14
2860,RNH,RUNKHERA,14,14
2861,RPRL,RAPARLA HALT,14,14
2862,RRS,RAGHURAJ SIN,14,14
2863,RSMN,RAMGOVINDSIN,14,14
2864,RUPC,RUDRAPUR CIT,14,14
2865,RUR,RANPUR,14,14
2866,RVKH,RAVINDRAKHAN,14,14
2867,SAHR,SAHERI (HALT,14,14
2868,SAWN,SOHANSRA,14,14
2869,SBJ,SARAI BANJAR,14,14
2870,SBLT,SHRI BHADRIY,14,14
2871,SBPY,SAMBALPUR CI,14,14
2872,SCQ,SHAM CHAURAS,14,14
2873,SDF,SUDSAR,14,14
2874,SDNR,SEYDUNGANALL,14,14
2875,SDY,SADHOO GARH,14,14
2876,SGLA,SANGOLA,14,14
2877,SKA,SIKANDRA RAO,14,14
2878,SMF,SAMAR GOPALP,14,14
2879,SMLA,SAMLAYA JN.,14,14
2880,SMNH,SOMNATH,14,14
2881,SNHR,SANKHARI,14,14
2882,SOA,SANOSARA,14,14
2883,SOM,SOMNA,14,14
2884,SPF,STUARTPURAM,14,14
2885,SRBA,SARAGBUNDIA,14,14
2886,SRVX,SURAVALI (H),14,14
2887,STLR,SITALPUR,14,14
2888,STW,SAHATWAR,14,14
2889,SVI,SAGARPALI,14,14
2890,SVV,SRIVAIKUNTAM,14,14
2891,SYH,SAIYEDPUR BH,14,14
2892,TCN,TIRUCHENDUR,14,14
2893,TDLE,TILDANGA,14,14
2894,THBN,THANA BHAWAN,14,14
2895,THDR,THANDLA ROAD,14,14
2896,THJ,TALHERI BAZU,14,14
2897,TKPL,TIKIRAPAL PH,14,14
2898,TKR,TAKARI,14,14
2899,TKVR,TEK NEWAS,14,14
2900,TKWD,TIKEKARWADI,14,14
2901,TLRA,TALARA,14,14
2902,TLV,TALVADIYA,14,14
2903,TQN,TIKUNIA,14,14
2904,TRK,TIRUKKOVILUR,14,14
2905,TRN,TARAON,14,14
2906,TUA,TIRUNNAVAYA,14,14
2907,TUV,TUVVUR HALT,14,14
2908,TVL,TADWAL,14,14
2909,UDR,AMDARA,14,14
2910,UGD,UPPU GUNDURU,14,14
2911,UGR,UGAR KHURD,14,14
2912,UKA,UKHRA,14,14
2913,UMNR,UMESHNAGAR,14,14
2914,UNDI,UNDI,14,14
2915,UOI,UMROLI,14,14
2916,URK,URKURA,14,14
2917,URN,UTRAN,14,14
2918,VDL,VAITHISVARAN,14,14
2919,VMU,VEMURU HALT,14,14
2920,VNB,VANIYAMBALAM,14,14
2921,VND,VENDRA HALT,14,14
2922,VPG,VENTRAPRAGAD,14,14
2923,VPZ,VALAPUZHA HA,14,14
2924,WNG,WANEGAON HAL,14,14
2925,WRC,WRS COLONY,14,14
2926,YP,ERRUPALEM,14,14
2927,ZP,ZERPUR PALI,14,14
2928,ZRDE,JIRADEI,14,14
2929,AGV,ANGUA PH,13,13
2930,BAJ,BHALEJ,13,13
2931,BEHR,BEOHARI,13,13
2932,BGTA,BAGRATAWA,13,13
2933,BJR,BARRAJPUR,13,13
2934,BKH,BANKHEDI,13,13
2935,BLT,BALOTRA JN.,13,13
2936,BLU,BILHAUR,13,13
2937,BOKR,BHOKAR,13,13
2938,BPE,BENAPUR,13,13
2939,BRAM,BALARAMAPURA,13,13
2940,BRHL,BARYAL HIMAC,13,13
2941,BRMR,BHARMAR,13,13
2942,BRPT,BIRAPATTI,13,13
2943,BRZ,BARETA,13,13
2944,BTL,BORTALAO,13,13
2945,CBK,CHACHURA BIN,13,13
2946,CCG,CHURCHGATE,13,13
2947,DGS,DAGORI,13,13
2948,DK,DAKOR,13,13
2949,DKS,DAREKASA,13,13
2950,DNM,DHANMANDAL,13,13
2951,DPH,DADHAPARA,13,13
2952,GDM,GUDMA,13,13
2953,HCAB,BMY H CABIN,13,13
2954,HGH,HAIDERGARH,13,13
2955,HMPR,HURMUJPUR (H,13,13
2956,JKPR,JAKHAPURA JN,13,13
2957,KBM,KOTABOMMALI,13,13
2958,KI,KONDAPALLI,13,13
2959,KIS,KAPILAS ROAD,13,13
2960,KJG,KARAJGI,13,13
2961,KLJ,KAMALGANJ,13,13
2962,KLX,KOLAKALUR HA,13,13
2963,KMDR,KARIMUDDINPU,13,13
2964,KPI,KALPI,13,13
2965,KTI,KANTI,13,13
2966,KZTW,KULITTURAI W,13,13
2967,LLI,LALGUDI,13,13
2968,MHJ,MAHAJAN,13,13
2969,MNC,MADANKATA,13,13
2970,NAKD,NAYAK DIH HA,13,13
2971,NGNT,NEW GUNTUR,13,13
2972,NLQ,NANGAL PATHA,13,13
2973,NLSF,NIYALISHPARA,13,13
2974,NMK,NIM-KA-THANA,13,13
2975,NNL,NARNAUL,13,13
2976,NPJE,NICHITPUR,13,13
2977,OD,ODE,13,13
2978,PAM,PANAPAKAM,13,13
2979,PIP,PIPLIA,13,13
2980,PJB,PANIA JOB,13,13
2981,PNRA,PANIARA HALT,13,13
2982,PPRH,PIPRAHAN,13,13
2983,PRDG,PORADANGA,13,13
2984,PYD,PALLIYADI H.,13,13
2985,RBA,RAMBHA,13,13
2986,RGA,RAJAGODA,13,13
2987,RGS,RINGUS JN.,13,13
2988,RGX,RAGHUNATHBAR,13,13
2989,RUI,RUKNI,13,13
2990,SCKR,SALICHAUKA,13,13
2991,SCP,SIRNAPALLI,13,13
2992,SDMD,SUDAMDIH,13,13
2993,SGKM,SRUNGAVRUKSH,13,13
2994,SGR,SANGMESHWAR,13,13
2995,SHSK,SAHASRAKUND,13,13
2996,SIQ,SARKONI,13,13
2997,SMTG,SAHID MATANG,13,13
2998,SNA,SADANAPURA,13,13
2999,SNKR,SANKA,13,13
3000,SOP,SHIUPUR,13,13
3001,STJT,SATHAJAGAT,13,13
3002,SVHE,SISVINHALLI,13,13
3003,TIU,TILARU,13,13
3004,TN,TUTICORIN,13,13
3005,TRPL,TRIPAL,13,13
3006,UB,USKA BAZAR,13,13
3007,UMH,UMRETH,13,13
3008,VYN,VYASANAGAR,13,13
3009,WC,WADHWAN CITY,13,13
3010,WSA,WADSA,13,13
3011,ABFC,AMBARI FALAK,12,12
3012,ADTL,ADHARTAL,12,12
3013,AFR,ASAFPUR,12,12
3014,AJE,ANJAR,12,12
3015,AJL,AJITWAL,12,12
3016,AKOR,AKALKOT ROAD,12,12
3017,ALJ,ALIGANJ,12,12
3018,ALMR,ALAMPUR,12,12
3019,AMPL,AMMAPALI,12,12
3020,ANKL,ANKOLA,12,12
3021,AP,ASHOKAPURAM,12,12
3022,AQG,ASHAPURA GOM,12,12
3023,ARG,ANGAR GHAT,12,12
3024,ARNB,AMARUN,12,12
3025,ASAF,ASIFABAD ROA,12,12
3026,ASL,ASALODA,12,12
3027,ATMO,AITHAL,12,12
3028,ATNR,AWATARNAGAR,12,12
3029,ATU,ATTUR,12,12
3030,AVLI,ARAVALLI,12,12
3031,AVP,ABHANPUR JN.,12,12
3032,AWT,ALWAR TIRUNA,12,12
3033,AZP,AYYAMPET,12,12
3034,BAA,BARALA,12,12
3035,BAGL,BARA-GOPAL,12,12
3036,BANO,BANO,12,12
3037,BARJ,BHARATGARH,12,12
3038,BBA,BABRALA,12,12
3039,BCP,BICHPURI,12,12
3040,BDAG,BONIDANGA,12,12
3041,BDBP,BASUDEBPUR H,12,12
3042,BDCR,BHADRACHALAM,12,12
3043,BDUA,BASUDEOPUR C,12,12
3044,BEF,BHUPADEOPUR,12,12
3045,BGDS,BHAGWANPUR D,12,12
3046,BGH,BAGHAULI,12,12
3047,BGNA,BALGONA,12,12
3048,BHLE,BARAHAT,12,12
3049,BHTK,BHANWAR TONK,12,12
3050,BHX,BULLUANA,12,12
3051,BIC,BICHIA,12,12
3052,BIX,BHIND,12,12
3053,BJMD,BARA JAMADA,12,12
3054,BJO,BIJNOR,12,12
3055,BJPL,BAIJNATH PAP,12,12
3056,BJWS,BOJAWAS HALT,12,12
3057,BKL,BONA KALU,12,12
3058,BKU,BHIKNUR,12,12
3059,BLDL,BALLE-DA-PIR,12,12
3060,BLNR,BIRLANAGAR,12,12
3061,BLQR,BILASPUR ROA,12,12
3062,BLRE,BELSIRI,12,12
3063,BLSA,BOLSA,12,12
3064,BMGA,BHIMGARA JN.,12,12
3065,BNBR,BAHANAGA BAZ,12,12
3066,BNKH,BHAIRANAYAKA,12,12
3067,BNKI,BANMANKHI JN,12,12
3068,BNTL,BANTAWALA,12,12
3069,BOJ,BHOJO,12,12
3070,BORA,BAGDOGRA,12,12
3071,BPRH,BALPUR,12,12
3072,BRA,BIRSOAL,12,12
3073,BRM,BARABAMBO,12,12
3074,BRMD,BIRAMDIH,12,12
3075,BRMH,BELURMATH,12,12
3076,BRNA,BERAWANYA,12,12
3077,BRW,BARIWALA,12,12
3078,BSC,BULANDSHAHR,12,12
3079,BSN,BANASANDRA,12,12
3080,BTC,BALAGHAT JN.,12,12
3081,BTG,BASHARATGANJ,12,12
3082,BTIC,BATHINDA CAN,12,12
3083,BTPD,BETHAMPURDI,12,12
3084,BTQ,BETNOTI PH,12,12
3085,BTRH,BHATAR,12,12
3086,BTSD,BHATISUDA,12,12
3087,BUE,BARUNA,12,12
3088,BXC,BARWALA,12,12
3089,BZ,BHARUR HALT,12,12
3090,CAF,CHANDAFORT,12,12
3091,CBN,CHIT BARAGAO,12,12
3092,CBU,CHINNNABABU,12,12
3093,CCAB,BMY C CABIN,12,12
3094,CDA,CHUDA,12,12
3095,CEL,CHEBROL,12,12
3096,CEU,CHIHERU,12,12
3097,CHCR,CHACHER,12,12
3098,CHN,CHHINA,12,12
3099,CHSM,CHINNASALEM,12,12
3100,CIH,CHILHIA,12,12
3101,CIK,CHIKASANA,12,12
3102,CKR,CHIKODI ROAD,12,12
3103,CKRD,CHAKMAKRAND,12,12
3104,CLE,CINTALPALLI,12,12
3105,CLI,CHALGERI,12,12
3106,CMDG,CHAMARDIGHI,12,12
3107,CMJ,CHAMARAJAPUR,12,12
3108,CMW,CHIMALPAHAD,12,12
3109,CNF,CHIANKI,12,12
3110,CNK,CHANDOK,12,12
3111,CPDR,CHHIPADOHAR,12,12
3112,CPLE,CHINPAI,12,12
3113,CPS,CHANDPUR SIA,12,12
3114,CSR,CHAK SIKANDA,12,12
3115,CUK,CHURK,12,12
3116,CWR,CHOVVARA,12,12
3117,DAD,DEVARGUDDA,12,12
3118,DAVJ,D.A.V. COLLE,12,12
3119,DBRT,DIBRUGARH TO,12,12
3120,DBS,DOBBSPET,12,12
3121,DDCE,DUNDI,12,12
3122,DEP,DEPALSAR,12,12
3123,DGBH,DIGHA BRIDGE,12,12
3124,DGHR,DEOGHAR,12,12
3125,DIH,DHARUADIHI,12,12
3126,DIL,DILAWARNAGAR,12,12
3127,DKGN,DEKARGAON,12,12
3128,DLGN,DHALGAON,12,12
3129,DMNJ,DAMAN JODI,12,12
3130,DMRX,DUMARI HALT,12,12
3131,DND,DANDUPUR,12,12
3132,DNDI,DHONDI HALT,12,12
3133,DNW,DANGARWA,12,12
3134,DNWH,DANIYAWAN BA,12,12
3135,DNX,DHANSU,12,12
3136,DQN,DHANERA,12,12
3137,DRI,DUMRI JUARA,12,12
3138,DRO,DARYAOGANJ,12,12
3139,DRV,DARAULI,12,12
3140,DSKG,DR SHRI KRIS,12,12
3141,DSM,DARASURAM,12,12
3142,DTP,DIVITPALLI H,12,12
3143,DTV,DHUTRA,12,12
3144,DUBH,DUBAHA,12,12
3145,DWLE,DHAUNI,12,12
3146,DWO,DOIWALA,12,12
3147,ETMD,ETTIMADAI,12,12
3148,FN,FARUKHNAGAR,12,12
3149,FTS,FATEHPUR-SIK,12,12
3150,FZL,FAZALPUR,12,12
3151,FZP,FIROZPUR CIT,12,12
3152,GAD,GEVRA-ROAD,12,12
3153,GANG,GANGAGANJ,12,12
3154,GCAB,BMY G CABIN,12,12
3155,GDI,GUDGERI,12,12
3156,GED,GULEDAGUDDA,12,12
3157,GGKR,GOVINDGARH K,12,12
3158,GHPU,GANDHIPURAM,12,12
3159,GHS,GURU HARSAHA,12,12
3160,GILL,GILL,12,12
3161,GJH,GOLDEENGANJ,12,12
3162,GJJ,GAJJELAKONDA,12,12
3163,GKHT,GRAM KHARIKA,12,12
3164,GKK,GOKAK ROAD,12,12
3165,GNK,GARHNOKHA,12,12
3166,GOD,GIDARPINDI,12,12
3167,GPI,GAJAPATI NAG,12,12
3168,GQN,GARAHANI,12,12
3169,GRHX,GARRA,12,12
3170,GRJ,GATRA HALT,12,12
3171,GRKA,GURHA KEMLA,12,12
3172,GRY,GORAYA,12,12
3173,GTK,GHUTKU,12,12
3174,GWM,GANNAVARAM,12,12
3175,GWS,GAUSHALA F,12,12
3176,HDK,HANDIA KHAS,12,12
3177,HJLI,HUGRAJULI,12,12
3178,HLDR,HALDAUR,12,12
3179,HMI,HIMMATANA,12,12
3180,HPLE,HATPURAINI H,12,12
3181,HQR,HIRENANDURU,12,12
3182,HSD,HOSDURGA ROA,12,12
3183,HSQ,HUSAINPUR,12,12
3184,HTT,HATTA ROAD,12,12
3185,HVL,HONNAVALLI R,12,12
3186,HWT,HANWANT,12,12
3187,IK,IKRAN,12,12
3188,IMGE,ISMAILPUR,12,12
3189,IMLI,IMLI,12,12
3190,IPPM,INDIA PAPER,12,12
3191,JBD,JALALABAD,12,12
3192,JCNR,JUCHANDRA,12,12
3193,JDI,JHARRADIH,12,12
3194,JDN,JAGUDAN,12,12
3195,JGA,JOGIARA,12,12
3196,JGR,JASWANTNAGAR,12,12
3197,JHWR,JHAWAR HALT,12,12
3198,JI,JHUSI,12,12
3199,JK,JAKOLARI,12,12
3200,JLN,JAKHLAUN,12,12
3201,JOH,JUHARPURA,12,12
3202,JOR,JALOR,12,12
3203,JPS,JAMALPUR SHA,12,12
3204,JRG,JUGPURA PH,12,12
3205,JRW,JORAMOW,12,12
3206,JTI,JAITHARI,12,12
3207,JUL,JHULASAN,12,12
3208,KAJ,KALIYAGANJ,12,12
3209,KALS,KALAS,12,12
3210,KAYI,KAYDI HALT,12,12
3211,KBPR,KABAKA PUTTU,12,12
3212,KCAB,K-CABIN BNDM,12,12
3213,KCHV,KACHCHANAVIL,12,12
3214,KCV,KRISHNA CHAN,12,12
3215,KDKN,KENDUKANA,12,12
3216,KDO,KADAKOLA,12,12
3217,KDTR,KIRODIMALNAG,12,12
3218,KEG,KARENGI,12,12
3219,KEN,KOTALA HALT,12,12
3220,KEPR,KOIRIPUR,12,12
3221,KFT,KAJRI,12,12
3222,KGA,KHAGA,12,12
3223,KGMR,KANGRA MANDI,12,12
3224,KGRA,KANGRA,12,12
3225,KGS,KHONGSARA,12,12
3226,KHAT,KHAT,12,12
3227,KHF,KHANTAPARA,12,12
3228,KHTU,KHATU,12,12
3229,KIF,KURI,12,12
3230,KJKD,KANJIKODE,12,12
3231,KJME,KAJORA GRAM,12,12
3232,KJRA,KARJANA,12,12
3233,KJRM,KARJANA GRAM,12,12
3234,KKAH,KANKAHA,12,12
3235,KKJ,KAKORI,12,12
3236,KKTA,KOLLIKHUTHA,12,12
3237,KKU,KANAKPURA,12,12
3238,KLB,KIRAOLI,12,12
3239,KLE,KAITHAL,12,12
3240,KLTR,KALMITAR,12,12
3241,KMGE,KUMAHU,12,12
3242,KMRA,KAMNARA,12,12
3243,KN,KADALUNDI,12,12
3244,KNDG,KANHADGAON,12,12
3245,KNL,KALANWALI,12,12
3246,KNLS,KANALUS,12,12
3247,KNO,KUNDGOL,12,12
3248,KOI,KHODRI,12,12
3249,KOLR,KOLNUR,12,12
3250,KOX,KACHUJOR  FL,12,12
3251,KPLR,KOPARLAHAR,12,12
3252,KPTM,KANJIRAMMITA,12,12
3253,KPTN,KESHORAI PAT,12,12
3254,KQK,KOTTIKULAM,12,12
3255,KRA,KAREPALLI JN,12,12
3256,KRAN,KORATTI ANGA,12,12
3257,KRMA,KARAMTOLLA,12,12
3258,KRXA,KHARA,12,12
3259,KRY,KADIRI,12,12
3260,KSHT,KHETIA,12,12
3261,KSTA,KASTHA,12,12
3262,KTCH,KAITHALKUCHI,12,12
3263,KTES,KATNI SOUTH,12,12
3264,KTJI,KATHA JORI,12,12
3265,KTLR,KANTHALIYA R,12,12
3266,KTRH,KATAREAH,12,12
3267,KTW,KOTDWARA,12,12
3268,KUC,KARUKUTTY,12,12
3269,KUMM,KUMBALAM,12,12
3270,KUP,KUP,12,12
3271,KVC,KAPARPURA,12,12
3272,KVG,KUNDANGANJ,12,12
3273,KVK,KAVATHE MAHA,12,12
3274,KVS,KALSUR,12,12
3275,KWJ,KHOJEWALA,12,12
3276,KYO,KHANDIKAR,12,12
3277,KZC,KULUKALUR HA,12,12
3278,LAK,LAKHO,12,12
3279,LAP,LOHAPUR,12,12
3280,LDK,LADHUKA,12,12
3281,LIR,LACHMIPUR HA,12,12
3282,LKMR,LAKSHMIPUR R,12,12
3283,LKW,LAKHEWALI,12,12
3284,LNS,LUNSU  HALT,12,12
3285,LOGH,LOTTEGOLLAHA,12,12
3286,MAZ,MANGRA,12,12
3287,MBD,MUSTABADA,12,12
3288,MBNL,MARWAR BHINM,12,12
3289,MCVM,MACHAVARAM H,12,12
3290,MDGR,MANENDRAGARH,12,12
3291,MDLL,MUDDALINGANA,12,12
3292,ME,MASAIPET,12,12
3293,MFM,MAHALAM,12,12
3294,MG,MODELGRAM,12,12
3295,MGF,MANDAGERE,12,12
3296,MGRP,MEGHRAJPURA,12,12
3297,MHL,MAHWAL,12,12
3298,MIN,MIHINPURWA,12,12
3299,MINJ,MAIKALGANJ,12,12
3300,MIO,MOLISAR,12,12
3301,MJPB,MANJHRA PURA,12,12
3302,MKS,MUKTSAR,12,12
3303,MKSR,MOKALSAR,12,12
3304,MLJ,MOHANLALGANJ,12,12
3305,MLK,MALKAPURAM,12,12
3306,MLX,MULLANPUR,12,12
3307,MMB,MAHMUDABAD (,12,12
3308,MMZ,MANDAMARI,12,12
3309,MNDR,MANDI DHANAU,12,12
3310,MNPR,MIANPUR,12,12
3311,MON,MODRAN,12,12
3312,MOTH,MOTH,12,12
3313,MPL,MADANA PALLE,12,12
3314,MQ,MANNARGUDI,12,12
3315,MR,MARTUR,12,12
3316,MRB,MUNIRABAD,12,12
3317,MRHT,MORANHAT,12,12
3318,MRIJ,MURLIGANJ,12,12
3319,MSMI,MISAMARI,12,12
3320,MTP,METTUPALAIYA,12,12
3321,MU,MAKANSAR,12,14
3322,MUH,MURTIHA,12,12
3323,MULK,MULKI,12,12
3324,MWRN,MADWARANI,12,12
3325,NAB,NAGBHIR,12,12
3326,NBM,NAVABPALEM,12,12
3327,NBPH,NEW BALRAMPU,12,12
3328,NDRT,NANGAL DEGRO,12,12
3329,NEM,NEMAM,12,12
3330,NEW,NIWARI,12,12
3331,NGA,NINGALA,12,12
3332,NGDM,NAGRA DHAM P,12,12
3333,NGRD,NILGIRI ROAD,12,12
3334,NGRT,NAGROTA,12,12
3335,NHB,NOHBACHHAMAD,12,12
3336,NHK,NAHARKATIYA,12,12
3337,NIM,NIMDIH,12,12
3338,NKI,NAI KHERI,12,12
3339,NNKR,NANAKSAR,12,12
3340,NNNL,NANDANI LAGU,12,12
3341,NNX,NANAUTA,12,12
3342,NRA,NUNKHAR,12,12
3343,NRN,SINGHIAGHAT,12,12
3344,NRPA,NARAYANPUR A,12,12
3345,NSA,NISHANGARA,12,12
3346,NTW,NANJANGUD TO,12,12
3347,NVT,NAVIPET,12,12
3348,NWC,NAYA NAGAR,12,12
3349,NWN,NANWAN HALT,12,12
3350,NWR,NIWAR,12,12
3351,NYI,NELLAYI,12,12
3352,NZG,NAZARBAG,12,13
3353,OLP,OLAPUR,12,12
3354,OLR,OLLUR,12,12
3355,OPL,UPPAL,12,12
3356,OTR,MOTURU,12,12
3357,PAGM,PENNADA AGRA,12,12
3358,PBW,PANTNAGAR,12,12
3359,PCH,PACHHAPUR,12,12
3360,PCO,PALAYAMKOTTA,12,12
3361,PCR,PANCHRA,12,12
3362,PCZ,POCHARAM HAL,12,12
3363,PDRD,PINDRA ROAD,12,12
3364,PDV,PANDARAVADAI,12,12
3365,PEM,PERALAM JN.,12,12
3366,PGTN,PALGHAT TOWN,12,12
3367,PHRH,PANCH RUKHI,12,12
3368,PIL,PILERU,12,12
3369,PIRO,PIRO,12,12
3370,PJA,PAJIAN,12,12
3371,PKK,PAKKI,12,12
3372,PKNS,POKHARNI NAR,12,12
3373,PLMX,PALAMPUR HIM,12,12
3374,PLNI,PALANI,12,12
3375,PMQ,PARMANAND,12,12
3376,PMU,PARMANANDPUR,12,12
3377,PNM,PANYAM,12,12
3378,PNPL,PANPALI  PH,12,12
3379,PNPR,PUNNAPRA,12,12
3380,PNSA,PUNSIA H,12,12
3381,POY,POLLACHI,12,12
3382,PPG,PIPLODA BAGL,12,12
3383,PPM,PHIRANGIPURA,12,12
3384,PRAR,PAROR,12,12
3385,PRBG,PRATAP BAGH,12,12
3386,PRCA,PERECHERLA,12,12
3387,PRDP,PARADEEP,12,12
3388,PRL,POLUR,12,12
3389,PRY,PARAIYA,12,12
3390,PRZ,PARSA,12,12
3391,PSO,PALSORAMKDN,12,12
3392,PSR,PASRAHA,12,12
3393,PTI,PATIALI,12,12
3394,PTKP,POTKAPALLI,12,12
3395,PUA,PULLA,12,12
3396,PUN,PUNDI,12,12
3397,PVL,PASUPATIKOVI,12,12
3398,RAI,RAIBHA,12,12
3399,RBD,RAHIMABAD,12,12
3400,RBJ,RAIBOJHA,12,12
3401,RBK,REOTI BAHORA,12,12
3402,RBS,RUPBAS,12,12
3403,RDN,RUDAIN,12,12
3404,RDP,RADHIKAPUR,12,12
3405,RDT,RAVTHA ROAD,12,12
3406,RECH,RECHNI ROAD,12,12
3407,RF,RAFALESHWAR,12,13
3408,RGJ,RAIGANJ,12,12
3409,RGM,RANGAPURAM,12,12
3410,RHMA,RAHAMA,12,12
3411,RHR,RAJHAURA,12,12
3412,RJO,RAJENDRA PUL,12,12
3413,RKSH,RISHIKESH,12,12
3414,RLG,RELANGI,12,12
3415,RMB,RAMPURA BERI,12,12
3416,RMNP,RAMANNAPET,12,12
3417,RNTL,RANITAL,12,12
3418,RNV,RANIWARA,12,12
3419,ROB,ROBERTSON,12,12
3420,RPD,RUPAUND,12,12
3421,RRL,REWRAL,12,12
3422,SAA,SATHIAON,12,12
3423,SAGR,SHRIRAJNAGAR,12,12
3424,SAT,SANTROAD,12,12
3425,SBBJ,SRI BALABRAH,12,12
3426,SBR,SAMBHAR LAKE,12,12
3427,SCA,SALCHAPRA,12,12
3428,SDG,SAHADAI BUZU,12,12
3429,SDVL,SOLDEVANAHAL,12,12
3430,SED,SHEDBAL,12,12
3431,SHV,SHIVANI,12,12
3432,SIHO,SIHO,12,12
3433,SIKR,SIKAR JN.,12,12
3434,SKN,SRI KRISHNA,12,12
3435,SLKR,SALKA ROAD,12,12
3436,SLT,SILAUT,12,12
3437,SLU,SASALU,12,12
3438,SMNN,SHRI MAKRI N,12,12
3439,SNGR,SANGANNAPUR,12,12
3440,SNH,SAUNSHI,12,12
3441,SNRR,SANSARPUR,12,12
3442,SNV,SONDAD,12,12
3443,SOGR,SOGORA,12,12
3444,SOHL,SOHAL,12,12
3445,SPL,SUNDARAPERUM,12,12
3446,SPQ,SORUPETA,12,12
3447,SRA,SEMRA,12,12
3448,SRM,SARNA,12,12
3449,SRNK,SORON SHUKAR,12,12
3450,SRO,SIRATHU,12,12
3451,STKW,SULTANPUR KA,12,12
3452,STUR,SATULUR,12,12
3453,SVN,SIVUNGAON,12,12
3454,SVNR,SAVANUR,12,12
3455,SWI,SWAMI MALAI,12,12
3456,SWNI,SIWANI,12,12
3457,SWR,SONUA,12,12
3458,SWRT,SAHAWAR TOWN,12,12
3459,SXN,SONAKHAN,12,12
3460,SXP,SANKOPARA H,12,12
3461,SZ,SALAWAS,12,12
3462,TAR,THARSA,12,12
3463,TDPM,TODIYAPPULAM,12,12
3464,TELO,TELO,12,12
3465,TGM,TANGARMUNDA,12,12
3466,TGQ,TENGANMADA,12,12
3467,THL,TIRUVALAM,12,12
3468,TIL,TILRATH,12,12
3469,TKG,THAKURGANJ,12,12
3470,TKN,TANKUPPA,12,12
3471,TKP,TAKIPUR,12,12
3472,TKRI,TIKIRI,12,12
3473,TLMD,TRILOCHAN MA,12,12
3474,TLU,TARLUPADU,12,12
3475,TPW,TIRUPATI WES,12,12
3476,TPY,TADAKAL PUDI,12,12
3477,TRZ,TOLRA,12,12
3478,TT,TITTE,12,12
3479,TTQ,THATHANKULAM,12,12
3480,TUG,THALANGAI,12,12
3481,UHL,UNA HIMACHAL,12,12
3482,UJ,UJALVAV,12,12
3483,UJH,UJHANI,12,12
3484,UKH,UKHALI HALT,12,12
3485,UKN,UKLANA,12,12
3486,UMN,AMBLIYASAN J,12,12
3487,UNL,UNHEL,12,12
3488,URGA,URGA,12,12
3489,URL,UNJALUR,12,12
3490,VAA,BHAGA JN,12,12
3491,VAT,VATLUR,12,12
3492,VDKS,VADANAM KURU,12,12
3493,VI,VILLIANUR HA,12,12
3494,VNA,VARANGAON,12,12
3495,VNE,VISHWANATH C,12,12
3496,VRH,VIRBHADRA,12,12
3497,WDM,WYNDHAMGANJ,12,12
3498,WDN,VADGAON NILA,12,12
3499,WRA,WALAYAR,12,12
3500,WRI,WARASEONI,12,12
3501,XBKJ,BIKRAM GANJ,12,12
3502,AMIN,AMIN,11,11
3503,BBDE,BABARPUR,11,11
3504,BBMN,BARI BRAHMAN,11,11
3505,BDPR,BRINDABANPUR,11,11
3506,BEX,BELBONI PH,11,11
3507,BHTN,BHITONI,11,11
3508,BIRP,BIRARAJPUR,11,11
3509,BJ,BAHJOI,11,11
3510,BKNO,BIKNAPH,11,11
3511,BKO,BINDKI ROAD,11,11
3512,BNU,BANDAKPUR,11,11
3513,BRGW,BARGAWAN,11,11
3514,BUT,BAYTU,11,11
3515,BVL,BIKKAVOLU,11,11
3516,BZC,BELIATOR PH,11,11
3517,BZG,BILGA,11,11
3518,BZJT,BAZIDA JATAN,11,11
3519,BZK,BHAINI KHURD,11,11
3520,CAG,CHHABRAGUGOR,11,11
3521,CMMG,CHAMUNDA MAR,11,11
3522,CPHT,COOPERS HALT,11,11
3523,CTRE,CHITTERI,11,11
3524,CTYL,CHITYALA,11,11
3525,CVR,CHORVAD,11,11
3526,DDY,DUDWINDI,11,11
3527,DGU,DIGARU,11,11
3528,DHPD,DHAPARA DHAM,11,11
3529,DNL,DHANOLI,11,11
3530,DUMK,DUMKA,11,11
3531,GAG,GANGAGHAT,11,11
3532,GAJ,GANESHGANJ,11,11
3533,GHGL,GHAGWAL,11,11
3534,GOK,GOKARNA ROAD,11,11
3535,GSGB,GOSAINGRAM,11,11
3536,GUU,GUNDRATIMADU,11,11
3537,GVDP,GOVINDPUR PH,11,11
3538,GVI,GARIVIDI,11,11
3539,HAM,HAMIRATTI PH,11,11
3540,HKP,HAKIMPUR,11,11
3541,IAM,MAI HALT,11,11
3542,JHDC,JAHANABAD  C,11,11
3543,KFPR,KAFURPUR,11,11
3544,KFU,KOHAND HALT,11,11
3545,KHBJ,KHANNA BANJA,11,11
3546,KITA,KITA,11,11
3547,KIV,KAILSA,11,11
3548,KRIH,KORAI HALT,11,11
3549,KRLR,KARAILA ROAD,11,11
3550,KRMR,KARIM NAGAR,11,11
3551,KS,KHETA SARAI,11,11
3552,LDP,LODIPUR BISH,11,11
3553,LKDU,LANKALAKODER,11,11
3554,LPJ,LALPUR JAM,11,11
3555,MBY,MANDI DABWAL,11,11
3556,MFL,MISHRAULI,11,11
3557,MGR,MONGHYR,11,11
3558,MHBT,MAHBUB NAGAR,11,11
3559,MHV,MAHUVA,11,11
3560,MKRN,MAKRONIA,11,11
3561,MMH,MAHADANAPURA,11,11
3562,MNZ,MANANI,11,11
3563,MPU,MEDAPADU,11,11
3564,MVN,MILAVITTAN,11,11
3565,MZZ,MANJURI ROAD,11,11
3566,NDPU,NUDURUPADU,11,11
3567,NEMA,NEMA HALT,11,11
3568,NMKL,NAMAKKAL,11,11
3569,NOB,NOBANDA PH,11,11
3570,NRG,NERGUNDI JN.,11,11
3571,NRM,NURMAHAL,11,11
3572,NSU,NISOI,11,11
3573,NWU,NAVAPUR,11,11
3574,NZP,NIYAZIPUR HA,11,11
3575,PFR,PACHOR ROAD,11,11
3576,PLI,PETTAIVAYTAL,11,11
3577,PLPM,PALAPPURAM H,11,11
3578,PLVA,PALLEVADA,11,11
3579,PUMU,PENUMARRU HA,11,11
3580,RAJP,RAJAPUR ROAD,11,11
3581,RLA,RAJULA ROAD,11,11
3582,RPHR,RAIPUR HARYA,11,11
3583,SAL,SALWA,11,11
3584,SAU,SANAND,11,11
3585,SBNM,SUBARNAMRIGI,11,11
3586,SCI,SANCHI,11,11
3587,SGDM,SIGADAM,11,11
3588,SGRA,SANGARIYA,11,11
3589,SGRD,SARAGAON ROA,11,11
3590,SKR,SAKHPUR,11,11
3591,SLY,SAMALPATTI,11,11
3592,SMLT,SAMLOTI,11,11
3593,SMP,SAMBHUPURA,11,11
3594,SONA,SONAMUKHI PH,11,11
3595,SYM,SAVALYAPURAM,11,11
3596,TBTN,THANA BHAWAN,11,11
3597,THPR,TIPPAPUR HAL,11,11
3598,UKL,UTTUKULI,11,11
3599,VBW,VAIBHAVWADI,11,11
3600,VGT,UNGUTURU,11,11
3601,VRE,VAREDIA,11,11
3602,AAY,ARALVAYMOLI,10,10
3603,ABKP,AMBIKAPUR,10,10
3604,ABSA,AMBASSA,10,10
3605,AEJ,ARNEJ,10,10
3606,AEK,ANEKAL ROAD,10,10
3607,AGR,AMARGARH,10,10
3608,AHU,AHIRAULI (HA,10,10
3609,AIG,AIGAWAN,10,10
3610,AJH,AJHAI,10,10
3611,AJTM,AJIT GILL MA,10,10
3612,AJU,ARJUNI,10,10
3613,AKK,AKKIHEBBALU,10,10
3614,ALB,ALIYAVADA,10,10
3615,ALNI,ALNIYA,10,10
3616,AMVA,AMARAVILLA H,10,10
3617,ANAS,ANAS,10,10
3618,ANU,ANANGUR,10,10
3619,APD,ALIPUR DUAR,10,10
3620,ARGL,ARGUL,10,10
3621,ARGP,ARALAGUPPE,10,10
3622,AUN,AURANG NAGAR,10,10
3623,BAE,BALIAKHERI,10,10
3624,BANI,BANI,10,10
3625,BBHT,BARABAR HALT,10,10
3626,BCB,BHOWRA BH,10,10
3627,BDB,VRINDAVAN,10,10
3628,BDI,BHADLI,10,10
3629,BDLN,BORDOLANI,10,10
3630,BDRL,BYADARA HALL,10,10
3631,BDWS,BADARWAS,10,10
3632,BDY,BUDDIREDDIPP,10,10
3633,BEG,BEHTAGOKAL,10,10
3634,BELT,BELA,10,10
3635,BFPA,BHOPATPUR,10,10
3636,BGWD,BAGEWADI H,10,10
3637,BHBK,BODHADI BUJR,10,10
3638,BHGP,BHAGIRATHPUR,10,10
3639,BHKD,BHURKUNDA,10,10
3640,BHKH,BAGHOIKUSA,10,10
3641,BHNP,BISHANPUR HA,10,10
3642,BHTA,BHATIA,10,10
3643,BIO,BORDI,10,10
3644,BJT,BAJPATTI,10,10
3645,BJV,BIJAURIA,10,10
3646,BKDR,BEGUNKODAR,10,10
3647,BKJ,BARKUR,10,10
3648,BKTB,BINDUKURI,10,10
3649,BLKR,BALLEKERE,10,10
3650,BLL,BANTANAHAL,10,10
3651,BLRR,BELANDUR ROA,10,10
3652,BMCK,BISSAM  CUTT,10,10
3653,BMGM,BRAHMANA GUD,10,10
3654,BMLL,BAMLA,10,10
3655,BMPL,BRAHMANPALLI,10,10
3656,BNDP,BUNIYADPUR,10,10
3657,BNL,BEVINAHALU,10,10
3658,BNQ,BANARHAT,10,10
3659,BNQL,BHANKALA,10,10
3660,BNWC,BHIWANI CITY,10,10
3661,BOF,BAROG,10,10
3662,BOG,BHAIRONGARH,10,10
3663,BPY,BADAMPUDI,10,10
3664,BQP,BIGHAPUR,10,10
3665,BRE,BHARWARI,10,10
3666,BRH,BAIKUNTHPUR,10,10
3667,BRN,BARHAN JN.,10,10
3668,BRSA,BARWA KALAN,10,10
3669,BRSQ,BRAR SQUARE,10,10
3670,BSGN,BASUGAON,10,10
3671,BSPN,BASSI PATHAN,10,10
3672,BSPR,BISHRAMPUR,10,10
3673,BSUR,BISALPUR,10,10
3674,BSYA,BARKISALAIYA,10,10
3675,BTDF,BOTAD JN (MG,10,10
3676,BTJ,BISHNATH GAN,10,10
3677,BTR,BUTARI,10,10
3678,BTRA,BANTHRA,10,10
3679,BUM,BOMMASAMUDRA,10,10
3680,BVN,BISWAN,10,10
3681,BVQ,BHILAVDI,10,10
3682,BVU,BALIPARA,10,10
3683,BVW,BAHMNIWALA,10,10
3684,BWF,BUTEWALA,10,10
3685,BWI,BILWAI,10,10
3686,BWL,BAWAL,10,10
3687,BWR,BARWA SAGAR,10,10
3688,BWZ,BADDOWAL,10,10
3689,BXG,BHANGA,10,10
3690,BXP,BARPATHAR,10,10
3691,BXQ,BRUNDAMAL,10,10
3692,BXY,BORDHAI,10,10
3693,BYQ,BAHAI HALT,10,10
3694,BZR,BISRA,10,10
3695,BZY,BASAI,10,10
3696,CAPC,CHARTRAPUR C,10,10
3697,CDL,CHODIALA,10,10
3698,CEM,CHEEKATEEGAL,10,10
3699,CGV,CHINGAVANAM,10,10
3700,CGX,CHARGOLA,10,10
3701,CHB,CHABUA,10,10
3702,CHP,CHAPPI,10,10
3703,CHPD,CHEPPAD,10,10
3704,CHRM,CHIRMIRI,10,10
3705,CKA,CHAK PAKHEWA,10,10
3706,CKB,CHOUTH-KA-BA,10,10
3707,CKDL,CHAKDAYALA,10,10
3708,CKLA,CHAK BANWALA,10,10
3709,CKLT,CHAKKALI LAI,10,10
3710,CKM,CHAUKI MAN,10,10
3711,CLF,CHHULHA,10,10
3712,CMNR,CHAMRAJANAGA,10,10
3713,CNDB,CHANDUR BAZA,10,10
3714,CNDM,CHANDI MANDI,10,10
3715,CNKP,CHANAKYAPURI,10,10
3716,CPBH,CHIRAILLA PA,10,10
3717,CPN,CHAMPANER RO,10,10
3718,CRW,CHARAUD,10,10
3719,CTMP,CHHIT MAKAND,10,10
3720,CTPE,CHANDANATTOP,10,10
3721,CV,CAUVERY,10,10
3722,CVJ,CHAVAJ (BLOC,10,10
3723,CWA,CHHINWARA JN,10,10
3724,DAJ,DAROJI,10,10
3725,DAU,DAGRU,10,10
3726,DAVC,D.A.V.COLLEG,10,10
3727,DC,MAGUDANCHAVA,10,10
3728,DCAB,BMY D CABIN,10,10
3729,DCK,DHANDHUKA,10,10
3730,DDD,DHONDHA DIH,10,10
3731,DHP,DICHPALLI,10,10
3732,DHPR,DAPPER,10,10
3733,DJG,DULIAJAN,10,10
3734,DKC,DEVARKADRE,10,10
3735,DLMH,DHAULIMUHAN,10,10
3736,DLPI,DELHI INDRAP,10,10
3737,DLQ,DALELNAGAR,10,10
3738,DLZ,DHOLBAZA,10,10
3739,DMC,DHEMAJI,10,10
3740,DNQ,DANDKHORA,10,10
3741,DNRA,DANDHERA,10,10
3742,DNV,DONKINAVALAS,10,10
3743,DODH,DODH,10,10
3744,DOK,DHOLKA,10,10
3745,DORD,DEO ROAD,10,10
3746,DRR,DHARUR,10,10
3747,DSNI,DAUSNI,10,10
3748,DUE,DUDAHI,10,10
3749,DULP,DAULATPUR HA,10,10
3750,DUR,DESUR,10,10
3751,DXG,DHARANGAON,10,10
3752,DYK,DUDHIA KHURD,10,10
3753,DZKT,DURGACHAK TO,10,10
3754,EKR,EKANGAR SARA,10,10
3755,EL,ELAMANUR,10,10
3756,FGSB,FATEHGARH SA,10,10
3757,GBX,GOVINDPUR RO,10,10
3758,GDQ,GODAMGURA,10,10
3759,GG,GANDHIGRAM,10,10
3760,GIF,GANI DHAM HA,10,10
3761,GJ,GANGAJHARI,10,10
3762,GJD,GUJHANDI,10,10
3763,GJW,GAJUWALA HAL,10,10
3764,GKM,GUNDLAKAMMA,10,10
3765,GLBA,GOLABAI,10,10
3766,GMDA,GUMADA,10,10
3767,GMIA,GUMIA,10,10
3768,GNC,GANDHINAGAR,10,10
3769,GOE,GHOGRAPAR,10,10
3770,GOM,GOGAMUKH,10,10
3771,GPE,GOGI POTHIA,10,10
3772,GPZ,GOHPUR,10,10
3773,GQL,GURLA,10,10
3774,GRBL,GARUDABILLI,10,10
3775,GRD,GIRDIH,10,10
3776,GRH,GHORASAHAN,10,10
3777,GRR,GORPHAR,10,10
3778,GTF,GUMTHAL,10,10
3779,GUB,GULARBHOJ,10,10
3780,GVB,GUNERU BAMOR,10,10
3781,GZL,GAZULAPALLI,10,10
3782,GZO,GAZOLE,10,10
3783,GZT,GHAZIPUR GHA,10,10
3784,HDB,HALDIBARI,10,10
3785,HGI,HAGARI,10,10
3786,HHP,HARHAR FATEH,10,10
3787,HIL,HILSA BLOCK,10,10
3788,HLE,HEELALIGE,10,10
3789,HLK,HOLALKERE,10,10
3790,HMA,HUMMA,10,10
3791,HMR,HAMIRA,10,10
3792,HNH,HANUMANAHALL,10,10
3793,HNK,HANAKERE,10,10
3794,HOD,HALDIA BIHAR,10,10
3795,HOJ,HAMILTONGANJ,10,10
3796,HPKA,HINOTIA-PIPA,10,10
3797,HR,HARPALU,10,10
3798,HRB,HARRI,10,10
3799,HSI,HARSAULI,10,10
3800,HSP,HASANPARTI R,10,10
3801,HTJ,HATHRAS ROAD,10,10
3802,IDL,INDALVAI,10,10
3803,IGU,IRUGUR,10,10
3804,INK,INTEKANNE,10,10
3805,IPR,ISLAMPUR,10,10
3806,IQB,IQBALPUR,10,10
3807,IRA,ISRANA HALT,10,10
3808,JAB,YAMUNA BRIDG,10,10
3809,JAU,JHAUA,10,10
3810,JBK,JAGGAMBHOTLA,10,10
3811,JBO,JAMADOBA PH,10,10
3812,JCY,JIND CITY,10,10
3813,JDB,JAGADALPUR,10,10
3814,JDPT,JAGDISHPUR,10,10
3815,JGD,JAGADISPUR,10,10
3816,JGJ,JAGESHARGANJ,10,10
3817,JGW,JOGIWALA,10,10
3818,JJR,JEJURI,10,10
3819,JKHI,JAKHOD KHERA,10,10
3820,JLS,JALESAR ROAD,10,10
3821,JLT,JHAMAT (HALT,10,10
3822,JMPT,JIMIDIPETA,10,10
3823,JNO,JUNNORDEO,10,10
3824,JNP,JAGAN NATHAP,10,10
3825,JOA,JANWAL,10,10
3826,JOL,JOGAL,10,10
3827,JPG,JALPAIGURI,10,10
3828,JPM,JIYAPURAM HA,10,10
3829,JRJ,JARGAON,10,10
3830,JSGR,JHARSUGUDA R,10,10
3831,JSL,JASSOWAL HAL,10,10
3832,JTH,JHOK TAHAL S,10,10
3833,JTTN,JORHAT TOWN,10,10
3834,JUP,JHUNPA,10,10
3835,JWN,JIWA ARAIN,10,10
3836,JYP,JEYPORE (ORI,10,10
3837,KAQ,KOLANUKONDA,10,10
3838,KAR,KARNA,10,10
3839,KAWL,KANDWAL,10,10
3840,KBSH,KRISHNA BALL,10,10
3841,KCF,KALCHINI,10,10
3842,KCU,KACHHLA,10,10
3843,KDE,KORADACHERI,10,10
3844,KDNL,KADAYANALLUR,10,10
3845,KEF,KRISHNA MAKO,10,10
3846,KEM,KEM,10,10
3847,KER,KIRIHARAPUR,10,10
3848,KFV,KUNDARA EAST,10,10
3849,KFX,KOCHEWAHI,10,10
3850,KGE,KATANGI,10,10
3851,KH,KAHILIA,10,10
3852,KHRK,KHARAK,10,10
3853,KIQ,KHAI PHEMEKI,10,10
3854,KIY,KALAYAT,10,10
3855,KJV,KHIJADIYA JN,10,10
3856,KKA,KANKI,10,10
3857,KLJI,KALIJAI,10,10
3858,KLMR,KALAMASSERI,10,10
3859,KLU,KALLURU,10,10
3860,KMRJ,KUMARGANJ,10,10
3861,KMX,KOMATIPALLI,10,10
3862,KNH,KONCH,10,10
3863,KNPR,KENDRAPARA R,10,10
3864,KNRI,KUNURI,10,10
3865,KNRT,KUNERU,10,10
3866,KODI,KODI,10,10
3867,KOKA,KOKA,10,10
3868,KPB,KHARPOKHRA,10,10
3869,KPXR,KAIPADAR ROA,10,10
3870,KQA,KONDAGUNTA,10,10
3871,KQT,KURGUNTA,10,10
3872,KQZ,KOLAR,10,10
3873,KRG,KOREGAON,10,10
3874,KRSA,KHARSALIYA,10,10
3875,KRSW,KOHAR SINGH,10,10
3876,KRT,KHURAHAT,10,10
3877,KRTN,KIRTINAGAR H,10,10
3878,KRYA,KURRAIYA,10,10
3879,KSM,KAMASAMUDRAM,10,10
3880,KSPR,KASHIPURA SA,10,10
3881,KTGD,KOTHGANGAD,10,10
3882,KTJ,KHALTIPUR,10,10
3883,KTO,KATORA,10,10
3884,KU,KULIKARAI,10,10
3885,KUDN,KUDNI,10,10
3886,KUF,KAURAH,10,10
3887,KUL,KALLAYI,10,10
3888,KVD,KHURMABAD RO,10,10
3889,KWE,KHURIAL,10,10
3890,KWN,KACHEWANI,10,10
3891,KXB,KANJIA,10,10
3892,KYM,KADIYAM,10,10
3893,KYOP,KOTTAPALLI H,10,10
3894,LDCY,LODI COLONY,10,10
3895,LDR,LANDAURA,10,10
3896,LDY,LAKKITI,10,10
3897,LER,LEHRA F,10,10
3898,LHBK,LOTHAL BHURK,10,10
3899,LHLL,LAHLI,10,10
3900,LKD,LAKODARA,10,10
3901,LKT,HULKOTI,10,10
3902,LNN,LONAND,10,10
3903,LNW,LAKHANWARA,10,10
3904,LP,LALAPET,10,10
3905,LPG,LAPANGA,10,10
3906,LPNR,LAJPAT NAGAR,10,10
3907,LSX,LOISINGHA,10,10
3908,LTD,LATHIDAD,10,10
3909,LUSA,LUSA,10,10
3910,LVR,LOK VIDYAPIT,10,10
3911,MABN,MABAN,10,10
3912,MALA,MALA,10,10
3913,MBC,MAHANANDA BR,10,10
3914,MDDP,MANDIDEEP,10,10
3915,MDJN,MADAR JN,10,10
3916,MDKI,MADUKARAI,10,10
3917,MDRR,MADHAVNAGAR,10,10
3918,MDT,MADARIHAT,10,10
3919,MDVK,MAHADEO KHED,10,10
3920,MDW,MARWAR MUNDW,10,10
3921,MEM,MAU AIMMA,10,10
3922,MENP,MEENAPUR,10,10
3923,MFJ,MUFTIGANJ,10,10
3924,MFZ,MALAHAR,10,10
3925,MGK,MULAGUNNATHU,10,10
3926,MGZ,MAHARAJGANJ,10,10
3927,MHA,MARAHRA,10,10
3928,MHBG,MAHADEVA  BU,10,10
3929,MHBZ,MAHTHA BAZAR,10,10
3930,MHHR,MAHESRA,10,10
3931,MHP,MUHAMMADPUR,10,10
3932,MIL,MILAK,10,10
3933,MJN,MAKUM JN.,10,10
3934,MK,MIRANPUR KAT,10,10
3935,MKH,MALAKHERA,10,10
3936,MKTP,MUKETASHWAR,10,10
3937,MLFC,MALDA COURT,10,10
3938,MLGH,MANDALGARH,10,10
3939,MLP,MALLAPUR,10,10
3940,MMD,MAHESHA MUND,10,10
3941,MME,MULMARORA,10,10
3942,MMS,MANDASA ROAD,10,10
3943,MND,MUNDERWA,10,10
3944,MNHL,MAJHAIRAN HI,10,10
3945,MNU,MUNDIKOTA,10,10
3946,MNUR,MANNANUR,10,10
3947,MNWL,MANWAL,10,10
3948,MNY,MANKARAI,10,10
3949,MO,MOHOL,10,10
3950,MOF,MONDH,10,10
3951,MPR,MAKARPURA,10,10
3952,MQG,MILANGARH,10,10
3953,MQN,MANYAM KONDA,10,10
3954,MQP,MAKRANDPUR,10,10
3955,MQS,MALSIAN SHAH,10,10
3956,MQU,MURUKKAMPUZH,10,10
3957,MRBL,MURI BAHAL,10,10
3958,MRDL,MERAMANDOLI,10,10
3959,MSDH,MASNADIH,10,10
3960,MSE,MASANI,10,10
3961,MST,MASIT,10,10
3962,MTHP,MITHAPUR,10,10
3963,MTI,MITAWAL,10,10
3964,MTNL,MUTTARASANAL,10,10
3965,MUC,MULLURCARAI,10,10
3966,MUK,MUNUMAKA,10,10
3967,MUKE,MUKKALI HALT,10,10
3968,MVP,MOKHASA KALA,10,10
3969,MVPM,MAVELIPALAIY,10,10
3970,MXK,MANDRAK,10,10
3971,MY,MALLIYAM,10,10
3972,MYU,MAYANOOR,10,10
3973,MZS,MURKEONG SEL,10,10
3974,NAK,NAKSALBARI,10,10
3975,NAM,NAMRUP,10,10
3976,NASP,NARASINGAPAL,10,10
3977,NAU,NADAPURAM RO,10,10
3978,NAVI,NEW AMRAVATI,10,10
3979,NBKH,NABA GRAM KA,10,10
3980,NERH,NER HALT,10,10
3981,NG,NAGARI,10,10
3982,NGB,NAWABGANJ(GO,10,10
3983,NGJA,NARAYANAPPAV,10,10
3984,NHF,NIHASTA HALT,10,10
3985,NIQ,NIGAURA,10,10
3986,NIRA,NIRA,10,10
3987,NIT,NAIKOT F,10,10
3988,NKB,NAGRAKATA,10,10
3989,NLP,NORTH LAKHIM,10,10
3990,NMD,NIMODA,10,10
3991,NMT,NAMTIALI,10,10
3992,NMX,NEW MAYNAGUR,10,10
3993,NOH,NIGOHI,10,10
3994,NOMD,NOAMUNDI,10,10
3995,NRI,NARAINA,10,10
3996,NRK,NARAIKKINAR,10,10
3997,NRVR,NARAINA VIHA,10,10
3998,NSX,NARSIPURAM,10,10
3999,NVG,NAWEGAON,10,10
4000,NWMS,NOAPARA MAHI,10,10
4001,NXN,NAWAGAON,10,10
4002,NYT,NAYATOLA,10,10
4003,ODB,OODLABARI,10,10
4004,OML,OMALUR,10,10
4005,ORR,ORR,10,10
4006,OSN,OSIYAN,10,10
4007,PAS,PASUR,10,10
4008,PAVP,PEDDA AVUTAP,10,10
4009,PBKS,PAMBAKOVIL S,10,10
4010,PBM,PAMBAN,10,10
4011,PBP,PEMBARTI,10,10
4012,PCN,PUNCH PIPLIA,10,10
4013,PDG,PARADGAON HA,10,10
4014,PDL,PENDEKALLU,10,10
4015,PDPR,PURANDARPUR,10,10
4016,PDZ,PILODA,10,10
4017,PG,PERGAON,10,10
4018,PGA,PAGARA,10,10
4019,PGN,PERUGAMANI,10,10
4020,PHS,FEROZESHAH,10,10
4021,PHWR,PEHOWA ROAD,10,10
4022,PIGT,PILIGHAT,10,10
4023,PIT,PALITANA,10,10
4024,PKF,POKLA,10,10
4025,PLL,PARLI,10,10
4026,PLMD,PILAMEDU,10,10
4027,PNGM,PANCHGRAM,10,10
4028,PNPN,PANPANA PH,10,10
4029,POKL,PEOKOL  HALT,10,10
4030,POO,POTLAPADU,10,10
4031,POU,PADRAUNA,10,10
4032,PP,PURANPUR,10,10
4033,PPDE,PANDU PINDAR,10,10
4034,PPDI,PIPRADIH,10,10
4035,PPR,PIPAR ROAD J,10,10
4036,PPZ,PEDDAMPET,10,10
4037,PRB,PARBATI,10,10
4038,PRKH,PARAKANHATTI,10,10
4039,PRT,PANRUTI,10,10
4040,PSE,PUSAULI,10,10
4041,PSZ,PARSAUNI,10,10
4042,PTLD,PATILADAHA,10,10
4043,PTT,PUTALAPATTU,10,10
4044,PUM,PALLIPPURAM,10,10
4045,PUX,PARASIA,10,10
4046,PVZ,PARVEZPUR,10,10
4047,PYX,PEYANAPALLI,10,10
4048,RAG,RAIGIR  HALT,10,10
4049,RAM,RAMAPURAM,10,10
4050,RASP,RASIPURAM,10,10
4051,RCTC,RAGHUNATHPUR,10,10
4052,RDF,RADHAGAON,10,10
4053,RDHP,RADHANPUR,10,10
4054,RDI,KARDI,10,10
4055,RG,RAJGHAT NARO,10,10
4056,RGI,RAMAGIRI,10,10
4057,RGP,RAGHUNATHPAL,10,10
4058,RGPM,RAGHAVAPURAM,10,10
4059,RIKA,RATIKHEDA,10,10
4060,RJPM,RAJAPALAYAM,10,10
4061,RKL,RAMKOLA,10,10
4062,RMC,RAM CHAURA R,10,10
4063,RMJK,RAMNAGAR(J-K,10,10
4064,RML,ROMPALLE PH,10,10
4065,RMN,RAMAN,10,10
4066,RMY,RUKMAPUR,10,10
4067,RNE,RANJANI,10,10
4068,ROI,REOTI,10,10
4069,RPB,RUPSIBARI,10,10
4070,RRW,RORANWALA,10,10
4071,RSI,RAISI,10,10
4072,RTI,RAOTI,10,10
4073,RTP,RATANPURA,10,10
4074,RTWS,RAHATWAS,10,10
4075,RUM,RUPAMAU,10,10
4076,RUSD,RUNNIASAIDPU,10,10
4077,RYP,RAYANAPADU,10,10
4078,SAB,SANTAMGALUR,10,10
4079,SAI,SARAI,10,10
4080,SALR,SALUR,10,10
4081,SANR,SARDARNAGAR,10,10
4082,SAPT,SUGAPAHARI H,10,10
4083,SATR,SATAR HALT,10,10
4084,SBDP,SABDALPUR JN,10,10
4085,SBH,SULEBHAVI,10,10
4086,SBK,SHAHBAZ KULI,10,10
4087,SBRA,SARBAHARA,10,10
4088,SCO,SATUNA,10,10
4089,SDM,SURAREDDIPAL,10,10
4090,SDPR,SARDAR PATEL,10,10
4091,SDS,SADULSHAHAR,10,10
4092,SDV,SOMIDEVI PAL,10,10
4093,SEJ,SARKHEJ,10,10
4094,SEV,SITHALAVAI H,10,10
4095,SFC,SAINTALA,10,10
4096,SG,SHAHGARH,10,10
4097,SGC,SAONGI,10,10
4098,SGJ,SAFDARGANJ,10,10
4099,SGPA,SUGAPAHARI H,10,10
4100,SHDR,SHAHDORAGAON,10,10
4101,SHN,SUCHAN KOTLI,10,10
4102,SIE,SIDDAMPALLI,10,10
4103,SJJ,SANJHA H,10,10
4104,SJNP,SUJANPUR,10,10
4105,SJPM,SUJATAPURAM,10,10
4106,SKGH,SAKTESGARH,10,10
4107,SKJS,KRISHAN JANM,10,10
4108,SLGH,SHELGAON HAL,10,10
4109,SLHP,SULAH HIMACH,10,10
4110,SLKX,SALAKATI,10,10
4111,SLRA,SARLA,10,10
4112,SLWR,SILAWAR,10,10
4113,SLZ,SOLARI,10,10
4114,SMBL,SIMBHOOLI,10,10
4115,SMCP,SIMEN CHAPAR,10,10
4116,SML,SHIMLA,10,10
4117,SMM,SALIYAMANGAL,10,10
4118,SNAP,SONA ARJUNPU,10,10
4119,SNC,SWAMI NARAYA,10,10
4120,SNK,SINDKHEDA,10,10
4121,SNKL,SANKARANKOVI,10,10
4122,SNM,SITANAGARAM,10,10
4123,SNX,SANEH ROAD,10,10
4124,SOJ,SAROJINI NAG,10,10
4125,SPTR,SILAPATHAR,10,10
4126,SQN,SARAI KANSRA,10,10
4127,SRKI,SEMER KHEDI,10,10
4128,SRPU,SRIPUR HALT,10,10
4129,SRTN,SIBSAGAR TOW,10,10
4130,SRUR,SIRPUR TOWN,10,10
4131,SSC,SHAHI,10,10
4132,SSD,SHAMSABAD,10,10
4133,SSG,SHIU SAGAR R,10,10
4134,SSN,SASON,10,10
4135,STH,SAITHAL (HAL,10,10
4136,SUL,SULDHAL,10,10
4137,SVD,SARWARI,10,10
4138,SVKS,SIVAKASI,10,10
4139,SVPM,SRIVENKATESW,10,10
4140,SVPR,SRIVILLIPUTT,10,10
4141,SW,SEHRAMAU,10,10
4142,SWNR,SEWA NAGAR,10,10
4143,SXD,SIDULI (FLAG,10,10
4144,SXK,SHAHJAHANPUR,10,10
4145,SXT,SALEM TOWN,10,10
4146,SZN,SHAHBAZNAGAR,10,10
4147,SZP,SHAHJAHANPUR,10,10
4148,SZZ,SABIRA,10,10
4149,TAA,TADLAPUSAPAL,10,10
4150,TAP,TAPANG,10,10
4151,TAV,TALALA JN,10,10
4152,TAY,TALAIYUTHU,10,10
4153,TBH,TATIBAHAR,10,10
4154,TDP,TODARPUR,10,10
4155,TDR,TIRUVIDAIMAR,10,10
4156,THN,TOLAHUNSE,10,10
4157,TJD,TAJPUR DEHMA,10,10
4158,TKC,THAKURKUCHI,10,10
4159,TKH,THAKURTOLA P,10,10
4160,TKLE,TIKANI,10,10
4161,TKQ,TRIKARPUR,10,10
4162,TKTB,THAKURBARI,10,10
4163,TLKH,TALAKHAJURI,10,10
4164,TMD,TALMADLA,10,10
4165,TNDE,THANESAR CIT,10,10
4166,TOI,TAMKUHI ROAD,10,10
4167,TOU,TELAPROLU,10,10
4168,TPE,TIRUCHIRAPPA,10,10
4169,TPTN,TIRUCHIRAPPA,10,10
4170,TQL,THEH QALANDA,10,10
4171,TQM,TELAM,10,10
4172,TRA,TANGRA,10,10
4173,TRM,TIRUNAGESVAR,10,10
4174,TRSR,TARSAI,10,10
4175,TSF,TAHSIL FATEH,10,10
4176,TSS,TALLI SAIDA,10,10
4177,TTL,TIRUTTANGAL,10,10
4178,TXM,TANDAVAPURA,10,10
4179,TZH,TAKAZHI,10,10
4180,UAA,UPPALA,10,10
4181,ULD,ACHALDA,10,10
4182,UPD,ULAVAPADU,10,10
4183,UPR,USMANPUR,10,10
4184,UPW,UPPALAVAI,10,10
4185,URPR,UGRASENPUR,10,10
4186,UTA,UMAR TALI,10,10
4187,VAPM,VALAPATTANAM,10,10
4188,VDI,VELDURTI,10,10
4189,VJF,VIJAPUR,10,10
4190,VJR,VIJAYA NAGAR,10,10
4191,VKNR,VALMIKINAGAR,10,10
4192,VKR,VENKATNAGAR,10,10
4193,VLA,BAVLA,10,10
4194,VP,VIRAPUR,10,10
4195,VRA,VALAVANUR HA,10,10
4196,VRBD,VRINDABAN RO,10,10
4197,VRLR,VIRANI ALUR,10,10
4198,VRM,VARNAMA,10,10
4199,VRPD,VIRAPANDY RO,10,10
4200,VRQ,VIRARAKKIYAM,10,10
4201,VTK,VALLATTOLNAG,10,10
4202,VTP,VASTRAPUR,10,10
4203,VZR,BHANJPUR,10,10
4204,WDJ,WANDER JATAN,10,10
4205,WTJ,JAMWANTHALI,10,10
4206,WTR,WATHAR,10,10
4207,WW,WANABAR HALT,10,10
4208,Y,YELIYUR,10,10
4209,YGL,YELGUR,10,10
4210,YPD,YERPEDU,10,10
4211,ZPI,ZAMPANI HALT,10,10
4212,AGCI,ANGADI,9,9
4213,AHM,AHIMANPUR,9,9
4214,AJIT,AJIT,9,9
4215,ALMW,ALMAW (HALT),9,9
4216,AMT,AMMAPET,9,9
4217,ARL,ARAUL MAKANP,9,9
4218,ATRR,ATRAURA (HAL,9,9
4219,BARL,BARAL,9,9
4220,BATM,BATALA SUGAR,9,9
4221,BDBG,BADHAI BALAM,9,9
4222,BDN,BHADAN,9,9
4223,BELD,BELKHEDA,9,9
4224,BFE,BAHAWAL BASI,9,9
4225,BFR,PALLIKERI HA,9,9
4226,BILD,BILDI,9,9
4227,BIY,BARDOLI,9,9
4228,BMR,BIKRAMPUR,9,9
4229,BNE,BOHANI,9,9
4230,BNG,BARNAGAR,9,9
4231,BPU,BHAUPUR,9,9
4232,BRBL,BIRAHALLI,9,9
4233,BRBS,BIRBANS,9,9
4234,BRGT,BHERAGHAT,9,9
4235,BRWH,BAHERWA (HAL,9,9
4236,BSGR,BHAGSAR,9,9
4237,BTRB,BETUR PH,9,9
4238,BUDR,BAUDPUR,9,9
4239,BUGM,BERUGRAM,9,9
4240,BWCN,BOWAICHANDI,9,9
4241,BWX,BAHMAN DIWAN,9,9
4242,BXLL,BILLI,9,9
4243,BXS,PICHCHANDAR,9,9
4244,BYH,BHITI,9,9
4245,CAMU,CHAMUA F,9,9
4246,CHH,CHAUKHANDI,9,9
4247,CHR,CHILKAHAR,9,9
4248,CWN,CHAREWAN HAL,9,9
4249,DAL,DALIGANJ JN,9,9
4250,DAS,DHASA,9,9
4251,DAV,DEVALGANAUCH,9,9
4252,DDV,DADHDEVI,9,9
4253,DEL,DENDULURU,9,9
4254,DGF,DHANGARIA PH,9,9
4255,DIM,DHANSIMLA PH,9,9
4256,DIW,DHILWAN,9,9
4257,DKT,DHULKOT,9,9
4258,DLD,DALAUDA,9,9
4259,DLPT,DULAKHAPATNA,9,9
4260,DOD,DHODHAR,9,9
4261,DOR,DUNDARA,9,9
4262,DRGJ,DARAGANJ,9,9
4263,DRQ,DHARMINIYA,9,9
4264,DS,DASNA,9,9
4265,DUK,DUDIA,9,9
4266,DUSI,DUSI,9,9
4267,FKB,FAKHRABAD HA,9,9
4268,FSR,FAQARSAR,9,9
4269,FTD,FATEHABAD JN,9,9
4270,GAUR,GAUR,9,9
4271,GDP,GUDUPALLI,9,9
4272,GJS,GAJSINGHPUR,9,9
4273,GLG,GULABGANJ,9,9
4274,GMD,GURAMKHEDI,9,9
4275,GMDP,GRAMDADPUR,9,9
4276,GMMG,GRAM MASAGRA,9,9
4277,GNJ,GUNJI,9,9
4278,GOR,GOPINATHPUR,9,9
4279,GPR,GHORPURI,9,9
4280,GRO,GURRA,9,9
4281,GRRG,GURLI RAMGAR,9,9
4282,GRZ,GURTHURI,9,9
4283,GSQ,GUIR SARANG,9,9
4284,GTQ,GUMTALI,9,9
4285,GXG,GEONG  HALT,9,9
4286,HBP,HARPUR BOCHA,9,9
4287,HDT,HARDATTPUR F,9,9
4288,IKK,IKKAR HALT,9,9
4289,INS,INDAS PH,9,9
4290,JBW,JHABELWALI,9,9
4291,JDDA,JETHA HALT,9,9
4292,JES,JAITSAR,9,9
4293,JGG,JANGIGANJ,9,9
4294,JLQ,JALPUR  HALT,9,9
4295,JRK,JERUWAKHERA,9,9
4296,JTB,JAGATBELA,9,9
4297,KED,KENDUAPADA,9,9
4298,KEH,KAPSETHI,9,9
4299,KESR,KESRI SINGHP,9,9
4300,KFK,KATKA,9,9
4301,KFQ,KUMARANALLUR,9,9
4302,KHM,KUSMHI,9,9
4303,KHRJ,KHUMBARAJ,9,9
4304,KISN,KALISEN PH,9,9
4305,KIW,KANWALPURA,9,9
4306,KKB,KARAKBEL,9,9
4307,KKRM,KAIKORAM,9,9
4308,KMRL,KUMRUI PH,9,9
4309,KPLD,KAPALI ROAD,9,9
4310,KSNR,KHUSHAL NAGA,9,9
4311,KSTE,KISTAMASETTI,9,9
4312,KWH,KACHHWA ROAD,9,9
4313,KYB,KAIYAR PH,9,9
4314,KYV,KOYILVENNI H,9,9
4315,KZPE,KAZIPARA HAL,9,9
4316,MA,MADHA,9,9
4317,MACR,MANGULI CHOW,9,9
4318,MAM,MANGALMAUDI,9,9
4319,MCO,MOTIHARI COU,9,9
4320,MCQ,MIRCHADHORHI,9,9
4321,MID,MADHI,9,9
4322,MLG,MALHARGARH,9,9
4323,MNKB,MIYON KA BAR,9,9
4324,MOW,MANANWALA,9,9
4325,MPLE,MAHIPAL  HAL,9,9
4326,MRN,MORWANI,9,9
4327,MSSD,MAHESHRI SAN,9,9
4328,MTIP,MATHNANHIPUR,9,9
4329,NHY,NAGANAHALLI,9,9
4330,NOI,NARIAOLI,9,9
4331,NTU,NIGATPUR F,9,9
4332,NVRD,NAVADE ROAD,9,9
4333,NVU,NAVALUR,9,9
4334,PATL,PATEL HALT,9,9
4335,PBJM,PABNAWAJAS M,9,9
4336,PDS,PINDARSI HAL,9,9
4337,PJP,PANJIPARA,9,9
4338,PLT,PIRTHALA LAL,9,9
4339,PNDM,PENNADAM,9,9
4340,PPB,PARTABPURA,9,9
4341,PPW,PACHPERWA,9,9
4342,PRI,PATHRI,9,9
4343,PSF,PATRASAYER P,9,9
4344,PTRJ,PATTI RAJPUR,9,9
4345,QTP,QUTABPUR,9,9
4346,RHW,ROHIRA GHALL,9,9
4347,RMRB,RAMNAGAR (BE,9,9
4348,RMZ,ROUTHPURAM H,9,9
4349,RNGR,RAINAGAR PH,9,9
4350,RSNR,RAI SINGH NA,9,9
4351,RTB,RAJA TALAB,9,9
4352,RTR,RAMNATHPUR,9,9
4353,RVD,RAVIKAMPADU,9,9
4354,RYS,RASUIYA,9,9
4355,SDBH,SINDRI B.H,9,9
4356,SDC,SAIDABAD,9,9
4357,SET,SETTIHALLI,9,9
4358,SFW,SARANGPUR,9,9
4359,SHKL,SHANKRUL PH,9,9
4360,SHMR,SHYAMSUNDAR,9,9
4361,SJGH,SARAI JAGDIS,9,9
4362,SJM,SAJUMA,9,9
4363,SMPR,SHRI MADHOPU,9,9
4364,SNKE,SUNEHTI KHAR,9,9
4365,SQE,SAMARALA HAL,9,9
4366,SQL,SONTALAI,9,9
4367,SRBZ,SEHARA BAZAR,9,9
4368,SRW,SHRI KARANPU,9,9
4369,SRX,SURA NUSSI,9,9
4370,SUT,SATLANA,9,9
4371,SVKD,SAVAR KUNDLA,9,9
4372,SVL,SEVALIYA,9,9
4373,SWG,SIDHWAN,9,9
4374,TAS,THASRA,9,9
4375,TBA,TIMBA ROAD J,9,9
4376,TIK,TIK,9,9
4377,TME,TUTIMELUR,9,9
4378,TMU,TIRUMATHIKKU,9,9
4379,TSA,TISUA,9,9
4380,TTU,TETTU,9,9
4381,TUWA,TUWA,9,9
4382,UKV,UTTAMARKOVIL,9,9
4383,ULL,ULLAL,9,9
4384,UNK,UNKAL,9,9
4385,UTL,UTARLAI,9,9
4386,VKG,VAVADI KHURD,9,9
4387,VLDE,VALADI,9,9
4388,VLE,VELLALCHERUV,9,9
4389,VLNK,VELANKANNI,9,9
4390,AADR,AMB  ANDAURA,8,8
4391,AAP,AMBIAPUR,8,8
4392,AAS,ASARANADA,8,8
4393,ACPR,ARCHIPATHAR,8,8
4394,ADHL,ADIHALLI,8,8
4395,ADQ,ADHIKARI,8,8
4396,ADVI,ADAVALI,8,8
4397,ADX,ADAPUR,8,8
4398,AED,AULENDA,8,8
4399,AEL,ATELI,8,8
4400,AGL,AMARGOL,8,8
4401,AGY,AGORI KHAS,8,8
4402,AHLR,AHALYAPUR F,8,8
4403,AIR,ALINDRA ROAD,8,8
4404,AJN,AJNOD,8,8
4405,ALAL,ALAL,8,8
4406,ALNP,AKELA HANSPU,8,8
4407,AMA,ATAMANDA,8,8
4408,AMC,AMRITHAPURA,8,8
4409,AMD,AMILA (HALT),8,8
4410,AMLP,AMALPUR,8,8
4411,AMY,AKATHAMURI,8,8
4412,ANA,ASLANA,8,8
4413,ANF,ANANTAPURAM,8,8
4414,ANP,ANANDATANDAV,8,8
4415,APH,ANUPGARH,8,8
4416,APN,AYODHYAPATTI,8,8
4417,APTA,APTA,8,8
4418,ARAG,ARAG,8,8
4419,ARNG,ARUN NAGAR H,8,8
4420,AROR,ARUR H.,8,8
4421,ASD,AMBASAMUDRAM,8,8
4422,ASLU,ASLU,8,8
4423,AT,ASNOTI,8,8
4424,ATS,ATTABIRA,8,8
4425,ATT,ATARI JN,8,8
4426,AUL,AGSAULI,8,8
4427,AUR,ATRAULI ROAD,8,8
4428,AVK,ARAVANKADU,8,8
4429,AWH,ALEWAHI,8,8
4430,AWS,AWASANI,8,8
4431,AZA,AZARA,8,8
4432,AZK,AZHWARKURUCH,8,8
4433,BAAR,BANDAR PH,8,8
4434,BAGJ,BARHARAGANJ,8,8
4435,BAI,BASSI,8,8
4436,BAKA,BANKA,8,8
4437,BALR,BAITALPUR,8,8
4438,BAMA,BIRAMBAD,8,8
4439,BAO,BANMORE,8,8
4440,BAPR,BALLUPUR FLA,8,8
4441,BBL,BALRAI,8,8
4442,BBN,BARBIL,8,8
4443,BCJ,BAGAHA BISHN,8,8
4444,BDBA,BADABANDHA R,8,8
4445,BDBS,BINDUBASINI,8,8
4446,BDDR,BADODAR,8,8
4447,BDE,BODELI,8,8
4448,BDGP,BADANAGUPPE,8,8
4449,BDWA,BHADWA PARA,8,8
4450,BDWL,BIRADHWAL,8,8
4451,BEO,BIROHE,8,8
4452,BEP,BHEERPUR,8,8
4453,BFD,BORHAT,8,8
4454,BFF,BARABHATI,8,8
4455,BFQ,BENDI,8,8
4456,BGD,BARA GUDHA,8,8
4457,BGND,BOGINADI,8,8
4458,BGNR,B G NAGAR,8,8
4459,BGQ,BHONGAON,8,8
4460,BGRM,BIGGABAS RAM,8,8
4461,BGSF,BISUGIR SHAR,8,8
4462,BGTN,BHAGTANWALA,8,8
4463,BHA,BHANDAI,8,8
4464,BHJ,BARHAJ BAZAR,8,8
4465,BHMA,BAGHMARA HAL,8,8
4466,BHME,BHANDARIDAH,8,8
4467,BHRH,BHUYAR,8,8
4468,BIGA,BIGGA,8,8
4469,BIJR,BIJOOR,8,8
4470,BILP,BHILUPUR,8,8
4471,BIQ,BANSI PAHARP,8,8
4472,BIWK,BISLAWASKALA,8,8
4473,BJG,BAJRANJGARH,8,8
4474,BJKN,BAJEKHAN HAL,8,8
4475,BJQ,BAGHORA,8,8
4476,BJY,BANGALBAREE,8,8
4477,BKHR,BAKHRI,8,8
4478,BKRL,BAKROL,8,8
4479,BKRO,BOKARO THERM,8,8
4480,BKTH,BAIKUNTH,8,8
4481,BLA,BAJALTA,8,8
4482,BLAX,BARLAI,8,8
4483,BLDK,BELAKOBA,8,8
4484,BLGA,BELAGULA,8,8
4485,BLGT,BALURGHAT,8,8
4486,BLJA,BHALOJALA  H,8,8
4487,BLLI,BALLI,8,8
4488,BLR,BLGANUR,8,8
4489,BLSR,BELASAR  HAL,8,8
4490,BLW,BALAWALI,8,8
4491,BMGN,BAMUNIGAON,8,8
4492,BMGR,BAMANGRAM,8,8
4493,BMHT,BARAW MORE,8,8
4494,BMP,BRAMHPURI,8,8
4495,BMW,BAMHANI,8,8
4496,BMY,BAMIANA,8,8
4497,BNH,BHIMNATH,8,8
4498,BNK,BANASANKARI,8,8
4499,BNLS,BANGI NIHAL,8,8
4500,BNO,BANAR,8,8
4501,BNWD,BHANDEWADI H,8,8
4502,BPRS,BHOGPUR SIRW,8,8
4503,BQH,BHANOHAD PUN,8,8
4504,BR,BANDH BARETH,8,8
4505,BRDB,BARDA,8,8
4506,BRDT,BERIA DAULAT,8,8
4507,BRGM,BARAIGRAM JN,8,8
4508,BRIH,BAIRI HALT,8,8
4509,BRMO,BERMO,8,8
4510,BRMT,BARAMATI,8,8
4511,BRQ,BAGRAKOT,8,8
4512,BS,BENISAR,8,8
4513,BSKH,BASUKINATH,8,8
4514,BSKR,BASI KIRATPU,8,8
4515,BSM,BISANATTAM,8,8
4516,BSZ,BHARWA-SUMER,8,8
4517,BTBR,BUTI BORI JN,8,8
4518,BTHL,BITHAULI F,8,8
4519,BTRI,BITROI,8,8
4520,BTRO,BASTOI (HALT,8,8
4521,BTX,BELA TAL,8,8
4522,BVO,BOGOLU,8,8
4523,BWBN,BEWAR BHOJAN,8,8
4524,BWC,BANWALI,8,8
4525,BWP,BHAWANIPUR K,8,8
4526,BWV,BHIWAPUR,8,8
4527,BWW,BARAWAHA,8,8
4528,BXA,BALOD,8,8
4529,BYP,BAIJNATHPUR,8,8
4530,BYS,BARSALI,8,8
4531,BYSA,BASULYA SUTA,8,8
4532,CABN,BMY A CABIN,8,8
4533,CAO,CHAURADANO,8,8
4534,CCA,CHIGICHERIA,8,8
4535,CCBG,CHICHOLIBUZU,8,8
4536,CCL,CHANCHELAV,8,8
4537,CCO,CHICHOLI,8,8
4538,CCP,CHHUCHHAPURA,8,8
4539,CDBN,CHEDHABANNI,8,8
4540,CGHD,CHINNADAGUDI,8,8
4541,CGON,CHAYGAON,8,8
4542,CHAF,CHAF HALT,8,8
4543,CHDX,CHHADA,8,8
4544,CHNR,CHHAN ARORIA,8,8
4545,CHTL,CHURARU TAKA,8,8
4546,CHWT,CHAPRAWAT HA,8,8
4547,CKG,CHOWKA GHAT,8,8
4548,CKN,CHINTA KANI,8,8
4549,CKSR,CHAKSAFAURA,8,8
4550,CLD,CHALSA,8,8
4551,CLDB,CHANDLODIYA(,8,8
4552,CLN,KOLLIDAM,8,8
4553,CMC,CHEMANCHERI,8,8
4554,CMX,CHAMAGRAM,8,8
4555,CMZ,CHALAMA,8,8
4556,CNPA,CHENNRAYAPAT,8,8
4557,CNPR,CHAINPUR,8,8
4558,COB,COOCH BEHAR,8,8
4559,COO,CHHOTI ODAI,8,8
4560,CPQ,CHAPRAKATA,8,8
4561,CRL,CHORAL,8,8
4562,CROA,CHAUTARA,8,8
4563,CRQ,CHARPOKHARI,8,8
4564,CRWA,CHIRAWA,8,8
4565,CS,KANNUR SOUTH,8,8
4566,CTD,CHHOTA UDEPU,8,8
4567,CTQ,CHETAR,8,8
4568,DABN,DHABAN,8,8
4569,DAG,DHANG,8,8
4570,DAO,DAGHORA,8,8
4571,DAP,DAGMAGPUR,8,8
4572,DAQ,DAUD KHAN,8,8
4573,DASF,DHASA JN (MG,8,8
4574,DB,DABHOI JN.,8,8
4575,DBB,DHUBRI,8,8
4576,DBNK,DERABABA NAN,8,8
4577,DBNR,DIBNAPUR  HA,8,8
4578,DBY,DIGBOI,8,8
4579,DCH,DINHATA COLL,8,8
4580,DCX,DHANIACHHA,8,8
4581,DDM,DAM DIM,8,8
4582,DDNI,DUDHNOI,8,8
4583,DEMU,DEMU,8,8
4584,DEOR,DIYODAR,8,8
4585,DEW,DEWALGAON,8,8
4586,DGBZ,DONGRIBUZURG,8,8
4587,DGDG,DURGADA GATE,8,8
4588,DGPP,DHENGLI PIMP,8,8
4589,DGY,DIGHORI BUZU,8,8
4590,DHH,DINHATA,8,8
4591,DHNA,DHACHNA,8,8
4592,DHRR,DHIRERA,8,8
4593,DHY,DHARODI,8,8
4594,DIB,DIBAI,8,8
4595,DIPA,DIPA,8,8
4596,DIT,DOHRIGHAT,8,8
4597,DKWA,DOKWA,8,8
4598,DKX,DUDHWAKHARA,8,8
4599,DL,DALADI,8,8
4600,DLX,DALIMGAON,8,8
4601,DMD,DHARMADAM HA,8,8
4602,DMG,DOMINGARH,8,8
4603,DOB,DUNDLOD MUKA,8,8
4604,DOT,DHAKIA TIWAR,8,8
4605,DPI,DODDAMPATTI,8,8
4606,DPK,DHOLIPAL,8,8
4607,DRBR,DEORAHA BABA,8,8
4608,DRN,DEORANIAN,8,8
4609,DRZ,DALLI-RAJHAR,8,8
4610,DSPT,DANISHPET,8,8
4611,DST,DASAMPATTI,8,8
4612,DTL,DARRITOLA,8,8
4613,DTN,DHAMTAN SAHI,8,8
4614,DUU,DUPADU,8,8
4615,DVJ,DILLIDEWANGA,8,8
4616,DVR,DORAVARICHAT,8,8
4617,DWT,DEWAN HAT,8,8
4618,DXK,DHANA KHERLI,8,8
4619,DY,DUMARIYA,8,8
4620,DYU,DIYURI  HALT,8,8
4621,DZK,DURGACHAK,8,8
4622,EDD,EDDULADODDI,8,8
4623,ELM,ELIMALA,8,8
4624,ETK,ETTAKKOT,8,8
4625,ETP,ETTAPUR ROAD,8,8
4626,ETR,ELATTUR,8,8
4627,EVA,EDAVAI,8,8
4628,EZP,EZHUPUNNA,8,8
4629,FGCN,FATEHGARH CH,8,8
4630,FHT,FARAH TOWN,8,8
4631,FTH,FATUHI,8,8
4632,GAE,GAIPURA,8,8
4633,GAGA,GALGALIA,8,8
4634,GAHT,GHUSIA HALT,8,8
4635,GAI,GAUCHHARI,8,8
4636,GAP,GURPA,8,8
4637,GAQ,GANJ  KHWAJA,8,8
4638,GAW,GAINJAHWA,8,8
4639,GBRI,GOBERWAHI,8,8
4640,GDE,GARLADINNE,8,8
4641,GDK,GONDA KACHAH,8,8
4642,GDW,GADHWALA,8,8
4643,GDZ,GUNDARDEHI,8,8
4644,GGB,GARHMUKTESAR,8,8
4645,GGG,GANGAGARH (H,8,8
4646,GHA,GOLEHWALA,8,8
4647,GHB,GAHRI BHAGI,8,8
4648,GHG,GHAGGHAR,8,8
4649,GHT,GHAGHARA GHA,8,8
4650,GIR,GAINSARI JN,8,8
4651,GKJ,GOLAKGANJ,8,8
4652,GKT,GANKHERA HAL,8,8
4653,GLH,GULAOTHI,8,8
4654,GLKN,GUGALWA KIRT,8,8
4655,GLMA,GULMA,8,8
4656,GLU,GULLIPADU,8,8
4657,GMA,GUDIMETTA HA,8,8
4658,GMI,GOND UMRI,8,8
4659,GNL,GONGALI,8,8
4660,GNN,GANGINENI,8,8
4661,GNPR,GUNUPUR,8,8
4662,GNZ,GAHNDRAN HAL,8,8
4663,GOA,GOHAD ROAD H,8,8
4664,GOG,GHORGHAT HAL,8,8
4665,GPC,GHATPINDRAI,8,8
4666,GPX,GAUTAMPURA R,8,8
4667,GRF,GAMBHIR ROAD,8,8
4668,GRKN,GORAKHNATH,8,8
4669,GRMA,GHORMARA,8,8
4670,GRMP,GANGARAMPUR,8,8
4671,GSI,GHOSI,8,8
4672,GSRM,GAURI SHRI R,8,8
4673,GTLM,GOTLAM,8,8
4674,GTM,GHATAMPUR,8,8
4675,GTP,GHATPURI,8,8
4676,GTU,GHATNANDUR,8,8
4677,GUK,GUNTAKODURU,8,8
4678,GUP,GAURIPUR,8,8
4679,GW,GIRWAR,8,8
4680,GWSB,GOINDWAL SAH,8,8
4681,GZM,GOUR MALDA,8,8
4682,GZS,GIANI ZAIL S,8,8
4683,HAH,HOSA AGRAHAR,8,8
4684,HBL,HOMBAL,8,8
4685,HBS,HEBSUR,8,8
4686,HDA,HIRNODA,8,8
4687,HDM,HIRDAMALI,8,8
4688,HDWL,HARDORAWAL,8,8
4689,HEI,HEGGERE,8,8
4690,HGJ,HARDUAGANJ,8,8
4691,HGR,HIMGIR,8,8
4692,HHG,HEHEGARA HAL,8,8
4693,HM,HADMATIYA,8,8
4694,HMK,HINDUMALKOTE,8,8
4695,HML,HELEM,8,8
4696,HMQ,HIMMATPURA,8,8
4697,HNDR,HENDEGIR,8,8
4698,HNG,HIRANGAON,8,8
4699,HRG,HIRDAGARH,8,8
4700,HRPG,HARPALGANJ,8,8
4701,HSB,HASANBAZAR H,8,8
4702,HSDA,HANSDIHA,8,8
4703,HVM,HAMSAVARAM,8,8
4704,HYA,HADIAYA,8,8
4705,HYL,HADYAL,8,8
4706,HZN,HAZRATNAGAR,8,8
4707,HZR,HAFIZPUR,8,8
4708,IB,IB,8,8
4709,IDJ,IDALHOND H,8,8
4710,IGL,IRINGAL HALT,8,8
4711,IKR,IKLEHRA,8,8
4712,IRP,IRAVIPURAM H,8,8
4713,ISA,ISARDA,8,8
4714,ISH,ISARWARA,8,8
4715,ITE,INTIYATHOK,8,8
4716,ITKY,ITKY PH,8,8
4717,ITRN,ITWARI JN.,8,8
4718,JAC,JALSU,8,8
4719,JACN,JALSU NANAK,8,8
4720,JAMA,JAMA,8,8
4721,JBU,JABUGAM,8,8
4722,JFD,JIADHAL,8,8
4723,JGE,JAGANNATH TE,8,8
4724,JGP,JALALPUR,8,8
4725,JHG,JHINGURA,8,8
4726,JHT,JUNETA,8,8
4727,JIA,JIGNA,8,8
4728,JIL,JALILA ROAD,8,8
4729,JITE,JITE,8,8
4730,JJN,JHUNJUNU,8,8
4731,JJW,JOJWA,8,8
4732,JKT,JEKOT,8,8
4733,JLW,JHALWARA,8,8
4734,JMG,JAMGA,8,8
4735,JMIR,JAMIRA HALT,8,8
4736,JMK,JAMUNAMUKH,8,8
4737,JMQ,JAMIRGHATA,8,8
4738,JNKR,JANAKINAGAR,8,8
4739,JPD,JALALPUR-DHA,8,8
4740,JPZ,JOGIGHOPA,8,8
4741,JRA,JARAIKELA,8,8
4742,JTK,JHITKIA,8,8
4743,JTRD,JATH ROAD,8,8
4744,JWL,JAJIWAL,8,8
4745,JYK,JONEKARANG H,8,8
4746,KADH,KHAIRADIH HA,8,8
4747,KAL,KALLAL,8,8
4748,KAPP,KHARIAPIPRA,8,8
4749,KARH,KAKRAHA REST,8,8
4750,KARK,KARAIKKURICH,8,8
4751,KASU,KASU,8,8
4752,KAU,KACHNA,8,8
4753,KAVR,KALAVUR H.,8,8
4754,KAY,KARAI MADAI,8,8
4755,KBU,KASU BEGU,8,8
4756,KCI,KALIKIRI,8,8
4757,KCN,KARCHANA,8,8
4758,KCO,KACHHLA BRID,8,8
4759,KCT,KERAKAT (HAL,8,8
4760,KDHL,KUNDHELA,8,8
4761,KDHN,KANDHARAN HA,8,8
4762,KDI,KUNDLI,8,8
4763,KDJR,KENDUJHAR,8,8
4764,KDLR,KANDEL ROAD,8,8
4765,KDRI,KENDRI,8,8
4766,KDRP,KANDARPUR,8,8
4767,KDSB,KHADUR  SAHI,8,8
4768,KDTY,KADUTURUTTY,8,8
4769,KEE,KASEETAR,8,8
4770,KEMK,KHEM KARAN,8,8
4771,KEMP,KEMPALSAD HA,8,8
4772,KEP,KELANPUR,8,8
4773,KEY,KAGANKARAI,8,8
4774,KEZ,KELZHAR,8,8
4775,KFE,KURIKAD,8,8
4776,KFH,KATPHAL,8,8
4777,KFI,KAPPIL,8,8
4778,KFY,KARAPGAON,8,8
4779,KGD,KALLIGUDI,8,8
4780,KGKD,KANG KHURD,8,8
4781,KHC,KHORANA,8,8
4782,KHI,KURHANI,8,8
4783,KHQ,KHARIK,8,8
4784,KIB,KIZHA AMBUR,8,8
4785,KIC,KALLIDAIKURU,8,8
4786,KIGL,KUNIGAL,8,8
4787,KIZ,KANSUDHI,8,8
4788,KJC,KASGANJ CITY,8,8
4789,KJJ,KODAVALURU,8,8
4790,KJY,KHURJA CITY,8,8
4791,KJZ,KARONJI,8,8
4792,KKD,KALA KUND,8,8
4793,KKGM,KAKRI GUMA,8,8
4794,KKNA,KHUNKHUNA,8,8
4795,KKPM,KALLAKKUDI-P,8,8
4796,KKT,KATH KUIYAN,8,8
4797,KKY,KILAKADAIYAM,8,8
4798,KLI,KAULI,8,8
4799,KLPG,KAMALPUR,8,8
4800,KLRS,KOLARAS,8,8
4801,KLSP,KUSHALPURA,8,8
4802,KLWN,KALWAN HALT,8,8
4803,KMMD,KIRMITI MEND,8,8
4804,KMND,KUMENDI,8,8
4805,KMNR,KAMALNAGAR,8,8
4806,KNAD,KANAD,8,8
4807,KNF,KHANODIH,8,8
4808,KNNT,KUNNATHUR HA,8,8
4809,KNPS,KENDPOSI,8,8
4810,KNS,KANCHAUSI,8,8
4811,KO,KOSGI,8,8
4812,KPE,KAUWAPUR,8,8
4813,KPJ,KOPAGANJ HAL,8,8
4814,KPPR,KARUPPUR,8,8
4815,KPZ,KAPREN,8,8
4816,KQQ,KAUKUNTLA,8,8
4817,KQW,KHEDULI,8,8
4818,KRGN,KARGAON HALT,8,8
4819,KRL,KOTARLIA,8,8
4820,KRMG,KUMARAMANGAL,8,8
4821,KRMP,KUMARIPUR HA,8,8
4822,KRNU,KANANUR,8,8
4823,KRPR,KAREPUR HALT,8,8
4824,KRTA,KARKATTA,8,8
4825,KRTL,KARTAULI (HA,8,8
4826,KRUR,KEERANUR,8,8
4827,KSBP,KESHABPUR,8,8
4828,KSIH,KHODSEONI,8,8
4829,KSK,KASIM KOTA,8,8
4830,KSW,KHERI SALWA,8,8
4831,KTGN,KOTLA GUJRAN,8,8
4832,KTGO,KOTGAON HALT,8,8
4833,KTKA,KOTAKADRA HA,8,8
4834,KTKL,KOTLI KALAN,8,8
4835,KTKS,KANTAKOSH HA,8,8
4836,KTPR,KATHALPUKHUR,8,8
4837,KTRD,KETOSAN ROAD,8,8
4838,KTYR,KOTTAIYUR,8,8
4839,KUG,KUSUGAL,8,8
4840,KUHI,KUHI,8,8
4841,KUI,KULALI,8,8
4842,KUQ,KURETHA,8,8
4843,KVE,KAVALANDE,8,8
4844,KVL,KIZHVELUR,8,8
4845,KVQ,KOSIARA,8,8
4846,KWC,KUNDWA CHAIN,8,8
4847,KWD,KARWANDIYA,8,8
4848,KWP,KHATIPURA,8,8
4849,KXP,KANIYAPURAM,8,8
4850,KXT,KETTI,8,8
4851,KYBR,KHAIRATIYA B,8,8
4852,KYNT,KALYANKOT  H,8,8
4853,KYS,KUSUMKASA,8,8
4854,KYW,KARCHHUE HAL,8,8
4855,KYZ,KIZHA PULIYU,8,8
4856,KZS,KUAKHERA HAL,8,8
4857,LAD,LOHARDAGA  B,8,8
4858,LAL,LUSHALA,8,8
4859,LAN,LOTANA,8,8
4860,LAT,LATHI,8,8
4861,LBI,LILABARI,8,8
4862,LBO,LATABOR,8,8
4863,LCR,LOKUR,8,8
4864,LDA,LIDHORA,8,8
4865,LDX,LADDA,8,8
4866,LEDO,LEDO,8,8
4867,LHM,LEHRA MUHABB,8,8
4868,LIJ,LAKSHMIGANJ,8,8
4869,LKB,LAKSHMIPUR B,8,8
4870,LKBL,LAKHABAVAL,8,8
4871,LKNA,LAKHNA,8,8
4872,LKY,LAKHMAPUR,8,8
4873,LLR,LALPUR,8,8
4874,LLU,LALRU,8,8
4875,LMD,LINGANENIDOD,8,8
4876,LMY,LAIMEKURI,8,8
4877,LNR,LUN RICHHA,8,8
4878,LOL,LOLIEM,8,8
4879,LOV,LOVEDALE,8,8
4880,LRU,LALPUR UMRIL,8,8
4881,LTR,LAKHTAR,8,8
4882,LUA,LALAURI KHER,8,8
4883,MAGH,MANIKGARH JN,8,8
4884,MALK,MALKAPUR ROA,8,8
4885,MANI,MANI HALT,8,8
4886,MAYR,MAYAR,8,8
4887,MBG,MAIBANG,8,8
4888,MC,MANDAPAM CAM,8,8
4889,MCU,MULACALA CHE,8,8
4890,MDDG,MALADGAON,8,8
4891,MDHA,MADHADA,8,8
4892,MDLA,MUDLANA,8,8
4893,MEU,MENDU (HALT),8,8
4894,MGG,MANGLIYAGAON,8,8
4895,MGL,MUGLOLLI,8,8
4896,MGLI,MANGLI HALT,8,8
4897,MHI,MANIHARI,8,8
4898,MHPR,MAHIYARPUR,8,8
4899,MHT,MANJHI F,8,8
4900,MIQ,MIRHAKUR,8,8
4901,MIR,MAIJAPUR,8,8
4902,MIW,MIGHAUNA (HA,8,8
4903,MIYN,MANIYAN,8,8
4904,MJTA,MAJITHA,8,8
4905,MKBH,MANWALA KOT,8,8
4906,MKT,MUKHTRIARA B,8,8
4907,MKZ,MAHKEPAR ROA,8,8
4908,MLAR,MALANPUR,8,8
4909,MLKH,MULEWAL KHAI,8,8
4910,MLSA,MALLASANDRA,8,8
4911,MMLN,MAHUAMILAN,8,8
4912,MNDH,MANDIR HASAU,8,8
4913,MNQ,MAINPURI,8,8
4914,MNR,MAKKHANPUR,8,8
4915,MNS,MANSHAHI,8,8
4916,MNSR,MANAKSAR,8,8
4917,MOL,MOLIROAD,8,8
4918,MPG,MANPUR NAGAR,8,8
4919,MPI,MELPATTI,8,8
4920,MPLM,MURTHIPALAYA,8,8
4921,MPUR,NEW MADANPUR,8,8
4922,MQW,MALLAN NAGAR,8,8
4923,MQX,MERALGRAM,8,8
4924,MRDP,MURADPUR (HA,8,8
4925,MRPL,MARAM PALLI,8,8
4926,MRTY,MURTI HALT,8,8
4927,MSDG,MHASOBA DONG,8,8
4928,MSDL,MAHISADAL,8,8
4929,MSN,MURSAN,8,8
4930,MSR,MASUR,8,8
4931,MTA,MATHELA,8,8
4932,MTBG,MATHIA BARGH,8,8
4933,MTE,METTUR,8,8
4934,MTGE,MUTHANI,8,8
4935,MTH,MATAUNDH,8,8
4936,MTO,MAITHA,8,8
4937,MTPR,RAI MAIHATPU,8,8
4938,MTWN,MITEWANI PH,8,8
4939,MVC,MAVINKERE,8,8
4940,MWG,MINDALA,8,8
4941,MWJ,MADWAS GRAM,8,8
4942,MWY,MAILARAM,8,8
4943,MWZ,MAHISHADAHAR,8,8
4944,MXA,MARAUDA,8,8
4945,MXL,MOKHOLI,8,8
4946,MXZ,MOHDARA HALT,8,8
4947,MYL,MALLIYALA,8,8
4948,MYO,MORIDHAL,8,8
4949,MZB,MAHULI HALT,8,8
4950,MZGI,MANJUR GADI,8,8
4951,NABN,NAGBHIR JN.,8,8
4952,NAW,NAWANDGI,8,8
4953,NBU,NARASAMBUDHI,8,8
4954,NCH,NAKACHARI,8,8
4955,NDN,NARDANA,8,8
4956,NDZ,NIDIGALU,8,8
4957,NGE,NAGAR,8,8
4958,NGLT,NAGLA TULA,8,8
4959,NGTN,NAGOTHANE,8,8
4960,NGW,NAUGANWAN,8,8
4961,NGWN,NOGANWAN,8,8
4962,NID,NIDUR,8,8
4963,NJA,NAGJUA FS,8,8
4964,NKBR,NARKATIA BAZ,8,8
4965,NLH,NAULTHA,8,8
4966,NMGA,Nelamangala,8,8
4967,NNGE,NARANGI,8,8
4968,NNGL,NAYA NANGAL,8,8
4969,NNM,NANNILAM,8,8
4970,NNPR,NONAPAR F,8,8
4971,NON,NONAR HALT,8,8
4972,NPRD,NAGPUR ROAD,8,8
4973,NQR,NARAJ MARATH,8,8
4974,NRDP,NAGIREDDIPAL,8,8
4975,NRKP,NARKOPI FS,8,8
4976,NRS,NAGARIA SADA,8,8
4977,NTR,NITTUR,8,8
4978,NWH,NAWALGARH,8,8
4979,NYM,NEYAMATPUR H,8,8
4980,OBVP,OBULAVARIPAL,8,8
4981,ODUR,ODUR,8,8
4982,OM,OMKARESHWAR,8,8
4983,ONR,COONOOR,8,8
4984,OREH,ORE HALT,8,8
4985,ORGA,ORGA,8,8
4986,OSRA,OSRA,8,8
4987,PAPM,PALATPOTARAM,8,8
4988,PATM,PATAM,8,8
4989,PAVI,PAVI,8,8
4990,PAX,PATTI,8,8
4991,PCLI,PALACHAURI,8,8
4992,PCM,PAVURCHATRAM,8,8
4993,PDD,PADUBIDRI,8,8
4994,PEA,PETTAI,8,8
4995,PEL,POLIREDDIPAL,8,8
4996,PEN,PEN,8,8
4997,PGU,PADUGUPADU,8,8
4998,PGZ,PERUNGUZHI,8,8
4999,PHE,PAHALEJA,8,8
5000,PIO,PILOL,8,8
5001,PIS,PISKA FS,8,8
5002,PJH,PIRJHALAR,8,8
5003,PJK,PANJ-KOSI,8,8
5004,PKPU,PEDDAKURA PA,8,8
5005,PLA,PALIA,8,8
5006,PLGH,PALIGARH (HA,8,8
5007,POI,PONPADI,8,8
5008,POT,POTHIA,8,8
5009,PPDA,PANCHPATIA D,8,8
5010,PPE,PAINTEPUR F,8,8
5011,PPY,PAPATAPALLI,8,8
5012,PQD,PRANPUR ROAD,8,8
5013,PQH,PINDKEPAR HA,8,8
5014,PQL,PINDIAL,8,8
5015,PQT,PUNIYAVANT,8,8
5016,PRDL,PARADOL,8,8
5017,PRE,PAHARA,8,8
5018,PRNC,PURNEA COURT,8,8
5019,PRNG,PRITAMNAGAR,8,8
5020,PRSL,PANDRASALI,8,8
5021,PRSP,PRASADPUR (H,8,8
5022,PRTN,PRATAP NAGAR,8,8
5023,PS,PARAS,8,8
5024,PSLP,PASALAPUDI,8,8
5025,PSN,PARSENDI,8,8
5026,PSPY,PRASANNAYANA,8,8
5027,PSV,PARSNEU,8,8
5028,PTH,PATRANGA,8,8
5029,PTLI,PATHAULI,8,8
5030,PTP,PATAL PANI,8,8
5031,PUDI,PUDI,8,8
5032,PUW,PATUWAS MEHR,8,8
5033,PUWA,PAUWARA  HAL,8,8
5034,PWBN,PAWAI BROHMA,8,8
5035,PYA,PEDAPARIYA,8,8
5036,PYI,PAYLI,8,8
5037,RAMR,RAMAIPUR (HA,8,8
5038,RAYA,RAYA,8,8
5039,RCGT,RICHUGHUTA,8,8
5040,RCP,RAMA CHANDRA,8,8
5041,RCR,RATAR CHHATT,8,8
5042,RD,RAM DAYALU N,8,8
5043,RDS,RAMDAS,8,8
5044,REG,REGUPALEM,8,8
5045,RET,RENTIYA,8,8
5046,RGNH,RAGHUNATHGAR,8,8
5047,RGU,RAGAUL,8,8
5048,RIGA,RIGA,8,8
5049,RIKD,RISHIKUND,8,8
5050,RKK,RATANGARH KA,8,8
5051,RKN,RATI-KA-NAGL,8,8
5052,RMF,RAMNA,8,8
5053,RMP,RAHIMATPUR,8,8
5054,RMSR,RAMSINGHPUR,8,8
5055,RNBD,RANA BORDI,8,8
5056,RNBT,RAHEN BATA,8,8
5057,RNJ,RUNIJA,8,8
5058,RNT,RANTHAMBHOR,8,8
5059,RNW,RENWAL,8,8
5060,ROL,RAJOLI,8,8
5061,RPSC,Rudrapur Sid,8,8
5062,RR,RICHHA ROAD,8,8
5063,RRGA,RANGAREDDIGU,8,8
5064,RRI,RAHURI,8,8
5065,RRME,RANCHI ROAD,8,8
5066,RSA,RISAMA,8,8
5067,RVK,RAJA BHAT KH,8,8
5068,RVS,RAVANASAMUDR,8,8
5069,SAC,SANICHARA,8,8
5070,SAJH,SAHJHA HALT,8,8
5071,SAK,SANKHEDA BAH,8,8
5072,SB,SARAI BHOPAT,8,8
5073,SBGA,SHRAVANABELA,8,8
5074,SBGN,SISIBORGAON,8,8
5075,SBHR,SUBRAHMANYA,8,8
5076,SBL,SABALGARH,8,8
5077,SBNR,SRI VIJAINAG,8,8
5078,SCV,SUKHCHAIN,8,8
5079,SDAM,SUNDHIA MAU,8,8
5080,SDD,SINDHAVADER,8,8
5081,SDHA,SIDHARI (HAL,8,8
5082,SDZ,SINDHAR,8,8
5083,SEQ,SEKHA,8,8
5084,SEU,SENDRA,8,8
5085,SGA,SHERGARH,8,8
5086,SGAM,SARAIGRAM,8,8
5087,SGF,SANGAT,8,8
5088,SGND,SHRIGONDA RO,8,8
5089,SGRE,SALGARE,8,8
5090,SGRR,SANGAR,8,8
5091,SGUT,SILIGURI TOW,8,8
5092,SHH,SHAPUR,8,8
5093,SHI,SINGANALLUR,8,8
5094,SHJP,SAHAJIPUR HA,8,8
5095,SHTS,SAMBAHAL HAT,8,8
5096,SJGM,SANJOY GRAM,8,8
5097,SJQ,SURAJPUR ROA,8,8
5098,SJV,SAJHAULI HAL,8,8
5099,SKLI,SUKLI,8,8
5100,SKND,SUKINDA ROAD,8,8
5101,SKSO,SIKOSA,8,8
5102,SKW,SHEIKHUPUR,8,8
5103,SKX,SARKARA,8,8
5104,SMD,CHERANMAHADE,8,8
5105,SMNE,SOMTANE,8,8
5106,SMRR,SUMRERI,8,8
5107,SNBD,SUNDERABAD,8,8
5108,SNDY,SANDAI (HALT,8,8
5109,SNLR,SANTALPUR,8,8
5110,SNO,SOMANUR,8,8
5111,SNPR,SINGARPUR,8,8
5112,SNS,SASNI,8,8
5113,SONI,SONI,8,8
5114,SOR,SONAGIR,8,8
5115,SOS,SOMESAR,8,8
5116,SPB,SONEKHPUR HA,8,8
5117,SPDR,SHEOPRASAD N,8,8
5118,SPGR,SAMPIGE ROAD,8,8
5119,SPJB,SAIDPUR JALA,8,8
5120,SPK,SAPEKHATI,8,8
5121,SPYA,SIPAYA (HALT,8,8
5122,SQD,SATTIRAKKUDI,8,8
5123,SQS,SIGSIGI,8,8
5124,SRF,SAGARAJAMBAG,8,8
5125,SRGH,SURAJGARH,8,8
5126,SRMN,SEMRAON,8,8
5127,SRMP,SIRSI MUKHDU,8,8
5128,SRPM,SIRIPURAM,8,8
5129,SRPN,SRIPANI,8,8
5130,SRSL,SIRSALA  HAL,8,8
5131,SSF,SIRSUPHAL,8,8
5132,SSGR,SISAI GULAB,8,8
5133,SSI,SHIRSAI,8,8
5134,SSKA,SISARKA,8,8
5135,SSKL,SUSKAL,8,8
5136,SSNH,SHRISARADANA,8,8
5137,SSPH,SATISH SAMAN,8,8
5138,SSU,SASAMUSA,8,8
5139,STE,SAGARAKATTE,8,8
5140,STNR,SITALNAGAR,8,8
5141,STPT,SITAMPET HAL,8,8
5142,STZ,SATRAON F,8,8
5143,SUBR,SUBHAGPUR,8,8
5144,SUI,SUI,8,8
5145,SUJ,SARJU,8,8
5146,SUX,SUDIYUR,8,8
5147,SUZ,SUBANSIRI,8,8
5148,SVG,SAWALGI,8,8
5149,SVQ,SIVOK,8,8
5150,SWD,SANAWAD,8,8
5151,SWE,SIWAITH,8,8
5152,SWJ,SIAJULI,8,8
5153,SXF,SOBHAPUR,8,8
5154,SYC,SARAI CHANDI,8,8
5155,SYE,SINDEWAHI,8,8
5156,SYU,SARAYAN,8,8
5157,SYZ,SONAI,8,8
5158,SZF,SATBAHINI,8,8
5159,TAC,TATI CHERLA,8,8
5160,TAZ,TARGAON,8,8
5161,TBR,TAIABPUR,8,8
5162,TDK,TADUKU,8,8
5163,TEP,TEMPA,8,8
5164,TGB,TANGRABASULI,8,8
5165,TGL,TUGGALI,8,8
5166,TH,TINICH,8,8
5167,THUR,THURIA,8,8
5168,TJH,TEJGADH,8,8
5169,TKBN,T.SAKIBANDA,8,8
5170,TKS,TOKISUD,8,8
5171,TKT,TIKKOTTI,8,8
5172,TKUR,TAPPA KHAJUR,8,8
5173,TLC,TALCHHAPAR,8,8
5174,TLGP,TALGUPPA,8,8
5175,TMLU,TUMMALACHERU,8,8
5176,TMPY,TUMBOLI H.,8,8
5177,TMS,TUMSAR TOWN,8,8
5178,TNGR,THONGANUR H,8,8
5179,TNPR,TEZNARAYANPU,8,8
5180,TNT,TINNAPATTI,8,8
5181,TOR,TITUR,8,8
5182,TPV,TINPHERIA (H,8,8
5183,TQA,TAKIA,8,8
5184,TRDI,TIRODI,8,8
5185,TRE,TIKRI HALT,8,8
5186,TRJ,TARIASUJAN,8,8
5187,TRKR,TUREKALA ROA,8,8
5188,TRVZ,TIRUVIZHA,8,8
5189,TTB,TITABAR,8,8
5190,TTI,TURTIPAR F,8,8
5191,TUD,TALODI,8,8
5192,TUR,TURKI,8,8
5193,TWI,TOTEWAHI HAL,8,8
5194,TWV,THUWAVI,8,8
5195,TYM,TIRUMAIYAM,8,8
5196,TYT,TIRUNELVELI,8,8
5197,UAM,UDHAGAMANDAL,8,8
5198,UCP,UCHIPPULI,8,8
5199,UDKN,UDAYPUR KHUR,8,8
5200,UDT,UDUMALAIPPET,8,8
5201,UKD,ULINDAKONDA,8,8
5202,UKR,UDALKACHHAR,8,8
5203,ULM,URLAM,8,8
5204,UND,UNCHDIH,8,8
5205,URR,UMRED,8,8
5206,USRA,USRA,8,8
5207,UWNR,UDWANT NAGAR,8,8
5208,VAL,VADAL,8,8
5209,VAN,VADHVANA,8,8
5210,VAY,VAYALAR,8,8
5211,VEK,VELLARAKKAD,8,8
5212,VEL,VELLANUR,8,8
5213,VELI,VELI H.,8,8
5214,VEN,VERNA,8,8
5215,VGA,VEPAGUNTA,8,8
5216,VGE,VALAPPADI GA,8,8
5217,VID,VILAVADE,8,8
5218,VLL,VELLAYIL HAL,8,8
5219,VLT,VALATHOOR,8,8
5220,VMP,VALLAMPADUGA,8,8
5221,VPO,BHUPIA MAU,8,8
5222,VPR,VISAPUR,8,8
5223,VRLF,VERAVAL MG,8,8
5224,VRVL,VIRA VALLI H,8,8
5225,VSW,VISAVADAR,8,8
5226,VT,VELLORE TOWN,8,8
5227,VTG,BHETAGURI,8,8
5228,VTV,VALANTARAVAI,8,8
5229,VVN,VIKRAVANDI,8,8
5230,VVR,VIRAVANALLUR,8,8
5231,VXM,VELIPPALAIYA,8,8
5232,VZPH,VAZEER PUR,8,8
5233,WANI,WANI,8,8
5234,WDG,WADEGAON,8,8
5235,WDLN,WADWALNAGNAT,8,8
5236,WEL,WELLINGTON,8,8
5237,WH,WEST HILL,8,8
5238,WP,WANGAPALLI,8,8
5239,YL,YEOLA,8,8
5240,YLK,YELLAKARU,8,8
5241,YNG,YENUGONDA HA,8,8
5242,YY,YEDIYYURU,8,8
5243,ZNP,ZINDPURA (HA,8,8
5244,ZPL,ZANGALAPALLE,8,8
5245,ABD,AMBLI ROAD,7,7
5246,AHL,AJHARAIL,7,7
5247,AJJN,ARAKKONAM NO,7,7
5248,AKZ,AKASHI  PH,7,7
5249,AOR,ARGORA  PH,7,7
5250,APE,ANDANAPETTAI,7,7
5251,ARX,ARELI (HALT),7,7
5252,ASH,AISHBAGH,7,7
5253,ATH,ANTAH,7,7
5254,AUNG,AUNG,7,7
5255,BAV,BARUVA,7,7
5256,BBD,BABLAD,7,7
5257,BBPR,BABUPUR (HAL,7,7
5258,BCD,BANSDIH ROAD,7,7
5259,BDPL,BANDARUPALLE,7,7
5260,BDSW,BUDHSINGHWAL,7,7
5261,BHCL,BAHORA CHAND,7,7
5262,BKTS,BAKHOTI KHAS,7,7
5263,BNP,BHANAPUR,7,7
5264,BNPT,BENIPATTI PI,7,7
5265,BOT,BOROTI,7,7
5266,BRG,BARGARH,7,7
5267,BRMI,BRAHMANI,7,7
5268,BRTG,BARITHEN GAR,7,7
5269,BTVA,BATUVA. P.H.,7,7
5270,BUGL,BUGLANWALI,7,7
5271,BVM,BAYYAVARAM,7,7
5272,BYY,BYREE,7,7
5273,CBR,CHAUBEPUR,7,7
5274,CE,CHHARODI,7,7
5275,CGKR,CHANDAGIRI K,7,7
5276,CHA,CHAWAPAIL,7,7
5277,CHM,CHALTHAN,7,7
5278,CPD,CHINCHPADA,7,7
5279,CRAE,CHERAGRAM BH,7,7
5280,CYI,CHHAYAPURI,7,7
5281,DDK,DHINDSA,7,7
5282,DOC,DAUN KALAN,7,7
5283,DSPN,DESHAPRAN PH,7,7
5284,DUO,DHAURSALAR H,7,7
5285,DZL,DHANA LADANP,7,7
5286,FGH,FATEHGARH HA,7,7
5287,FNO,FUNGO HALT,7,7
5288,FSW,FATEH SINGHW,7,7
5289,GDGN,GAUDGAON,7,7
5290,GDN,GANGAIKONDAN,7,7
5291,GIN,GINIGERA,7,7
5292,GKX,GHAL KALAN,7,7
5293,GNW,GANGIWARA,7,7
5294,GOP,GOP JAM,7,7
5295,GTA,GOLANTHRA,7,7
5296,GTST,GAUTAM STHAN,7,7
5297,GWP,GANGWA PUR (,7,7
5298,HDD,HADDINGAUNDU,7,7
5299,HDS,HARIDAS PUR,7,7
5300,HHD,HUNSIHADGIL,7,7
5301,HLW,HIRNAWALI,7,7
5302,HP,HARIPUR,7,7
5303,HRNG,HARPUR NAG,7,7
5304,IGR,INGUR,7,7
5305,IRN,IRGAON P.H.,7,7
5306,JDA,JASODA,7,7
5307,JEN,JENAPUR,7,7
5308,JGWL,JAGJVAN HALT,7,7
5309,JHJ,JHEJHAR,7,7
5310,JKA,JAKHVADA,7,7
5311,JPI,JHADUPUDI,7,7
5312,JPP,JALALPUR-PAN,7,7
5313,JRKN,JORKIAN,7,7
5314,JRKT,JADARAMA KUN,7,7
5315,KAA,KAURARA,7,7
5316,KAH,KALHAR,7,7
5317,KBH,KHANDBARA,7,7
5318,KDJ,KHUDAGANJ,7,7
5319,KHDP,KHUDLAPUR F,7,7
5320,KHNP,KHANAPUR,7,7
5321,KHU,KHURHAND,7,7
5322,KID,KHAIRAR JN.,7,7
5323,KJNC,KANNAUJ CITY,7,7
5324,KNKT,KANKOT,7,7
5325,KOLA,KOTLA,7,7
5326,KON,KUDALNAGAR,7,7
5327,KOTT,KOTTUR HALT,7,7
5328,KRKD,KARAKAD,7,7
5329,KUX,KHIRASDOH JN,7,7
5330,KVTA,KARUVATTA H.,7,7
5331,KXO,KUDIKADU,7,7
5332,LAE,LAKHOLI,7,7
5333,LKSH,LAKSHMINARAY,7,7
5334,LMO,LILIYA MOTA,7,7
5335,MAV,MARIAMMN KOV,7,7
5336,MDA,MANDHANA JN,7,7
5337,MDPB,MADHOPUR PUN,7,7
5338,MDVE,MAHENDRAVADI,7,7
5339,MFH,MAHRAULI,7,7
5340,MGPA,MUNDA GOPAL,7,7
5341,MHBA,MATHABHANGA,7,7
5342,MLGT,MALLAPA GATE,7,7
5343,MLKP,MALIKPUR (HA,7,7
5344,MNGR,MOHAN NAGAR,7,7
5345,MNMU,MANI MAU,7,7
5346,MRTL,MIRTHAL,7,7
5347,MSHW,MUSHARWA   H,7,7
5348,NDKR,NANDHAKUMARP,7,7
5349,NGMP,NEW GARH MAD,7,7
5350,NGS,NAGANSUR,7,7
5351,NLI,NAMLI,7,7
5352,NML,NELLIMARLA,7,7
5353,NXH,NIDAGHATTA H,7,7
5354,PCV,PALAKKODU,7,7
5355,PDPK,PADMAPUKUR,7,7
5356,PKZ,PIPLI PAKHI,7,7
5357,PMH,PARAO MAHNA,7,7
5358,PO,PARANGIPPETT,7,7
5359,PRKE,PURWA KHERA,7,7
5360,PY,PERUNDURAI,7,7
5361,REI,RITHI,7,7
5362,RJAP,RAJAPUR HALT,7,7
5363,RKJE,RAKHITPUR,7,7
5364,RSWN,RAMESHWAR NA,7,7
5365,SANK,SANK,7,7
5366,SGRP,SINGHIRAMPUR,7,7
5367,SHNG,SHIVNAGAR,7,7
5368,SILO,SILAO,7,7
5369,SIPR,SIHAPAR (HAL,7,7
5370,SJDR,SRI JHADESHW,7,7
5371,SKK,SIKKAL,7,7
5372,SKLP,SHANKERPUR,7,7
5373,SLRD,SURLA ROAD,7,7
5374,SMT,SALAMATPUR,7,7
5375,SNL,SANAHWAL,7,7
5376,SNZ,SHERGANJ (HA,7,7
5377,SSL,SIRSAUL,7,7
5378,STVA,SATYAVADA HA,7,7
5379,SUDV,SUMMA DEVI,7,7
5380,SULH,SULHANI,7,7
5381,SUU,SULUR ROAD,7,7
5382,SVUR,SEVUR,7,7
5383,SWX,SAIDANWALA,7,7
5384,SYA,SALAIA,7,7
5385,TGP,TULJAPUR,7,7
5386,TLAM,TULSI ASHRAR,7,7
5387,TLT,TILATI,7,7
5388,TMC,TALAMANCHI,7,7
5389,TMPT,TIRUMALAIRAY,7,7
5390,TPM,TOTIYAPALAIY,7,7
5391,USD,UKAI SONGHAD,7,7
5392,UTP,UTRI PURA,7,7
5393,VNJ,VANJIPALAIYA,7,7
5394,VPU,VELPURU HALT,7,7
5395,VRB,VISHRAMBAG,7,7
5396,VZ,VIJAYAMANGAL,7,7
5397,YAG,YAQUTGANJ (H,7,7
5398,AAH,ITEHAR,6,6
5399,AAR,ADESAR,6,6
5400,ABGT,ARABAGATTA,6,6
5401,ABW,ABUTARA HALT,6,6
5402,ACG,ACHEGAON,6,6
5403,ACH,ACHAL GANJ,6,6
5404,ADE,ADRI ROAD,6,6
5405,ADIJ,AHMEDABAD JN,6,6
5406,AE,AMRELI,6,6
5407,AEP,AMRELI PARA,6,6
5408,AGA,AGRA CITY,6,6
5409,AGM,AGARAM SIBBA,6,6
5410,AGMN,AGOMONI,6,6
5411,AGT,AGTHORI,6,6
5412,AHZ,ADHINPUR,6,6
5413,AIA,AJARKA,6,6
5414,AJK,AJAKOLLU HAL,6,6
5415,AJUG,ABJUGANJ,6,6
5416,AKNR,ADHYATMIK NA,6,6
5417,AKR,AKOLNER,6,6
5418,ALP,ALAPPAKKAM,6,6
5419,ALPR,ALAM PUR ROA,6,6
5420,AMDI,AMDI,6,6
5421,AMGA,AMJONGA,6,6
5422,AMLI,AMLI,6,6
5423,AMLO,AMLO,6,6
5424,AMW,AMANVADI,6,6
5425,AMZ,AMTA,6,6
5426,ANC,ANNECHAKANAH,6,6
5427,ANMD,ARANGMAHANAD,6,6
5428,APDC,ALIPUR DUAR,6,6
5429,APG,ANUPGANJ,6,6
5430,API,AKKARAIPPATT,6,6
5431,APJ,AMARPUR-JORA,6,6
5432,APK,ARUPPUKKOTTA,6,6
5433,ARE,ARNETHA,6,6
5434,ARN,ARAND,6,6
5435,ARNA,ARNIYA,6,6
5436,ARNH,ARJUNAHALLI,6,6
5437,ARPL,AREPALLI HAL,6,6
5438,ARW,AHRAURA ROAD,6,6
5439,AS,ARJANSAR,6,6
5440,ASAN,ASAN,6,6
5441,AVRD,ARAVALI ROAD,6,6
5442,AWL,ALAWAL PUR,6,6
5443,AWP,AGHWANPUR,6,6
5444,AXA,AMARSAR,6,6
5445,AXK,ASOKHAR,6,6
5446,AXR,ALLURUROAD,6,6
5447,AYR,AYYALUR,6,6
5448,AYU,ABHAYAPURI A,6,6
5449,BAC,BARGACHIA,6,6
5450,BAD,BAAD,6,6
5451,BADR,BHADER,6,6
5452,BAGA,BHAGEGA,6,6
5453,BAGD,BAGWADA,6,6
5454,BAH,BHABHAR,6,6
5455,BAHN,BABHAN GAON,6,6
5456,BAHP,BAND HAMIRPU,6,6
5457,BAPN,BARAIPURA  H,6,6
5458,BARI,BARI,6,6
5459,BASN,ADRA,6,6
5460,BBGN,BARUA BAMUNG,6,6
5461,BBJ,BABAGANJ HAL,6,6
5462,BBKR,BABA BAKALA,6,6
5463,BBO,BABUGARH,6,6
5464,BBPM,BALABHADRAPU,6,6
5465,BBTR,BARBATPUR,6,6
5466,BBY,BHADROLI HAL,6,6
5467,BDHL,BADHAL,6,6
5468,BDHN,BODHAN,6,6
5469,BDHY,BUDHI,6,6
5470,BDKN,BANDHUA KALA,6,6
5471,BDMA,BUDHMA,6,6
5472,BDPG,BADA PADAGAO,6,6
5473,BDPK,BURHA PANKA,6,6
5474,BEDM,BEDHAM,6,6
5475,BEHJ,BEHAJ,6,6
5476,BEHT,BIHAT HALT,6,6
5477,BEK,BUNDKI,6,6
5478,BFJ,BHORAS BUDRU,6,6
5479,BFP,BILOCHPURA (,6,6
5480,BGHI,BAGAHAI ROAD,6,6
5481,BGN,BORGAON,6,6
5482,BGNP,BANAGALAPALL,6,6
5483,BGPA,BAGESHPURA,6,6
5484,BGRR,BAGARPUR HAL,6,6
5485,BGUA,BAIGUDA,6,6
5486,BGY,BANGRIPOSI,6,6
5487,BHAW,BLOCK HUT(A),6,6
5488,BHK,BADHARI KALA,6,6
5489,BHKL,BHAKRAULI,6,6
5490,BHM,BAHRAM,6,6
5491,BHTL,BHATEL,6,6
5492,BHTS,BHATASA (HAL,6,6
5493,BHU,BHANDU MOTI,6,6
5494,BILA,BHESLANA,6,6
5495,BIML,BHIMAL,6,6
5496,BINR,BRIJ NAGAR,6,6
5497,BIRL,BIRAUL,6,6
5498,BIS,BISWA BRIDGE,6,6
5499,BIZ,BAIHATA,6,6
5500,BJA,BIJROTHA,6,6
5501,BJI,BIJAULI,6,6
5502,BJL,BRAHMAJAN,6,6
5503,BJRA,BHAJERA,6,6
5504,BJUD,BAJUD,6,6
5505,BKDE,BUDHA KHERA,6,6
5506,BKIT,BINDADKATTI,6,6
5507,BKKS,BAKKAS,6,6
5508,BKLA,BAKULHA,6,6
5509,BKNA,BAKAINA HALT,6,6
5510,BKNM,BANKRA NAYAB,6,6
5511,BKTW,BAIKUNTH WES,6,6
5512,BKWA,BAKAYANWALA,6,6
5513,BLC,BOLDA,6,6
5514,BLMK,BHALUMASKA,6,6
5515,BLSD,BALSAMAND,6,6
5516,BLSN,BELSONDA,6,6
5517,BLX,BOLAI,6,6
5518,BMK,BIRANG KHERA,6,6
5519,BMKD,BELLAM KONDA,6,6
5520,BMKJ,BHIMKHOJ,6,6
5521,BMZ,BAMOUR GAON,6,6
5522,BNGL,BHANGALA,6,6
5523,BNGY,BABHANJYOTIY,6,6
5524,BNHR,BANBIHARI -,6,6
5525,BNI,BUDNI,6,6
5526,BNJL,BINJHOL,6,6
5527,BNM,BARAGAON,6,6
5528,BOK,BORKHEDI,6,6
5529,BOKO,BOKO,6,6
5530,BPKA,BHOPALKA,6,6
5531,BPRA,BARIPURA,6,6
5532,BPW,BURHPURA,6,6
5533,BQQ,BAKHLETA,6,6
5534,BQZ,BALLALPURE,6,6
5535,BRGL,BURGULA HALT,6,6
5536,BRKB,BHARAT KHAND,6,6
5537,BRLA,BARAYLA CHAU,6,6
5538,BRUD,BARUD,6,6
5539,BRVR,BORVIHIR,6,6
5540,BRYC,BAREILLY CAN,6,6
5541,BSA,BHAINSA,6,6
5542,BSI,BASBARI,6,6
5543,BSJ,BHUPAL SAGAR,6,6
5544,BSKO,BANSKHO,6,6
5545,BSPX,BANSPANI,6,6
5546,BSQ,BARSI TAKLI,6,6
5547,BSW,BANESWAR,6,6
5548,BSWA,BAISWARA,6,6
5549,BTGH,BETTADANAGEN,6,6
5550,BTO,BHITAURA,6,6
5551,BUDA,BHUDA,6,6
5552,BUL,BHALULATA,6,6
5553,BUTA,BHADUTOLA PH,6,6
5554,BUU,BHADANPUR,6,6
5555,BUX,BHANDAK,6,6
5556,BVNR,BHAVANI NAGA,6,6
5557,BVV,BEDETTI,6,6
5558,BVZ,NALOI BARWA,6,6
5559,BW,BIWAI,6,6
5560,BWB,BAGWALI,6,6
5561,BWD,BELVANDI,6,6
5562,BWIP,BHAWANIPATNA,6,6
5563,BWPB,BHAWANIPUR B,6,6
5564,BXB,BANGA,6,6
5565,BXHT,BOXIRHAT,6,6
5566,BXT,BAMANHAT,6,6
5567,BYHA,BARYA RAM,6,6
5568,CAJ,CHAKRAJ MAL,6,6
5569,CATA,CHHATA-ASCHA,6,6
5570,CATD,CHATAUD,6,6
5571,CBH,CHAUBE,6,6
5572,CBJ,CLUTTERBUCKG,6,6
5573,CBT,CHAR BATIA,6,6
5574,CCK,CHICHAKI,6,6
5575,CDK,CHANDKHEDA R,6,6
5576,CDRL,CHHANDRAULI,6,6
5577,CGH,CHOLANG,6,6
5578,CHBS,CHAUBISI,6,6
5579,CHKE,CHALLAKERE,6,6
5580,CHLR,CHHALESAR,6,6
5581,CHPT,CHATRAPPATTI,6,6
5582,CIT,CHITALI,6,6
5583,CKV,CHERUKUVADA,6,6
5584,CKYD,CHAKRA ROAD,6,6
5585,CLC,CHALALA,6,6
5586,CLKN,CHUCHELA KAL,6,6
5587,CMA,CINNAMARA,6,6
5588,CMR,CHAMROLA,6,6
5589,CNPI,CHANDANPAHAR,6,6
5590,CNR,CHANDAR,6,6
5591,CQL,CHIRAKKAL HA,6,6
5592,CQS,CAPPER QUARR,6,6
5593,CRV,CHUREB,6,6
5594,CRX,CARRON,6,6
5595,CTHR,CHITAHARA,6,6
5596,CTRD,CHITRAWAD,6,6
5597,CTT,CHITRASANI,6,6
5598,CTW,CHHINTANWALA,6,6
5599,CVD,CHAVADIPALAY,6,6
5600,CVV,CHERUVU MADH,6,6
5601,CWI,CHONDI,6,6
5602,CXA,CHANDSARA HA,6,6
5603,DAE,DAHEGAON,6,6
5604,DARI,DHARI,6,6
5605,DBI,DABLI RATHAN,6,6
5606,DBLA,DABLA,6,6
5607,DBM,DABOLIM H,6,6
5608,DBN,DHABLAN,6,6
5609,DBW,DUBIA,6,6
5610,DCP,DAL CHAPRA F,6,6
5611,DDNA,DUDHAUNDA (H,6,6
5612,DEEG,DEEG,6,6
5613,DELO,DEORAKOT,6,6
5614,DEV,DEVARAYI,6,6
5615,DGB,DANDU GOPALA,6,6
5616,DGD,DANGIDAHAR,6,6
5617,DGJ,DUNGAR ROAD,6,6
5618,DGW,DHIGAWARA,6,6
5619,DHI,DHULE,6,6
5620,DHL,DEVANHALLI,6,6
5621,DHRJ,DHIRGANJ,6,6
5622,DHRN,DHURANA,6,6
5623,DHWN,DANIYAWAN FL,6,6
5624,DIBL,DHOLI (BHAL),6,6
5625,DJD,DIDARGANJ RO,6,6
5626,DJL,DODJALA,6,6
5627,DJR,DOMJUR,6,6
5628,DJX,DUNGRIPALI,6,6
5629,DKB,DAKSHINBARI,6,6
5630,DKLU,DOLKALLU,6,6
5631,DKRA,DHUANKHEDI,6,6
5632,DKU,DUMRIKHURD,6,6
5633,DLA,DAULTA,6,6
5634,DLC,DULMERA,6,6
5635,DLP,DALPATPUR,6,6
5636,DMBR,DUMRI BIHAR,6,6
5637,DMJR,DOMJUR ROAD,6,6
5638,DML,DHARAMTUL,6,6
5639,DMPR,DHARAMPUR  H,6,6
5640,DMRT,DUMMURIPUT,6,6
5641,DN,DHANARI,6,6
5642,DNDL,DANDI MAL,6,6
5643,DNE,DHAMNI HALT,6,6
5644,DNEA,DANEA,6,6
5645,DNI,DANSI PH,6,6
5646,DOY,DORNAHALLI,6,6
5647,DPRA,DHUPDHARA,6,6
5648,DPUR,DEPUR PH,6,6
5649,DQL,DHALAIBI,6,6
5650,DRB,DEBARI,6,6
5651,DRW,DHAREWADA,6,6
5652,DRWN,DEROWAN PH,6,6
5653,DTF,DANTIA,6,6
5654,DTR,DHAMTARI,6,6
5655,DTW,DATEWAS,6,6
5656,DTX,DANGTAL,6,6
5657,DUM,DHAURMUI JAG,6,6
5658,DUS,DULRASAR,6,6
5659,DWA,DAILWARA,6,6
5660,DWG,DEWANGANJ,6,6
5661,DXR,DIGSAR,6,6
5662,EDN,EDAMANN,6,6
5663,EKL,EKDIL,6,6
5664,ETUE,ETMADPUR,6,6
5665,FAR,FARAH,6,6
5666,FLM,FALIMARI,6,6
5667,FRDH,FARIDAHA,6,6
5668,GAO,GAIGAON,6,6
5669,GATD,GAUTAMDHARA,6,6
5670,GCH,GACHHIPURA,6,6
5671,GDHA,GODHA,6,6
5672,GDO,GOVERDHAN,6,6
5673,GDPT,GUDAPARTI,6,6
5674,GDRA,GANGADHARA,6,6
5675,GDX,GHOKSADANGA,6,6
5676,GEA,GHATERA,6,6
5677,GEOR,GUNJARIA,6,6
5678,GGR,GANGRAR,6,6
5679,GGT,GHUNGHUTI,6,6
5680,GHNH,GHANTIKAL NI,6,6
5681,GIBP,GHOGI BARIAR,6,6
5682,GIL,GAISAL,6,6
5683,GILA,GHIALA,6,6
5684,GJTA,GURUDIJHATIA,6,6
5685,GKB,GHATKAVARANA,6,6
5686,GLGT,GOLAGHAT,6,6
5687,GLNA,GOLANA  HALT,6,6
5688,GMG,GUMGAON,6,6
5689,GMU,GAURIYAMAU,6,6
5690,GNGL,GANGAULI (HA,6,6
5691,GNJB,GOPINATHJEW,6,6
5692,GOPA,GHOSIPURA,6,6
5693,GOS,GHOSRANA,6,6
5694,GOT,GOT (HALT),6,6
5695,GOVR,GOVINDNAGAR,6,6
5696,GOX,GOBINDPUR DU,6,6
5697,GOZ,GOLSAR,6,6
5698,GPDE,GUDIPUDI,6,6
5699,GRAK,GARKHA F,6,6
5700,GRCP,G.RAMACHANDR,6,6
5701,GRHM,GIR GADHADA,6,6
5702,GRU,GAROPARA HAL,6,6
5703,GS,GODHNESHWAR,6,6
5704,GSA,GUAGACHHA,6,6
5705,GSB,GARNA SAHIB,6,6
5706,GSD,GHOSUNDA,6,6
5707,GSR,GARHSHANKAR,6,6
5708,GSW,GURUSAR SEHN,6,6
5709,GUNS,GHUNAS HALT,6,6
5710,GVH,GOVINDGARH,6,6
5711,GWO,GWALIOR (NG),6,6
5712,GZA,GURUJALA,6,6
5713,HAR,HAMIRPUR ROA,6,6
5714,HBLN,HBL NAGAR H,6,6
5715,HBW,HABIBWALA,6,6
5716,HCM,HARISCHANDRA,6,6
5717,HCNR,HARICHANDANP,6,6
5718,HDC,HARISHDADPUR,6,6
5719,HDGR,HADGAON ROAD,6,6
5720,HDU,HARDUA,6,6
5721,HEB,HEBBAL,6,6
5722,HET,HETAMPUR,6,6
5723,HHT,HABANGHATTA,6,6
5724,HK,HELAK,6,6
5725,HKL,HARKIA KHAL,6,6
5726,HLB,HADALA BHAL,6,6
5727,HLDD,HALDI ROAD,6,6
5728,HLKH,HALLIKHED,6,6
5729,HLP,HALDHARPUR F,6,6
5730,HLV,HALIYURU,6,6
5731,HMBD,HUMNABAD,6,6
5732,HND,HINDOL ROAD,6,6
5733,HPA,HAMPAPURA,6,6
5734,HRE,HIRODIH,6,6
5735,HRH,HARTHALA,6,6
5736,HSY,HARSINGHPUR,6,6
5737,HVD,HALVAD,6,6
5738,HWR,HATWAR,6,6
5739,ICG,ICHCHANGADU,6,6
5740,IDM,INDEMAU,6,6
5741,IKI,ITIKYALA,6,6
5742,ILA,SILAIMAN,6,6
5743,INJ,INNANJE,6,6
5744,IQG,IQBAL GADH,6,6
5745,JAL,JAWALI,6,6
5746,JALD,JALIADEWANI,6,6
5747,JAN,JARANGDIH,6,6
5748,JBG,JUNG BAHADUR,6,6
5749,JBS,JADOLI KA BA,6,6
5750,JBX,JABRI,6,6
5751,JDH,JAM JODHPUR,6,6
5752,JDL,JAGDEVWALA,6,6
5753,JGBR,JOGESWAR BIH,6,6
5754,JGKS,JIGNI KHAS (,6,6
5755,JGNR,JOGENDRA NAG,6,6
5756,JHA,JAKHAURA,6,6
5757,JHK,JETHUKE,6,6
5758,JJ,JAJAU,6,6
5759,JJA,JAJANPATTI,6,6
5760,JJJ,JAIJON DOABA,6,6
5761,JLBR,JHALUARBAR,6,6
5762,JLF,JULMI,6,6
5763,JLI,JALALSI PH,6,6
5764,JLLO,JHILO,6,6
5765,JLWC,JHALAWAR CIT,6,6
5766,JMD,JAMDHA,6,6
5767,JMDG,JAMMALAMADUG,6,6
5768,JML,JUMNAL,6,6
5769,JMS,JAMSAR,6,6
5770,JMV,JAMBARA,6,6
5771,JNK,JHINKPANI,6,6
5772,JNRD,JUNAGARH ROA,6,6
5773,JOK,JODHKA,6,6
5774,JOM,JOGIMAGRA,6,6
5775,JOQ,JORAI,6,6
5776,JPO,JORA ALAPUR,6,6
5777,JRNA,JIRINIA,6,6
5778,JRZ,JORANDA ROAD,6,6
5779,JSPR,JASHAPUR,6,6
5780,JSRD,JHANKAD SARA,6,6
5781,JSS,JASIA  HALT,6,6
5782,JSV,JARANDESHWAR,6,6
5783,JTO,JUTOGH,6,6
5784,JTV,JETALVAD,6,6
5785,JTY,JETHI,6,6
5786,JUK,JAULKA HALT,6,6
5787,JUNX,JUNONA HALT,6,6
5788,JWNR,JAWAHAR NAGA,6,6
5789,KADL,KUMRADOL,6,6
5790,KAGR,KAHANGARH HA,6,6
5791,KALI,KAILI,6,6
5792,KANS,KANSIYA NES,6,6
5793,KAOT,KAOTHA,6,6
5794,KASH,KULTHAM ABDU,6,6
5795,KAWT,KANWAT,6,6
5796,KBE,KURBHAR,6,6
5797,KBI,KAMBARGANVI,6,6
5798,KBKN,KHABRA KALAN,6,6
5799,KBP,KUBERPUR,6,6
5800,KBR,KABRAI,6,6
5801,KBSN,KASBE SUKENE,6,6
5802,KDF,KHUNDAUR,6,6
5803,KDGH,KODIGEHALLI,6,6
5804,KDHA,KARCHHA,6,6
5805,KDN,KUDATINI,6,6
5806,KDSD,KUDSAD,6,6
5807,KDX,KADABARI HAT,6,6
5808,KDZ,KANDAGHAT,6,6
5809,KEV,KELA DEVI,6,6
5810,KGF,KATGHAR,6,6
5811,KGL,KUPGAL,6,6
5812,KGN,KURSEONG,6,6
5813,KHHJ,KHATKAR KALA,6,6
5814,KHJ,KHAJRAHA,6,6
5815,KHJA,KHANJA HALT,6,6
5816,KHRA,KACHERA,6,6
5817,KHRI,KHARKHARI,6,6
5818,KHSN,KHERA SANDHA,6,6
5819,KIE,KHIRIA KHURD,6,6
5820,KII,KILLE,6,6
5821,KJ,KAJGAON,6,6
5822,KJA,KHAJURHAT,6,6
5823,KJL,KHUMGAON BUR,6,6
5824,KJLU,KHARI - JHAL,6,6
5825,KJS,KRISHNARAJSA,6,6
5826,KKET,KAMRUP KHETR,6,6
5827,KKG,KEKATUMAR,6,6
5828,KKL,KALA BAKRA,6,6
5829,KKMB,KASTLA-KASMA,6,6
5830,KKNH,KARUKHIRHARN,6,6
5831,KKRL,KAKRALA HALT,6,6
5832,KKTI,KUTTAKUDI,6,6
5833,KLAD,KALANAD HALT,6,6
5834,KLGM,KALLAGAM,6,6
5835,KLH,KHEMLI,6,6
5836,KLHD,KOLHADI,6,6
5837,KLKA,KOILAKUNTLA,6,6
5838,KLS,KOLATUR,6,6
5839,KLSX,KAULSERI,6,6
5840,KLWL,KILANWALI PU,6,6
5841,KLYH,KALLUR YEDAH,6,6
5842,KLYN,KHILERIYAN,6,6
5843,KM,KALEM,6,6
5844,KMGH,KAMARGANJ,6,6
5845,KMHT,KARMAHAT,6,6
5846,KMK,KOMAKHAN,6,6
5847,KMKD,KHAMKHED,6,6
5848,KMLI,KAMLI,6,6
5849,KMLM,KELAMANGALAM,6,6
5850,KMM,KANNAMANGALA,6,6
5851,KMNP,KISHAN-MANPU,6,6
5852,KMPH,KAMALPUR HAL,6,6
5853,KMSI,KURUSI,6,6
5854,KNB,KANIYAMBADI,6,6
5855,KNDI,KANDRORI,6,6
5856,KNDL,KHANDEL,6,6
5857,KNGN,KANHEGAON,6,6
5858,KNGR,KASHINAGAR P,6,6
5859,KNJJ,KANNJARA HAL,6,6
5860,KNRG,KANHARGAON N,6,6
5861,KNSR,KANASAR,6,6
5862,KODN,KODUMUNDA HA,6,6
5863,KOHR,KOHIR(DECCAN,6,6
5864,KONA,KONA PH,6,6
5865,KONN,KONNUR HALT,6,6
5866,KONY,KISONI,6,6
5867,KORI,KHORI,6,6
5868,KPO,KARANPURA,6,6
5869,KPRR,KOTAPAR ROAD,6,6
5870,KQS,KAILARAS,6,6
5871,KRC,KIRODA,6,6
5872,KRI,KHAPRI,6,6
5873,KRJD,KARJODA,6,6
5874,KRKN,KARKEND PH,6,6
5875,KRLS,KURLASI,6,6
5876,KRNH,KORNAHALLI,6,6
5877,KRX,KURUD,6,6
5878,KSBI,KASHIABARI,6,6
5879,KSDE,KARSINDHU HA,6,6
5880,KSR,KASTURI (HAL,6,6
5881,KSTH,KASHTI,6,6
5882,KSWR,KALMESHWAR,6,6
5883,KTA,KUSHTALA,6,6
5884,KTF,KOT FATEH,6,6
5885,KTGA,KEUTIGUA,6,6
5886,KTGM,KAYASTHAGRAM,6,6
5887,KTHA,KHUTHA,6,6
5888,KTHL,KATHOLA (HAL,6,6
5889,KTNR,KIRTYANAND N,6,6
5890,KTP,KATEPURNA,6,6
5891,KTPK,KOTHA PAKKI,6,6
5892,KTRK,KUTURUKHAMAR,6,6
5893,KTRR,KATHARA ROAD,6,6
5894,KTWS,KATHUWAS,6,6
5895,KUGT,KUMARGHAT,6,6
5896,KULH,KULHA HALT,6,6
5897,KUM,KURAM,6,6
5898,KUND,KUND,6,6
5899,KURN,KHUKRANA HAL,6,6
5900,KURO,KORARI,6,6
5901,KVGM,KOLVAGRAM,6,6
5902,KW,KHERVADI,6,6
5903,KXF,KAMPIL ROAD,6,6
5904,KXG,KHARIA KHANG,6,6
5905,KXI,KURUMURTHI,6,6
5906,KXK,KHARKHAUDA,6,6
5907,KXM,KITHAM,6,6
5908,KXX,KATA ROAD,6,6
5909,KYX,KARHIYA BHAD,6,6
5910,KYY,KARIHA HALT,6,6
5911,KZW,KATAR SINGH,6,6
5912,KZX,KHUDDA KORAL,6,6
5913,LBN,LABAN,6,6
5914,LBW,LAIBURWA HAL,6,6
5915,LGCE,LAGARGAWAN,6,6
5916,LHD,LOHOGAD,6,6
5917,LHNR,LAKSHMANPUR,6,6
5918,LIN,LINGAM GUNTL,6,6
5919,LKNR,LAKHPAT NAGA,6,6
5920,LLGM,LELIGUMMA,6,6
5921,LO,LOLIYA,6,6
5922,LOA,LORHA,6,6
5923,LOHA,LOHA   HALT,6,6
5924,LOT,LOHTA,6,6
5925,LPH,LOTAPAHAR,6,6
5926,LPJL,JAGITYAL,6,6
5927,LSE,LASERI  HALT,6,6
5928,LXA,LAKWA,6,6
5929,LYD,LAYABAD,6,6
5930,MAA,MAVAL,6,6
5931,MABB,MABBI HALT,6,6
5932,MADA,MAONDA,6,6
5933,MAHO,MAHOLI,6,6
5934,MANA,MANA,6,6
5935,MANU,MANU,6,6
5936,MASK,MAISAR KHANA,6,6
5937,MBSK,MARWAR- BALI,6,6
5938,MBU,MELPATTAMBAK,6,6
5939,MBV,MIRZAPUR BAC,6,6
5940,MCF,MANIK CHAURI,6,6
5941,MCLA,MACHERLA,6,6
5942,MDC,MAKARDAHA,6,6
5943,MDG,MANDALGHAT,6,6
5944,MDLE,MANDAR HILL,6,6
5945,MDPD,MANDA PADU,6,6
5946,MEE,METHAI F,6,6
5947,MELH,MELUSAR,6,6
5948,MEQ,MALETHU KANA,6,6
5949,MES,MADURAI EAST,6,6
5950,MFC,MONABARI,6,6
5951,MFQ,MAHROI,6,6
5952,MGB,MUDIGUBBA,6,6
5953,MGD,MUGAD,6,6
5954,MGKM,MANGIAKAMI,6,6
5955,MGWD,MAHANGARWAL,6,6
5956,MHAD,MOHADI PRAGA,6,6
5957,MHDB,MAHADIA PH,6,6
5958,MHF,MOHARI,6,6
5959,MHLN,MAHENDRALALN,6,6
5960,MHUL,MAHUWALA HAL,6,6
5961,MHUR,MOHANPUR,6,6
5962,MIA,MANIA,6,6
5963,MIH,MIHRAWAN,6,6
5964,MINA,MIYANA,6,6
5965,MJE,MUJNAI,6,6
5966,MJH,MAJU (PH),6,6
5967,MJZ,MAJHOLA PAKA,6,6
5968,MKD,MARKUNDI,6,6
5969,MKDI,MAKUDI,6,6
5970,MKLI,MAKRAULI,6,6
5971,MKSP,MUKHASA PARU,6,6
5972,MLC,MALKISAR,6,6
5973,MLDE,MADLAUDA,6,6
5974,MLKA,MALUKA,6,6
5975,MLMG,MALLEMADUGU,6,6
5976,MLQ,MALKERA JN,6,6
5977,MLR,MALKHED,6,6
5978,MLSU,MALSAILU HAL,6,6
5979,MLYR,MELNARIYAPPA,6,6
5980,MMP,MAMBALAPPATT,6,6
5981,MMY,MARWAR MATHA,6,6
5982,MNDA,MANDURA,6,6
5983,MNH,MUNSIRHAT PH,6,6
5984,MNHA,MINDHA,6,6
5985,MNX,MANGANALLUR,6,6
5986,MOA,MANOPAD,6,6
5987,MOI,MORI BERA,6,6
5988,MOMU,MOLAKALMURU,6,6
5989,MONR,MOHANUR,6,6
5990,MOP,MOHITNAGAR,6,6
5991,MOPR,MOHANPURA HA,6,6
5992,MORA,MORAIYA,6,6
5993,MPH,MUNDHA PANDE,6,6
5994,MPLI,MINNAMPALLI,6,6
5995,MPNH,MAJNUPUR NAW,6,6
5996,MRG,MARGHERITA,6,6
5997,MRHA,MURAHARA,6,6
5998,MROA,MORA,6,6
5999,MRSH,MORSHI,6,6
6000,MRV,MARSUL,6,6
6001,MRZA,MIRZA,6,6
6002,MSDR,MURSHADPUR,6,6
6003,MSRP,MURHESI RAMP,6,6
6004,MSS,MASARAHALLI,6,6
6005,MSWA,MASANIWALA,6,6
6006,MTB,MATLABPUR,6,6
6007,MTL,MAILAM,6,6
6008,MTMI,MOTUMARI JN.,6,6
6009,MTU,MATMARI,6,6
6010,MTUR,MATHUR,6,6
6011,MUGA,MAHUGARA,6,6
6012,MUGR,MANUGURU,6,6
6013,MVD,MULVAD,6,6
6014,MVH,MANTATTI,6,6
6015,MWAD,MOWAD,6,6
6016,MWE,MEWA NAWADA,6,6
6017,MWK,MORDAD TANDA,6,6
6018,MWT,MARWAR LOHAW,6,6
6019,MWW,MAHWA,6,6
6020,MXP,MALUPOTA,6,6
6021,MXW,MAHADEVASAL,6,6
6022,MYE,MANDHALI,6,6
6023,MZU,MARANDAHALLI,6,6
6024,MZX,MATATILA,6,6
6025,MZY,MACHAPUR,6,6
6026,NAN,NANOGAON ROA,6,6
6027,NANA,NANA,6,6
6028,NAND,NANDIKOOR,6,6
6029,NARA,NARA HALT,6,6
6030,NB,NIMBHORA,6,6
6031,NBT,NAYA BHAGIRA,6,6
6032,NBX,NIZBARGANJ,6,6
6033,NCA,NIZCHATIA,6,6
6034,NDPR,NANDAPUR,6,6
6035,NDT,NATHDWARA,6,6
6036,NGTG,NEW GITALDAH,6,6
6037,NGZ,SHRI-KSHETRA,6,6
6038,NHLN,NAHARLAGUN,6,6
6039,NHX,NARTHAR (HAL,6,6
6040,NIN,NIMKANA,6,6
6041,NIP,NIZAMPUR,6,6
6042,NJN,NAOJAN,6,6
6043,NKDO,NAKKANADODDI,6,6
6044,NKN,NYOLIKALAN,6,6
6045,NLBR,NILAMBAZAR,6,6
6046,NLKT,NALKATA,6,6
6047,NMG,NIMIAGHAT,6,6
6048,NMGT,NIMSHIRGAON,6,6
6049,NMGY,NUMALIGARH R,6,6
6050,NMN,NAMANASAMUDR,6,6
6051,NNE,NONERA,6,6
6052,NOA,NOSARIA  HAL,6,6
6053,NPK,N.PANAKUDI,6,6
6054,NPM,NELLIKUPPAM,6,6
6055,NPR,NEPALGANJ RO,6,6
6056,NPT,NARASINGANPE,6,6
6057,NPW,NIPANI VADGA,6,6
6058,NPX,NARINDARPURA,6,6
6059,NRGR,NARANJIPUR,6,6
6060,NRNR,NURNAGAR  HA,6,6
6061,NRR,NAGARUR,6,6
6062,NRY,NYORIYA HUSE,6,6
6063,NSRH,NIZ-SARIHA,6,6
6064,NSS,NAWASHAHR DO,6,6
6065,NTWL,NETAWAL,6,6
6066,NTZ,NATHWANA,6,6
6067,NUA,NUA,6,6
6068,NUB,NURABAD,6,6
6069,NVC,NAGALWANCHA,6,6
6070,NVF,NAGAVANGALA,6,6
6071,NVLN,NAVALGOAN,6,6
6072,NWB,NIWAS ROAD,6,6
6073,NXR,NAGSAR HALT,6,6
6074,OBM,OBLAPURAM,6,6
6075,ODC,ODDANCHATRAM,6,6
6076,ODHA,ODHA,6,6
6077,ORDI,ORDI,6,6
6078,ORKI,ORKI HALT,6,6
6079,ORW,ORWARA,6,6
6080,OTD,OOTWARD,6,6
6081,OTK,OTTAKOVIL,6,6
6082,OV,OTTIVAKKAM,6,6
6083,PAIL,BLOCK HUT 'C,6,6
6084,PAQ,PADIYA NAGLA,6,6
6085,PASG,PANISAGAR,6,6
6086,PATA,PATA,6,6
6087,PBD,PEDDA BRAHMA,6,6
6088,PCC,PRACHI ROAD,6,6
6089,PCMK,PACHAR MALIK,6,6
6090,PDGN,PADHEGAON,6,6
6091,PDKM,PEDDANAYAKKA,6,6
6092,PDNA,PEDDADINNE H,6,6
6093,PDNR,PADNUR H,6,6
6094,PDO,POODOOR,6,6
6095,PDPH,PADAPAHAR,6,6
6096,PEC,PENCHARTHAL,6,6
6097,PETA,PANDETOLA,6,6
6098,PEU,PERASHSHANNU,6,6
6099,PGG,PENGANGA,6,6
6100,PH,PANOH,6,6
6101,PHM,PATAPATNAM,6,6
6102,PHY,PHARIHA,6,6
6103,PIH,PARIHARA,6,6
6104,PJY,PARJANI  HAL,6,6
6105,PKBS,PEEPLEE - KA,6,6
6106,PKDE,PILU KHERA,6,6
6107,PKRD,PAKARIYA ROA,6,6
6108,PLH,PARLAKIMIDI,6,6
6109,PLU,PATAKOTTACHE,6,6
6110,PLW,PINGLESHWAR,6,6
6111,PMB,PULLAMBADI,6,6
6112,PMKT,PIMPALKHUTI,6,6
6113,PMN,PAMAN,6,6
6114,PMO,PANDOLI,6,6
6115,PMT,PULLAMPET,6,6
6116,PNB,PANBARI,6,6
6117,PNDP,PANDILLAPALL,6,6
6118,PNGI,PANANGUDI,6,6
6119,PNGR,PINGORA,6,6
6120,PNI,PURAINI,6,6
6121,PNSD,PANGARSHINDE,6,6
6122,POK,POKARAN,6,6
6123,POM,PUNTHOTTAM,6,6
6124,PORA,PORA,6,6
6125,PPEA,PAPARERA,6,6
6126,PPLC,PIMPLA CHAUR,6,6
6127,PPLI,PIPLI,6,6
6128,PPNS,PAPPINISSERI,6,6
6129,PPTN,PIPRITHAN,6,6
6130,PPU,PIPARPUR,6,6
6131,PRDT,Proddatur,6,6
6132,PRGA,PAHARJAGANGA,6,6
6133,PRK,PARKHAM,6,6
6134,PRM,PIRUMADARA (,6,6
6135,PRNT,PERIYANAGATH,6,6
6136,PRUR,PRITHWIRAJPU,6,6
6137,PRV,PUKKIRAVARI,6,6
6138,PRWD,PAREWADI,6,6
6139,PSL,PARISAL,6,6
6140,PST,POSOITA,6,6
6141,PTHL,PANTIHAL PH,6,6
6142,PTRE,PATARA,6,6
6143,PTWA,PATWARA,6,6
6144,PUC,PUDUCHATIRAM,6,6
6145,PUF,PAUTA (HALT),6,6
6146,PUSA,PUSLA,6,6
6147,PW,PIRWA,6,6
6148,QXR,KUCHESAR ROA,6,6
6149,RA,RAMPARDA,6,6
6150,RAGM,RAJAGAMBIRAM,6,6
6151,RAH,RAMGARH,6,6
6152,RAHA,RAHA,6,6
6153,RAKL,RETHORAKALAN,6,6
6154,RBR,RIBADA,6,6
6155,RCA,RENTACHIN TA,6,6
6156,RCG,RACHAGUNNERI,6,6
6157,RDG,RAYA DRUG,6,6
6158,RDV,RADHA BALAMP,6,6
6159,REM,REDDI GUDEM,6,6
6160,RES,RASAULI,6,6
6161,RGJI,RANGJULI,6,6
6162,RIM,RAJIM,6,6
6163,RJGR,RAJATHGARH J,6,6
6164,RJMP,RAJMALPUR RO,6,6
6165,RJS,RAJIYASAR,6,6
6166,RKS,SARAI RANI,6,6
6167,RKX,RUKHI HALT,6,6
6168,RLO,RAYALCHERUVU,6,6
6169,RM,RAJMANE,6,6
6170,RMH,RANGMAHAL,6,6
6171,RMNR,RAHMAT NAGAR,6,6
6172,RMW,ROSHAN MAU H,6,6
6173,RNJD,RANJAN GAON,6,6
6174,RNKA,RUNKUTA,6,6
6175,RRU,RAYARU,6,6
6176,RSH,RATAN SAHAR,6,6
6177,RTK,RAMTEK,6,6
6178,RTZ,RATONA,6,6
6179,RUL,RAVLI,6,6
6180,RVG,REVELGANJ GH,6,6
6181,RVH,RAIPUR R-V B,6,6
6182,RWJ,RAWANJNA,6,6
6183,RY,RAYAKA,6,6
6184,RYC,RAYAKOTTAI,6,6
6185,RYT,RAYATPURA,6,6
6186,RZN,RAUZAGAON,6,6
6187,SAD,SONADA,6,6
6188,SAGM,SAGMA,6,6
6189,SAHA,SARAHULA HAL,6,6
6190,SAKD,SUPRAKANDI,6,6
6191,SAMT,SALEM MARKET,6,6
6192,SANH,SANHA HALT,6,6
6193,SAO,SAGONI,6,6
6194,SASG,SASAN GIR,6,6
6195,SAV,SAVDA,6,6
6196,SBIC,SABARMATI JN,6,6
6197,SCE,SENCHOA JN,6,6
6198,SCN,SONDHA ROAD,6,6
6199,SCPD,SUCHIPIND HA,6,6
6200,SCPR,SHYAMA CHARA,6,6
6201,SEN,SENAPURA,6,6
6202,SEPR,SHERPUR,6,6
6203,SEW,SEHAL HALT,6,6
6204,SFDE,SAFIDON,6,6
6205,SFE,SANODIYA,6,6
6206,SFR,SAFRAI,6,6
6207,SGBJ,SURGAON BANJ,6,6
6208,SGRM,SINGARAM,6,6
6209,SHF,SHIRUD,6,6
6210,SHGN,SHRI GHASI N,6,6
6211,SHW,SAMHON,6,6
6212,SHX,SHUKARULLAHP,6,6
6213,SHZ,SUMMER HILL,6,6
6214,SIF,SIRLI,6,6
6215,SIKD,SIKRODA KWAN,6,6
6216,SIM,SHRI AMIRGAD,6,6
6217,SIPA,SINGHPOKHARI,6,6
6218,SISN,SISAUNA,6,6
6219,SIY,SIRRI,6,6
6220,SJER,SANJARPUR (H,6,6
6221,SJKL,SURJAKAMAL,6,6
6222,SKAP,SKPARA,6,6
6223,SKLR,SAKLESHPUR,6,6
6224,SKNR,SHAKARNAGAR,6,6
6225,SKPI,SIKRIPAI,6,6
6226,SKVL,SANKAVAL,6,6
6227,SLM,SOMALAPURAM,6,6
6228,SLOR,SELOO ROAD,6,6
6229,SLR,SALOGRA,6,6
6230,SLRP,SALARPUR,6,6
6231,SLTH,SILLAKKUDI,6,6
6232,SMND,SARMATANR,6,6
6233,SMPA,SHYAMPURA,6,6
6234,SMRL,SAMARALA,6,6
6235,SMV,SUMAOLI,6,6
6236,SNB,SATNAUR BADE,6,6
6237,SNCA,SINGRA,6,6
6238,SNDI,SENDURAI,6,6
6239,SNDT,SINDRI TOWN,6,6
6240,SNKG,SANKARA GUMM,6,6
6241,SNKX,SANKRA   HAL,6,6
6242,SNMY,SINDRI MARSH,6,6
6243,SNPH,SHANKAPUR HA,6,6
6244,SNRA,SANWARA HALT,6,6
6245,SNVR,SANVATSAR,6,6
6246,SOB,SILANIBARI,6,6
6247,SOL,SOLAN,6,6
6248,SPV,SIVAPUR,6,6
6249,SPX,SAPATGRAM,6,6
6250,SPY,SARSONPURI,6,6
6251,SQJ,SAILA KHURD,6,6
6252,SQQ,SALAGAON,6,6
6253,SRBG,SAROBAG,6,6
6254,SRDR,SARDARSAHAR,6,6
6255,SRJK,SURAJKUNDA,6,6
6256,SRL,SAROLA,6,6
6257,SRMR,SRIRAMPURAM,6,6
6258,SRPJ,SWARUPGANJ,6,6
6259,SRRG,SURER,6,6
6260,SRSI,SARSI,6,6
6261,SRVN,SRAVANUR,6,6
6262,SRVT,SIRUVATTUR H,6,6
6263,SSPR,SADASHIBAPUR,6,6
6264,SSZ,SADDA SINGHW,6,6
6265,STDR,SATADHAR,6,6
6266,STRK,SITAPUR KUTC,6,6
6267,SUM,SUMMIT,6,6
6268,SUNM,SUNMAI HALT,6,6
6269,SURP,SURATPURA JN,6,6
6270,SVB,SAVNI,6,6
6271,SVO,SANVRAD,6,6
6272,SVT,SHIVPURA,6,6
6273,SVW,SHIVNISHIVAP,6,6
6274,SVX,SAVARDA,6,6
6275,SWAR,SEWAR,6,6
6276,SWDE,SIWAHA,6,6
6277,SWF,SATHIN ROAD,6,6
6278,SXB,SAMBRE,6,6
6279,SXE,SILA KHERI,6,6
6280,SXR,SERNDANUR,6,6
6281,SYK,SAIDKHANPUR,6,6
6282,SYW,SINDURWA,6,6
6283,TABU,TALABURU,6,6
6284,TBL,TARCHHERA BA,6,6
6285,TEG,TRIBEDIGANJ,6,6
6286,TEK,TEKKALI,6,6
6287,TELY,TELIA,6,6
6288,TFGN,TUFANGANJ,6,6
6289,THW,THARWAI,6,6
6290,THY,THADI,6,6
6291,TIM,TIMMANACHERL,6,6
6292,TIW,TIVARI,6,6
6293,TJM,TURINJAPURAM,6,6
6294,TJP,TAJPUR,6,6
6295,TKB,TUPKADIH,6,6
6296,TKI,TAKLI,6,6
6297,TKMY,TAKLIMIYA HA,6,6
6298,TKRP,TIKAULI RAWA,6,6
6299,TKYR,TIKARIYA,6,6
6300,TLMR,TELIAMURA,6,6
6301,TLN,TALNI,6,6
6302,TLNR,TALANALLUR,6,6
6303,TLS,BETTAHALASUR,6,6
6304,TMPM,TIMMAPURAM H,6,6
6305,TMT,TIMTALA,6,6
6306,TNI,TANDARAI,6,6
6307,TOK,THOKUR,6,6
6308,TPB,TRILOKPUR (H,6,6
6309,TPC,TIRUPPACHETT,6,6
6310,TPG,TIPLING,6,6
6311,TPK,TIPKAI,6,6
6312,TPPI,THIPPARTHI,6,6
6313,TRG,TARIGHAT,6,6
6314,TSAH,TATASIGUA,6,6
6315,TUJ,TANIJAN,6,6
6316,TUNG,TUNG,6,6
6317,TUX,TUNIA,6,6
6318,TUY,THIRUTHURAIY,6,6
6319,TVI,TARADEVI,6,6
6320,TVN,TIRUPPUVANAM,6,6
6321,TVS,TALAIVASAL,6,6
6322,TZR,TURKI,6,6
6323,UA,UPLETA,6,6
6324,UBN,UBARNI,6,6
6325,UCB,UNCHI BASSI,6,6
6326,UCH,UNCHAULIA,6,6
6327,UDM,UNDASA MADHA,6,6
6328,UDS,UDASAR,6,6
6329,UGN,UGAON,6,6
6330,UKE,UTTARKATHANI,6,6
6331,UM,UMERDASHI,6,6
6332,UMED,UMED,6,6
6333,UMNF,AMBLIYASAN J,6,6
6334,VBR,VAMBORI,6,6
6335,VD,VADADIYA,6,6
6336,VDP,VADIPPATTI,6,6
6337,VEER,VEER,6,6
6338,VER,VELLUR HALT,6,6
6339,VHGN,WIHIRGAON,6,6
6340,VJP,VIJAYPUR,6,6
6341,VKM,VENKATESHAPU,6,6
6342,VKP,VARAKALPATTU,6,6
6343,VL,VILAD,6,6
6344,VLG,VALI GONDA,6,6
6345,VPJ,VAIYAMPATTI,6,6
6346,VRG,VIKRAM NAGAR,6,6
6347,VRT,VRIDDHACHALA,6,6
6348,VST,VIJAYSOTA,6,6
6349,VVA,VARVALA,6,6
6350,VYK,VILAYAT KALA,6,6
6351,WADO,WADODA,6,6
6352,WDL,WANDAL,6,6
6353,WGJ,WARISGANJ HA,6,6
6354,WIRR,WIRUR,6,6
6355,WKRC,WANKANER CIT,6,6
6356,WLGN,WALGAON,6,6
6357,WOC,WARUD ORANGE,6,6
6358,YAD,YEULKHED,6,6
6359,YDP,YEDAPALLI  H,6,6
6360,YDV,YADVENDRANAG,6,6
6361,ABLE,AMBLE,5,5
6362,AHD,AHERWADI H,5,5
6363,ANGR,ANGADGERI H,5,5
6364,ANPR,ANPARA,5,5
6365,APRD,ASHAPURNA DE,5,5
6366,BBAI,BHADBHUNJA,5,5
6367,BDPA,BADALPUR PH,5,5
6368,BENL,BENAL H,5,5
6369,BET,BARETH,5,5
6370,BGMR,BAGUMRA,5,5
6371,BLG,BILHAR GHAT,5,5
6372,BLWR,BILESHWAR,5,5
6373,BMQ,BHIMARLAI,5,5
6374,BMRN,BHIMRANA,5,5
6375,BOBS,BOBAS,5,5
6376,BQM,BARELIPAR,5,5
6377,BQW,BARAKALAN,5,5
6378,BRHU,BARAHU,5,5
6379,BSDA,BANIYA SANDA,5,5
6380,BTKP,BHARAT KUP,5,5
6381,BUGY,BUGIA,5,5
6382,BUQ,BARGI,5,5
6383,CHK,CHAKERI,5,5
6384,CHRG,CHORGI H,5,5
6385,CNBI,CHANDARI,5,5
6386,CRE,CHORGHAT PIP,5,5
6387,CSM,CANSAULIM,5,5
6388,CTPR,CHINTA PARRU,5,5
6389,DBEC,DEVBALODA CH,5,5
6390,DGHL,DIGHAL,5,5
6391,DHND,DHINDA,5,5
6392,DMP,DHARAMPUR HI,5,5
6393,DNK,DHANAKYA,5,5
6394,DPT,DALPAT SINGH,5,5
6395,DRPH,DEVRI P.H,5,5
6396,DWD,DHEKWAD,5,5
6397,GGAR,GANGADHRA,5,5
6398,GGGS,GARHA GOODS,5,5
6399,GKG,GOKULGARH,5,5
6400,GNS,GHONSOR,5,5
6401,GNST,GHANDHI SMRU,5,5
6402,GOLE,GOLE,5,5
6403,GRG,GUWARI GHAT,5,5
6404,GRX,GAURA,5,5
6405,HDE,HARDAS BIGHA,5,5
6406,HEN,HERIA PH,5,5
6407,HGL,HARANGUL,5,5
6408,HMG,HAMIR GARH,5,5
6409,HMRR,HAMARAPUR,5,5
6410,HOH,HONAGANAHALL,5,5
6411,HRW,HARRAWALA,5,5
6412,IMR,IBRAHIMPUR H,5,5
6413,JNE,JANIYANA,5,5
6414,JON,JOHNA,5,5
6415,JONR,JEONARA,5,5
6416,JPV,JMTRA PARASW,5,5
6417,KBN,KARBIGWAN,5,5
6418,KDHI,KALADEHI,5,5
6419,KDRD,KHULDIL ROAD,5,5
6420,KFF,KOLDE,5,5
6421,KHE,KANKATHER,5,5
6422,KHNR,KACHNARA,5,5
6423,KHTG,KHATGAON,5,5
6424,KHTX,KHED TEMPLE,5,5
6425,KKRD,KIKAKUI ROAD,5,5
6426,KKS,KURASTI KALA,5,5
6427,KLM,KADLIMATTI H,5,5
6428,KMTI,KUMARHATTI D,5,5
6429,KRAI,KAHER,5,5
6430,KRSL,KRISHNASHILA,5,5
6431,KSAR,KUDALA SANGA,5,5
6432,KSQ,KANSPUR GUGA,5,5
6433,KSVM,KESAVARAM HA,5,5
6434,KTK,KYATANAKERI,5,5
6435,KVA,KAVAS,5,5
6436,KYT,KAILAHAT,5,5
6437,LAUL,LAUL,5,5
6438,LKKD,LOKKADKOT,5,5
6439,LNWT,LUCKNOW WEST,5,5
6440,LSGS,LAVAN SATYAG,5,5
6441,MAND,MANDURAI HAL,5,5
6442,MDB,MANDOR,5,5
6443,MDL,MANDAL,5,5
6444,MGRL,MANGROLIA,5,5
6445,MHRI,MACHHRAULI,5,5
6446,MJHL,MAJHAULA HAL,5,5
6447,MKDN,MARKADHANA,5,5
6448,MKY,MEKKUDI HALT,5,5
6449,MOM,MAMAN,5,5
6450,MTJL,MOTIJHEEL,5,5
6451,MUQ,MARUDUR HALT,5,5
6452,MWF,MAGARDAHA,5,5
6453,MWH,MALWAN,5,5
6454,MYGD,MYNAGURI RD,5,5
6455,NCN,NACHINDA PH,5,5
6456,NDNI,NIDHANI,5,5
6457,NIDI,NIDI,5,5
6458,NIR,NAINPUR JN.,5,5
6459,PATI,PARSA TIWARI,5,5
6460,PDE,PINDRAI,5,5
6461,PGMD,PRAGATI MAID,5,5
6462,PHX,PATHAKPUR,5,5
6463,PLHW,PALHAWAS,5,5
6464,PMPR,PREMPUR,5,5
6465,PPKD,PAPRAKUND,5,5
6466,PRPM,PT RAM PRASA,5,5
6467,PRTR,PUTTARRA,5,5
6468,PRU,PARLU,5,5
6469,PTE,PATIALA CANT,5,5
6470,PTPR,PRATABPUR HA,5,5
6471,PTRL,PATHRALA,5,5
6472,PUO,PIR UMROD,5,5
6473,RSYI,RASAYANI,5,5
6474,RXM,ROOMA,5,5
6475,SGS,SHOGHI,5,5
6476,SII,SITIMANI,5,5
6477,SIW,SHIRAVADE,5,5
6478,SJDA,SANJUJA-DA-A,5,5
6479,SJPA,SUJALPUR PH,5,5
6480,SKRI,SIKARIA HALT,5,5
6481,SKTN,SHAKTINAGAR,5,5
6482,SKY,SHIKARA,5,5
6483,SLGE,SULERJAVALGE,5,5
6484,SOY,SUKRIMANGELA,5,5
6485,SSIA,SUISA,5,5
6486,STLB,SITALPUR (BE,5,5
6487,SUH,SULEHALLI,5,5
6488,SWC,SHIVRAMPUR,5,5
6489,SZA,SAROTRA ROAD,5,5
6490,TBV,TIMBARVA,5,5
6491,TIC,TIMMACHIPURA,5,5
6492,TKRA,TIKRA PH,5,5
6493,TNGM,TONDALAGOPAV,5,5
6494,TRAN,TORANG,5,5
6495,TUL,TIRALDIH,5,5
6496,TVG,TAVARGATTI,5,5
6497,TWL,TILWARA,5,5
6498,USK,USIAKHAS HAL,5,5
6499,VNK,BINAIKI,5,5
6500,ZPR,ZORAWARPURA,5,5
6501,AABH,AMBIKA BHAWA,4,4
6502,AAG,ANGAR,4,4
6503,ABE,AMBIKESHWAR,4,4
6504,ABX,AMBARI,4,4
6505,AEH,ANANTPAITH,4,4
6506,AGD,AGASOD,4,4
6507,AGDL,AGRAN DHULGA,4,4
6508,AGE,ANGAI HALT,4,4
6509,AGQ,ASIRGARH ROA,4,4
6510,AGTR,AGAUTHAR HAL,4,4
6511,AHJU,AHJU,4,4
6512,AJM,ADRAJ MOTI,4,4
6513,AJRE,AUJURI,4,4
6514,AKI,ADARKI,4,4
6515,ALAI,ALAI,4,4
6516,ALN,ALANDI,4,4
6517,ALV,ANKLAV,4,4
6518,AMBR,AMBIKA (ROHI,4,4
6519,AMPR,AMARPURA RAT,4,4
6520,ANE,ANANTARAJUPE,4,4
6521,ANO,ANJANI,4,4
6522,ANQ,AMNAPUR,4,4
6523,AON,ARAON,4,4
6524,AONI,AMONI,4,4
6525,APA,AMARPURA,4,4
6526,APRH,ALEHPUR,4,4
6527,APU,ANIPUR,4,4
6528,ARGD,ARIGADA,4,4
6529,ARH,AMHERA  HALT,4,4
6530,ARI,ANTRI,4,4
6531,ARK,ARAKU,4,4
6532,ARKA,ARKHA HALT,4,4
6533,ARP,ATRAMPUR,4,4
6534,ARU,ARASALU,4,4
6535,ASI,ARSENI,4,4
6536,ASTG,ASHTEGAON,4,4
6537,ATA,ATA,4,4
6538,ATKS,ATWA KURSATH,4,4
6539,ATM,ALTAGRAM,4,4
6540,ATRU,ATRU,4,4
6541,ATW,ATWA MUTHIA,4,4
6542,AUS,ANUP SHAHR,4,4
6543,AUWA,AUWA,4,4
6544,AV,ASVALI,4,4
6545,AVL,AMRUTVEL,4,4
6546,AVT,AVATIHALLI,4,4
6547,AWG,AWA GARH,4,4
6548,AWM,ASWAPURAM,4,4
6549,BAHI,BALENAHALLI,4,4
6550,BAK,BHAN KARI,4,4
6551,BALE,BALE,4,4
6552,BAMR,BAMUR,4,4
6553,BAR,BAR,4,4
6554,BARD,DUBRIKALAN,4,4
6555,BAWA,BALWARA,4,4
6556,BAYD,BAYAD,4,4
6557,BBLK,BABA LAKSHMA,4,4
6558,BCHL,BACHELI,4,4
6559,BCHN,BOCHASAN JN.,4,4
6560,BDIN,BHADAIYAN,4,4
6561,BDKT,BADAKHANDITA,4,4
6562,BDT,BORDUBI ROAD,4,4
6563,BDW,BANDANWARA,4,4
6564,BDYR,BIDYADABRI,4,4
6565,BEE,BEBEJIA,4,4
6566,BEJ,BENIGANJ,4,4
6567,BES,BES,4,4
6568,BETI,BHETASI,4,4
6569,BEW,BETAWAD,4,4
6570,BGDI,BAGADIA  PH,4,4
6571,BGG,BANTA RUGHNA,4,4
6572,BGKA,BANGURKELA,4,4
6573,BGLI,BARGOLAI,4,4
6574,BGMU,BANGARMAU,4,4
6575,BGPL,BHAGUAPAL,4,4
6576,BHAN,BHOYANI,4,4
6577,BHAT,BHATPURA,4,4
6578,BHBV,BLOCK HUT B,4,4
6579,BHDH,BAHADURPUR,4,4
6580,BHDR,BHADRI,4,4
6581,BHGN,BHILGAON,4,4
6582,BHMW,BHAMBHEWA,4,4
6583,BHNE,BHONE,4,4
6584,BHRJ,BECHRAJI,4,4
6585,BHRM,BISHRAMGANJ,4,4
6586,BHUA,BHUA,4,4
6587,BHY,BHAYAVADAR,4,4
6588,BIB,BIRPUR,4,4
6589,BIF,BHAIRONPUR,4,4
6590,BILK,BILKHA,4,4
6591,BIPR,BHEEMPURA,4,4
6592,BIR,BIR,4,4
6593,BISH,BISHENGARH,4,4
6594,BJK,BIJORA,4,4
6595,BJMR,BAIJNATH MAN,4,4
6596,BJN,BEJNAL,4,4
6597,BJPR,BIJAIPUR ROA,4,4
6598,BK,BAKRA ROAD,4,4
6599,BKA,BARKHEDA,4,4
6600,BKD,BANKODA,4,4
6601,BKPR,BAKASPUR,4,4
6602,BKPT,BHAKARAPET,4,4
6603,BKRH,BRIJ KISHOR,4,4
6604,BKSA,BAKHSHA,4,4
6605,BKTL,BAKTAL,4,4
6606,BLGH,BISHALGARH,4,4
6607,BLME,BHOLIDIH,4,4
6608,BLMR,BHALUKMARA,4,4
6609,BLNG,BARLANGA,4,4
6610,BLNI,BHALWANI,4,4
6611,BLNK,BELANKI,4,4
6612,BLO,BHULON,4,4
6613,BLPE,BALAPALLE,4,4
6614,BLPR,BADULIPAR,4,4
6615,BLRD,BALAROAD,4,4
6616,BLRG,BALASIRING,4,4
6617,BMA,BAGMAR,4,4
6618,BMBE,BIMBARI,4,4
6619,BMN,BHIMANA,4,4
6620,BMNL,BAMANWALI,4,4
6621,BMPT,BANNI MAHAMM,4,4
6622,BMSB,BHIMASAR,4,4
6623,BMSN,BAMSIN,4,4
6624,BMU,BAMHRAULI,4,4
6625,BMVR,BMVR,4,4
6626,BNAR,BINAUR,4,4
6627,BNDI,BARUNDNI,4,4
6628,BNF,BANDHUA,4,4
6629,BNRD,BALANGIR ROA,4,4
6630,BNS,BANAS,4,4
6631,BNSL,BANSINALA HA,4,4
6632,BNTH,BANDNATH,4,4
6633,BO,BORSAD,4,4
6634,BOKE,BHOKE,4,4
6635,BOMN,BOMMAGUNDANA,4,4
6636,BON,BHONRA,4,4
6637,BORD,BOLAGARH ROA,4,4
6638,BORT,Bolagarh tow,4,4
6639,BPK,BHUGAON,4,4
6640,BPV,BHOTEPATTI,4,4
6641,BQE,BAKANIAN BHA,4,4
6642,BQN,BAGRI NAGAR,4,4
6643,BRB,BORIBIAL,4,4
6644,BRCK,BARUA CHAK,4,4
6645,BRDV,BARADEV,4,4
6646,BRGJ,BARGAON GUJA,4,4
6647,BRHI,BARHI,4,4
6648,BRHT,BAILEY ROAD,4,4
6649,BRI,BHIRINGI,4,4
6650,BRKP,BARKIPONA,4,4
6651,BRLF,BAR LONGFER,4,4
6652,BRLY,BIROLIYA,4,4
6653,BRMX,BURMI  HALT,4,4
6654,BRNI,BARWASNI HAL,4,4
6655,BRNR,BARUA NAGAR,4,4
6656,BROR,BERORE,4,4
6657,BRRD,BORDI ROAD,4,4
6658,BRRZ,BARARA BUZUR,4,4
6659,BRTK,BHORTEX,4,4
6660,BSCP,BASKATWA BH,4,4
6661,BSDR,BANSADHARA P,4,4
6662,BSSL,BASSI BERISA,4,4
6663,BSTP,BASANTAPUR,4,4
6664,BSWD,BHENSWADI,4,4
6665,BSY,BARSATHI,4,4
6666,BTKD,BHARATKUND,4,4
6667,BTSI,BATASI,4,4
6668,BTZ,BALIMARA,4,4
6669,BUBT,BUDA BHARTHA,4,4
6670,BUPH,BABUPETH,4,4
6671,BUR,BINDAURA,4,4
6672,BURA,BAHUARA(HALT,4,4
6673,BUTN,BUTANA HALT,4,4
6674,BWA,BHINWALIYA,4,4
6675,BWO,BURAMARA,4,4
6676,BWRA,BHARATWADA,4,4
6677,BWS,BADWASI,4,4
6678,BYC,BELLARYCANTT,4,4
6679,BYXA,BETGARA,4,4
6680,BYZA,BEGUNIA,4,4
6681,BZGT,BAZARGHAT,4,4
6682,CAPG,CHAPAGURI,4,4
6683,CBG,CHARBHUJA RO,4,4
6684,CBP,CHIKBALLAPUR,4,4
6685,CBZ,CHURAIBARI,4,4
6686,CCD,CHICHONDA,4,4
6687,CCI,CHINNE KUNTA,4,4
6688,CDB,CHAUDHURIBAN,4,4
6689,CDBH,CANDRABANDA,4,4
6690,CDI,CHANDNI,4,4
6691,CDRA,CHANDERA HAL,4,4
6692,CDS,CHANDISAR,4,4
6693,CEME,CHEGRO,4,4
6694,CGF,CHARALI,4,4
6695,CGTA,CHEGUNTA,4,4
6696,CHBN,CHAND KHIRA,4,4
6697,CHBR,CHAURE BAZAR,4,4
6698,CHIT,CHITHARI HAL,4,4
6699,CHLK,CHAVALKHEDE,4,4
6700,CHRI,CHARHI,4,4
6701,CHRK,CHURKI,4,4
6702,CIA,CHHEHARTA,4,4
6703,CJA,CHONGAJAN,4,4
6704,CJR,CHAMARAJ,4,4
6705,CJS,CHARAMULA KU,4,4
6706,CJW,CHHAJAWA,4,4
6707,CK,CHIKSUGUR,4,4
6708,CKE,CHOKI SORATH,4,4
6709,CKKD,CHARKEDA KHU,4,4
6710,CKNI,CHIKNI ROAD,4,4
6711,CKOD,CHAKROD,4,4
6712,CKW,CHALKHOWA,4,4
6713,CKX,CHAKUR,4,4
6714,CLDR,CHILIKDARA,4,4
6715,CLO,CHILO,4,4
6716,CMGR,CHIKMAGALURU,4,4
6717,CMY,CHINTAMANI,4,4
6718,CNH,CHAUNRAH,4,4
6719,CNL,CHANDAWAL,4,4
6720,COE,CHITROD,4,4
6721,CPL,CHAKARIAPALL,4,4
6722,CRC,CHARKHARI RO,4,4
6723,CRK,CHARKHEDA,4,4
6724,CSDR,CHANNASANDRA,4,4
6725,CSMA,CHANASMA JN.,4,4
6726,CTJ,CHATENI,4,4
6727,CTL,CHITAL,4,4
6728,CTTP,CHITRAPUR (H,4,4
6729,CTZ,CHAUNTRA BHA,4,4
6730,CWDA,CHURIWALA,4,4
6731,CX,CHANOL,4,4
6732,DAM,DHAMORA,4,4
6733,DAN,DHANETA,4,4
6734,DCU,DAMALACHERUV,4,4
6735,DDG,DIGHA GHAT,4,4
6736,DDGA,DUGDA WASHAR,4,4
6737,DDGJ,DEEDAR GANJ,4,4
6738,DET,DET,4,4
6739,DFR,DEOGAN ROAD,4,4
6740,DGN,DONGARGAON,4,4
6741,DGQ,DUGDOL HALT,4,4
6742,DHLI,DETHLI,4,4
6743,DHNR,DHANORA (DEC,4,4
6744,DHOA,DHOLPUR (NG),4,4
6745,DHR,DHARNAODA,4,4
6746,DHS,DHAVALAS,4,4
6747,DJI,DHORAJI,4,4
6748,DJKR,DALAJI-KA-KH,4,4
6749,DKI,DHARAM KUNDI,4,4
6750,DKM,DIKOM,4,4
6751,DKY,DHOKI,4,4
6752,DLCR,DULLABCHERRA,4,4
6753,DLPH,DAULATPUR HA,4,4
6754,DLW,DILWA,4,4
6755,DME,DAMNAGAR,4,4
6756,DMGN,DHAMALGAON,4,4
6757,DMK,DILMILI,4,4
6758,DMYA,DAMAY,4,4
6759,DNJ,DAUNDAJ,4,4
6760,DNPR,DHANPURA,4,4
6761,DNU,DALSANUR,4,4
6762,DNUA,DHANSURA,4,4
6763,DNWR,DHANWAR,4,4
6764,DOH,DHODRAMOHAR,4,4
6765,DOHM,DEVGADH MADA,4,4
6766,DOTL,DEOTALA,4,4
6767,DOW,DAVOL,4,4
6768,DOZ,DAURAI,4,4
6769,DPE,DEVARAPALLE,4,4
6770,DPLN,DIPLANA,4,4
6771,DRA,DULARIYA,4,4
6772,DRG,DARSHANNAGAR,4,4
6773,DRGM,DEORAGRAM,4,4
6774,DRGU,DAMRUGHUTU,4,4
6775,DRHI,DAGARKHEDI,4,4
6776,DRS,DHARESHWAR,4,4
6777,DSD,DOSVADA,4,4
6778,DSK,DUSKHEDA,4,4
6779,DSL,DESWAL  HALT,4,4
6780,DSME,DASARA,4,4
6781,DSR,DHANSIRI,4,4
6782,DTJ,DETROJ,4,4
6783,DTQ,DATARDA KALA,4,4
6784,DTT,DODDAGHATTA,4,4
6785,DUMR,DUMARA,4,4
6786,DUN,DUGANPUR,4,4
6787,DVA,DELVADA,4,4
6788,DVN,DEVTHANA HAL,4,4
6789,DWDI,DIGHWA DUBAU,4,4
6790,DWJ,DWARKAGANJ,4,4
6791,DWV,DIWAN KHAVAT,4,4
6792,DWZ,DANTE WARA,4,4
6793,DXD,DIGOD,4,4
6794,EDU,ERIODU,4,4
6795,ELL,ERALIGUL,4,4
6796,ENB,ELLENABAD,4,4
6797,ERC,ERICH ROAD,4,4
6798,ETAH,ETAH,4,4
6799,FLD,PHULAD,4,4
6800,FPS,FATEHPUR-SHE,4,4
6801,FRH,FARHANTNAGAR,4,4
6802,FSG,PHURSUNGI,4,4
6803,FTC,FATEHPUR CHA,4,4
6804,GAA,GALAN,4,4
6805,GAJB,GAJARA BAHAR,4,4
6806,GAJU,GAJU HALT,4,4
6807,GAL,GHATALA,4,4
6808,GAMI,GOGAMERI,4,4
6809,GARA,GARHA,4,4
6810,GBP,GULABPURA,4,4
6811,GBQ,GODBHAGA,4,4
6812,GDH,GIDANAHALLI,4,4
6813,GEG,GIR GADHARA,4,4
6814,GGO,GORAM GHAT,4,4
6815,GHAI,GHATIGAON,4,4
6816,GHRI,GHORI  HALT,4,4
6817,GHX,GARHARA,4,4
6818,GIS,GARHI SANDRA,4,4
6819,GIW,GIRDHARPUR,4,4
6820,GJMB,GANJ MURADAB,4,4
6821,GJT,JANNAGHATTA,4,4
6822,GKD,GADHAKADA,4,4
6823,GLE,GAJULAGUDEN,4,4
6824,GMGM,GOMANGALAM,4,4
6825,GMX,GURMURA,4,4
6826,GNDM,GUNRAJPUR DH,4,4
6827,GNO,GOREGAON ROA,4,4
6828,GNQ,GODHANI,4,4
6829,GNR,GADIGANURU,4,4
6830,GNTR,GAUNTRA,4,4
6831,GO,GHOTI,4,4
6832,GOPG,GOPALGANJ,4,4
6833,GPU,GULAPALAYAMU,4,4
6834,GRBH,GAREA BIHAR,4,4
6835,GRE,GOLA ROAD,4,4
6836,GRI,GURIYA,4,4
6837,GRJA,GORINJA,4,4
6838,GRM,GARHMAU,4,4
6839,GSGJ,GHAUSGANJ,4,4
6840,GTI,GHUTAI,4,4
6841,GTT,GOMTA,4,4
6842,GTY,GOLAPATTI,4,4
6843,GUA,GUA,4,4
6844,GUZ,GUMANIHAT,4,4
6845,GVA,GANGUWADA,4,4
6846,GWH,GHOSHAWAR,4,4
6847,HAA,HARWADA,4,4
6848,HAQ,HASTAVARAMU,4,4
6849,HATI,HATI,4,4
6850,HBF,HADOBHANGI P,4,4
6851,HBN,HAIBARGAON,4,4
6852,HER,HER,4,4
6853,HISE,HIRISAVE,4,4
6854,HLKK,HALLIKHERK,4,4
6855,HMO,HANUMANGARH,4,4
6856,HMP,HEMPUR,4,4
6857,HNMN,HANUMAN CIRC,4,4
6858,HNU,HANSPURA,4,4
6859,HOL,HOL,4,4
6860,HPR,HIRAPUR,4,4
6861,HRBR,HARUBERA,4,4
6862,HRF,HATHRAS QILA,4,4
6863,HRM,HADMADIYA,4,4
6864,HSL,HISVAHAL,4,4
6865,HTGR,HATHIGADH,4,4
6866,HUN,HUNSENAHALLI,4,4
6867,HZBN,HAZARIBAGH T,4,4
6868,ICL,ICHAULI,4,4
6869,IDS,ISHARDASPUR,4,4
6870,IDT,SIDLAGHATTA,4,4
6871,IGRL,INGORALA,4,4
6872,IKD,IKDORI,4,4
6873,INP,INDAPUR,4,4
6874,ISRI,ISHAPUR KHER,4,4
6875,JA,JALIYA,4,4
6876,JARI,JARI,4,4
6877,JAUA,JAMUA,4,4
6878,JBB,JAMBUR,4,4
6879,JBR,JAHANGIRABAD,4,4
6880,JCN,JUNICHAVAND,4,4
6881,JDNX,JOGINDER NAG,4,4
6882,JEP,JEONATHPUR,4,4
6883,JFG,JAFARGANJ,4,4
6884,JGF,JOGIDIH,4,4
6885,JGJN,JUGIJAN,4,4
6886,JHIR,JHIR,4,4
6887,JIR,JIRA ROAD,4,4
6888,JKB,JAKHALABANDH,4,4
6889,JKH,JAHANIKHERA,4,4
6890,JKR,JAULKHERA,4,4
6891,JKS,JAKSI,4,4
6892,JLG,JULGAON(DECC,4,4
6893,JLHI,JHILAHI,4,4
6894,JLRF,JETALSAR JN,4,4
6895,JMBL,JAMBHALI  HA,4,4
6896,JMI,JAMGURI,4,4
6897,JNN,JAMUNIATANR,4,4
6898,JNTR,JINTI ROAD,4,4
6899,JNX,JAGANNATH JI,4,4
6900,JNZ,JENAL,4,4
6901,JOBA,JOBA,4,4
6902,JRLI,JAROLI,4,4
6903,JRO,JIRON,4,4
6904,JRPD,JARAPADA,4,4
6905,JRQ,JHAROKHAS,4,4
6906,JSB,YAMUNA SOUTH,4,4
6907,JSC,JALESAR CITY,4,4
6908,JSR,JASRA,4,4
6909,JTIN,JETHIAN,4,4
6910,JTN,JOTANA,4,4
6911,JTP,JETPUR,4,4
6912,JUA,JARAUNA,4,4
6913,JUBS,JUBBASAHANI,4,4
6914,JUJA,JUJOMURA,4,4
6915,JVA,JAVALE,4,4
6916,JVL,JAMWALA,4,4
6917,JW,JATWARA,4,4
6918,JWK,JAWAHARPUR K,4,4
6919,JXN,JIRONA HALT,4,4
6920,KADI,KADI,4,4
6921,KAGA,KURHAGADA,4,4
6922,KAKN,KAIMARAKALAN,4,4
6923,KARO,KHARIO PH,4,4
6924,KARR,KHARAR,4,4
6925,KAUA,KATHAUTIA,4,4
6926,KAW,KHAJURI,4,4
6927,KBA,KURBALAKOTA,4,4
6928,KBK,KHAMIL GHAT,4,4
6929,KCLA,KENCHANALU,4,4
6930,KCM,KALASAMUDRAM,4,4
6931,KCP,KALGUPUR,4,4
6932,KCR,KHONKAR,4,4
6933,KDBR,KHADKI BAZAR,4,4
6934,KDK,KOHDAD,4,4
6935,KDL,KANKROLI,4,4
6936,KDT,KHADARPETT,4,4
6937,KDY,KETTANDAPATT,4,4
6938,KFC,KALPATTICHAT,4,4
6939,KFD,KARANJADI,4,4
6940,KGX,KANGINHAL,4,4
6941,KGZ,KARUNGUZHI,4,4
6942,KHA,KHAIGAON,4,4
6943,KHD,KHODIYAR,4,4
6944,KHDI,KHANDHERI,4,4
6945,KHDR,KHANDARI HAL,4,4
6946,KHKT,KHOTKHOTI,4,4
6947,KHOH,KHOH,4,4
6948,KHPL,KHALIAPALI,4,4
6949,KHRY,KHAIRAHI,4,4
6950,KIKA,KURWAI KETHO,4,4
6951,KJP,KHOJEEPURA,4,4
6952,KJPD,KURINJIPADI,4,4
6953,KJTW,KAJGAON TERH,4,4
6954,KJW,KHAJWANA,4,4
6955,KKAS,KATKAMASANDI,4,4
6956,KKGT,KALKALIGHAT,4,4
6957,KKK,KHAKHARIYA,4,4
6958,KKLU,KAKLUR,4,4
6959,KKRH,KARAHIYA HAL,4,4
6960,KKV,KUKAVAV,4,4
6961,KLBA,KALAMBHA,4,4
6962,KLGD,KOLLENGODE,4,4
6963,KLGN,KALANGANI,4,4
6964,KLGR,KOLAIGRAM,4,4
6965,KLLF,KALOL,4,4
6966,KLYT,KOLAYAT,4,4
6967,KMAH,KAMATHE,4,4
6968,KMLK,KAMALAPUR,4,4
6969,KMRD,KALAMB ROAD,4,4
6970,KNAR,KHANPUR AHIR,4,4
6971,KNBR,KANAIBAZAR,4,4
6972,KNC,KANCHANPUR R,4,4
6973,KNLP,KANAMALEPALL,4,4
6974,KNNA,KHINANIYAN,4,4
6975,KNRN,KANAROAN,4,4
6976,KOA,KARONDA,4,4
6977,KOF,MARWAR KORI,4,4
6978,KOHL,KOHLI,4,4
6979,KOL,KOLAD,4,4
6980,KOLE,KOLE,4,4
6981,KOZ,KOSMA,4,4
6982,KQE,KALA AKHAR,4,4
6983,KQRT,KODERMA TOWN,4,4
6984,KRDL,KIRANDUL,4,4
6985,KRKM,KHARA-KAMERI,4,4
6986,KRKP,KYARKOP,4,4
6987,KRKR,KURKURA,4,4
6988,KRMB,KARMABAD,4,4
6989,KRNI,KRISHNAI,4,4
6990,KRQ,KARARI,4,4
6991,KRRA,KARRA,4,4
6992,KRTH,KIRATGARH,4,4
6993,KRTR,KAROTA PATRI,4,4
6994,KRW,KHARWA,4,4
6995,KSA,KHASA,4,4
6996,KSAE,KOSAI,4,4
6997,KSHR,KESHWARI BH,4,4
6998,KSNA,KANASAR NAWA,4,4
6999,KSUA,KASHIPURA,4,4
7000,KTAL,KATHLAL,4,4
7001,KTHE,KATAHRI,4,4
7002,KTKD,KATANGI KHUR,4,4
7003,KTKR,KUMTHA KHURD,4,4
7004,KTLP,KATALPUR (HA,4,4
7005,KTNA,KATHANA,4,4
7006,KTR,KOTHAR,4,4
7007,KTRA,KOTRA,4,4
7008,KUJU,KUJU,4,4
7009,KUKA,KHUI KHERA,4,4
7010,KURT,KHURDA TOWN,4,4
7011,KUT,KANAUTA,4,4
7012,KUTI,KHUMTAI,4,4
7013,KVH,KHAMBHEL,4,4
7014,KVJ,KESHAV GANJ,4,4
7015,KVLR,KARUVALLI,4,4
7016,KVN,KAVANUR,4,4
7017,KVNJ,KAPADVANJ,4,4
7018,KWAR,KAWAR,4,4
7019,KWI,KIVARLI,4,4
7020,KWW,KUSWA HALT,4,4
7021,KXA,KUNARIYA,4,4
7022,KXL,KAMARBANDHA,4,4
7023,KYH,KHAIRAH,4,4
7024,KZQ,KHIMEL,4,4
7025,LATH,LATH HALT,4,4
7026,LBZ,LALBAGH,4,4
7027,LCH,LINCH,4,4
7028,LDM,LADERMER,4,4
7029,LDU,LUNIDHAR,4,4
7030,LEK,LAKHAKERA,4,4
7031,LGI,LONGAI,4,4
7032,LGRE,LINGIRI,4,4
7033,LH,LAHING,4,4
7034,LHL,LAHOAL,4,4
7035,LKG,LAMSAKHANG,4,4
7036,LKZ,LAKDIYA,4,4
7037,LMC,LAKHAMANCHI,4,4
7038,LNH,LACHHMANGARH,4,4
7039,LNP,LANGARPETH,4,4
7040,LOM,LODHMA,4,4
7041,LPR,LILAPURROAD,4,4
7042,LPTA,LONGPATIA,4,4
7043,LRI,LIHURI PH,4,4
7044,LSG,LAWA SARDARG,4,4
7045,LT,LAHAVIT,4,4
7046,LTI,LATTERI,4,4
7047,LTKR,LALIT KHERA,4,4
7048,LW,LORWADA,4,4
7049,LWS,LUKWASA,4,4
7050,LXR,LUNSERIYA,4,4
7051,MADR,MADURE (H),4,4
7052,MADU,MADDURU,4,4
7053,MAEL,MAEL,4,4
7054,MAH,MADHOGANJ,4,4
7055,MALR,MALLUR,4,4
7056,MANG,MAHANAGAR,4,4
7057,MANK,MANKI,4,4
7058,MAR,MULANUR,4,4
7059,MBF,MUNABAO,4,4
7060,MBGA,MARWAR BAGRA,4,4
7061,MBW,MALWARA,4,4
7062,MCPE,MARWAR CHHAP,4,4
7063,MCRD,MECHERI ROAD,4,4
7064,MCSC,MAHARAJA CHH,4,4
7065,MCZ,MAHABUANG,4,4
7066,MDPA,MANDPIYA,4,4
7067,MDPJ,MADANAPUR HA,4,4
7068,MDPR,MODPUR,4,4
7069,MDSA,MODASA,4,4
7070,MDVR,MADHAVNAGAR,4,4
7071,MDXR,MUDARIA,4,4
7072,MER,METPANJRA,4,4
7073,METR,METHI TIKUR,4,4
7074,MEW,MARHAURA,4,4
7075,MGRD,MAGARDOH,4,4
7076,MGRR,MAGARPUR,4,4
7077,MGWN,MAHGAWAN HAL,4,4
7078,MHC,MASRAKH,4,4
7079,MHDA,MAHADIYA,4,4
7080,MHMB,MAHIMBA,4,4
7081,MHSA,MAHESHPUR 'A,4,4
7082,MHUA,MAHUDHA,4,4
7083,MIAL,MILAVALI HAL,4,4
7084,MJGP,MAJHGAWAN PH,4,4
7085,MJNL,MAJRI NANGAL,4,4
7086,MJV,MANJHAGARH,4,4
7087,MJY,MARAMJHIRI,4,4
7088,MKHI,MAKHI,4,4
7089,MKL,MAKALI DURGA,4,4
7090,MKPT,MALIKPETH,4,4
7091,MKRA,MAKRERA,4,4
7092,MLI,MANGALIYAWAS,4,4
7093,MLM,MALTHAN,4,4
7094,MLS,MALASA,4,4
7095,MLW,MALLANWAN,4,4
7096,MMDA,MUTHALAMADA,4,4
7097,MMPL,MANTAPAMPALL,4,4
7098,MNDU,MANDU HALT,4,4
7099,MNJ,MANOHARGANJ,4,4
7100,MNJR,MANJHLEPUR,4,4
7101,MNKD,MANKHURD,4,4
7102,MNKN,MANIKALAN HA,4,4
7103,MOBD,MOUBUND,4,4
7104,MOHR,MOHANA HARYA,4,4
7105,MOJ,MOHANA,4,4
7106,MONJ,MONGLAJHORA,4,4
7107,MOTA,MOTA,4,4
7108,MOTG,MOTIGANJ,4,4
7109,MP,MELAPPALAYAM,4,4
7110,MPC,MUTTAMPATTI,4,4
7111,MPF,MUIRPUR ROAD,4,4
7112,MPUE,MAINPURI KAC,4,4
7113,MQE,MOHD KHEDA,4,4
7114,MQZ,MOTA JADRA,4,4
7115,MRDG,MARADANGA,4,4
7116,MRF,MARPALLI,4,4
7117,MRM,MAMANDURU,4,4
7118,MRYA,MERIYANA,4,4
7119,MSO,MISROD,4,4
7120,MSOD,MASODHA,4,4
7121,MSQ,MARWAR RATAN,4,4
7122,MSSN,MAISHASHAN,4,4
7123,MSTH,MISRIKH TIRA,4,4
7124,MSV,MUSTRA,4,4
7125,MTDI,MALTEKDI,4,4
7126,MTDM,METTUR DAM,4,4
7127,MTJR,MOTERJHAR,4,4
7128,MTND,MATTAGAJPUR,4,4
7129,MTRA,MATIGARA,4,4
7130,MUGN,MAHUTGAON,4,4
7131,MUO,MASANGAON,4,4
7132,MVE,MUNDHEWADI,4,4
7133,MVRD,MAIVADIROAD,4,4
7134,MWA,MANDVA,4,4
7135,MWD,MHASAVAD,4,4
7136,MWP,MAHARANI PAC,4,4
7137,MXM,MINATCHIPURA,4,4
7138,MXO,MORTHALA,4,4
7139,MXR,MAHUR,4,4
7140,MXS,MOHASA,4,4
7141,MXY,MAHUARIYA,4,4
7142,MYJ,MAHEJI,4,4
7143,MYP,MUNDIAMPAKKA,4,4
7144,MZA,MEZENGA,4,4
7145,MZQ,MAJGAON-ASSA,4,4
7146,NAG,NAGARGALI,4,4
7147,NANR,NARANPUR,4,4
7148,NAWN,NAWAN,4,4
7149,NBP,NIBHAPUR,4,4
7150,NBUE,NIBKARORI,4,4
7151,NCBD,NEW CHANGRAB,4,4
7152,NCU,NALLACHERUVU,4,4
7153,NDE,NANDRE,4,4
7154,NDK,NANDKHAS,4,4
7155,NDY,NANDI,4,4
7156,NERI,NERI,4,4
7157,NGAN,NAGAON,4,4
7158,NGD,NAGARDEVLA,4,4
7159,NGI,NAGRI,4,4
7160,NGY,NATH GANJ,4,4
7161,NHR,NOHAR,4,4
7162,NI,NAYDONGRI,4,4
7163,NIV,NIVASAR,4,4
7164,NKH,NATHU KHEDI,4,4
7165,NKK,NARIKKUDI,4,4
7166,NKW,NILAKANTHEWA,4,4
7167,NLNR,NULENURU,4,4
7168,NM,NAIMISHARANY,4,4
7169,NOSM,NOSSAM,4,4
7170,NPH,NURPURA HALT,4,4
7171,NPU,NADIAPUR,4,4
7172,NQH,NEW DOMOHANI,4,4
7173,NRF,NERALAKATTE,4,4
7174,NRV,NARIYAR  HAL,4,4
7175,NRWI,NARWASI,4,4
7176,NVL,NEYVELI,4,4
7177,NWDH,NAWADIH,4,4
7178,NWSI,NAWAL SAHI H,4,4
7179,NYG,NAYAGARH,4,4
7180,NYGT,NAYAGARHTOWN,4,4
7181,NYRH,NAYARHAT,4,4
7182,NZR,NAZIRA,4,4
7183,OLA,OLAKUR,4,4
7184,ORC,ORCHHA,4,4
7185,ORH,ODDARA HALLI,4,4
7186,OSA,AUSA ROAD,4,4
7187,OSH,OLD SACHIVAL,4,4
7188,OTN,OATING,4,4
7189,PADH,PIPRADIH,4,4
7190,PAE,PALANA,4,4
7191,PAI,PABAI,4,4
7192,PAL,PALASNER,4,4
7193,PALM,PALAYAM,4,4
7194,PARH,PARA KHEDA,4,4
7195,PASR,PANDURANGA S,4,4
7196,PATR,PARAMJEEVAR,4,4
7197,PBB,PARBATONIA,4,4
7198,PCHT,PUNAICHAK HA,4,4
7199,PCKM,PACHCHAKUPPA,4,4
7200,PCL,PULICHERLA,4,4
7201,PCT,PANCHTALAVAD,4,4
7202,PDF,PADAMPUR,4,4
7203,PDGL,PONDUGULA,4,4
7204,PDGM,PUDUNAGARAM,4,4
7205,PDMA,PADMA,4,4
7206,PDP,PADSE,4,4
7207,PDSN,PEDDASANA,4,4
7208,PEE,PATERHI,4,4
7209,PFL,PIPRALA,4,4
7210,PGL,PAGDHAL,4,4
7211,PGP,PANDURANGA P,4,4
7212,PHI,PANIKHAITI,4,4
7213,PHQ,PARDHADE,4,4
7214,PHV,PIRTHIGANJ,4,4
7215,PI,PADLI,4,4
7216,PIC,PARICHA,4,4
7217,PJN,PANJHAN,4,4
7218,PJPR,PJP ROAD HAL,4,4
7219,PJR,PANGRI,4,4
7220,PK,PAKNI,4,4
7221,PKC,PAKRA,4,4
7222,PKE,PIMPAR KHED,4,4
7223,PKGM,PHAKHOAGARM,4,4
7224,PKNA,PAKHNA,4,4
7225,PKRA,PARSA KHERA,4,4
7226,PKRH,PARSA KERWA,4,4
7227,PKX,PAKHRAULI,4,4
7228,PLD,PALDHI,4,4
7229,PLJE,PHULWARTANR,4,4
7230,PLM,PANELI MOTI,4,4
7231,PLSG,PALASINGI,4,4
7232,PLV,PALSI,4,4
7233,PMD,PAMIDI,4,4
7234,PNHR,PANIHAR,4,4
7235,PNT,PANITOLA,4,4
7236,PNV,PANEVADI,4,4
7237,PNVT,PANCHRATNA,4,4
7238,PNWN,PACHAWAN,4,4
7239,PPCK,PIPALWALI CH,4,4
7240,PPF,PIPLAJ,4,4
7241,PPJ,POPHLAJ,4,4
7242,PPTR,PUSHPATTUR,4,4
7243,PQZ,PUNDIBARI,4,4
7244,PRKD,POWAR KHEDA,4,4
7245,PRN,PARAUNA,4,4
7246,PRWA,PARWAKHURD H,4,4
7247,PSLI,PARSOLI,4,4
7248,PTG,PATNA GHAT,4,4
7249,PTHD,PATOHAN,4,4
7250,PTKD,PATHARKANDI,4,4
7251,PTSC,PARICHA THER,4,4
7252,PTYR,PATIYARA,4,4
7253,PU,PATCHUR,4,4
7254,PUD,PHANDA,4,4
7255,PUG,PUNGGUDI,4,4
7256,PUY,PHULAGURI,4,4
7257,PWK,PIPARIYAKELA,4,4
7258,QSR,KANSRAO,4,4
7259,RAK,RAMKOT,4,4
7260,RBHR,RABHRA HAALT,4,4
7261,RBHT,R BLOCK HALT,4,4
7262,RCJ,RANAYALA,4,4
7263,RDK,RASHIDPURA-K,4,4
7264,REMA,REMA,4,4
7265,RFR,RAFINAGAR F,4,4
7266,RGLI,RAGHOULI,4,4
7267,RHI,RAKHI,4,4
7268,RJAK,RAJNAGAR K H,4,4
7269,RJB,RAJABERA,4,4
7270,RJLK,RAJALUKAH,4,4
7271,RJW,RAJEWADI,4,4
7272,RKY,KOTHARIYA,4,4
7273,RLK,ROHALKHURD,4,4
7274,RMGJ,RAMGANJ,4,4
7275,RMPH,RAMPAHARI,4,4
7276,RNB,RANPURA,4,4
7277,RNGG,RANGALITING,4,4
7278,RNL,RANALA,4,4
7279,RNN,RAJAN KUNTI,4,4
7280,RNRD,RANIPUR ROAD,4,4
7281,RORA,RORA,4,4
7282,RPGU,RASULPUR GOG,4,4
7283,RPL,REDDIPALLI,4,4
7284,RPV,RAJAPATTI,4,4
7285,RQP,RADHA KISHOR,4,4
7286,RRJ,RAMARAJUPALL,4,4
7287,RSJ,RAYSER JAGIR,4,4
7288,RSKA,RAJSUNAKHALA,4,4
7289,RTBR,RATABARI,4,4
7290,RTGN,RATANGAON,4,4
7291,RTJ,RANTEJ,4,4
7292,RTU,RATAN SARAI,4,4
7293,RVN,RAJIV NAGAR,4,4
7294,RWH,ROWRIAH,4,4
7295,RXN,RAMSAN,4,4
7296,SAF,SALKHAPUR,4,4
7297,SAPE,SAPE-WAMNE (,4,4
7298,SAPR,SARANGPUR RO,4,4
7299,SAR,SHAHZAD NAGA,4,4
7300,SBLJ,SHRI BALAJI,4,4
7301,SBW,SHEWBABUDIH,4,4
7302,SDH,SARADHNA,4,4
7303,SDMK,SIDMUKH,4,4
7304,SEI,SHENDRI,4,4
7305,SER,SAMAYANALLUR,4,4
7306,SEX,SERONI ROAD,4,4
7307,SF,SETTIGUNTA,4,4
7308,SFG,SUBEDARGANJ,4,4
7309,SFK,SIKIR,4,4
7310,SFPR,SAFIPUR,4,4
7311,SGDP,SAGADAPATA,4,4
7312,SHER,SHER (HALT),4,4
7313,SHIV,SHINDAWANE,4,4
7314,SHMI,SHIROOR,4,4
7315,SHNX,SHEOSINGHPUR,4,4
7316,SHRM,SHARMA HALT,4,4
7317,SHTT,SILGHAT TOWN,4,4
7318,SHYP,SAKKARAYA PA,4,4
7319,SJF,SAJANVAV ROA,4,4
7320,SJMA,SANJAMALA,4,4
7321,SJRR,SAJERPAR,4,4
7322,SJT,SHUJATPUR,4,4
7323,SKBR,SHANKARPUR B,4,4
7324,SKKE,SEKERKOTE,4,4
7325,SKPT,SOMANAYAKKAN,4,4
7326,SKU,SIKRODA,4,4
7327,SLBN,SALAI BANWA,4,4
7328,SLHA,SALHANA,4,4
7329,SLHI,SILHAUDI,4,4
7330,SLP,SALPA,4,4
7331,SLTP,SULTANPUR,4,4
7332,SLV,SANDALPUR,4,4
7333,SLX,SELENGHAT,4,4
7334,SMDT,SEMMANDAPATT,4,4
7335,SMKR,SHAM KAURIA,4,4
7336,SMKT,SOMAN KATTI,4,4
7337,SMTA,SAMUKTALA RO,4,4
7338,SMTL,SIMARIATAL,4,4
7339,SMWA,SOMESHWARA,4,4
7340,SNBR,SONUABARI,4,4
7341,SND,SONDIMRA,4,4
7342,SNE,SHENOLI,4,4
7343,SNGN,SANGANER,4,4
7344,SNKB,SONKHAMB,4,4
7345,SNN,SONEGAON,4,4
7346,SNSL,SHONSELU,4,4
7347,SNYN,SONIYANA,4,4
7348,SOE,SHEOPUR KALA,4,4
7349,SORI,SORAI,4,4
7350,SPDM,SINGHPURDUMR,4,4
7351,SPGL,SARAI GOPAL,4,4
7352,SPHL,SHAMPURHALLI,4,4
7353,SPHT,SHIVPURI HAL,4,4
7354,SPO,SURPURA,4,4
7355,SPPR,SHUDNIPUR,4,4
7356,SPRA,SILLIPUR,4,4
7357,SPRM,SITAPURAM PH,4,4
7358,SPSR,SARPESWAR P.,4,4
7359,SQW,SIDHWALIA,4,4
7360,SR,SABLIROAD,4,4
7361,SRDW,SHRIMAD DWAR,4,4
7362,SRKN,SHEREKAN,4,4
7363,SRMT,SIRMUTTRA,4,4
7364,SRPB,SRIRAMPUR (A,4,4
7365,SRTE,SOOROTHEE,4,4
7366,SS,SHIRSOLI,4,4
7367,SSDT,SHAMSHABAD T,4,4
7368,SSGJ,SURASARAIGHA,4,4
7369,SSPD,SADASHIVAPET,4,4
7370,SSV,SASVAD ROAD,4,4
7371,STBD,SULTANABAD H,4,4
7372,STBJ,SITABANJ,4,4
7373,STLI,SITHOULI,4,4
7374,SUAL,saundal,4,4
7375,SUMR,SUMER,4,4
7376,SUPP,SUPPALAPADU,4,4
7377,SUW,SUKHI SEWANI,4,4
7378,SVF,SRIVENKATAPE,4,4
7379,SVS,SRINIVASPUR,4,4
7380,SVZ,SARAI HARKHU,4,4
7381,SWS,SUWANSA,4,4
7382,SWT,SHIWALA TEHU,4,4
7383,SWW,SHAHANAGAR T,4,4
7384,SXA,SAGPHATA,4,4
7385,SXQ,SUAHERI HALT,4,4
7386,SXX,SALBARI,4,4
7387,SYF,SEMAI,4,4
7388,SYL,SALPURA,4,4
7389,SYQ,SINHAN,4,4
7390,SZV,SIVADI,4,4
7391,TAE,TADALI JN.,4,4
7392,TAKU,TAKU,4,4
7393,TAT,TUMMANAM GUT,4,4
7394,TATI,TATI,4,4
7395,TBU,THERBAN HALT,4,4
7396,TBX,TILBHUM,4,4
7397,TCH,TIRUCHCHULI,4,4
7398,TDV,THONDE BHAVI,4,4
7399,TEO,TEEGAON,4,4
7400,TERH,TERHA HALT,4,4
7401,TGDE,THANGUNDI,4,4
7402,TGE,THEKERAGURI,4,4
7403,TGRL,TANGIRIAPAL,4,4
7404,THEA,THALERA,4,4
7405,THED,TAUHEED,4,4
7406,THKU,THALAKU,4,4
7407,THR,THARA,4,4
7408,THX,TOVALAI H.,4,4
7409,TIBI,TIBI,4,4
7410,TID,TAGDI,4,4
7411,TII,TINGRAI,4,4
7412,TIP,TATAPPARAI,4,4
7413,TISI,TISI,4,4
7414,TJW,TEJPURWA (HA,4,4
7415,TKA,TEHARKA,4,4
7416,TKHA,TAKHA,4,4
7417,TKHE,TAKARKHEDE,4,4
7418,TKLN,TARRA KALAN,4,4
7419,TKMG,TIKAMGARH,4,4
7420,TKND,TRIVIKARAMDE,4,4
7421,TKOT,TOKKUTTU,4,4
7422,TKPH,TAKIPUR HALT,4,4
7423,TKPY,TURKAPALLI,4,4
7424,TKRU,TAKHRAU HALT,4,4
7425,TKU,TANAKALLU,4,4
7426,TL,TILONIYA,4,4
7427,TLE,TALGARIA,4,4
7428,TLGR,TULSI NAGAR,4,4
7429,TLI,TALWARA JHIL,4,4
7430,TLMG,TALAMADUGU H,4,4
7431,TLNH,TILAUNCHI,4,4
7432,TLPH,TALPUR,4,4
7433,TLZ,TALAVLI,4,4
7434,TMB,TEMBURU,4,4
7435,TMGN,THAMLA MOGAN,4,4
7436,TMKA,TOMKA,4,4
7437,TMP,TAMARAIPADI,4,4
7438,TMUR,Tenua Dumari,4,4
7439,TNUE,TINDAULI,4,4
7440,TORA,TORNIYA,4,4
7441,TPP,TOPPUR,4,4
7442,TRWT,TARWATA,4,4
7443,TSD,TAHSIL BHADR,4,4
7444,TTLA,TETELIA,4,4
7445,UDMR,UDI MOR,4,4
7446,UDPU,UDAIPUR,4,4
7447,UGP,UGARPUR,4,4
7448,UGU,UGU,4,4
7449,UKC,UKSI,4,4
7450,ULN,ULNA BHARI,4,4
7451,UMG,UTTANGAL MAN,4,4
7452,UMM,UMRAM,4,4
7453,UMS,UDRAMSAR,4,4
7454,UNA,UNA,4,4
7455,UWAN,URWAN,4,4
7456,VADR,VARUD,4,4
7457,VCN,VIROCHANNAGA,4,4
7458,VDM,VADAMADURA,4,4
7459,VDV,VADIYA DEVLI,4,4
7460,VEI,VELLIYANAI,4,4
7461,VGL,VAGHLI,4,4
7462,VGM,VINNAMANGALA,4,4
7463,VINH,VINHERE,4,4
7464,VJD,VIJAPADI ROA,4,4
7465,VKH,VIKHRAN ROAD,4,4
7466,VKZ,VENKATANARAS,4,4
7467,VLD,VAYALPADU,4,4
7468,VLDR,VALADAR,4,4
7469,VLTR,VADALI LUTER,4,4
7470,VLU,VADALUR,4,4
7471,VNM,ONTIMITTA,4,4
7472,VNN,BHANAUR,4,4
7473,VNRD,VANIROAD,4,4
7474,VPL,VENKATAM PAL,4,4
7475,VRLI,veravali,4,4
7476,VRX,VARAHI,4,4
7477,VTE,VENKATAGIRIK,4,4
7478,VTL,VADTAL SWAMI,4,4
7479,VVD,VAVDI,4,4
7480,VVV,VAVERA,4,4
7481,VWA,VIDURASWATTH,4,4
7482,WAB,BALWA,4,4
7483,WDS,WADSINGE,4,4
7484,WG,WAGHOLI,4,4
7485,WGA,WAGHODA,4,4
7486,WKA,VAKAV,4,4
7487,WLH,VALHA,4,4
7488,WRGN,WARIGAON NEW,4,4
7489,WSB,WASHIMBE,4,4
7490,WSD,WASUD,4,4
7491,YDD,YADUDIH,4,4
7492,YDLP,YADALAPUR,4,4
7493,YDM,YEDAMANGALA,4,4
7494,YGA,YARAGOPPA H,4,4
7495,YGM,YADUGRAM BH,4,4
7496,YS,YERMARAS,4,4
7497,YSI,YEDSI,4,4
7498,ZARP,ZARAP,4,4
7499,BBAR,BARA,3,3
7500,BCRD,BARCHHI ROAD,3,3
7501,BGAR,BANGARI,3,3
7502,BIP,BAHILPURWA,3,3
7503,BJIH,BIJULI HALT,3,3
7504,BKKI,BAKARKUDI,3,3
7505,BNGM,BANGURGRAM H,3,3
7506,BNOD,BENODA,3,3
7507,BOM,BOMADRA,3,3
7508,BSDL,BHARSENDI,3,3
7509,BUS,BADAUSA,3,3
7510,BYR,BHAYANDAR,3,3
7511,CDSL,CHANDRESAL,3,3
7512,CRKR,CHAURAKHERI,3,3
7513,CRWL,CHAKRAKWALA,3,3
7514,DIP,DIPORE,3,3
7515,DV,DHUVA,3,3
7516,DWI,DINGWAI,3,3
7517,FYZ,FAIZULLAPUR,3,3
7518,GDBR,GOONDA (BIHA,3,3
7519,GHSR,GHASARA HALT,3,3
7520,GRMT,GUD MARKET,3,3
7521,HNSL,HESALONG  FS,3,3
7522,HTN,HATNAPUR,3,3
7523,IDGJ,IRADATGANJ,3,3
7524,ILO,ILLOO,3,3
7525,JHMR,JHIMRI,3,3
7526,KAI,KAIRLA,3,3
7527,KANO,KANOH,3,3
7528,KEJ,KATHLEEGHAT,3,3
7529,KLPM,KAILASAPURAM,3,3
7530,KOLI,KESHOLI,3,3
7531,KPCM,KUWARCHINTAW,3,3
7532,KTDD,KATAIYA DAND,3,3
7533,LBH,LUCKNOW (DIK,3,3
7534,LKJN,LINK JN CABI,3,3
7535,LNKC,LINK C-CABIN,3,3
7536,LOG,LOHGARA,3,3
7537,LTMD,LATEMDA,3,3
7538,MFX,MADARAHA,3,3
7539,MJHR,MAJHIARI,3,3
7540,MLU,MALUGUR,3,3
7541,MQA,MATODA,3,3
7542,MRE,MANAURI,3,3
7543,MRX,MURUD,3,3
7544,MTPC,MOTIPURA CHA,3,3
7545,MZV,MARALAHALLI,3,3
7546,NGHW,NAGESHWADI H,3,3
7547,NHGJ,NEW HARANGAJ,3,3
7548,NVD,NAVAL GUND R,3,3
7549,NWBV,NEW WEST BLO,3,3
7550,OHAN,OHAN CABIN,3,3
7551,PAAL,PALA,3,3
7552,PBC,PARVATSAR CI,3,3
7553,PEH,PATHARDIH JN,3,3
7554,PNHI,PANHAI,3,3
7555,POR,PIPLOD ROAD,3,3
7556,RKZ,RAJKIAWAS,3,3
7557,RT,ROHAT,3,3
7558,SAHL,SAHELI,3,3
7559,SHWL,SAHUWALA,3,3
7560,SSNS,SAHEED SURAJ,3,3
7561,SSR,SARERI,3,3
7562,SVTN,SHIVATHAN,3,3
7563,SYWN,SAIYID SARAW,3,3
7564,TNH,TINKHEDA,3,3
7565,VBH,VISHNUPUR BA,3,3
7566,ACCI,ADICHUNCHUNA,2,2
7567,AGB,AMBAGAON,2,2
7568,AGZ,AMAGURA,2,2
7569,AHO,ADARSHNAGAR,2,2
7570,AKAH,ARTALAKATTA,2,2
7571,AKVU,ANKLESHWAR U,2,2
7572,AKW,AKONA,2,2
7573,ALE,AMLETHA,2,2
7574,ALGP,ALGAPUR,2,2
7575,ANM,ANAMALAI ROA,2,2
7576,ARMU,ARMOOR,2,2
7577,ASCE,ATHSARAI,2,2
7578,ASP,ASPARI,2,2
7579,AVC,AMARAVATHI C,2,2
7580,AVH,AVIDHA,2,2
7581,AYN,AIYANAPURAM,2,2
7582,BAF,BAP,2,2
7583,BAJE,BAJAKARE,2,2
7584,BARA,BILARA,2,2
7585,BASR,BATESAR,2,2
7586,BBC,BHACHHBAR,2,2
7587,BBCE,BULBULCHANDI,2,2
7588,BBI,BARA BANI,2,2
7589,BCF,BANKAPASI,2,2
7590,BCW,BHAWI,2,2
7591,BDHA,BADHADA,2,2
7592,BDNP,BIDANPUR,2,2
7593,BDO,BAHALDA ROAD,2,2
7594,BDQ,BUDORA,2,2
7595,BDRI,BHADRAULI,2,2
7596,BDS,BORADIGHI,2,2
7597,BDVR,BODDAVARA,2,2
7598,BDXX,BADEARAPUR,2,2
7599,BDYK,BINDAYAKA,2,2
7600,BED,BASERI,2,2
7601,BFG,BAGTHAR,2,2
7602,BGHU,BORRAGUHALU,2,2
7603,BHAS,BHOJRAS,2,2
7604,BHAU,BHALUA,2,2
7605,BHBR,BATHUA BAZAR,2,2
7606,BHJA,BHEJA,2,2
7607,BHNG,BHALUKPONG,2,2
7608,BHNS,BHANSI,2,2
7609,BHRB,BHAIRABI,2,2
7610,BHSA,BHISA HALT,2,2
7611,BHZ,BIHARA,2,2
7612,BICI,BARKICHANPI,2,2
7613,BIDD,BIDIYAD,2,2
7614,BII,BORIDRA,2,2
7615,BJM,BAGAVATHIPUR,2,2
7616,BKAC,BARKAKANA AV,2,2
7617,BKC,BHIKAMKOR,2,2
7618,BKKA,BHUKARKA,2,2
7619,BKS,BALIKOTIA,2,2
7620,BMPR,BADAMPAHAR,2,2
7621,BNA,BANNIKOPPA,2,2
7622,BOTR,BHAVDHARI,2,2
7623,BOW,BORAWAR,2,2
7624,BPGR,BENIPURGRAM,2,2
7625,BPJ,BARA HAPJAN,2,2
7626,BPKH,BUDHA PUSHKA,2,2
7627,BRL,BARWALAROAD,2,2
7628,BRMP,BIRMITRAPUR,2,2
7629,BRPS,BARAPALASI,2,2
7630,BRRI,BIRARI,2,2
7631,BSPL,BASAMPALLE,2,2
7632,BSRI,BASARI,2,2
7633,BSRL,BESROLI,2,2
7634,BTDR,BATADRAWA RO,2,2
7635,BTM,BATTULAPURAM,2,2
7636,BTTN,BHATTIAN,2,2
7637,BUB,BISSAU,2,2
7638,BUBR,BHUTKIYA BHI,2,2
7639,BUF,BIMALGARH JN,2,2
7640,BWPL,BALWANTPURA,2,2
7641,BXF,BARSUAN,2,2
7642,BXK,BANDARKHAL,2,2
7643,CASA,CHHANSARA,2,2
7644,CAT,CHATTAR HAT,2,2
7645,CAZ,CHAUHANI,2,2
7646,CBD,CHANGRABANDH,2,2
7647,CFG,CHAKITING,2,2
7648,CHAR,CHARMAL,2,2
7649,CHHU,CHHANUA,2,2
7650,CHIB,CHIRAI,2,2
7651,CHNN,CHANNANI,2,2
7652,CHOD,CHARDUAR,2,2
7653,CHOK,CHAUK,2,2
7654,CHRU,CHAMRUA,2,2
7655,CHTT,CHITTA HALT,2,2
7656,CII,CHETTIYAPATT,2,2
7657,CJE,KANCHIPURAM,2,2
7658,CJQ,CHAMPAJHARAN,2,2
7659,CKHS,CHIKHLI,2,2
7660,CKS,CHAKSU,2,2
7661,CLPE,CHALLAVARIPA,2,2
7662,CMBR,CHEMBUR,2,2
7663,CMDP,CHIMIDIPALLI,2,2
7664,CNDN,CHANDAN,2,2
7665,CNE,CHANDRANATHP,2,2
7666,CNJW,HOLDING LINE,2,2
7667,CNV,KINATTUKKADA,2,2
7668,CNX,CHANDAUNA HA,2,2
7669,CPE,CHANDIPOSHI,2,2
7670,CTS,CHHATARIPUT,2,2
7671,CUE,CHAUPALE,2,2
7672,DAC,DAHINSARA,2,2
7673,DAYG,DARIYAGANJ,2,2
7674,DBF,DABPAL,2,2
7675,DBLG,DIJAOBRA,2,2
7676,DBLI,DEBRABANDHAU,2,2
7677,DBZ,DHING BAZAR,2,2
7678,DCA,DAMCHARA,2,2
7679,DDMT,DARIMETA,2,2
7680,DGFJ,DAHEJ,2,2
7681,DGPI,DURGAPURI,2,2
7682,DGX,DAHGAON,2,2
7683,DHM,DADHAL INAM,2,2
7684,DHQ,DHARAKOH,2,2
7685,DHRY,DHAIPUKHURI,2,2
7686,DIR,DHANAPUR-ORI,2,2
7687,DIU,DHING,2,2
7688,DJA,DAOTUHAJA,2,2
7689,DJHR,DEOJHAR,2,2
7690,DJS,DHURANT JWAS,2,2
7691,DKE,DIHAKHO,2,2
7692,DKSA,DRAKSHARAMA,2,2
7693,DKUR,DOKUR,2,2
7694,DKW,DHANAKWADA,2,2
7695,DLDE,DALDALI,2,2
7696,DMF,DUMETRA,2,2
7697,DMSR,DHIMSIRI,2,2
7698,DMZ,DUMDANGI,2,2
7699,DNGI,DANGARI,2,2
7700,DOI,DOMOHNI,2,2
7701,DPC,DARLIPUT,2,2
7702,DPSR,DAPSAURA,2,2
7703,DPZ,DEVPURA,2,2
7704,DSVS,D Samudraval,2,2
7705,DSX,DESANG,2,2
7706,DTC,DITOKCHERRA,2,2
7707,DTRA,DANTRA,2,2
7708,DTRD,DIYATRA,2,2
7709,DURP,DURGAPURI,2,2
7710,DUT,DUM DUMA TOW,2,2
7711,DVGM,DEVGAM,2,2
7712,DWL,DHUWALA,2,2
7713,DXU,DOHRU,2,2
7714,EGU,IRANAGALU,2,2
7715,EN,ISAND,2,2
7716,ESV,ISIVI,2,2
7717,FAB,FATEHABAD,2,2
7718,GA,GUDDA,2,2
7719,GADH,GOALDIH,2,2
7720,GAMN,GAMANI,2,2
7721,GBE,GAYABARI,2,2
7722,GDD,GADRA ROAD,2,2
7723,GDKP,GHUNDANKHAPA,2,2
7724,GEK,GEGAL AKHRI,2,2
7725,GGNP,GANGANPALLE,2,2
7726,GGY,GAGARIYA,2,2
7727,GIHT,GAIGHAT HALT,2,2
7728,GIZ,GIDAM,2,2
7729,GJN,GAJNER,2,2
7730,GLTA,GAHLOTA,2,2
7731,GM,GARMADI,2,2
7732,GMC,KANPUR GOODS,2,2
7733,GME,GUMANDEV,2,2
7734,GMM,GUMMAN,2,2
7735,GMTO,GUMTO,2,2
7736,GPJ,GORAPUR,2,2
7737,GPY,GANGA YAPALL,2,2
7738,GTWD,GHATWAD,2,2
7739,GUDM,GUDUM,2,2
7740,GUMI,GORUMAHISANI,2,2
7741,GVMH,GANGAVARAM H,2,2
7742,GVMR,GOVINDI MARW,2,2
7743,HAB,BAH,2,2
7744,HATB,HATIBARI,2,2
7745,HBQ,HUBLI EAST C,2,2
7746,HBU,HALBARGA,2,2
7747,HKD,HAILAKANDI,2,2
7748,HLD,HALUDPUKUR,2,2
7749,HLKT,HALAKATTA,2,2
7750,HLX,HILARA,2,2
7751,HNM,HINOTA RAMBA,2,2
7752,HNPA,HANDAPA,2,2
7753,HNR,HANSARA,2,2
7754,HSWS,HANSIAWAS,2,2
7755,HTD,HATUNDI,2,2
7756,HTL,HATIKHALI,2,2
7757,HTNL,HITNAL H,2,2
7758,HWX,HABAIPUR,2,2
7759,IGTA,LNGOHTA,2,2
7760,ISHN,ISHANAGAR,2,2
7761,JAK,JAKANUR H,2,2
7762,JATP,JAITPURA,2,2
7763,JCH,JETHA CHANDA,2,2
7764,JDD,JERTHI DADHI,2,2
7765,JGI,JHAGADIYA JN,2,2
7766,JGLP,JATINGA,2,2
7767,JHH,JHALRA  HALT,2,2
7768,JIGT,JIRIGHAT,2,2
7769,JKAR,JAKLAIR,2,2
7770,JKO,JAKKALACHERU,2,2
7771,JMRA,JAMIRA,2,2
7772,JNNA,JAMUNIATANR,2,2
7773,JNRI,JALINDRI,2,2
7774,JRBM,JIRIBAM,2,2
7775,JRT,JARATI,2,2
7776,JRV,JUNA RAJUVAD,2,2
7777,JRX,JURIAGAON,2,2
7778,JSA,JASAI,2,2
7779,JSD,JAISINDER,2,2
7780,JSI,JASALI,2,2
7781,JTKN,JAITPUR KALA,2,2
7782,JUCT,JODHPUR CANT,2,2
7783,JUR,JUTURU,2,2
7784,JWS,JHARWASA,2,2
7785,KALN,KALANA,2,2
7786,KARJ,KARJHAUSA,2,2
7787,KAYR,KAYAR,2,2
7788,KCY,KAICHAR,2,2
7789,KDAG,KYATSNDRA GO,2,2
7790,KDBA,KODIMBALA,2,2
7791,KDGI,KUDGI H,2,2
7792,KDMD,KANDAMBAKKAM,2,2
7793,KDPA,KHADAPA,2,2
7794,KDS,KUSUNDA,2,2
7795,KDUH,KUNDURU,2,2
7796,KEMA,KUKMA,2,2
7797,KEMR,KEMRI (HALT),2,2
7798,KGK,KANKURGACHHI,2,2
7799,KHGP,KHARGAPUR,2,2
7800,KHST,KASHANATTI,2,2
7801,KIJ,KULDIHA,2,2
7802,KKBA,KAKBARA,2,2
7803,KKR,KHAKHRALA RO,2,2
7804,KLCR,KATLICHERRA,2,2
7805,KMA,KAIMA,2,2
7806,KMEZ,KUMAR MARANG,2,2
7807,KMH,KALAMALLA,2,2
7808,KMLR,KAMALUR,2,2
7809,KMNG,KAMRANGA,2,2
7810,KMPS,KUMARAPATNAM,2,2
7811,KMQA,KOMALI,2,2
7812,KMSD,KUMAR SODRA,2,2
7813,KNDP,KHANDIP,2,2
7814,KNHP,KANHAIPUR,2,2
7815,KNYR,KANIYURU,2,2
7816,KODR,KODINAR,2,2
7817,KOTI,KOTI,2,2
7818,KOVH,KOVVADA HALT,2,2
7819,KOWN,KHOWANG,2,2
7820,KPJG,KEREJANGA,2,2
7821,KPLH,KOTIPALLI,2,2
7822,KPU,KRISHNAPURAM,2,2
7823,KQI,KALACHAND,2,2
7824,KQY,KHARIKATIA,2,2
7825,KRAP,KRAPPA HALT,2,2
7826,KRDN,KARAUNDHANA,2,2
7827,KRHA,KORAHIA,2,2
7828,KRHT,KHARAHAT,2,2
7829,KRLA,KORATLA,2,2
7830,KRMD,KUARMUNDA,2,2
7831,KTCE,KATOGHAN,2,2
7832,KTCR,KATLICHERA,2,2
7833,KTLA,KATKOLA,2,2
7834,KTOR,KATORIYA,2,2
7835,KUMT,KURMAHAT,2,2
7836,KUW,KUNWAR,2,2
7837,KVLS,KARAKAVALASA,2,2
7838,KWGN,KAWARGAON,2,2
7839,KYG,KIDIYA NAGAR,2,2
7840,KZJE,KAZIPET E CA,2,2
7841,KZJF,KAZIPET F CA,2,2
7842,LAA,LAKHPAT,2,2
7843,LB,LAIN BAZAR,2,2
7844,LCT,LANGCHOLIET,2,2
7845,LGT,LANGTING,2,2
7846,LLBR,LALABAZAR,2,2
7847,LLD,LALAWADI,2,2
7848,LLPR,LALIT LACHMI,2,2
7849,LMA,LAMBIYA,2,2
7850,LNT,LINGTI,2,2
7851,LPK,LEPETKATA,2,2
7852,LPN,LAOPANI,2,2
7853,LR,LADPURA,2,2
7854,LRB,LARABAD BH,2,2
7855,LTG,LATAGURI JN,2,2
7856,LTK,LATHIKATA,2,2
7857,LVK,LAKKAVARAPUK,2,2
7858,MAAR,MALAR,2,2
7859,MAKH,MOKHAMPURA,2,2
7860,MAKP,MANIKPURA,2,2
7861,MANE,MANESWAR,2,2
7862,MBO,MAIRABARI,2,2
7863,MBT,MARWAR BITHR,2,2
7864,MEKM,MELAKKONNAKK,2,2
7865,MGE,MIGRENDISA,2,2
7866,MGKP,MANISINGH KA,2,2
7867,MGTD,meghpur tito,2,2
7868,MGV,MOLAGAVALLI,2,2
7869,MHKT,MOHKHUTI,2,2
7870,MHN,MAHANADI,2,2
7871,MHPE,MOHOPE,2,2
7872,MITA,MITHA,2,2
7873,MJKN,MAJRIKHADAN,2,2
7874,MKHR,MARWAR KHARA,2,2
7875,MKJ,MAKKAJIPALLI,2,2
7876,MKRD,MACHHAKUNDA,2,2
7877,MKRH,MALLICKPURHA,2,2
7878,MKWI,MAKARWADI HA,2,2
7879,MLBZ,MAL BAZAR,2,2
7880,MLNH,MALANCHA,2,2
7881,MLPM,ARAKKONAM WE,2,2
7882,MMC,MAHAMANDIR,2,2
7883,MMKB,MEMRA MEMRAK,2,2
7884,MMVR,MURGA-MAHADE,2,2
7885,MNCR,MONACHERRA,2,2
7886,MNDP,MENDIPATHAR,2,2
7887,MNPT,MUNGILIPATTU,2,2
7888,MOAR,MANIPUR BAGA,2,2
7889,MOX,MORAN,2,2
7890,MPLY,MEPPULIYUR,2,2
7891,MPRA,MAHAMADPUR-A,2,2
7892,MPT,MANGALAMPETA,2,2
7893,MRBD,MOINARBAND,2,2
7894,MRC,MARICHETHAL,2,2
7895,MRKL,MARIKAL,2,2
7896,MRTA,MURAITHA  HA,2,2
7897,MRTD,MORTAD,2,2
7898,MRWS,MARWAR RANAW,2,2
7899,MTPI,METPALLI,2,2
7900,MTV,MATALKUNTA,2,2
7901,MUM,MANGAPATNAM,2,2
7902,MUPA,MUPA,2,2
7903,MVA,MALAKA VEMAL,2,2
7904,MVF,MANABAR,2,2
7905,MVG,MALIGURA,2,2
7906,MVW,MALLIVIDU,2,2
7907,MWAI,MAWAI,2,2
7908,MWR,MAHANSAR,2,2
7909,MXJ,MANGURJAN,2,2
7910,MYD,MANDERDISA,2,2
7911,MZHL,MAJHAULI,2,2
7912,NAL,NAL HALT,2,2
7913,NBS,NEW BANESWAR,2,2
7914,NCE,NLACHRVURU E,2,2
7915,NGM,NAGASAMUDRAM,2,2
7916,NGMN,NEW GUMANDEV,2,2
7917,NGX,NEGUN,2,2
7918,NJB,NIJBARI,2,2
7919,NKJ,NEW KATNI JU,2,2
7920,NKRA,NOKHRA,2,2
7921,NKX,NAKATI SEMRA,2,2
7922,NLA,NANCHERLA,2,2
7923,NLN,NAILALUNG,2,2
7924,NMLU,NEMAKALLU,2,2
7925,NNHT,NONIHAT,2,2
7926,NNWH,NEW NAWADIH,2,2
7927,NOLB,NOLBARI,2,2
7928,NOR,NEORANADI,2,2
7929,NRJ,NARIMOGARU,2,2
7930,NRKE,NARI-KHETRI,2,2
7931,NRSP,NARASIMHAPUR,2,2
7932,NRYP,NARAYANAPURA,2,2
7933,NSCL,NEW SILCHAR,2,2
7934,NSP,NALLA-SOPARA,2,2
7935,NSPH,NARASAPURAPU,2,2
7936,NTT,NATHAPETTAI,2,2
7937,NTVT,NETHRAVATHI,2,2
7938,NYK,NAYA KHARDIA,2,2
7939,OCH,ODANIYA CHAC,2,2
7940,OKD,OKHAMADHI,2,2
7941,OND,AUNLAJORI JN,2,2
7942,PBV,PALIBA,2,2
7943,PCY,PIPAR CITY,2,2
7944,PDJ,PHIDING,2,2
7945,PDMI,PENDLIMARRI,2,2
7946,PEI,PERANI,2,2
7947,PFU,PADUA,2,2
7948,PJPT,PARJAPATI HA,2,2
7949,PKB,PATHARKHOLA,2,2
7950,PKJN,PAKHAJAN,2,2
7951,PLE,PIPLEE,2,2
7952,PLWR,PHULWARIA,2,2
7953,PN,PANSAR,2,2
7954,POX,POLAPATTHAR,2,2
7955,PPS,PIPLIYA ROAD,2,2
7956,PQU,PARHANA MAU,2,2
7957,PRKL,PARIKKAL,2,2
7958,PRNR,PORJANPUR,2,2
7959,PRSR,PAHARSAR,2,2
7960,PSJ,PATASAHI,2,2
7961,PTPL,PETRAPOLE,2,2
7962,PUHT,PUSHKAR TERM,2,2
7963,PUQ,PURANIGUDAM,2,2
7964,PVN,PUVANUR,2,2
7965,PYLA,PIYALA BLOCK,2,2
7966,PYV,PALAYASIVARA,2,2
7967,QDN,QADIAN,2,2
7968,QMRS,KAYAMSAR,2,2
7969,RAJ,RAJPIPLA,2,2
7970,RAMA,RAMVA,2,2
7971,RAPU,RAMPURA,2,2
7972,RBCS,RAMACHANDRAP,2,2
7973,RDY,Reddipalaiya,2,2
7974,RGG,RADHOGARH,2,2
7975,RJD,RAJ-PARDI,2,2
7976,RJU,RAJULA CITY,2,2
7977,RLL,REGADIPALLI,2,2
7978,RLP,HARLA PUR,2,2
7979,RLR,RAILA ROAD,2,2
7980,RLX,RAMANUJAMPAL,2,2
7981,RMPB,RAMPUR BAZAR,2,2
7982,RMX,RAMSAR,2,2
7983,RNGN,RANIGAON,2,2
7984,RNI,RANGAPANI,2,2
7985,ROS,RAJOSI,2,2
7986,RPI,RUPAHELI,2,2
7987,RPY,RUPAI,2,2
7988,RRP,RAIRANGPUR,2,2
7989,RSWT,RAMGARH SHEK,2,2
7990,RTG,RANGTONG,2,2
7991,RTRA,RAMNATHPUR,2,2
7992,RUB,RASULABAD,2,2
7993,RUP,RUPAIGAON,2,2
7994,RUT,RATNAL,2,2
7995,RXR,RANGAPAHAR,2,2
7996,RXRX,RANGAPHAR CR,2,2
7997,SALI,SAHELI,2,2
7998,SAMN,SAMNI JN.,2,2
7999,SAS,SHEODASPURA-,2,2
8000,SDHR,SANDHANI DHA,2,2
8001,SDLK,SUNDLAK,2,2
8002,SEPN,SEPON,2,2
8003,SFM,SUNAM,2,2
8004,SFZ,SHINDURIYA K,2,2
8005,SGW,SINGWAL,2,2
8006,SHEO,SHISHO H,2,2
8007,SHRG,SHRI RAMGARH,2,2
8008,SIA,SHIVLAKHA,2,2
8009,SIBR,SHRIBAR,2,2
8010,SIDP,SIDDAPURA,2,2
8011,SIGA,SHANTIGRAMA,2,2
8012,SILR,SILARI,2,2
8013,SIRA,SIRHI ITARA,2,2
8014,SIRD,SIRD,2,2
8015,SIZ,SHRIKHANDA,2,2
8016,SJSM,SALEMGARH MA,2,2
8017,SK,SAKHUN,2,2
8018,SKAR,SAKARIYA,2,2
8019,SKNP,SARKANPUR,2,2
8020,SKPA,SRI KALYAN P,2,2
8021,SLON,SALONA,2,2
8022,SLPM,SHIVALINGAPU,2,2
8023,SMBH,SALIMPUR BIH,2,2
8024,SMDM,SAMUDRAM,2,2
8025,SMGR,SAMAGURI,2,2
8026,SMLG,SHIMILI GUDA,2,2
8027,SN,SUKNA,2,2
8028,SNAR,SRINAGAR,2,2
8029,SNIE,SATH NARAINI,2,2
8030,SOF,SAOTA,2,2
8031,SOLR,SOLUR,2,2
8032,SOQ,SOMPUR ROAD,2,2
8033,SPD,SUPEDI,2,2
8034,SPS,SHRIPAT SHRI,2,2
8035,SQB,SINGHABAD,2,2
8036,SQF,SUKRITIPUR,2,2
8037,SRAS,SIRAS,2,2
8038,SRGP,SARGIPALI,2,2
8039,SRK,SAMRAU,2,2
8040,SRKR,SALAR KHURD,2,2
8041,SSCR,SONACHARA  S,2,2
8042,STSN,SHAITAN SING,2,2
8043,SUBL,HUBLI SOUTH,2,2
8044,SUKU,SUKU,2,2
8045,SUP,SRUNGAVARAPU,2,2
8046,SURL,SURELI,2,2
8047,SURR,SURERA,2,2
8048,SWO,SONWARA,2,2
8049,SZE,SONARDIH,2,2
8050,SZY,SILAK JHORI,2,2
8051,TASA,TIPPESANDRA,2,2
8052,TCNR,TIRUCHANUR,2,2
8053,TDH,TINDHARIA,2,2
8054,TGT,TINAIGHAT,2,2
8055,THM,THAIYAT HAMI,2,2
8056,THMA,THAM,2,2
8057,THMR,THATHANA MIT,2,2
8058,TILA,TILA,2,2
8059,TLL,TALAP,2,2
8060,TMH,TIN MILE HAT,2,2
8061,TNO,TUNDU,2,2
8062,TOP,TAPASI,2,2
8063,TPO,TANTPUR,2,2
8064,TPQ,TOKOPAL,2,2
8065,TQR,TEKTAR F,2,2
8066,TRBE,TARABARI,2,2
8067,TRF,TAROPA,2,2
8068,TSL,TAKSAL,2,2
8069,TVNL,TIRUVENNAMAL,2,2
8070,TXD,TYADA,2,2
8071,TY,TULUKAPATTI,2,2
8072,TZD,TOZHUPPEDU,2,2
8073,UDK,UDYANKHERI,2,2
8074,UDPR,UDAIPURA,2,2
8075,UGNA,UGNA,2,2
8076,ULU,ULUNDURPET,2,2
8077,UML,UMALLA,2,2
8078,URML,UPARMAL,2,2
8079,VB,Villiambakka,2,2
8080,VDK,VADAKANNIKAP,2,2
8081,VGH,VELANGI HALT,2,2
8082,VGRA,VAGRA,2,2
8083,VH,VAKADA HALT,2,2
8084,VJK,VEJALAKA,2,2
8085,VLV,VALLIVEDU,2,2
8086,VML,VEMULAPADU,2,2
8087,VONB,VONDH,2,2
8088,VRDP,VARADAPUR,2,2
8089,VRN,VANGANUR,2,2
8090,VU,VAGHPURA,2,2
8091,WDA,WADRENGDISA,2,2
8092,WWA,VAVANIYA,2,2
8093,YGD,YERRAGUDIPAD,2,2
8094,YPRA,YESVANTPUR B,2,2
8095,ALPD,ADALPAHARI,1,1
8096,ASJP,AMAR SAHEED,1,1
8097,AWPR,AWAPUR F,1,1
8098,AYD,AYANDUR,1,1
8099,BA,BANDRA,1,1
8100,BCL,MUMBAI CENTR,1,1
8101,BCPR,BACHHARPUR H,1,1
8102,BLWD,BOLWAD,1,1
8103,BMNI,BAMANI,1,1
8104,BRMA,BARMASIA,1,1
8105,BRTA,BARTARA  HAL,1,1
8106,CHJC,CHITODA,1,1
8107,CKMI,CHHOTAKI MAS,1,1
8108,CKVD,CHIKKADAVADI,1,1
8109,CPW,CHOTIPADOLI,1,1
8110,CRZ,CARANZOL,1,1
8111,DDCL,DOMBIVLI CTL,1,1
8112,DDS,DUDH SAGAR,1,1
8113,HRNS,HARISING,1,1
8114,JHSA,JHANSI A CAB,1,1
8115,KGW,KARIGANURU,1,1
8116,KRCA,KARCHIYA YAR,1,1
8117,KURV,KURVA,1,1
8118,LIM,SONAUILM,1,1
8119,LLKN,LAL KALAN,1,1
8120,MAUL,MAULA ALI,1,1
8121,MCL,MADIMANGALAM,1,1
8122,MDVB,MANDAR VIDYA,1,1
8123,MEH,MELALATHUR,1,1
8124,MGPI,MANGARPATTI,1,1
8125,MJM,MANJHAULI GR,1,1
8126,MTSK,MOTA SURKA,1,1
8127,MUY,MUGAIYUR HAL,1,1
8128,NEWC,NEW WEST CAB,1,1
8129,NEYT,NATIONAL THE,1,1
8130,NRSD,NEW RUNNISAI,1,1
8131,PCTM,PUDUCHATTI,1,1
8132,PJLE,PANJWARA ROA,1,1
8133,PKL,PAPINAYAKANA,1,1
8134,PRGR,PINAGORIA,1,1
8135,PWU,PARANUR,1,1
8136,RMBG,RAMGHAT  HAL,1,1
8137,SGLM,SENGULAM,1,1
8138,SKIP,SHIKARIPARA,1,1
8139,SLJR,SALGAJHARI,1,1
8140,SPRN,SALEMPUR HAL,1,1
8141,STDB,SITAFALMANDI,1,1
8142,TNRI,TENERI HALT,1,1
8143,VNGL,LADDIVADI,1,1
8144,VNGP,VANGAICHUNGP,1,1
8145,VVKN,VIVEKANANDA,1,1
8146,WSC,WEST CABIN T,1,1
8147,YADA,SATYAVALLI,1,1
