Train_No,Start_Station_Code,Start_Station_Name,End_Station_Code,End_Station_Name,Total_Stations
10103,CSMT,CST-MUMBAI,MAO,MADGOAN JN.,20
10104,MAO,MADGOAN JN.,CSMT,CST-MUMBAI,20
1011,CSMT,CST-MUMBAI,NGP,NAGPUR JN.(C,18
10111,CSMT,CST-MUMBAI,MAO,MADGOAN JN.,20
10112,MAO,MADGOAN JN.,CSMT,CST-MUMBAI,20
10215,MAO,MADGOAN JN.,ERS,ERNAKULAM. J,13
10216,ERS,ERNAKULAM. J,MAO,MADGOAN JN.,13
1037,LTT,LOKMANYA TIL,SWV,SAWANTWADI R,10
1038,SWV,SAWANTWADI R,LTT,LOKMANYA TIL,10
1045,LTT,LOKMANYA TIL,KRMI,KARMALI,11
107,SWV,SAWANTWADI R,MAO,MADGOAN JN.,4
108,MAO,MADGOAN JN.,SWV,SAWANTWADI R,4
11001,SNSI,SAI NAGAR SH,PVR,PANDHARPUR,12
11002,PVR,PANDHARPUR,SNSI,SAI NAGAR SH,12
11003,DR,DADAR,SWV,SAWANTWADI R,21
11004,SWV,SAWANTWADI R,DR,DADAR,21
11005,DR,DADAR,PDY,PONDICHERRY,39
11006,PDY,PONDICHERRY,DR,DADAR,38
11007,CSMT,CST-MUMBAI,PUNE,PUNE JN.,12
11008,PUNE,PUNE JN.,CSMT,CST-MUMBAI,11
11009,CSMT,CST-MUMBAI,PUNE,PUNE JN.,12
11010,PUNE,PUNE JN.,CSMT,CST-MUMBAI,11
11011,LTT,LOKMANYA TIL,NED,NANDED,16
11012,NED,NANDED,LTT,LOKMANYA TIL,16
11013,LTT,LOKMANYA TIL,CBE,COIMBATORE,34
11014,CBE,COIMBATORE,LTT,LOKMANYA TIL,34
11015,LTT,LOKMANYA TIL,GKP,GORAKHPUR JN,47
11016,GKP,GORAKHPUR JN,LTT,LOKMANYA TIL,46
11017,LTT,LOKMANYA TIL,KIK,KARAIKAL,30
11018,KIK,KARAIKAL,LTT,LOKMANYA TIL,30
11019,CSMT,CST-MUMBAI,BBS,BHUBANESWAR,39
11020,BBS,BHUBANESWAR,CSMT,CST-MUMBAI,40
11021,DR,DADAR,TEN,TIRUNELVELI,40
11022,TEN,TIRUNELVELI,DR,DADAR,39
11023,CSMT,CST-MUMBAI,KOP,CHHATRAPATI,28
11024,KOP,CHHATRAPATI,CSMT,CST-MUMBAI,31
11025,BSL,BHUSAVAL JN.,PUNE,PUNE JN.,19
11026,PUNE,PUNE JN.,BSL,BHUSAVAL JN.,19
11027,CSMT,CST-MUMBAI,MAS,CHENNAI CENT,52
11028,MAS,CHENNAI CENT,CSMT,CST-MUMBAI,52
11029,CSMT,CST-MUMBAI,KOP,CHHATRAPATI,35
11030,KOP,CHHATRAPATI,CSMT,CST-MUMBAI,34
11031,SUR,SOLAPUR,BJP,BIJAPUR JN,5
11032,BJP,BIJAPUR JN,SUR,SOLAPUR,5
11033,PUNE,PUNE JN.,DBG,DARBHANGA JN,30
11034,DBG,DARBHANGA JN,PUNE,PUNE JN.,30
11035,DR,DADAR,MYS,MYSORE JN.,27
11036,MYS,MYSORE JN.,DR,DADAR,26
11037,PUNE,PUNE JN.,GKP,GORAKHPUR JN,17
11038,GKP,GORAKHPUR JN,PUNE,PUNE JN.,17
11039,KOP,CHHATRAPATI,G,GONDIA JN.,62
11040,G,GONDIA JN.,KOP,CHHATRAPATI,60
11041,CSMT,CST-MUMBAI,MAS,CHENNAI CENT,36
11042,MAS,CHENNAI CENT,CSMT,CST-MUMBAI,34
11043,LTT,LOKMANYA TIL,MDU,MADURAI JN,27
11044,MDU,MADURAI JN,LTT,LOKMANYA TIL,26
11045,KOP,CHHATRAPATI,DHN,DHANBAD JN.,39
11046,DHN,DHANBAD JN.,KOP,CHHATRAPATI,39
11047,MRJ,MIRAJ JN.,UBL,HUBLI JN.,12
11048,UBL,HUBLI JN.,MRJ,MIRAJ JN.,12
11049,ADI,AHMEDABAD,KOP,CHHATRAPATI,18
11050,KOP,CHHATRAPATI,ADI,AHMEDABAD,18
11051,SUR,SOLAPUR,KOP,CHHATRAPATI,9
11052,KOP,CHHATRAPATI,SUR,SOLAPUR,9
11053,LTT,LOKMANYA TIL,AMH,AZAMGARH,17
11054,AMH,AZAMGARH,LTT,LOKMANYA TIL,17
11055,LTT,LOKMANYA TIL,GKP,GORAKHPUR JN,23
11056,GKP,GORAKHPUR JN,LTT,LOKMANYA TIL,23
11057,CSMT,CST-MUMBAI,ASR,AMRITSAR JN.,90
11058,ASR,AMRITSAR JN.,CSMT,CST-MUMBAI,91
11059,LTT,LOKMANYA TIL,CPR,CHHAPRA JN.,24
11060,CPR,CHHAPRA JN.,LTT,LOKMANYA TIL,24
11061,LTT,LOKMANYA TIL,DBG,DARBHANGA JN,41
11062,DBG,DARBHANGA JN,LTT,LOKMANYA TIL,39
11063,MS,CHENNAI EGMO,SA,SALEM JN.,14
11064,SA,SALEM JN.,MS,CHENNAI EGMO,14
11067,LTT,LOKMANYA TIL,FD,FAIZABAD JN.,20
11068,FD,FAIZABAD JN.,LTT,LOKMANYA TIL,20
11071,LTT,LOKMANYA TIL,BSB,VARANASI JN.,43
11072,BSB,VARANASI JN.,LTT,LOKMANYA TIL,41
11073,LTT,LOKMANYA TIL,MAS,CHENNAI CENT,18
11074,MAS,CHENNAI CENT,LTT,LOKMANYA TIL,17
11075,LTT,LOKMANYA TIL,BIDR,BIDAR,13
11076,BIDR,BIDAR,LTT,LOKMANYA TIL,13
11077,PUNE,PUNE JN.,JAT,JAMMU TAWI,67
11078,JAT,JAMMU TAWI,PUNE,PUNE JN.,65
11079,LTT,LOKMANYA TIL,GKP,GORAKHPUR JN,25
11080,GKP,GORAKHPUR JN,LTT,LOKMANYA TIL,24
11081,LTT,LOKMANYA TIL,GKP,GORAKHPUR JN,20
11082,GKP,GORAKHPUR JN,LTT,LOKMANYA TIL,19
11083,LTT,LOKMANYA TIL,KZJ,KAZIPET JN.,29
11084,KZJ,KAZIPET JN.,LTT,LOKMANYA TIL,28
11085,LTT,LOKMANYA TIL,MAO,MADGOAN JN.,11
11086,MAO,MADGOAN JN.,LTT,LOKMANYA TIL,11
11087,VRL,VERAVAL,PUNE,PUNE JN.,26
11088,PUNE,PUNE JN.,VRL,VERAVAL,25
11089,BGKT,BHAGAT-KI-KO,PUNE,PUNE JN.,26
11090,PUNE,PUNE JN.,BGKT,BHAGAT-KI-KO,26
11091,BHUJ,NEW BHUJ,PUNE,PUNE JN.,24
11092,PUNE,PUNE JN.,BHUJ,NEW BHUJ,24
11093,CSMT,CST-MUMBAI,BSB,VARANASI JN.,27
11094,BSB,VARANASI JN.,CSMT,CST-MUMBAI,26
11095,ADI,AHMEDABAD,PUNE,PUNE JN.,17
11096,PUNE,PUNE JN.,ADI,AHMEDABAD,16
11097,PUNE,PUNE JN.,ERS,ERNAKULAM. J,33
11098,ERS,ERNAKULAM. J,PUNE,PUNE JN.,32
11101,PUNE,PUNE JN.,GWL,GWALIOR JN,23
11102,GWL,GWALIOR JN,PUNE,PUNE JN.,23
11103,JHS,JHANSI JN,BDTS,BANDRA TERMI,21
11104,BDTS,BANDRA TERMI,JHS,JHANSI JN,21
11107,GWL,GWALIOR JN,BSB,VARANASI JN.,31
11108,BSB,VARANASI JN.,GWL,GWALIOR JN,37
11109,JHS,JHANSI JN,LJN,LUCKNOW JN.,11
11110,LJN,LUCKNOW JN.,JHS,JHANSI JN,11
11111,GWL,GWALIOR JN,BLP,"BALRAMPUR,",12
11112,BLP,"BALRAMPUR,",GWL,GWALIOR JN,12
11123,BJU,BARAUNI JN.,GWL,GWALIOR JN,49
11124,GWL,GWALIOR JN,BJU,BARAUNI JN.,49
11125,INDB,INDORE BG,GWL,GWALIOR JN,11
11126,GWL,GWALIOR JN,INDB,INDORE BG,11
1119,AJNI,AJNI,KRMI,KARMALI,24
1120,KRMI,KARMALI,AJNI,AJNI,24
11201,LTT,LOKMANYA TIL,AJNI,AJNI,26
11202,AJNI,AJNI,LTT,LOKMANYA TIL,26
11203,NGP,NAGPUR JN.(C,JP,JAIPUR JN.,28
11204,JP,JAIPUR JN.,NGP,NAGPUR JN.(C,28
11205,LTT,LOKMANYA TIL,NZB,NIZAMABAD,20
11206,NZB,NIZAMABAD,LTT,LOKMANYA TIL,20
1122,KRMI,KARMALI,CSMT,CST-MUMBAI,14
11265,JBP,JABALPUR,ABKP,AMBIKAPUR,14
11266,ABKP,AMBIKAPUR,JBP,JABALPUR,14
11272,BPL,BHOPAL,ET,ITARSI,47
11301,CSMT,CST-MUMBAI,SBC,KRANTIVIRA S,35
11302,SBC,KRANTIVIRA S,CSMT,CST-MUMBAI,34
11303,HYB,HYDERABAD DE,KOP,CHHATRAPATI,38
11304,KOP,CHHATRAPATI,HYB,HYDERABAD DE,38
11307,GR,GULBARGA,HYB,HYDERABAD DE,7
11308,HYB,HYDERABAD DE,GR,GULBARGA,7
11309,SUR,SOLAPUR,MRJ,MIRAJ JN.,14
11310,MRJ,MIRAJ JN.,SUR,SOLAPUR,14
11401,CSMT,CST-MUMBAI,NGP,NAGPUR JN.(C,34
11402,NGP,NAGPUR JN.(C,CSMT,CST-MUMBAI,34
11403,NGP,NAGPUR JN.(C,KOP,CHHATRAPATI,22
11404,KOP,CHHATRAPATI,NGP,NAGPUR JN.(C,22
11405,PUNE,PUNE JN.,AMI,AMRAVATI,18
11406,AMI,AMRAVATI,PUNE,PUNE JN.,18
11407,PUNE,PUNE JN.,LJN,LUCKNOW JN.,17
11408,LJN,LUCKNOW JN.,PUNE,PUNE JN.,17
11423,SUR,SOLAPUR,UBL,HUBLI JN.,14
11424,UBL,HUBLI JN.,SUR,SOLAPUR,14
11447,JBP,JABALPUR,HWH,HOWRAH JN.,45
11448,HWH,HOWRAH JN.,JBP,JABALPUR,46
11449,JBP,JABALPUR,SVDK,SHRI MATA VA,34
11450,SVDK,SHRI MATA VA,JBP,JABALPUR,31
11463,SMNH,SOMNATH,JBP,JABALPUR,50
11464,JBP,JABALPUR,SMNH,SOMNATH,50
11465,SMNH,SOMNATH,JBP,JABALPUR,49
11466,JBP,JABALPUR,SMNH,SOMNATH,50
11651,JBP,JABALPUR,SGRL,SINGRAULI,14
11652,SGRL,SINGRAULI,JBP,JABALPUR,14
11701,JBP,JABALPUR,INDB,INDORE BG,16
11702,INDB,INDORE BG,JBP,JABALPUR,16
11703,REWA,REWA,DADN,MHOW,20
11704,DADN,MHOW,REWA,REWA,20
11801,JHS,JHANSI JN,ETW,ETAWAH,6
11802,ETW,ETAWAH,JHS,JHANSI JN,6
11901,MTJ,MATHURA JN.,KKDE,KURUKSHETRA,13
11902,KKDE,KURUKSHETRA,MTJ,MATHURA JN.,13
1196,NGP,NAGPUR JN.(C,KRMI,KARMALI,26
12001,HBJ,HABIBGANJ,NDLS,NEW DELHI,10
12002,NDLS,NEW DELHI,HBJ,HABIBGANJ,10
12003,LJN,LUCKNOW JN.,NDLS,NEW DELHI,7
12004,NDLS,NEW DELHI,LJN,LUCKNOW JN.,7
12005,NDLS,NEW DELHI,KLK,KALKA,5
12006,KLK,KALKA,NDLS,NEW DELHI,5
12007,MAS,CHENNAI CENT,MYS,MYSORE JN.,4
12008,MYS,MYSORE JN.,MAS,CHENNAI CENT,4
12009,BCT,MUMBAI CENTR,ADI,AHMEDABAD,9
12010,ADI,AHMEDABAD,BCT,MUMBAI CENTR,9
12011,NDLS,NEW DELHI,KLK,KALKA,6
12012,KLK,KALKA,NDLS,NEW DELHI,6
12013,NDLS,NEW DELHI,ASR,AMRITSAR JN.,8
12014,ASR,AMRITSAR JN.,NDLS,NEW DELHI,8
12015,NDLS,NEW DELHI,AII,AJMER JN.,10
12016,AII,AJMER JN.,NDLS,NEW DELHI,10
12017,NDLS,NEW DELHI,DDN,DEHRA DUN,8
12018,DDN,DEHRA DUN,NDLS,NEW DELHI,8
12019,HWH,HOWRAH JN.,RNC,RANCHI,10
12020,RNC,RANCHI,HWH,HOWRAH JN.,10
12021,HWH,HOWRAH JN.,BBN,BARBIL,10
12022,BBN,BARBIL,HWH,HOWRAH JN.,11
12023,HWH,HOWRAH JN.,PNBE,PATNA JN.,14
12024,PNBE,PATNA JN.,HWH,HOWRAH JN.,14
12025,PUNE,PUNE JN.,SC,SECUNDERABAD,8
12026,SC,SECUNDERABAD,PUNE,PUNE JN.,8
12027,MAS,CHENNAI CENT,SBC,KRANTIVIRA S,4
12028,SBC,KRANTIVIRA S,MAS,CHENNAI CENT,4
12029,NDLS,NEW DELHI,ASR,AMRITSAR JN.,8
12030,ASR,AMRITSAR JN.,NDLS,NEW DELHI,8
12031,NDLS,NEW DELHI,ASR,AMRITSAR JN.,8
12032,ASR,AMRITSAR JN.,NDLS,NEW DELHI,8
12033,CNB,KANPUR CENTR,NDLS,NEW DELHI,5
12034,NDLS,NEW DELHI,CNB,KANPUR CENTR,4
12035,JP,JAIPUR JN.,AF,AGRA  FORT,4
12036,AF,AGRA  FORT,JP,JAIPUR JN.,4
12037,NDLS,NEW DELHI,LDH,LUDHIANA JN.,7
12038,LDH,LUDHIANA JN.,NDLS,NEW DELHI,7
12039,KGM,KATHGODAM,NDLS,NEW DELHI,8
12040,NDLS,NEW DELHI,KGM,KATHGODAM,8
12041,HWH,HOWRAH JN.,NJP,NEW JALPAIGU,7
12042,NJP,NEW JALPAIGU,HWH,HOWRAH JN.,7
12043,NDLS,NEW DELHI,MOGA,MOGA,8
12044,MOGA,MOGA,NDLS,NEW DELHI,8
12045,NDLS,NEW DELHI,CDG,CHANDIGARH,4
12046,CDG,CHANDIGARH,NDLS,NEW DELHI,4
12047,NDLS,NEW DELHI,FZR,FIROZPUR CAN,10
12048,FZR,FIROZPUR CAN,NDLS,NEW DELHI,10
12049,AGC,AGRA CANTT,NZM,HAZRAT NIZAM,2
12050,NZM,HAZRAT NIZAM,AGC,AGRA CANTT,2
12051,DR,DADAR,MAO,MADGOAN JN.,9
12052,MAO,MADGOAN JN.,DR,DADAR,9
12053,HW,HARIDWAR JN,ASR,AMRITSAR JN.,11
12054,ASR,AMRITSAR JN.,HW,HARIDWAR JN,11
12055,NDLS,NEW DELHI,DDN,DEHRA DUN,9
12056,DDN,DEHRA DUN,NDLS,NEW DELHI,10
12057,NDLS,NEW DELHI,UHL,UNA HIMACHAL,14
12058,UHL,UNA HIMACHAL,NDLS,NEW DELHI,14
12059,KOTA,KOTA,NZM,HAZRAT NIZAM,10
12060,NZM,HAZRAT NIZAM,KOTA,KOTA,10
12061,HBJ,HABIBGANJ,JBP,JABALPUR,10
12062,JBP,JABALPUR,HBJ,HABIBGANJ,10
12065,AII,AJMER JN.,NZM,HAZRAT NIZAM,10
12066,NZM,HAZRAT NIZAM,AII,AJMER JN.,10
12067,GHY,GUWAHATI,JTTN,JORHAT TOWN,11
12068,JTTN,JORHAT TOWN,GHY,GUWAHATI,11
12069,RIG,RAIGARH,G,GONDIA JN.,15
12070,G,GONDIA JN.,RIG,RAIGARH,15
12071,DR,DADAR,J,JALNA,7
12072,J,JALNA,DR,DADAR,7
12073,HWH,HOWRAH JN.,BBS,BHUBANESWAR,9
12074,BBS,BHUBANESWAR,HWH,HOWRAH JN.,9
12075,CLT,CALICUT,TVC,TRIVANDRUM C,12
12076,TVC,TRIVANDRUM C,CLT,CALICUT,12
12077,MAS,CHENNAI CENT,BZA,VIJAYWADA JN,10
12078,BZA,VIJAYWADA JN,MAS,CHENNAI CENT,10
12079,SBC,KRANTIVIRA S,UBL,HUBLI JN.,11
12080,UBL,HUBLI JN.,SBC,KRANTIVIRA S,11
12081,CAN,KANNUR,TVC,TRIVANDRUM C,15
12082,TVC,TRIVANDRUM C,CAN,KANNUR,15
12083,MV,MAYILADUTURA,CBE,COIMBATORE,10
12084,CBE,COIMBATORE,MV,MAYILADUTURA,10
12085,GHY,GUWAHATI,DBRG,DIBRUGARH,10
12086,DBRG,DIBRUGARH,GHY,GUWAHATI,10
12087,NHLN,NAHARLAGUN,GHY,GUWAHATI,8
12088,GHY,GUWAHATI,NHLN,NAHARLAGUN,8
12101,LTT,LOKMANYA TIL,HWH,HOWRAH JN.,16
12102,HWH,HOWRAH JN.,LTT,LOKMANYA TIL,17
12103,PUNE,PUNE JN.,LJN,LUCKNOW JN.,13
12104,LJN,LUCKNOW JN.,PUNE,PUNE JN.,13
12105,CSMT,CST-MUMBAI,G,GONDIA JN.,26
12106,G,GONDIA JN.,CSMT,CST-MUMBAI,27
12107,LTT,LOKMANYA TIL,LJN,LUCKNOW JN.,11
12108,LJN,LUCKNOW JN.,LTT,LOKMANYA TIL,11
12109,CSMT,CST-MUMBAI,MMR,MANMAD JN.,10
12110,MMR,MANMAD JN.,CSMT,CST-MUMBAI,10
12111,CSMT,CST-MUMBAI,AMI,AMRAVATI,14
12112,AMI,AMRAVATI,CSMT,CST-MUMBAI,14
12113,PUNE,PUNE JN.,NGP,NAGPUR JN.(C,9
12114,NGP,NAGPUR JN.(C,PUNE,PUNE JN.,9
12115,CSMT,CST-MUMBAI,SUR,SOLAPUR,14
12116,SUR,SOLAPUR,CSMT,CST-MUMBAI,15
12117,LTT,LOKMANYA TIL,MMR,MANMAD JN.,10
12118,MMR,MANMAD JN.,LTT,LOKMANYA TIL,10
12119,AMI,AMRAVATI,AJNI,AJNI,5
12120,AJNI,AJNI,AMI,AMRAVATI,5
12121,JBP,JABALPUR,NZM,HAZRAT NIZAM,7
12122,NZM,HAZRAT NIZAM,JBP,JABALPUR,7
12123,CSMT,CST-MUMBAI,PUNE,PUNE JN.,5
12124,PUNE,PUNE JN.,CSMT,CST-MUMBAI,4
12125,CSMT,CST-MUMBAI,PUNE,PUNE JN.,8
12126,PUNE,PUNE JN.,CSMT,CST-MUMBAI,7
12127,CSMT,CST-MUMBAI,PUNE,PUNE JN.,6
12128,PUNE,PUNE JN.,CSMT,CST-MUMBAI,5
12129,PUNE,PUNE JN.,HWH,HOWRAH JN.,30
12130,HWH,HOWRAH JN.,PUNE,PUNE JN.,30
12131,DR,DADAR,SNSI,SAI NAGAR SH,8
12132,SNSI,SAI NAGAR SH,DR,DADAR,8
12133,CSMT,CST-MUMBAI,MAJN,MANGALORE JN,14
12134,MAJN,MANGALORE JN,CSMT,CST-MUMBAI,14
12135,PUNE,PUNE JN.,NGP,NAGPUR JN.(C,18
12136,NGP,NAGPUR JN.(C,PUNE,PUNE JN.,18
12137,CSMT,CST-MUMBAI,FZR,FIROZPUR CAN,56
12138,FZR,FIROZPUR CAN,CSMT,CST-MUMBAI,54
12139,CSMT,CST-MUMBAI,NGP,NAGPUR JN.(C,33
12140,NGP,NAGPUR JN.(C,CSMT,CST-MUMBAI,33
12141,LTT,LOKMANYA TIL,PPTA,PATLIPUTRA,14
12142,PPTA,PATLIPUTRA,LTT,LOKMANYA TIL,13
12143,LTT,LOKMANYA TIL,SLN,SULTANPUR JN,14
12144,SLN,SULTANPUR JN,LTT,LOKMANYA TIL,14
12145,LTT,LOKMANYA TIL,PURI,PURI,27
12146,PURI,PURI,LTT,LOKMANYA TIL,27
12147,KOP,CHHATRAPATI,NZM,HAZRAT NIZAM,22
12148,NZM,HAZRAT NIZAM,KOP,CHHATRAPATI,22
12149,PUNE,PUNE JN.,DNR,DANAPUR,19
12150,DNR,DANAPUR,PUNE,PUNE JN.,19
12151,LTT,LOKMANYA TIL,HWH,HOWRAH JN.,24
12152,HWH,HOWRAH JN.,LTT,LOKMANYA TIL,23
12153,LTT,LOKMANYA TIL,HBJ,HABIBGANJ,10
12154,HBJ,HABIBGANJ,LTT,LOKMANYA TIL,10
12155,HBJ,HABIBGANJ,NZM,HAZRAT NIZAM,10
12156,NZM,HAZRAT NIZAM,HBJ,HABIBGANJ,10
12157,PUNE,PUNE JN.,SUR,SOLAPUR,4
12158,SUR,SOLAPUR,PUNE,PUNE JN.,4
12159,AMI,AMRAVATI,JBP,JABALPUR,20
12160,JBP,JABALPUR,AMI,AMRAVATI,20
12161,LTT,LOKMANYA TIL,AGC,AGRA CANTT,21
12162,AGC,AGRA CANTT,LTT,LOKMANYA TIL,21
12163,DR,DADAR,MS,CHENNAI EGMO,24
12164,MS,CHENNAI EGMO,DR,DADAR,22
12165,LTT,LOKMANYA TIL,BSB,VARANASI JN.,16
12166,BSB,VARANASI JN.,LTT,LOKMANYA TIL,16
12167,LTT,LOKMANYA TIL,BSB,VARANASI JN.,13
12168,BSB,VARANASI JN.,LTT,LOKMANYA TIL,13
12169,PUNE,PUNE JN.,SUR,SOLAPUR,5
12170,SUR,SOLAPUR,PUNE,PUNE JN.,5
12171,LTT,LOKMANYA TIL,HW,HARIDWAR JN,12
12172,HW,HARIDWAR JN,LTT,LOKMANYA TIL,12
12173,LTT,LOKMANYA TIL,PBH,PARTAPGARH J,13
12174,PBH,PARTAPGARH J,LTT,LOKMANYA TIL,13
12175,HWH,HOWRAH JN.,GWL,GWALIOR JN,31
12176,GWL,GWALIOR JN,HWH,HOWRAH JN.,31
12177,HWH,HOWRAH JN.,MTJ,MATHURA JN.,34
12178,MTJ,MATHURA JN.,HWH,HOWRAH JN.,34
12179,LJN,LUCKNOW JN.,AGC,AGRA CANTT,14
12180,AGC,AGRA CANTT,LJN,LUCKNOW JN.,14
12181,JBP,JABALPUR,AII,AJMER JN.,22
12182,AII,AJMER JN.,JBP,JABALPUR,22
12183,BPL,BHOPAL,PBH,PARTAPGARH J,11
12184,PBH,PARTAPGARH J,BPL,BHOPAL,11
12185,HBJ,HABIBGANJ,REWA,REWA,15
12186,REWA,REWA,HBJ,HABIBGANJ,15
12187,JBP,JABALPUR,CSMT,CST-MUMBAI,15
12188,CSMT,CST-MUMBAI,JBP,JABALPUR,15
12189,JBP,JABALPUR,NZM,HAZRAT NIZAM,29
12190,NZM,HAZRAT NIZAM,JBP,JABALPUR,28
12191,NDLS,NEW DELHI,JBP,JABALPUR,24
12192,JBP,JABALPUR,NDLS,NEW DELHI,24
12193,YPR,YESVANTPUR J,JBP,JABALPUR,20
12194,JBP,JABALPUR,YPR,YESVANTPUR J,20
12195,AF,AGRA  FORT,AII,AJMER JN.,14
12196,AII,AJMER JN.,AF,AGRA  FORT,14
12197,BPL,BHOPAL,GWL,GWALIOR JN,11
12198,GWL,GWALIOR JN,BPL,BHOPAL,11
12201,LTT,LOKMANYA TIL,KCVL,KOCHUVELI,25
12202,KCVL,KOCHUVELI,LTT,LOKMANYA TIL,25
12203,SHC,SAHARSA JN.,ASR,AMRITSAR JN.,23
12204,ASR,AMRITSAR JN.,SHC,SAHARSA JN.,23
12205,NDLS,NEW DELHI,DDN,DEHRA DUN,7
12206,DDN,DEHRA DUN,NDLS,NEW DELHI,7
12207,KGM,KATHGODAM,JAT,JAMMU TAWI,16
12208,JAT,JAMMU TAWI,KGM,KATHGODAM,16
12209,CNB,KANPUR CENTR,KGM,KATHGODAM,12
12210,KGM,KATHGODAM,CNB,KANPUR CENTR,12
12211,MFP,MUZAFFARPUR,ANVT,ANAND VIHAR,14
12212,ANVT,ANAND VIHAR,MFP,MUZAFFARPUR,14
12213,YPR,YESVANTPUR J,DEE,DELHI-SARAI,7
12214,DEE,DELHI-SARAI,YPR,YESVANTPUR J,6
12215,DEE,DELHI-SARAI,BDTS,BANDRA TERMI,18
12216,BDTS,BANDRA TERMI,DEE,DELHI-SARAI,18
12217,KCVL,KOCHUVELI,CDG,CHANDIGARH,22
12218,CDG,CHANDIGARH,KCVL,KOCHUVELI,22
12219,LTT,LOKMANYA TIL,SC,SECUNDERABAD,4
12220,SC,SECUNDERABAD,LTT,LOKMANYA TIL,4
12221,PUNE,PUNE JN.,HWH,HOWRAH JN.,8
12222,HWH,HOWRAH JN.,PUNE,PUNE JN.,8
12223,LTT,LOKMANYA TIL,ERS,ERNAKULAM. J,6
12224,ERS,ERNAKULAM. J,LTT,LOKMANYA TIL,6
12225,AMH,AZAMGARH,DLI,DELHI JN.,15
12226,DLI,DELHI JN.,AMH,AZAMGARH,15
12227,BCT,MUMBAI CENTR,INDB,INDORE BG,5
12228,INDB,INDORE BG,BCT,MUMBAI CENTR,5
12229,LKO,LUCKNOW JN.,NDLS,NEW DELHI,9
12230,NDLS,NEW DELHI,LKO,LUCKNOW JN.,9
12231,LKO,LUCKNOW JN.,CDG,CHANDIGARH,16
12232,CDG,CHANDIGARH,LKO,LUCKNOW JN.,16
12235,DBRG,DIBRUGARH,NDLS,NEW DELHI,26
12236,NDLS,NEW DELHI,DBRG,DIBRUGARH,26
12237,BSB,VARANASI JN.,JAT,JAMMU TAWI,13
12238,JAT,JAMMU TAWI,BSB,VARANASI JN.,13
12239,BCT,MUMBAI CENTR,JP,JAIPUR JN.,5
12240,JP,JAIPUR JN.,BCT,MUMBAI CENTR,5
12241,CDG,CHANDIGARH,ASR,AMRITSAR JN.,6
12242,ASR,AMRITSAR JN.,CDG,CHANDIGARH,6
12243,MAS,CHENNAI CENT,CBE,COIMBATORE,6
12244,CBE,COIMBATORE,MAS,CHENNAI CENT,6
12245,HWH,HOWRAH JN.,YPR,YESVANTPUR J,6
12246,YPR,YESVANTPUR J,HWH,HOWRAH JN.,6
12247,BDTS,BANDRA TERMI,NZM,HAZRAT NIZAM,7
12248,NZM,HAZRAT NIZAM,BDTS,BANDRA TERMI,7
12249,HWH,HOWRAH JN.,ANVT,ANAND VIHAR,7
12250,ANVT,ANAND VIHAR,HWH,HOWRAH JN.,7
12251,YPR,YESVANTPUR J,KRBA,KORBA,25
12252,KRBA,KORBA,YPR,YESVANTPUR J,26
12253,YPR,YESVANTPUR J,BGP,BHAGALPUR,29
12254,BGP,BHAGALPUR,YPR,YESVANTPUR J,29
12257,YPR,YESVANTPUR J,KCVL,KOCHUVELI,19
12258,KCVL,KOCHUVELI,YPR,YESVANTPUR J,19
12259,SDAH,SEALDAH,NDLS,NEW DELHI,5
12260,NDLS,NEW DELHI,SDAH,SEALDAH,5
12261,CSMT,CST-MUMBAI,HWH,HOWRAH JN.,7
12262,HWH,HOWRAH JN.,CSMT,CST-MUMBAI,7
12263,PUNE,PUNE JN.,NZM,HAZRAT NIZAM,7
12264,NZM,HAZRAT NIZAM,PUNE,PUNE JN.,7
12265,DEE,DELHI-SARAI,JAT,JAMMU TAWI,3
12266,JAT,JAMMU TAWI,DEE,DELHI-SARAI,3
12267,BCT,MUMBAI CENTR,ADI,AHMEDABAD,2
12268,ADI,AHMEDABAD,BCT,MUMBAI CENTR,2
12269,MAS,CHENNAI CENT,NZM,HAZRAT NIZAM,7
12270,NZM,HAZRAT NIZAM,MAS,CHENNAI CENT,7
12273,HWH,HOWRAH JN.,NDLS,NEW DELHI,6
12274,NDLS,NEW DELHI,HWH,HOWRAH JN.,6
12275,ALD,ALLAHABAD JN,NDLS,NEW DELHI,2
12276,NDLS,NEW DELHI,ALD,ALLAHABAD JN,2
12277,HWH,HOWRAH JN.,PURI,PURI,8
12278,PURI,PURI,HWH,HOWRAH JN.,8
12279,JHS,JHANSI JN,NZM,HAZRAT NIZAM,11
12280,NZM,HAZRAT NIZAM,JHS,JHANSI JN,11
12281,BBS,BHUBANESWAR,NDLS,NEW DELHI,6
12282,NDLS,NEW DELHI,BBS,BHUBANESWAR,6
12283,ERS,ERNAKULAM. J,NZM,HAZRAT NIZAM,11
12284,NZM,HAZRAT NIZAM,ERS,ERNAKULAM. J,11
12285,SC,SECUNDERABAD,NZM,HAZRAT NIZAM,6
12286,NZM,HAZRAT NIZAM,SC,SECUNDERABAD,6
12289,CSMT,CST-MUMBAI,NGP,NAGPUR JN.(C,4
12290,NGP,NAGPUR JN.(C,CSMT,CST-MUMBAI,4
12291,YPR,YESVANTPUR J,MAS,CHENNAI CENT,7
12292,MAS,CHENNAI CENT,YPR,YESVANTPUR J,7
12293,LTT,LOKMANYA TIL,ALD,ALLAHABAD JN,5
12294,ALD,ALLAHABAD JN,LTT,LOKMANYA TIL,5
12295,SBC,KRANTIVIRA S,DNR,DANAPUR,36
12296,DNR,DANAPUR,SBC,KRANTIVIRA S,37
12297,ADI,AHMEDABAD,PUNE,PUNE JN.,4
12298,PUNE,PUNE JN.,ADI,AHMEDABAD,4
12301,HWH,HOWRAH JN.,NDLS,NEW DELHI,8
12302,NDLS,NEW DELHI,HWH,HOWRAH JN.,8
12303,HWH,HOWRAH JN.,NDLS,NEW DELHI,25
12304,NDLS,NEW DELHI,HWH,HOWRAH JN.,25
12305,HWH,HOWRAH JN.,NDLS,NEW DELHI,9
12306,NDLS,NEW DELHI,HWH,HOWRAH JN.,9
12307,HWH,HOWRAH JN.,JU,JODHPUR JN.,28
12308,JU,JODHPUR JN.,HWH,HOWRAH JN.,28
12309,RJPB,RAJENDRANAGA,NDLS,NEW DELHI,6
12310,NDLS,NEW DELHI,RJPB,RAJENDRANAGA,6
12311,HWH,HOWRAH JN.,KLK,KALKA,39
12312,KLK,KALKA,HWH,HOWRAH JN.,40
12313,SDAH,SEALDAH,NDLS,NEW DELHI,8
12314,NDLS,NEW DELHI,SDAH,SEALDAH,8
12315,KOAA,KOLKATA,UDZ,UDAIPUR CITY,23
12316,UDZ,UDAIPUR CITY,KOAA,KOLKATA,23
12317,KOAA,KOLKATA,ASR,AMRITSAR JN.,23
12318,ASR,AMRITSAR JN.,KOAA,KOLKATA,23
12319,KOAA,KOLKATA,AGC,AGRA CANTT,12
12320,AGC,AGRA CANTT,KOAA,KOLKATA,11
12321,HWH,HOWRAH JN.,CSMT,CST-MUMBAI,48
12322,CSMT,CST-MUMBAI,HWH,HOWRAH JN.,49
12323,HWH,HOWRAH JN.,ANVT,ANAND VIHAR,9
12324,ANVT,ANAND VIHAR,HWH,HOWRAH JN.,9
12325,KOAA,KOLKATA,NLDM,NANGAL DAM,18
12326,NLDM,NANGAL DAM,KOAA,KOLKATA,18
12327,HWH,HOWRAH JN.,DDN,DEHRA DUN,20
12328,DDN,DEHRA DUN,HWH,HOWRAH JN.,20
12329,SDAH,SEALDAH,ANVT,ANAND VIHAR,8
12330,ANVT,ANAND VIHAR,SDAH,SEALDAH,8
12331,HWH,HOWRAH JN.,JAT,JAMMU TAWI,32
12332,JAT,JAMMU TAWI,HWH,HOWRAH JN.,32
12333,HWH,HOWRAH JN.,ALY,ALLAHABAD CI,31
12334,ALY,ALLAHABAD CI,HWH,HOWRAH JN.,31
12335,BGP,BHAGALPUR,LTT,LOKMANYA TIL,39
12336,LTT,LOKMANYA TIL,BGP,BHAGALPUR,38
12337,HWH,HOWRAH JN.,BHP,BOLPUR,4
12338,BHP,BOLPUR,HWH,HOWRAH JN.,4
12339,HWH,HOWRAH JN.,DHN,DHANBAD JN.,13
12340,DHN,DHANBAD JN.,HWH,HOWRAH JN.,13
12341,HWH,HOWRAH JN.,ASN,ASANSOL MAIN,7
12342,ASN,ASANSOL MAIN,HWH,HOWRAH JN.,7
12343,SDAH,SEALDAH,NJP,NEW JALPAIGU,6
12344,NJP,NEW JALPAIGU,SDAH,SEALDAH,6
12345,HWH,HOWRAH JN.,GHY,GUWAHATI,13
12346,GHY,GUWAHATI,HWH,HOWRAH JN.,13
12347,HWH,HOWRAH JN.,RPH,RAMPUR HAT,9
12348,RPH,RAMPUR HAT,HWH,HOWRAH JN.,9
12349,BGP,BHAGALPUR,NDLS,NEW DELHI,13
12350,NDLS,NEW DELHI,BGP,BHAGALPUR,13
12351,HWH,HOWRAH JN.,RJPB,RAJENDRANAGA,23
12352,RJPB,RAJENDRANAGA,HWH,HOWRAH JN.,23
12353,HWH,HOWRAH JN.,LKU,LALKUA JN.,18
12354,LKU,LALKUA JN.,HWH,HOWRAH JN.,18
12355,RJPB,RAJENDRANAGA,JAT,JAMMU TAWI,19
12356,JAT,JAMMU TAWI,RJPB,RAJENDRANAGA,19
12357,KOAA,KOLKATA,ASR,AMRITSAR JN.,15
12358,ASR,AMRITSAR JN.,KOAA,KOLKATA,15
12359,KOAA,KOLKATA,PNBE,PATNA JN.,13
12360,PNBE,PATNA JN.,KOAA,KOLKATA,13
12361,ASN,ASANSOL MAIN,CSMT,CST-MUMBAI,21
12362,CSMT,CST-MUMBAI,ASN,ASANSOL MAIN,21
12363,KOAA,KOLKATA,HDB,HALDIBARI,11
12364,HDB,HALDIBARI,KOAA,KOLKATA,11
12365,PNBE,PATNA JN.,RNC,RANCHI,12
12366,RNC,RANCHI,PNBE,PATNA JN.,12
12367,BGP,BHAGALPUR,ANVT,ANAND VIHAR,21
12368,ANVT,ANAND VIHAR,BGP,BHAGALPUR,21
12369,HWH,HOWRAH JN.,HW,HARIDWAR JN,20
12370,HW,HARIDWAR JN,HWH,HOWRAH JN.,20
12371,HWH,HOWRAH JN.,JSM,JAISALMER,29
12372,JSM,JAISALMER,HWH,HOWRAH JN.,29
12373,SDAH,SEALDAH,RPH,RAMPUR HAT,7
12374,RPH,RAMPUR HAT,SDAH,SEALDAH,7
12375,MAS,CHENNAI CENT,ASN,ASANSOL MAIN,27
12376,ASN,ASANSOL MAIN,MAS,CHENNAI CENT,27
12377,SDAH,SEALDAH,NOQ,NEW ALIPURDU,10
12378,NOQ,NEW ALIPURDU,SDAH,SEALDAH,10
12379,SDAH,SEALDAH,ASR,AMRITSAR JN.,15
12380,ASR,AMRITSAR JN.,SDAH,SEALDAH,15
12381,HWH,HOWRAH JN.,NDLS,NEW DELHI,22
12382,NDLS,NEW DELHI,HWH,HOWRAH JN.,22
12383,SDAH,SEALDAH,ASN,ASANSOL MAIN,9
12384,ASN,ASANSOL MAIN,SDAH,SEALDAH,9
12389,GAYA,GAYA JN.,MS,CHENNAI EGMO,17
12390,MS,CHENNAI EGMO,GAYA,GAYA JN.,17
12391,RGD,RAJGIR,NDLS,NEW DELHI,33
12392,NDLS,NEW DELHI,RGD,RAJGIR,33
12393,RJPB,RAJENDRANAGA,NDLS,NEW DELHI,5
12394,NDLS,NEW DELHI,RJPB,RAJENDRANAGA,5
12395,RJPB,RAJENDRANAGA,AII,AJMER JN.,15
12396,AII,AJMER JN.,RJPB,RAJENDRANAGA,15
12397,GAYA,GAYA JN.,NDLS,NEW DELHI,15
12398,NDLS,NEW DELHI,GAYA,GAYA JN.,15
12401,IPR,ISLAMPUR,NDLS,NEW DELHI,28
12402,NDLS,NEW DELHI,IPR,ISLAMPUR,28
12405,BSL,BHUSAVAL JN.,NZM,HAZRAT NIZAM,29
12406,NZM,HAZRAT NIZAM,BSL,BHUSAVAL JN.,29
12407,NJP,NEW JALPAIGU,ASR,AMRITSAR JN.,19
12408,ASR,AMRITSAR JN.,NJP,NEW JALPAIGU,19
12409,RIG,RAIGARH,NZM,HAZRAT NIZAM,35
12410,NZM,HAZRAT NIZAM,RIG,RAIGARH,35
12411,CDG,CHANDIGARH,ASR,AMRITSAR JN.,9
12412,ASR,AMRITSAR JN.,CDG,CHANDIGARH,9
12413,AII,AJMER JN.,JAT,JAMMU TAWI,21
12414,JAT,JAMMU TAWI,AII,AJMER JN.,22
12415,INDB,INDORE BG,DEE,DELHI-SARAI,23
12416,DEE,DELHI-SARAI,INDB,INDORE BG,22
12417,ALD,ALLAHABAD JN,NDLS,NEW DELHI,6
12418,NDLS,NEW DELHI,ALD,ALLAHABAD JN,7
12419,LKO,LUCKNOW JN.,NDLS,NEW DELHI,16
12420,NDLS,NEW DELHI,LKO,LUCKNOW JN.,16
12421,NED,NANDED,ASR,AMRITSAR JN.,23
12422,ASR,AMRITSAR JN.,NED,NANDED,23
12423,DBRT,DIBRUGARH TO,NDLS,NEW DELHI,22
12424,NDLS,NEW DELHI,DBRT,DIBRUGARH TO,22
12425,NDLS,NEW DELHI,JAT,JAMMU TAWI,5
12426,JAT,JAMMU TAWI,NDLS,NEW DELHI,5
12427,REWA,REWA,ANVT,ANAND VIHAR,12
12428,ANVT,ANAND VIHAR,REWA,REWA,13
12431,TVC,TRIVANDRUM C,NZM,HAZRAT NIZAM,19
12432,NZM,HAZRAT NIZAM,TVC,TRIVANDRUM C,19
12433,MAS,CHENNAI CENT,NZM,HAZRAT NIZAM,10
12434,NZM,HAZRAT NIZAM,MAS,CHENNAI CENT,10
12435,DBRT,DIBRUGARH TO,NDLS,NEW DELHI,26
12436,NDLS,NEW DELHI,DBRT,DIBRUGARH TO,26
12437,SC,SECUNDERABAD,NZM,HAZRAT NIZAM,7
12438,NZM,HAZRAT NIZAM,SC,SECUNDERABAD,7
12439,RNC,RANCHI,NDLS,NEW DELHI,8
12440,NDLS,NEW DELHI,RNC,RANCHI,8
12441,BSP,BILASPUR JN.,NDLS,NEW DELHI,10
12442,NDLS,NEW DELHI,BSP,BILASPUR JN.,10
12443,HLZ,HALDIA,ANVT,ANAND VIHAR,14
12444,ANVT,ANAND VIHAR,HLZ,HALDIA,14
12445,NDLS,NEW DELHI,SVDK,SHRI MATA VA,11
12446,SVDK,SHRI MATA VA,NDLS,NEW DELHI,11
12447,MKP,MANIKPUR JN.,NZM,HAZRAT NIZAM,12
12448,NZM,HAZRAT NIZAM,MKP,MANIKPUR JN.,12
12449,MAO,MADGOAN JN.,CDG,CHANDIGARH,14
12450,CDG,CHANDIGARH,MAO,MADGOAN JN.,14
12451,CNB,KANPUR CENTR,NDLS,NEW DELHI,3
12452,NDLS,NEW DELHI,CNB,KANPUR CENTR,3
12453,RNC,RANCHI,NDLS,NEW DELHI,7
12454,NDLS,NEW DELHI,RNC,RANCHI,7
12455,DEE,DELHI-SARAI,BKN,BIKANER JN.,21
12456,BKN,BIKANER JN.,DEE,DELHI-SARAI,21
12457,DEE,DELHI-SARAI,BKN,BIKANER JN.,14
12458,BKN,BIKANER JN.,DEE,DELHI-SARAI,14
12459,NDLS,NEW DELHI,ASR,AMRITSAR JN.,15
12460,ASR,AMRITSAR JN.,NDLS,NEW DELHI,17
12461,DLI,DELHI JN.,JU,JODHPUR JN.,18
12462,JU,JODHPUR JN.,DLI,DELHI JN.,16
12463,DEE,DELHI-SARAI,JU,JODHPUR JN.,8
12464,JU,JODHPUR JN.,DEE,DELHI-SARAI,8
12465,INDB,INDORE BG,JU,JODHPUR JN.,29
12466,JU,JODHPUR JN.,INDB,INDORE BG,29
12467,JSM,JAISALMER,JP,JAIPUR JN.,22
12468,JP,JAIPUR JN.,JSM,JAISALMER,22
12469,CNB,KANPUR CENTR,JAT,JAMMU TAWI,14
12470,JAT,JAMMU TAWI,CNB,KANPUR CENTR,14
12471,BDTS,BANDRA TERMI,SVDK,SHRI MATA VA,26
12472,SVDK,SHRI MATA VA,BDTS,BANDRA TERMI,26
12473,ADI,AHMEDABAD,SVDK,SHRI MATA VA,24
12474,SVDK,SHRI MATA VA,ADI,AHMEDABAD,25
12475,HAPA,HAPA,SVDK,SHRI MATA VA,31
12476,SVDK,SHRI MATA VA,HAPA,HAPA,31
12477,JAM,JAMNAGAR,SVDK,SHRI MATA VA,31
12478,SVDK,SHRI MATA VA,JAM,JAMNAGAR,31
12479,JU,JODHPUR JN.,BDTS,BANDRA TERMI,17
12480,BDTS,BANDRA TERMI,JU,JODHPUR JN.,17
12481,DLI,DELHI JN.,SGNR,SHRI GANGANA,15
12482,SGNR,SHRI GANGANA,DLI,DELHI JN.,15
12483,KCVL,KOCHUVELI,ASR,AMRITSAR JN.,27
12484,ASR,AMRITSAR JN.,KCVL,KOCHUVELI,27
12485,NED,NANDED,SGNR,SHRI GANGANA,27
12486,SGNR,SHRI GANGANA,NED,NANDED,27
12487,JBN,JOGBANI,ANVT,ANAND VIHAR,19
12488,ANVT,ANAND VIHAR,JBN,JOGBANI,19
12489,BKN,BIKANER JN.,DDR,DADAR,22
12490,DDR,DADAR,BKN,BIKANER JN.,22
12491,BJU,BARAUNI JN.,JAT,JAMMU TAWI,22
12492,JAT,JAMMU TAWI,BJU,BARAUNI JN.,22
12493,PUNE,PUNE JN.,NZM,HAZRAT NIZAM,10
12494,NZM,HAZRAT NIZAM,PUNE,PUNE JN.,10
12495,BKN,BIKANER JN.,KOAA,KOLKATA,20
12496,KOAA,KOLKATA,BKN,BIKANER JN.,20
12497,NDLS,NEW DELHI,ASR,AMRITSAR JN.,14
12498,ASR,AMRITSAR JN.,NDLS,NEW DELHI,15
12501,GHY,GUWAHATI,NDLS,NEW DELHI,10
12502,NDLS,NEW DELHI,GHY,GUWAHATI,10
12503,BNC,BANGALORE CA,KYQ,KAMAKHYA JN,23
12504,KYQ,KAMAKHYA JN,BNC,BANGALORE CA,23
12505,GHY,GUWAHATI,ANVT,ANAND VIHAR,30
12506,ANVT,ANAND VIHAR,GHY,GUWAHATI,29
12507,TVC,TRIVANDRUM C,SCL,SILCHAR,58
12508,SCL,SILCHAR,TVC,TRIVANDRUM C,56
12509,BNC,BANGALORE CA,GHY,GUWAHATI,42
12510,GHY,GUWAHATI,BNC,BANGALORE CA,41
12511,GKP,GORAKHPUR JN,TVC,TRIVANDRUM C,61
12512,TVC,TRIVANDRUM C,GKP,GORAKHPUR JN,60
12513,SC,SECUNDERABAD,GHY,GUWAHATI,31
12514,GHY,GUWAHATI,SC,SECUNDERABAD,30
12515,TVC,TRIVANDRUM C,SCL,SILCHAR,57
12516,SCL,SILCHAR,TVC,TRIVANDRUM C,56
12517,KOAA,KOLKATA,GHY,GUWAHATI,14
12518,GHY,GUWAHATI,KOAA,KOLKATA,14
12519,LTT,LOKMANYA TIL,KYQ,KAMAKHYA JN,28
12520,KYQ,KAMAKHYA JN,LTT,LOKMANYA TIL,28
12521,BJU,BARAUNI JN.,ERS,ERNAKULAM. J,63
12522,ERS,ERNAKULAM. J,BJU,BARAUNI JN.,62
12523,NJP,NEW JALPAIGU,NDLS,NEW DELHI,18
12524,NDLS,NEW DELHI,NJP,NEW JALPAIGU,18
12525,KOAA,KOLKATA,DBRG,DIBRUGARH,23
12526,DBRG,DIBRUGARH,KOAA,KOLKATA,23
12527,RMR,RAMNAGAR,CDG,CHANDIGARH,11
12529,PPTA,PATLIPUTRA,LJN,LUCKNOW JN.,10
12530,LJN,LUCKNOW JN.,PPTA,PATLIPUTRA,10
12531,GKP,GORAKHPUR JN,LJN,LUCKNOW JN.,12
12532,LJN,LUCKNOW JN.,GKP,GORAKHPUR JN,12
12533,LJN,LUCKNOW JN.,CSMT,CST-MUMBAI,16
12534,CSMT,CST-MUMBAI,LJN,LUCKNOW JN.,15
12535,LJN,LUCKNOW JN.,R,RAIPUR JN.,13
12536,R,RAIPUR JN.,LJN,LUCKNOW JN.,12
12537,MFP,MUZAFFARPUR,MUV,MANDUADIH,15
12538,MUV,MANDUADIH,MFP,MUZAFFARPUR,15
12539,YPR,YESVANTPUR J,LKO,LUCKNOW JN.,18
12540,LKO,LUCKNOW JN.,YPR,YESVANTPUR J,18
12541,GKP,GORAKHPUR JN,LTT,LOKMANYA TIL,16
12542,LTT,LOKMANYA TIL,GKP,GORAKHPUR JN,16
12545,RXL,RAXAUL JN.,LTT,LOKMANYA TIL,21
12546,LTT,LOKMANYA TIL,RXL,RAXAUL JN.,21
12547,AF,AGRA  FORT,ADI,AHMEDABAD,12
12548,ADI,AHMEDABAD,AF,AGRA  FORT,12
12549,DURG,DURG,JAT,JAMMU TAWI,18
12550,JAT,JAMMU TAWI,DURG,DURG,18
12551,YPR,YESVANTPUR J,KYQ,KAMAKHYA JN,29
12552,KYQ,KAMAKHYA JN,YPR,YESVANTPUR J,29
12553,BJU,BARAUNI JN.,NDLS,NEW DELHI,21
12554,NDLS,NEW DELHI,BJU,BARAUNI JN.,21
12555,GKP,GORAKHPUR JN,HSR,HISAR JN,15
12556,HSR,HISAR JN,GKP,GORAKHPUR JN,15
12557,MFP,MUZAFFARPUR,ANVT,ANAND VIHAR,16
12558,ANVT,ANAND VIHAR,MFP,MUZAFFARPUR,16
12559,MUV,MANDUADIH,NDLS,NEW DELHI,4
12560,NDLS,NEW DELHI,MUV,MANDUADIH,4
12561,JYG,JAYNAGAR,NDLS,NEW DELHI,22
12562,NDLS,NEW DELHI,JYG,JAYNAGAR,21
12565,DBG,DARBHANGA JN,NDLS,NEW DELHI,11
12566,NDLS,NEW DELHI,DBG,DARBHANGA JN,11
12567,SHC,SAHARSA JN.,PNBE,PATNA JN.,9
12568,PNBE,PATNA JN.,SHC,SAHARSA JN.,9
12569,JYG,JAYNAGAR,ANVT,ANAND VIHAR,23
12570,ANVT,ANAND VIHAR,JYG,JAYNAGAR,23
12572,ANVT,ANAND VIHAR,GKP,GORAKHPUR JN,9
12577,DBG,DARBHANGA JN,MYS,MYSORE JN.,41
12578,MYS,MYSORE JN.,DBG,DARBHANGA JN,40
12581,MUV,MANDUADIH,NDLS,NEW DELHI,6
12582,NDLS,NEW DELHI,MUV,MANDUADIH,6
12587,GKP,GORAKHPUR JN,JAT,JAMMU TAWI,18
12588,JAT,JAMMU TAWI,GKP,GORAKHPUR JN,18
12589,GKP,GORAKHPUR JN,SC,SECUNDERABAD,31
12590,SC,SECUNDERABAD,GKP,GORAKHPUR JN,31
12591,GKP,GORAKHPUR JN,YPR,YESVANTPUR J,40
12592,YPR,YESVANTPUR J,GKP,GORAKHPUR JN,40
12593,LJN,LUCKNOW JN.,BPL,BHOPAL,6
12594,BPL,BHOPAL,LJN,LUCKNOW JN.,6
12595,GKP,GORAKHPUR JN,ANVT,ANAND VIHAR,6
12596,ANVT,ANAND VIHAR,GKP,GORAKHPUR JN,6
12597,GKP,GORAKHPUR JN,CSMT,CST-MUMBAI,13
12598,CSMT,CST-MUMBAI,GKP,GORAKHPUR JN,13
12601,MAS,CHENNAI CENT,MAQ,MANGALORE CE,31
12602,MAQ,MANGALORE CE,MAS,CHENNAI CENT,33
12603,MAS,CHENNAI CENT,HYB,HYDERABAD DE,22
12604,HYB,HYDERABAD DE,MAS,CHENNAI CENT,21
12605,MS,CHENNAI EGMO,KKDI,KARAIKKUDI,13
12606,KKDI,KARAIKKUDI,MS,CHENNAI EGMO,13
12607,MAS,CHENNAI CENT,SBC,KRANTIVIRA S,12
12608,SBC,KRANTIVIRA S,MAS,CHENNAI CENT,13
12609,MAS,CHENNAI CENT,SBC,KRANTIVIRA S,19
12610,SBC,KRANTIVIRA S,MAS,CHENNAI CENT,19
12611,MAS,CHENNAI CENT,NZM,HAZRAT NIZAM,11
12612,NZM,HAZRAT NIZAM,MAS,CHENNAI CENT,11
12613,MYS,MYSORE JN.,SBC,KRANTIVIRA S,4
12614,SBC,KRANTIVIRA S,MYS,MYSORE JN.,4
12615,MAS,CHENNAI CENT,DEE,DELHI-SARAI,41
12616,DEE,DELHI-SARAI,MAS,CHENNAI CENT,40
12617,ERS,ERNAKULAM. J,NZM,HAZRAT NIZAM,48
12618,NZM,HAZRAT NIZAM,ERS,ERNAKULAM. J,48
12619,LTT,LOKMANYA TIL,MAQ,MANGALORE CE,24
12620,MAQ,MANGALORE CE,LTT,LOKMANYA TIL,22
12621,MAS,CHENNAI CENT,NDLS,NEW DELHI,12
12622,NDLS,NEW DELHI,MAS,CHENNAI CENT,11
12623,MAS,CHENNAI CENT,TVC,TRIVANDRUM C,21
12624,TVC,TRIVANDRUM C,MAS,CHENNAI CENT,22
12625,TVC,TRIVANDRUM C,NDLS,NEW DELHI,43
12626,NDLS,NEW DELHI,TVC,TRIVANDRUM C,42
12627,SBC,KRANTIVIRA S,NDLS,NEW DELHI,36
12628,NDLS,NEW DELHI,SBC,KRANTIVIRA S,35
12629,YPR,YESVANTPUR J,NZM,HAZRAT NIZAM,14
12630,NZM,HAZRAT NIZAM,YPR,YESVANTPUR J,14
12631,MS,CHENNAI EGMO,TEN,TIRUNELVELI,15
12632,TEN,TIRUNELVELI,MS,CHENNAI EGMO,16
12633,MS,CHENNAI EGMO,CAPE,KANNIYAKUMAR,17
12634,CAPE,KANNIYAKUMAR,MS,CHENNAI EGMO,18
12635,MS,CHENNAI EGMO,MDU,MADURAI JN,10
12636,MDU,MADURAI JN,MS,CHENNAI EGMO,11
12637,MS,CHENNAI EGMO,MDU,MADURAI JN,11
12638,MDU,MADURAI JN,MS,CHENNAI EGMO,12
12639,MAS,CHENNAI CENT,SBC,KRANTIVIRA S,12
12640,SBC,KRANTIVIRA S,MAS,CHENNAI CENT,13
12641,CAPE,KANNIYAKUMAR,NZM,HAZRAT NIZAM,25
12642,NZM,HAZRAT NIZAM,CAPE,KANNIYAKUMAR,26
12643,TVC,TRIVANDRUM C,NZM,HAZRAT NIZAM,32
12644,NZM,HAZRAT NIZAM,TVC,TRIVANDRUM C,31
12645,ERS,ERNAKULAM. J,NZM,HAZRAT NIZAM,29
12646,NZM,HAZRAT NIZAM,ERS,ERNAKULAM. J,28
12647,CBE,COIMBATORE,NZM,HAZRAT NIZAM,28
12648,NZM,HAZRAT NIZAM,CBE,COIMBATORE,28
12649,YPR,YESVANTPUR J,NZM,HAZRAT NIZAM,9
12650,NZM,HAZRAT NIZAM,YPR,YESVANTPUR J,9
12651,MDU,MADURAI JN,NZM,HAZRAT NIZAM,15
12652,NZM,HAZRAT NIZAM,MDU,MADURAI JN,15
12653,MS,CHENNAI EGMO,TPJ,TIRUCHIRAPPA,14
12654,TPJ,TIRUCHIRAPPA,MS,CHENNAI EGMO,15
12655,ADI,AHMEDABAD,MAS,CHENNAI CENT,41
12656,MAS,CHENNAI CENT,ADI,AHMEDABAD,42
12657,MAS,CHENNAI CENT,SBC,KRANTIVIRA S,8
12658,SBC,KRANTIVIRA S,MAS,CHENNAI CENT,8
12659,NCJ,NAGERCOIL JN,SHM,SHALIMAR,44
12660,SHM,SHALIMAR,NCJ,NAGERCOIL JN,44
12661,MS,CHENNAI EGMO,SCT,SENGOTTAI JN,18
12662,SCT,SENGOTTAI JN,MS,CHENNAI EGMO,18
12663,HWH,HOWRAH JN.,TPJ,TIRUCHIRAPPA,24
12664,TPJ,TIRUCHIRAPPA,HWH,HOWRAH JN.,24
12665,HWH,HOWRAH JN.,CAPE,KANNIYAKUMAR,32
12666,CAPE,KANNIYAKUMAR,HWH,HOWRAH JN.,32
12667,MS,CHENNAI EGMO,NCJ,NAGERCOIL JN,11
12668,NCJ,NAGERCOIL JN,MS,CHENNAI EGMO,11
12669,MAS,CHENNAI CENT,CPR,CHHAPRA JN.,25
12670,CPR,CHHAPRA JN.,MAS,CHENNAI CENT,24
12671,MAS,CHENNAI CENT,MTP,METTUPALAIYA,9
12672,MTP,METTUPALAIYA,MAS,CHENNAI CENT,9
12673,MAS,CHENNAI CENT,CBE,COIMBATORE,8
12674,CBE,COIMBATORE,MAS,CHENNAI CENT,9
12675,MAS,CHENNAI CENT,CBE,COIMBATORE,11
12676,CBE,COIMBATORE,MAS,CHENNAI CENT,12
12677,SBC,KRANTIVIRA S,ERS,ERNAKULAM. J,14
12678,ERS,ERNAKULAM. J,SBC,KRANTIVIRA S,14
12679,MAS,CHENNAI CENT,CBE,COIMBATORE,12
12680,CBE,COIMBATORE,MAS,CHENNAI CENT,12
12681,MAS,CHENNAI CENT,CBE,COIMBATORE,7
12682,CBE,COIMBATORE,MAS,CHENNAI CENT,8
12683,ERS,ERNAKULAM. J,SBC,KRANTIVIRA S,14
12684,SBC,KRANTIVIRA S,ERS,ERNAKULAM. J,14
12685,MAS,CHENNAI CENT,MAQ,MANGALORE CE,18
12686,MAQ,MANGALORE CE,MAS,CHENNAI CENT,18
12687,MDU,MADURAI JN,DDN,DEHRA DUN,30
12688,DDN,DEHRA DUN,MDU,MADURAI JN,31
12689,MAS,CHENNAI CENT,NCJ,NAGERCOIL JN,19
12690,NCJ,NAGERCOIL JN,MAS,CHENNAI CENT,20
12691,MAS,CHENNAI CENT,SSPN,SRI SATYA SA,11
12692,SSPN,SRI SATYA SA,MAS,CHENNAI CENT,14
12693,MS,CHENNAI EGMO,TN,TUTICORIN,22
12694,TN,TUTICORIN,MS,CHENNAI EGMO,22
12695,MAS,CHENNAI CENT,TVC,TRIVANDRUM C,21
12696,TVC,TRIVANDRUM C,MAS,CHENNAI CENT,21
12697,MAS,CHENNAI CENT,TVC,TRIVANDRUM C,14
12698,TVC,TRIVANDRUM C,MAS,CHENNAI CENT,14
12701,CSMT,CST-MUMBAI,HYB,HYDERABAD DE,16
12702,HYB,HYDERABAD DE,CSMT,CST-MUMBAI,17
12703,HWH,HOWRAH JN.,SC,SECUNDERABAD,26
12704,SC,SECUNDERABAD,HWH,HOWRAH JN.,27
12705,GNT,GUNTUR JN.,SC,SECUNDERABAD,14
12706,SC,SECUNDERABAD,GNT,GUNTUR JN.,14
12707,TPTY,TIRUPATI,NZM,HAZRAT NIZAM,20
12708,NZM,HAZRAT NIZAM,TPTY,TIRUPATI,20
12709,GDR,GUDUR JN.,SC,SECUNDERABAD,17
12710,SC,SECUNDERABAD,GDR,GUDUR JN.,17
12711,BZA,VIJAYWADA JN,MAS,CHENNAI CENT,14
12712,MAS,CHENNAI CENT,BZA,VIJAYWADA JN,14
12713,BZA,VIJAYWADA JN,SC,SECUNDERABAD,9
12714,SC,SECUNDERABAD,BZA,VIJAYWADA JN,9
12715,NED,NANDED,ASR,AMRITSAR JN.,37
12716,ASR,AMRITSAR JN.,NED,NANDED,36
12717,VSKP,VISAKHAPATNA,BZA,VIJAYWADA JN,13
12718,BZA,VIJAYWADA JN,VSKP,VISAKHAPATNA,13
12719,AII,AJMER JN.,HYB,HYDERABAD DE,21
12720,HYB,HYDERABAD DE,AII,AJMER JN.,21
12721,HYB,HYDERABAD DE,NZM,HAZRAT NIZAM,46
12722,NZM,HAZRAT NIZAM,HYB,HYDERABAD DE,46
12723,HYB,HYDERABAD DE,NDLS,NEW DELHI,18
12724,NDLS,NEW DELHI,HYB,HYDERABAD DE,16
12725,SBC,KRANTIVIRA S,DWR,DHARWAD,17
12726,DWR,DHARWAD,SBC,KRANTIVIRA S,17
12727,VSKP,VISAKHAPATNA,HYB,HYDERABAD DE,21
12728,HYB,HYDERABAD DE,VSKP,VISAKHAPATNA,21
12729,PUNE,PUNE JN.,NED,NANDED,13
12730,NED,NANDED,PUNE,PUNE JN.,13
12731,TPTY,TIRUPATI,SC,SECUNDERABAD,16
12732,SC,SECUNDERABAD,TPTY,TIRUPATI,16
12733,TPTY,TIRUPATI,SC,SECUNDERABAD,23
12734,SC,SECUNDERABAD,TPTY,TIRUPATI,23
12735,SC,SECUNDERABAD,YPR,YESVANTPUR J,11
12736,YPR,YESVANTPUR J,SC,SECUNDERABAD,11
12737,COA,KAKINADA POR,SC,SECUNDERABAD,21
12738,SC,SECUNDERABAD,COA,KAKINADA POR,21
12739,VSKP,VISAKHAPATNA,SC,SECUNDERABAD,12
12740,SC,SECUNDERABAD,VSKP,VISAKHAPATNA,12
12741,VSG,VASCO-DA-GAM,PNBE,PATNA JN.,21
12742,PNBE,PATNA JN.,VSG,VASCO-DA-GAM,20
12747,GNT,GUNTUR JN.,VKB,VIKRABAD JN.,15
12748,VKB,VIKRABAD JN.,GNT,GUNTUR JN.,15
12749,MTM,MACHILIPATNA,SC,SECUNDERABAD,19
12750,SC,SECUNDERABAD,MTM,MACHILIPATNA,19
12757,SC,SECUNDERABAD,SKZR,SIRPURKAGHAZ,14
12758,SKZR,SIRPURKAGHAZ,SC,SECUNDERABAD,14
12759,MAS,CHENNAI CENT,HYB,HYDERABAD DE,17
12760,HYB,HYDERABAD DE,MAS,CHENNAI CENT,17
12761,TPTY,TIRUPATI,KRMR,KARIM NAGAR,12
12762,KRMR,KARIM NAGAR,TPTY,TIRUPATI,12
12763,TPTY,TIRUPATI,SC,SECUNDERABAD,19
12764,SC,SECUNDERABAD,TPTY,TIRUPATI,19
12765,TPTY,TIRUPATI,AMI,AMRAVATI,24
12766,AMI,AMRAVATI,TPTY,TIRUPATI,24
12767,NED,NANDED,SRC,SANTRAGACHI,19
12768,SRC,SANTRAGACHI,NED,NANDED,19
12769,TPTY,TIRUPATI,SC,SECUNDERABAD,17
12770,SC,SECUNDERABAD,TPTY,TIRUPATI,17
12771,SC,SECUNDERABAD,NGP,NAGPUR JN.(C,14
12772,NGP,NAGPUR JN.(C,SC,SECUNDERABAD,14
12773,SHM,SHALIMAR,SC,SECUNDERABAD,16
12774,SC,SECUNDERABAD,SHM,SHALIMAR,16
12775,CCT,KAKINADA TOW,SC,SECUNDERABAD,11
12776,SC,SECUNDERABAD,CCT,KAKINADA TOW,11
12777,UBL,HUBLI JN.,KCVL,KOCHUVELI,22
12778,KCVL,KOCHUVELI,UBL,HUBLI JN.,22
12779,VSG,VASCO-DA-GAM,NZM,HAZRAT NIZAM,29
12780,NZM,HAZRAT NIZAM,VSG,VASCO-DA-GAM,29
12781,MYS,MYSORE JN.,NZM,HAZRAT NIZAM,32
12782,NZM,HAZRAT NIZAM,MYS,MYSORE JN.,32
12783,VSKP,VISAKHAPATNA,SC,SECUNDERABAD,15
12784,SC,SECUNDERABAD,VSKP,VISAKHAPATNA,15
12785,KCG,KACHEGUDA,SBC,KRANTIVIRA S,17
12786,SBC,KRANTIVIRA S,KCG,KACHEGUDA,16
12791,SC,SECUNDERABAD,DNR,DANAPUR,29
12792,DNR,DANAPUR,SC,SECUNDERABAD,28
12795,BZA,VIJAYWADA JN,SC,SECUNDERABAD,4
12796,SC,SECUNDERABAD,BZA,VIJAYWADA JN,4
12797,KCG,KACHEGUDA,CTO,CHITTOOR,22
12798,CTO,CHITTOOR,KCG,KACHEGUDA,24
128,MAO,MADGOAN JN.,KOP,CHHATRAPATI,22
12801,PURI,PURI,NDLS,NEW DELHI,32
12802,NDLS,NEW DELHI,PURI,PURI,31
12803,VSKP,VISAKHAPATNA,NZM,HAZRAT NIZAM,21
12804,NZM,HAZRAT NIZAM,VSKP,VISAKHAPATNA,21
12805,VSKP,VISAKHAPATNA,SC,SECUNDERABAD,21
12806,SC,SECUNDERABAD,VSKP,VISAKHAPATNA,21
12807,VSKP,VISAKHAPATNA,NZM,HAZRAT NIZAM,41
12808,NZM,HAZRAT NIZAM,VSKP,VISAKHAPATNA,40
12809,CSMT,CST-MUMBAI,HWH,HOWRAH JN.,44
12810,HWH,HOWRAH JN.,CSMT,CST-MUMBAI,42
12811,LTT,LOKMANYA TIL,HTE,HATIA,18
12812,HTE,HATIA,LTT,LOKMANYA TIL,18
12813,HWH,HOWRAH JN.,TATA,TATANAGAR JN,8
12814,TATA,TATANAGAR JN,HWH,HOWRAH JN.,9
12815,PURI,PURI,NDLS,NEW DELHI,29
12816,NDLS,NEW DELHI,PURI,PURI,29
12817,HTE,HATIA,ANVT,ANAND VIHAR,19
12818,ANVT,ANAND VIHAR,HTE,HATIA,19
12819,BBS,BHUBANESWAR,ANVT,ANAND VIHAR,13
12820,ANVT,ANAND VIHAR,BBS,BHUBANESWAR,13
12821,HWH,HOWRAH JN.,PURI,PURI,15
12822,PURI,PURI,HWH,HOWRAH JN.,16
12823,DURG,DURG,NZM,HAZRAT NIZAM,12
12824,NZM,HAZRAT NIZAM,DURG,DURG,12
12825,RNC,RANCHI,NDLS,NEW DELHI,9
12826,NDLS,NEW DELHI,RNC,RANCHI,9
12827,HWH,HOWRAH JN.,PRR,PURULIA JN.,14
12828,PRR,PURULIA JN.,HWH,HOWRAH JN.,15
12829,MAS,CHENNAI CENT,BBS,BHUBANESWAR,21
12830,BBS,BHUBANESWAR,MAS,CHENNAI CENT,21
12831,BKSC,BOKARO STEEL,BBS,BHUBANESWAR,12
12832,BBS,BHUBANESWAR,BKSC,BOKARO STEEL,12
12833,ADI,AHMEDABAD,HWH,HOWRAH JN.,63
12834,HWH,HOWRAH JN.,ADI,AHMEDABAD,64
12835,HTE,HATIA,YPR,YESVANTPUR J,24
12836,YPR,YESVANTPUR J,HTE,HATIA,25
12837,HWH,HOWRAH JN.,PURI,PURI,14
12838,PURI,PURI,HWH,HOWRAH JN.,14
12839,HWH,HOWRAH JN.,MAS,CHENNAI CENT,35
12840,MAS,CHENNAI CENT,HWH,HOWRAH JN.,36
12841,HWH,HOWRAH JN.,MAS,CHENNAI CENT,15
12842,MAS,CHENNAI CENT,HWH,HOWRAH JN.,17
12843,PURI,PURI,ADI,AHMEDABAD,43
12844,ADI,AHMEDABAD,PURI,PURI,43
12845,BBS,BHUBANESWAR,BNC,BANGALORE CA,21
12846,BNC,BANGALORE CA,BBS,BHUBANESWAR,21
12847,HWH,HOWRAH JN.,DGHA,DIGHA FS,5
12848,DGHA,DIGHA FS,HWH,HOWRAH JN.,5
12849,BSP,BILASPUR JN.,PUNE,PUNE JN.,18
12850,PUNE,PUNE JN.,BSP,BILASPUR JN.,18
12851,BSP,BILASPUR JN.,MAS,CHENNAI CENT,17
12852,MAS,CHENNAI CENT,BSP,BILASPUR JN.,17
12853,DURG,DURG,BPL,BHOPAL,31
12854,BPL,BHOPAL,DURG,DURG,31
12855,BSP,BILASPUR JN.,NGP,NAGPUR JN.(C,16
12856,NGP,NAGPUR JN.(C,BSP,BILASPUR JN.,17
12857,HWH,HOWRAH JN.,DGHA,DIGHA FS,8
12858,DGHA,DIGHA FS,HWH,HOWRAH JN.,8
12859,CSMT,CST-MUMBAI,HWH,HOWRAH JN.,27
12860,HWH,HOWRAH JN.,CSMT,CST-MUMBAI,26
12861,VSKP,VISAKHAPATNA,KZJ,KAZIPET JN.,18
12862,KZJ,KAZIPET JN.,VSKP,VISAKHAPATNA,19
12863,HWH,HOWRAH JN.,YPR,YESVANTPUR J,35
12864,YPR,YESVANTPUR J,HWH,HOWRAH JN.,36
12865,HWH,HOWRAH JN.,PRR,PURULIA JN.,9
12866,PRR,PURULIA JN.,HWH,HOWRAH JN.,9
12867,HWH,HOWRAH JN.,PDY,PONDICHERRY,17
12868,PDY,PONDICHERRY,HWH,HOWRAH JN.,16
12869,CSMT,CST-MUMBAI,HWH,HOWRAH JN.,20
12870,HWH,HOWRAH JN.,CSMT,CST-MUMBAI,19
12871,HWH,HOWRAH JN.,TIG,TITLA GARH J,31
12872,TIG,TITLA GARH J,HWH,HOWRAH JN.,31
12873,HTE,HATIA,ANVT,ANAND VIHAR,21
12874,ANVT,ANAND VIHAR,HTE,HATIA,21
12875,PURI,PURI,NDLS,NEW DELHI,42
12876,NDLS,NEW DELHI,PURI,PURI,41
12877,RNC,RANCHI,NDLS,NEW DELHI,15
12878,NDLS,NEW DELHI,RNC,RANCHI,15
12879,LTT,LOKMANYA TIL,BBS,BHUBANESWAR,20
12880,BBS,BHUBANESWAR,LTT,LOKMANYA TIL,20
12881,HWH,HOWRAH JN.,PURI,PURI,9
12882,PURI,PURI,HWH,HOWRAH JN.,9
12883,SRC,SANTRAGACHI,PRR,PURULIA JN.,12
12884,PRR,PURULIA JN.,HWH,HOWRAH JN.,13
12885,SHM,SHALIMAR,BJE,BHOJUDIH JN.,13
12886,BJE,BHOJUDIH JN.,SHM,SHALIMAR,13
12887,HWH,HOWRAH JN.,PURI,PURI,10
12888,PURI,PURI,HWH,HOWRAH JN.,11
12889,TATA,TATANAGAR JN,YPR,YESVANTPUR J,26
12890,YPR,YESVANTPUR J,TATA,TATANAGAR JN,24
12891,BGY,BANGRIPOSI,BBS,BHUBANESWAR,16
12892,BBS,BHUBANESWAR,BGY,BANGRIPOSI,16
12893,BBS,BHUBANESWAR,BLGR,BALANGIR,16
12894,BLGR,BALANGIR,BBS,BHUBANESWAR,16
12895,HWH,HOWRAH JN.,PURI,PURI,10
12896,PURI,PURI,HWH,HOWRAH JN.,11
12897,PDY,PONDICHERRY,BBS,BHUBANESWAR,19
12898,BBS,BHUBANESWAR,PDY,PONDICHERRY,19
12901,BCT,MUMBAI CENTR,ADI,AHMEDABAD,14
12902,ADI,AHMEDABAD,BCT,MUMBAI CENTR,14
12903,BCT,MUMBAI CENTR,ASR,AMRITSAR JN.,34
12904,ASR,AMRITSAR JN.,BCT,MUMBAI CENTR,35
12905,PBR,PORBANDAR,HWH,HOWRAH JN.,30
12906,HWH,HOWRAH JN.,PBR,PORBANDAR,30
12907,BDTS,BANDRA TERMI,NZM,HAZRAT NIZAM,5
12908,NZM,HAZRAT NIZAM,BDTS,BANDRA TERMI,5
12909,BDTS,BANDRA TERMI,NZM,HAZRAT NIZAM,9
12910,NZM,HAZRAT NIZAM,BDTS,BANDRA TERMI,9
12911,BL,VALSAD,HW,HARIDWAR JN,16
12912,HW,HARIDWAR JN,BL,VALSAD,16
12913,INDB,INDORE BG,NGP,NAGPUR JN.(C,14
12914,NGP,NAGPUR JN.(C,INDB,INDORE BG,14
12915,ADI,AHMEDABAD,DLI,DELHI JN.,20
12916,DLI,DELHI JN.,ADI,AHMEDABAD,20
12917,ADI,AHMEDABAD,NZM,HAZRAT NIZAM,10
12918,NZM,HAZRAT NIZAM,ADI,AHMEDABAD,10
12919,INDB,INDORE BG,SVDK,SHRI MATA VA,52
12920,SVDK,SHRI MATA VA,INDB,INDORE BG,51
12921,BCT,MUMBAI CENTR,ST,SURAT,14
12922,ST,SURAT,BCT,MUMBAI CENTR,14
12923,INDB,INDORE BG,NGP,NAGPUR JN.(C,12
12924,NGP,NAGPUR JN.(C,INDB,INDORE BG,12
12925,BDTS,BANDRA TERMI,ASR,AMRITSAR JN.,42
12926,ASR,AMRITSAR JN.,BDTS,BANDRA TERMI,41
12927,BCT,MUMBAI CENTR,BRC,VADODARA JN.,7
12928,BRC,VADODARA JN.,BCT,MUMBAI CENTR,7
12929,BL,VALSAD,DHD,DAHOD,19
12930,DHD,DAHOD,BL,VALSAD,19
12931,BCT,MUMBAI CENTR,ADI,AHMEDABAD,11
12932,ADI,AHMEDABAD,BCT,MUMBAI CENTR,11
12933,BCT,MUMBAI CENTR,ADI,AHMEDABAD,11
12934,ADI,AHMEDABAD,BCT,MUMBAI CENTR,10
12935,BDTS,BANDRA TERMI,ST,SURAT,10
12936,ST,SURAT,BDTS,BANDRA TERMI,10
12937,GIMB,GANDHIDHAM J,HWH,HOWRAH JN.,17
12938,HWH,HOWRAH JN.,GIMB,GANDHIDHAM J,17
12939,PUNE,PUNE JN.,JP,JAIPUR JN.,13
12940,JP,JAIPUR JN.,PUNE,PUNE JN.,12
12941,BVC,BHAVNAGAR TE,ASN,ASANSOL MAIN,32
12942,ASN,ASANSOL MAIN,BVC,BHAVNAGAR TE,32
12943,BL,VALSAD,CNB,KANPUR CENTR,12
12944,CNB,KANPUR CENTR,BL,VALSAD,12
12946,MHV,MAHUVA,ST,SURAT,14
12947,ADI,AHMEDABAD,PNBE,PATNA JN.,19
12948,PNBE,PATNA JN.,ADI,AHMEDABAD,19
12949,PBR,PORBANDAR,SRC,SANTRAGACHI,37
12950,SRC,SANTRAGACHI,PBR,PORBANDAR,37
12951,BCT,MUMBAI CENTR,NDLS,NEW DELHI,8
12952,NDLS,NEW DELHI,BCT,MUMBAI CENTR,8
12953,BCT,MUMBAI CENTR,NZM,HAZRAT NIZAM,13
12954,NZM,HAZRAT NIZAM,BCT,MUMBAI CENTR,13
12955,BCT,MUMBAI CENTR,JP,JAIPUR JN.,19
12956,JP,JAIPUR JN.,BCT,MUMBAI CENTR,19
12957,ADI,AHMEDABAD,NDLS,NEW DELHI,10
12958,NDLS,NEW DELHI,ADI,AHMEDABAD,10
12959,DDR,DADAR,BHUJ,NEW BHUJ,20
12960,BHUJ,NEW BHUJ,DDR,DADAR,20
12961,BCT,MUMBAI CENTR,INDB,INDORE BG,19
12962,INDB,INDORE BG,BCT,MUMBAI CENTR,19
12963,NZM,HAZRAT NIZAM,UDZ,UDAIPUR CITY,18
12964,UDZ,UDAIPUR CITY,NZM,HAZRAT NIZAM,18
12967,MAS,CHENNAI CENT,JP,JAIPUR JN.,32
12968,JP,JAIPUR JN.,MAS,CHENNAI CENT,32
12969,CBE,COIMBATORE,JP,JAIPUR JN.,39
12970,JP,JAIPUR JN.,CBE,COIMBATORE,39
12971,BDTS,BANDRA TERMI,BVC,BHAVNAGAR TE,20
12972,BVC,BHAVNAGAR TE,BDTS,BANDRA TERMI,20
12973,INDB,INDORE BG,JP,JAIPUR JN.,8
12974,JP,JAIPUR JN.,INDB,INDORE BG,8
12975,MYS,MYSORE JN.,JP,JAIPUR JN.,42
12976,JP,JAIPUR JN.,MYS,MYSORE JN.,43
12977,ERS,ERNAKULAM. J,THVM,THIVIM,17
12978,CAN,KANNUR,ERS,ERNAKULAM. J,7
12979,BDTS,BANDRA TERMI,JP,JAIPUR JN.,17
12980,JP,JAIPUR JN.,BDTS,BANDRA TERMI,17
12981,DEE,DELHI-SARAI,UDZ,UDAIPUR CITY,21
12982,UDZ,UDAIPUR CITY,DEE,DELHI-SARAI,21
12983,AII,AJMER JN.,CDG,CHANDIGARH,15
12984,CDG,CHANDIGARH,AII,AJMER JN.,15
12985,JP,JAIPUR JN.,DEE,DELHI-SARAI,6
12986,DEE,DELHI-SARAI,JP,JAIPUR JN.,6
12987,SDAH,SEALDAH,AII,AJMER JN.,22
12988,AII,AJMER JN.,SDAH,SEALDAH,22
12989,DDR,DADAR,AII,AJMER JN.,23
12990,AII,AJMER JN.,DDR,DADAR,23
12991,UDZ,UDAIPUR CITY,JP,JAIPUR JN.,15
12992,JP,JAIPUR JN.,UDZ,UDAIPUR CITY,15
12993,GIMB,GANDHIDHAM J,PURI,PURI,27
12994,PURI,PURI,GIMB,GANDHIDHAM J,27
12995,BDTS,BANDRA TERMI,UDZ,UDAIPUR CITY,19
12996,UDZ,UDAIPUR CITY,BDTS,BANDRA TERMI,19
13005,HWH,HOWRAH JN.,ASR,AMRITSAR JN.,57
13006,ASR,AMRITSAR JN.,HWH,HOWRAH JN.,56
13007,HWH,HOWRAH JN.,SGNR,SHRI GANGANA,112
13008,SGNR,SHRI GANGANA,HWH,HOWRAH JN.,108
13009,HWH,HOWRAH JN.,DDN,DEHRA DUN,77
1301,PUNE,PUNE JN.,MAJN,MANGALORE JN,17
13010,DDN,DEHRA DUN,HWH,HOWRAH JN.,78
13011,HWH,HOWRAH JN.,MLDT,MALDA TOWN,18
13012,MLDT,MALDA TOWN,HWH,HOWRAH JN.,18
13013,BWN,BARDDHAMAN J,RPH,RAMPUR HAT,6
13014,RPH,RAMPUR HAT,BWN,BARDDHAMAN J,6
13015,HWH,HOWRAH JN.,BHP,BOLPUR,5
13016,BHP,BOLPUR,HWH,HOWRAH JN.,5
13017,HWH,HOWRAH JN.,AZ,AZIMGANJ JN.,15
13018,AZ,AZIMGANJ JN.,HWH,HOWRAH JN.,15
13019,HWH,HOWRAH JN.,KGM,KATHGODAM,66
1302,MAJN,MANGALORE JN,PUNE,PUNE JN.,17
13020,KGM,KATHGODAM,HWH,HOWRAH JN.,64
13021,HWH,HOWRAH JN.,RXL,RAXAUL JN.,42
13022,RXL,RAXAUL JN.,HWH,HOWRAH JN.,42
13023,HWH,HOWRAH JN.,GAYA,GAYA JN.,33
13024,GAYA,GAYA JN.,HWH,HOWRAH JN.,33
13027,HWH,HOWRAH JN.,AZ,AZIMGANJ JN.,11
13028,AZ,AZIMGANJ JN.,HWH,HOWRAH JN.,11
13033,HWH,HOWRAH JN.,KIR,KATIHAR JN.,49
13034,KIR,KATIHAR JN.,HWH,HOWRAH JN.,45
13043,HWH,HOWRAH JN.,RXL,RAXAUL JN.,19
13044,RXL,RAXAUL JN.,HWH,HOWRAH JN.,19
13049,HWH,HOWRAH JN.,ASR,AMRITSAR JN.,111
13050,ASR,AMRITSAR JN.,HWH,HOWRAH JN.,106
13053,HWH,HOWRAH JN.,SURI,SIURI,6
13054,SURI,SIURI,HWH,HOWRAH JN.,6
13063,HWH,HOWRAH JN.,BLGT,BALURGHAT,12
13064,BLGT,BALURGHAT,HWH,HOWRAH JN.,12
13071,HWH,HOWRAH JN.,JMP,JAMALPUR JN.,21
13072,JMP,JAMALPUR JN.,HWH,HOWRAH JN.,21
13103,SDAH,SEALDAH,LGL,LALGOLA,14
13104,LGL,LALGOLA,SDAH,SEALDAH,14
13105,SDAH,SEALDAH,BUI,BALLIA,30
13106,BUI,BALLIA,SDAH,SEALDAH,30
13109,KOAA,KOLKATA,GEDE,GEDE,2
13110,GEDE,GEDE,KOAA,KOLKATA,2
13113,KOAA,KOLKATA,LGL,LALGOLA,12
13114,LGL,LALGOLA,KOAA,KOLKATA,12
13117,KOAA,KOLKATA,LGL,LALGOLA,11
13118,LGL,LALGOLA,KOAA,KOLKATA,11
13119,SDAH,SEALDAH,ANVT,ANAND VIHAR,89
13120,ANVT,ANAND VIHAR,SDAH,SEALDAH,91
13121,KOAA,KOLKATA,GCT,GHAZIPUR CIT,16
13122,GCT,GHAZIPUR CIT,KOAA,KOLKATA,16
13129,KOAA,KOLKATA,PTPL,PETRAPOLE,2
13130,PTPL,PETRAPOLE,KOAA,KOLKATA,2
13131,KOAA,KOLKATA,PNBE,PATNA JN.,44
13132,PNBE,PATNA JN.,KOAA,KOLKATA,45
13133,SDAH,SEALDAH,BSB,VARANASI JN.,82
13134,BSB,VARANASI JN.,SDAH,SEALDAH,84
13135,KOAA,KOLKATA,JYG,JAYNAGAR,17
13136,JYG,JAYNAGAR,KOAA,KOLKATA,17
13137,KOAA,KOLKATA,AMH,AZAMGARH,22
13138,AMH,AZAMGARH,KOAA,KOLKATA,22
13141,SDAH,SEALDAH,NOQ,NEW ALIPURDU,34
13142,NOQ,NEW ALIPURDU,SDAH,SEALDAH,34
13145,KOAA,KOLKATA,RDP,RADHIKAPUR,20
13146,RDP,RADHIKAPUR,KOAA,KOLKATA,20
13147,SDAH,SEALDAH,NCB,NEW COOCH BE,24
13148,NCB,NEW COOCH BE,SDAH,SEALDAH,24
13149,SDAH,SEALDAH,APDJ,ALIPUR DUAR,25
13150,APDJ,ALIPUR DUAR,SDAH,SEALDAH,25
13151,KOAA,KOLKATA,JAT,JAMMU TAWI,96
13152,JAT,JAMMU TAWI,KOAA,KOLKATA,97
13153,SDAH,SEALDAH,MLDT,MALDA TOWN,14
13154,MLDT,MALDA TOWN,SDAH,SEALDAH,15
13155,KOAA,KOLKATA,SMI,SITAMARHI,19
13156,SMI,SITAMARHI,KOAA,KOLKATA,19
13157,KOAA,KOLKATA,MFP,MUZAFFARPUR,14
13158,MFP,MUZAFFARPUR,KOAA,KOLKATA,14
13159,KOAA,KOLKATA,JBN,JOGBANI,16
13160,JBN,JOGBANI,KOAA,KOLKATA,16
13161,KOAA,KOLKATA,BLGT,BALURGHAT,12
13162,BLGT,BALURGHAT,KOAA,KOLKATA,12
13163,SDAH,SEALDAH,SHC,SAHARSA JN.,33
13164,SHC,SAHARSA JN.,SDAH,SEALDAH,33
13165,KOAA,KOLKATA,SMI,SITAMARHI,15
13166,SMI,SITAMARHI,KOAA,KOLKATA,15
13167,KOAA,KOLKATA,AGC,AGRA CANTT,22
13168,AGC,AGRA CANTT,KOAA,KOLKATA,22
13169,SDAH,SEALDAH,SHC,SAHARSA JN.,27
13170,SHC,SAHARSA JN.,SDAH,SEALDAH,27
13185,SDAH,SEALDAH,JYG,JAYNAGAR,22
13186,JYG,JAYNAGAR,SDAH,SEALDAH,21
13187,SDAH,SEALDAH,RPH,RAMPUR HAT,10
13188,RPH,RAMPUR HAT,SDAH,SEALDAH,10
13201,RJPB,RAJENDRANAGA,LTT,LOKMANYA TIL,67
13202,LTT,LOKMANYA TIL,RJPB,RAJENDRANAGA,63
13205,SHC,SAHARSA JN.,DNR,DANAPUR,9
13206,DNR,DANAPUR,SHC,SAHARSA JN.,9
13225,JYG,JAYNAGAR,RJPB,RAJENDRANAGA,20
13226,RJPB,RAJENDRANAGA,JYG,JAYNAGAR,20
13233,RGD,RAJGIR,DNR,DANAPUR,15
13234,DNR,DANAPUR,RGD,RAJGIR,15
13235,SBG,SAHIBGANJ,DNR,DANAPUR,29
13236,DNR,DANAPUR,SBG,SAHIBGANJ,29
13237,PNBE,PATNA JN.,KOTA,KOTA,28
13238,KOTA,KOTA,PNBE,PATNA JN.,28
13239,PNBE,PATNA JN.,KOTA,KOTA,24
13240,KOTA,KOTA,PNBE,PATNA JN.,24
13241,BAKA,BANKA,RJPB,RAJENDRANAGA,21
13242,RJPB,RAJENDRANAGA,BAKA,BANKA,21
13243,PNBE,PATNA JN.,BBU,BHABUA ROAD,24
13244,BBU,BHABUA ROAD,PNBE,PATNA JN.,24
13245,NJP,NEW JALPAIGU,RJPB,RAJENDRANAGA,32
13246,RJPB,RAJENDRANAGA,NJP,NEW JALPAIGU,35
13247,KYQ,KAMAKHYA JN,RJPB,RAJENDRANAGA,41
13248,RJPB,RAJENDRANAGA,KYQ,KAMAKHYA JN,44
13249,PNBE,PATNA JN.,BBU,BHABUA ROAD,12
13250,BBU,BHABUA ROAD,PNBE,PATNA JN.,12
13257,DNR,DANAPUR,ANVT,ANAND VIHAR,8
13258,ANVT,ANAND VIHAR,DNR,DANAPUR,8
13287,DURG,DURG,RJPB,RAJENDRANAGA,51
13288,RJPB,RAJENDRANAGA,DURG,DURG,52
13301,DHN,DHANBAD JN.,TATA,TATANAGAR JN,12
13302,TATA,TATANAGAR JN,DHN,DHANBAD JN.,12
13303,DHN,DHANBAD JN.,RNC,RANCHI,10
13304,RNC,RANCHI,DHN,DHANBAD JN.,10
13305,DHN,DHANBAD JN.,GAYA,GAYA JN.,17
13306,GAYA,GAYA JN.,DHN,DHANBAD JN.,17
13307,DHN,DHANBAD JN.,FZR,FIROZPUR CAN,74
13308,FZR,FIROZPUR CAN,DHN,DHANBAD JN.,71
13319,DGHR,DEOGHAR,RNC,RANCHI,20
13320,RNC,RANCHI,DGHR,DEOGHAR,20
13329,DHN,DHANBAD JN.,PNBE,PATNA JN.,11
13330,PNBE,PATNA JN.,DHN,DHANBAD JN.,11
13331,DHN,DHANBAD JN.,PNBE,PATNA JN.,22
13332,PNBE,PATNA JN.,DHN,DHANBAD JN.,22
13345,BSB,VARANASI JN.,SGRL,SINGRAULI,9
13346,SGRL,SINGRAULI,BSB,VARANASI JN.,9
13347,BRKA,BARKAKANA,PNBE,PATNA JN.,32
13348,PNBE,PATNA JN.,BRKA,BARKAKANA,32
13351,DHN,DHANBAD JN.,ALLP,ALLEPPEY,96
13352,ALLP,ALLEPPEY,DHN,DHANBAD JN.,97
13401,BGP,BHAGALPUR,DNR,DANAPUR,28
13402,DNR,DANAPUR,BGP,BHAGALPUR,28
13403,RNC,RANCHI,BGP,BHAGALPUR,26
13404,BGP,BHAGALPUR,RNC,RANCHI,26
13409,MLDT,MALDA TOWN,JMP,JAMALPUR JN.,17
13410,JMP,JAMALPUR JN.,MLDT,MALDA TOWN,17
13413,MLDT,MALDA TOWN,DLI,DELHI JN.,63
13414,DLI,DELHI JN.,MLDT,MALDA TOWN,61
13415,MLDT,MALDA TOWN,PNBE,PATNA JN.,18
13416,PNBE,PATNA JN.,MLDT,MALDA TOWN,18
13417,DGHA,DIGHA FS,MLDT,MALDA TOWN,16
13418,MLDT,MALDA TOWN,DGHA,DIGHA FS,16
13419,BGP,BHAGALPUR,MFP,MUZAFFARPUR,18
13420,MFP,MUZAFFARPUR,BGP,BHAGALPUR,18
13421,NDAE,NABADWIP DHA,MLDT,MALDA TOWN,11
13422,MLDT,MALDA TOWN,NDAE,NABADWIP DHA,11
13423,BGP,BHAGALPUR,AII,AJMER JN.,18
13424,AII,AJMER JN.,BGP,BHAGALPUR,18
13425,MLDT,MALDA TOWN,ST,SURAT,30
13426,ST,SURAT,MLDT,MALDA TOWN,30
13429,MLDT,MALDA TOWN,ANVT,ANAND VIHAR,24
13430,ANVT,ANAND VIHAR,MLDT,MALDA TOWN,24
13465,HWH,HOWRAH JN.,MLDT,MALDA TOWN,15
13466,MLDT,MALDA TOWN,HWH,HOWRAH JN.,15
13483,MLDT,MALDA TOWN,DLI,DELHI JN.,65
13484,DLI,DELHI JN.,MLDT,MALDA TOWN,63
13501,HLZ,HALDIA,ASN,ASANSOL MAIN,18
13502,ASN,ASANSOL MAIN,HLZ,HALDIA,18
13505,DGHA,DIGHA FS,ASN,ASANSOL MAIN,14
13506,ASN,ASANSOL MAIN,DGHA,DIGHA FS,14
13507,ASN,ASANSOL MAIN,GKP,GORAKHPUR JN,15
13508,GKP,GORAKHPUR JN,ASN,ASANSOL MAIN,15
13509,ASN,ASANSOL MAIN,GD,GONDA JN.,24
13510,GD,GONDA JN.,ASN,ASANSOL MAIN,22
13511,TATA,TATANAGAR JN,ASN,ASANSOL MAIN,9
13512,ASN,ASANSOL MAIN,TATA,TATANAGAR JN,9
14001,DLI,DELHI JN.,ATT,ATARI JN,2
14002,ATT,ATARI JN,DLI,DELHI JN.,2
14003,MLDT,MALDA TOWN,NDLS,NEW DELHI,23
14004,NDLS,NEW DELHI,MLDT,MALDA TOWN,23
14005,SMI,SITAMARHI,ANVT,ANAND VIHAR,41
14006,ANVT,ANAND VIHAR,SMI,SITAMARHI,43
14007,RXL,RAXAUL JN.,ANVT,ANAND VIHAR,34
14008,ANVT,ANAND VIHAR,RXL,RAXAUL JN.,34
14011,DLI,DELHI JN.,HSX,HOSHIARPUR,9
14012,HSX,HOSHIARPUR,DLI,DELHI JN.,9
14013,SLN,SULTANPUR JN,ANVT,ANAND VIHAR,15
14014,ANVT,ANAND VIHAR,SLN,SULTANPUR JN,15
14015,RXL,RAXAUL JN.,ANVT,ANAND VIHAR,35
14016,ANVT,ANAND VIHAR,RXL,RAXAUL JN.,36
14017,RXL,RAXAUL JN.,ANVT,ANAND VIHAR,36
14018,ANVT,ANAND VIHAR,RXL,RAXAUL JN.,36
14019,AGTL,AGARTALA,ANVT,ANAND VIHAR,18
14020,ANVT,ANAND VIHAR,AGTL,AGARTALA,18
14021,DEE,DELHI-SARAI,SIKR,SIKAR JN.,18
14022,SIKR,SIKAR JN.,DEE,DELHI-SARAI,18
14033,DLI,DELHI JN.,SVDK,SHRI MATA VA,32
14034,SVDK,SHRI MATA VA,DLI,DELHI JN.,30
14035,DLI,DELHI JN.,PTK,PATHANKOT JN,19
14036,PTK,PATHANKOT JN,DLI,DELHI JN.,20
14041,DEE,DELHI-SARAI,DDN,DEHRA DUN,20
14042,DDN,DEHRA DUN,DEE,DELHI-SARAI,20
14043,KTW,KOTDWARA,DLI,DELHI JN.,13
14044,DLI,DELHI JN.,KTW,KOTDWARA,13
14055,DBRG,DIBRUGARH,DLI,DELHI JN.,62
14056,DLI,DELHI JN.,DBRG,DIBRUGARH,61
14085,TKJ,TILAK BRIDGE,SSA,SIRSA,20
14086,SSA,SIRSA,TKJ,TILAK BRIDGE,20
14095,DEE,DELHI-SARAI,KLK,KALKA,14
14096,KLK,KALKA,DEE,DELHI-SARAI,15
14101,PRG,PRAYAG JN.,CNB,KANPUR CENTR,13
14102,CNB,KANPUR CENTR,PRG,PRAYAG JN.,13
14109,CKTD,CHITRAKUTDHA,CNB,KANPUR CENTR,12
14110,CNB,KANPUR CENTR,CKTD,CHITRAKUTDHA,12
14113,ALJN,ALIGARH JN.,DDN,DEHRA DUN,15
14114,DDN,DEHRA DUN,ALJN,ALIGARH JN.,16
14115,ALD,ALLAHABAD JN,HW,HARIDWAR JN,15
14116,HW,HARIDWAR JN,ALD,ALLAHABAD JN,15
14117,ALD,ALLAHABAD JN,BST,BASTI,10
14118,BST,BASTI,ALD,ALLAHABAD JN,10
14119,KGM,KATHGODAM,DDN,DEHRA DUN,11
14120,DDN,DEHRA DUN,KGM,KATHGODAM,11
14123,PBH,PARTAPGARH J,CNB,KANPUR CENTR,15
14124,CNB,KANPUR CENTR,PBH,PARTAPGARH J,15
14125,ALD,ALLAHABAD JN,MUR,MANKAPUR JN.,15
14126,MUR,MANKAPUR JN.,ALD,ALLAHABAD JN,15
14151,CNB,KANPUR CENTR,ANVT,ANAND VIHAR,13
14152,ANVT,ANAND VIHAR,CNB,KANPUR CENTR,13
14163,ALD,ALLAHABAD JN,MTC,MEERUT CITY,30
14164,MTC,MEERUT CITY,ALD,ALLAHABAD JN,24
14201,JNU,JAUNPUR JN.,RBL,RAE BARELI J,11
14202,RBL,RAE BARELI J,JNU,JAUNPUR JN.,11
14203,BSB,VARANASI JN.,LKO,LUCKNOW JN.,14
14204,LKO,LUCKNOW JN.,BSB,VARANASI JN.,14
14205,FD,FAIZABAD JN.,DLI,DELHI JN.,11
14206,DLI,DELHI JN.,FD,FAIZABAD JN.,11
14207,PBH,PARTAPGARH J,DLI,DELHI JN.,16
14208,DLI,DELHI JN.,PBH,PARTAPGARH J,16
14209,PRG,PRAYAG JN.,LKO,LUCKNOW JN.,8
14210,LKO,LUCKNOW JN.,PRG,PRAYAG JN.,8
14211,AGC,AGRA CANTT,NDLS,NEW DELHI,18
14212,NDLS,NEW DELHI,AGC,AGRA CANTT,18
14213,BSB,VARANASI JN.,GD,GONDA JN.,12
14214,GD,GONDA JN.,BSB,VARANASI JN.,12
14215,ALD,ALLAHABAD JN,LKO,LUCKNOW JN.,11
14216,LKO,LUCKNOW JN.,ALD,ALLAHABAD JN,11
14217,PRG,PRAYAG JN.,CDG,CHANDIGARH,41
14218,CDG,CHANDIGARH,PRG,PRAYAG JN.,40
14219,BSB,VARANASI JN.,LKO,LUCKNOW JN.,12
14220,LKO,LUCKNOW JN.,BSB,VARANASI JN.,12
14221,FD,FAIZABAD JN.,CPA,KANPUR ANWAR,9
14222,CPA,KANPUR ANWAR,FD,FAIZABAD JN.,9
14227,BSB,VARANASI JN.,LKO,LUCKNOW JN.,13
14228,LKO,LUCKNOW JN.,BSB,VARANASI JN.,12
14235,BSB,VARANASI JN.,BE,BAREILLY JN.,48
14236,BE,BAREILLY JN.,BSB,VARANASI JN.,45
14257,BSB,VARANASI JN.,NDLS,NEW DELHI,32
14258,NDLS,NEW DELHI,BSB,VARANASI JN.,34
14260,LKO,LUCKNOW JN.,MGS,MUGHAL SARAI,8
14265,BSB,VARANASI JN.,DDN,DEHRA DUN,49
14266,DDN,DEHRA DUN,BSB,VARANASI JN.,51
14307,PRG,PRAYAG JN.,BE,BAREILLY JN.,41
14308,BE,BAREILLY JN.,PRG,PRAYAG JN.,40
14309,UJN,UJJAIN JN,DDN,DEHRA DUN,30
14310,DDN,DEHRA DUN,UJN,UJJAIN JN,30
14311,BE,BAREILLY JN.,BHUJ,NEW BHUJ,46
14312,BHUJ,NEW BHUJ,BE,BAREILLY JN.,45
14313,LTT,LOKMANYA TIL,BE,BAREILLY JN.,26
14314,BE,BAREILLY JN.,LTT,LOKMANYA TIL,27
14315,BE,BAREILLY JN.,NDLS,NEW DELHI,16
14316,NDLS,NEW DELHI,BE,BAREILLY JN.,16
14317,INDB,INDORE BG,DDN,DEHRA DUN,30
14318,DDN,DEHRA DUN,INDB,INDORE BG,30
14319,INDB,INDORE BG,BE,BAREILLY JN.,19
14320,BE,BAREILLY JN.,INDB,INDORE BG,19
14321,BE,BAREILLY JN.,BHUJ,NEW BHUJ,46
14322,BHUJ,NEW BHUJ,BE,BAREILLY JN.,45
14323,NDLS,NEW DELHI,ROK,ROHTAK JN.,6
14324,ROK,ROHTAK JN.,NDLS,NEW DELHI,6
14369,SGRL,SINGRAULI,BE,BAREILLY JN.,36
14370,BE,BAREILLY JN.,SGRL,SINGRAULI,36
14371,BRWD,BARWADIH JN,CPU,CHOPAN,10
14372,CPU,CHOPAN,BRWD,BARWADIH JN,10
1442,DSJ,DELHI-SAFDAR,KK,KHADKI,13
14501,BTI,BATHINDA JN,JAT,JAMMU TAWI,13
14502,JAT,JAMMU TAWI,BTI,BATHINDA JN,13
14503,KLK,KALKA,SVDK,SHRI MATA VA,10
14504,SVDK,SHRI MATA VA,KLK,KALKA,10
14505,ASR,AMRITSAR JN.,NLDM,NANGAL DAM,11
14506,NLDM,NANGAL DAM,ASR,AMRITSAR JN.,12
14511,ALD,ALLAHABAD JN,SRE,SAHARANPUR J,29
14512,SRE,SAHARANPUR J,ALD,ALLAHABAD JN,28
14519,DLI,DELHI JN.,BTI,BATHINDA JN,19
14520,BTI,BATHINDA JN,DLI,DELHI JN.,19
14521,DLI,DELHI JN.,UMB,AMBALA CANTT,14
14522,UMB,AMBALA CANTT,DLI,DELHI JN.,14
14523,BJU,BARAUNI JN.,UMB,AMBALA CANTT,21
14524,UMB,AMBALA CANTT,BJU,BARAUNI JN.,21
14525,UMB,AMBALA CANTT,SGNR,SHRI GANGANA,15
14526,SGNR,SHRI GANGANA,UMB,AMBALA CANTT,15
14545,FN,FARUKHNAGAR,SRE,SAHARANPUR J,27
14546,SRE,SAHARANPUR J,FN,FARUKHNAGAR,27
14553,DLI,DELHI JN.,AADR,AMB  ANDAURA,28
14554,AADR,AMB  ANDAURA,DLI,DELHI JN.,26
14555,BE,BAREILLY JN.,DLI,DELHI JN.,21
14556,DLI,DELHI JN.,BE,BAREILLY JN.,21
14601,FZR,FIROZPUR CAN,SGNR,SHRI GANGANA,10
14602,SGNR,SHRI GANGANA,FZR,FIROZPUR CAN,10
14603,SHC,SAHARSA JN.,ASR,AMRITSAR JN.,33
14604,ASR,AMRITSAR JN.,SHC,SAHARSA JN.,33
14609,RKSH,RISHIKESH,SVDK,SHRI MATA VA,22
14610,SVDK,SHRI MATA VA,RKSH,RISHIKESH,22
14611,GCT,GHAZIPUR CIT,SVDK,SHRI MATA VA,14
14613,CDG,CHANDIGARH,FZR,FIROZPUR CAN,8
14614,FZR,FIROZPUR CAN,CDG,CHANDIGARH,8
14615,LKU,LALKUA JN.,ASR,AMRITSAR JN.,18
14616,ASR,AMRITSAR JN.,LKU,LALKUA JN.,18
14623,CWA,CHHINWARA JN,DEE,DELHI-SARAI,23
14624,DEE,DELHI-SARAI,CWA,CHHINWARA JN,23
14625,DEE,DELHI-SARAI,FZR,FIROZPUR CAN,18
14626,FZR,FIROZPUR CAN,DEE,DELHI-SARAI,18
14629,LDH,LUDHIANA JN.,FZR,FIROZPUR CAN,9
14630,FZR,FIROZPUR CAN,LDH,LUDHIANA JN.,9
14631,DDN,DEHRA DUN,ASR,AMRITSAR JN.,27
14632,ASR,AMRITSAR JN.,DDN,DEHRA DUN,29
14633,ASR,AMRITSAR JN.,PTK,PATHANKOT JN,7
14634,PTK,PATHANKOT JN,ASR,AMRITSAR JN.,7
14645,DLI,DELHI JN.,JAT,JAMMU TAWI,29
14646,JAT,JAMMU TAWI,DLI,DELHI JN.,28
14649,JYG,JAYNAGAR,ASR,AMRITSAR JN.,63
14650,ASR,AMRITSAR JN.,JYG,JAYNAGAR,58
14659,DLI,DELHI JN.,JSM,JAISALMER,39
14660,JSM,JAISALMER,DLI,DELHI JN.,39
14661,JU,JODHPUR JN.,BME,BARMER,8
14662,BME,BARMER,JU,JODHPUR JN.,8
14673,JYG,JAYNAGAR,ASR,AMRITSAR JN.,58
14674,ASR,AMRITSAR JN.,JYG,JAYNAGAR,58
14681,NDLS,NEW DELHI,JUC,JALANDHAR CI,21
14682,JUC,JALANDHAR CI,NDLS,NEW DELHI,21
14703,JSM,JAISALMER,LGH,LALGARH JN.,14
14704,LGH,LALGARH JN.,JSM,JAISALMER,14
14707,BKN,BIKANER JN.,BDTS,BANDRA TERMI,34
14708,BDTS,BANDRA TERMI,BKN,BIKANER JN.,34
14709,BKN,BIKANER JN.,PURI,PURI,31
14710,PURI,PURI,BKN,BIKANER JN.,31
14711,HW,HARIDWAR JN,SGNR,SHRI GANGANA,21
14712,SGNR,SHRI GANGANA,HW,HARIDWAR JN,21
14713,SGNR,SHRI GANGANA,JAT,JAMMU TAWI,15
14714,JAT,JAMMU TAWI,SGNR,SHRI GANGANA,15
14715,HSR,HISAR JN,HW,HARIDWAR JN,10
14716,HW,HARIDWAR JN,HSR,HISAR JN,10
14717,BKN,BIKANER JN.,HW,HARIDWAR JN,14
14718,HW,HARIDWAR JN,BKN,BIKANER JN.,14
14723,CNB,KANPUR CENTR,BNW,BHIWANI JN.,31
14724,BNW,BHIWANI JN.,CNB,KANPUR CENTR,30
14731,DLI,DELHI JN.,FKA,FAZILKA JN.,29
14732,FKA,FAZILKA JN.,DLI,DELHI JN.,29
14795,BNW,BHIWANI JN.,PNP,PANIPAT JN.,6
14796,PNP,PANIPAT JN.,BNW,BHIWANI JN.,6
14801,JU,JODHPUR JN.,INDB,INDORE BG,41
14803,BGKT,BHAGAT-KI-KO,ADI,AHMEDABAD,17
14804,ADI,AHMEDABAD,BGKT,BHAGAT-KI-KO,17
14805,YPR,YESVANTPUR J,BME,BARMER,38
14806,BME,BARMER,YPR,YESVANTPUR J,37
14807,JP,JAIPUR JN.,AWR,ALWAR JN.,10
14808,AWR,ALWAR JN.,JP,JAIPUR JN.,10
14809,JSM,JAISALMER,JU,JODHPUR JN.,11
14810,JU,JODHPUR JN.,JSM,JAISALMER,11
14811,SIKR,SIKAR JN.,DEE,DELHI-SARAI,12
14812,DEE,DELHI-SARAI,SIKR,SIKAR JN.,12
14853,BSB,VARANASI JN.,JU,JODHPUR JN.,36
14854,JU,JODHPUR JN.,BSB,VARANASI JN.,37
14863,BSB,VARANASI JN.,JU,JODHPUR JN.,31
14864,JU,JODHPUR JN.,BSB,VARANASI JN.,32
14865,BSB,VARANASI JN.,JU,JODHPUR JN.,33
14866,JU,JODHPUR JN.,BSB,VARANASI JN.,33
14887,KLK,KALKA,BME,BARMER,40
14888,BME,BARMER,KLK,KALKA,40
14889,BGKT,BHAGAT-KI-KO,MBF,MUNABAO,2
14890,MBF,MUNABAO,BGKT,BHAGAT-KI-KO,2
15001,MFP,MUZAFFARPUR,DDN,DEHRA DUN,26
15002,DDN,DEHRA DUN,MFP,MUZAFFARPUR,26
15003,CPA,KANPUR ANWAR,GKP,GORAKHPUR JN,31
15004,GKP,GORAKHPUR JN,CPA,KANPUR ANWAR,28
15005,GKP,GORAKHPUR JN,DDN,DEHRA DUN,16
15006,DDN,DEHRA DUN,GKP,GORAKHPUR JN,16
15007,BCY,VARANASI CIT,LJN,LUCKNOW JN.,36
15008,LJN,LUCKNOW JN.,BCY,VARANASI CIT,37
15009,GKP,GORAKHPUR JN,GTNR,GOMTINAGAR F,16
15011,LJN,LUCKNOW JN.,CDG,CHANDIGARH,20
15012,CDG,CHANDIGARH,LJN,LUCKNOW JN.,20
15013,JSM,JAISALMER,KGM,KATHGODAM,39
15014,KGM,KATHGODAM,JSM,JAISALMER,39
15015,GKP,GORAKHPUR JN,YPR,YESVANTPUR J,23
15016,YPR,YESVANTPUR J,GKP,GORAKHPUR JN,23
15017,LTT,LOKMANYA TIL,GKP,GORAKHPUR JN,73
15018,GKP,GORAKHPUR JN,LTT,LOKMANYA TIL,73
15019,GKP,GORAKHPUR JN,NTV,NAUTANWA,5
15020,NTV,NAUTANWA,GKP,GORAKHPUR JN,5
15021,SHM,SHALIMAR,GKP,GORAKHPUR JN,15
15022,GKP,GORAKHPUR JN,SHM,SHALIMAR,15
15023,GKP,GORAKHPUR JN,YPR,YESVANTPUR J,24
15024,YPR,YESVANTPUR J,GKP,GORAKHPUR JN,24
15025,MAU,MAU JN.,ANVT,ANAND VIHAR,11
15026,ANVT,ANAND VIHAR,MAU,MAU JN.,11
15027,HTE,HATIA,GKP,GORAKHPUR JN,50
15028,GKP,GORAKHPUR JN,HTE,HATIA,50
15029,GKP,GORAKHPUR JN,PUNE,PUNE JN.,20
15030,PUNE,PUNE JN.,GKP,GORAKHPUR JN,20
15033,HW,HARIDWAR JN,RMR,RAMNAGAR,8
15034,RMR,RAMNAGAR,HW,HARIDWAR JN,8
15035,DLI,DELHI JN.,KGM,KATHGODAM,10
15036,KGM,KATHGODAM,DLI,DELHI JN.,10
15037,CNB,KANPUR CENTR,KSJ,KASGANJ JN.,20
15038,KSJ,KASGANJ JN.,CNB,KANPUR CENTR,20
15039,FBD,FARRUKHABAD,KSJ,KASGANJ JN.,8
15040,KSJ,KASGANJ JN.,FBD,FARRUKHABAD,8
15041,FBD,FARRUKHABAD,KSJ,KASGANJ JN.,9
15042,KSJ,KASGANJ JN.,FBD,FARRUKHABAD,9
15043,LJN,LUCKNOW JN.,KGM,KATHGODAM,11
15044,KGM,KATHGODAM,LJN,LUCKNOW JN.,11
15045,GKP,GORAKHPUR JN,OKHA,OKHA,39
15046,OKHA,OKHA,GKP,GORAKHPUR JN,39
15047,KOAA,KOLKATA,GKP,GORAKHPUR JN,19
15048,GKP,GORAKHPUR JN,KOAA,KOLKATA,19
15049,KOAA,KOLKATA,GKP,GORAKHPUR JN,27
15050,GKP,GORAKHPUR JN,KOAA,KOLKATA,27
15051,KOAA,KOLKATA,GKP,GORAKHPUR JN,22
15052,GKP,GORAKHPUR JN,KOAA,KOLKATA,23
15053,CPR,CHHAPRA JN.,LJN,LUCKNOW JN.,13
15054,LJN,LUCKNOW JN.,CPR,CHHAPRA JN.,13
15055,AF,AGRA  FORT,RMR,RAMNAGAR,21
15056,RMR,RAMNAGAR,AF,AGRA  FORT,21
15057,GKP,GORAKHPUR JN,ANVT,ANAND VIHAR,8
15058,ANVT,ANAND VIHAR,GKP,GORAKHPUR JN,8
15059,LKU,LALKUA JN.,ANVT,ANAND VIHAR,11
15060,ANVT,ANAND VIHAR,LKU,LALKUA JN.,11
15063,GKP,GORAKHPUR JN,LTT,LOKMANYA TIL,23
15064,LTT,LOKMANYA TIL,GKP,GORAKHPUR JN,23
15065,GKP,GORAKHPUR JN,PNVL,PANVEL,23
15066,PNVL,PANVEL,GKP,GORAKHPUR JN,23
15067,GKP,GORAKHPUR JN,BDTS,BANDRA TERMI,26
15068,BDTS,BANDRA TERMI,GKP,GORAKHPUR JN,26
15069,GKP,GORAKHPUR JN,BNZ,BADSHAHNAGAR,11
15070,BNZ,BADSHAHNAGAR,GKP,GORAKHPUR JN,11
15097,BGP,BHAGALPUR,JAT,JAMMU TAWI,31
15098,JAT,JAMMU TAWI,BGP,BHAGALPUR,31
15101,CPR,CHHAPRA JN.,CSMT,CST-MUMBAI,19
15102,CSMT,CST-MUMBAI,CPR,CHHAPRA JN.,19
15103,GKP,GORAKHPUR JN,MUV,MANDUADIH,15
15104,MUV,MANDUADIH,GKP,GORAKHPUR JN,16
15105,CPR,CHHAPRA JN.,GKP,GORAKHPUR JN,10
15106,GKP,GORAKHPUR JN,CPR,CHHAPRA JN.,16
15111,CPR,CHHAPRA JN.,BCY,VARANASI CIT,14
15112,BCY,VARANASI CIT,CPR,CHHAPRA JN.,14
15115,CPR,CHHAPRA JN.,DLI,DELHI JN.,21
15116,DLI,DELHI JN.,CPR,CHHAPRA JN.,21
15117,MUV,MANDUADIH,JBP,JABALPUR,11
15118,JBP,JABALPUR,MUV,MANDUADIH,10
15119,RMM,RAMESWARAM,MUV,MANDUADIH,37
15120,MUV,MANDUADIH,RMM,RAMESWARAM,37
15159,CPR,CHHAPRA JN.,DURG,DURG,50
15160,DURG,DURG,CPR,CHHAPRA JN.,46
15201,PPTA,PATLIPUTRA,RXL,RAXAUL JN.,17
15202,RXL,RAXAUL JN.,PPTA,PATLIPUTRA,17
15203,BJU,BARAUNI JN.,LJN,LUCKNOW JN.,37
15204,LJN,LUCKNOW JN.,BJU,BARAUNI JN.,37
15205,LJN,LUCKNOW JN.,JBP,JABALPUR,28
15206,JBP,JABALPUR,LJN,LUCKNOW JN.,27
15209,SHC,SAHARSA JN.,ASR,AMRITSAR JN.,48
15210,ASR,AMRITSAR JN.,SHC,SAHARSA JN.,48
15211,DBG,DARBHANGA JN,ASR,AMRITSAR JN.,48
15212,ASR,AMRITSAR JN.,DBG,DARBHANGA JN,46
15215,MFP,MUZAFFARPUR,NKE,NARKATIAGANJ,13
15216,NKE,NARKATIAGANJ,MFP,MUZAFFARPUR,13
15227,YPR,YESVANTPUR J,MFP,MUZAFFARPUR,36
15228,MFP,MUZAFFARPUR,YPR,YESVANTPUR J,35
15231,BJU,BARAUNI JN.,G,GONDIA JN.,32
15232,G,GONDIA JN.,BJU,BARAUNI JN.,34
15233,KOAA,KOLKATA,DBG,DARBHANGA JN,10
15234,DBG,DARBHANGA JN,KOAA,KOLKATA,10
15235,HWH,HOWRAH JN.,DBG,DARBHANGA JN,11
15236,DBG,DARBHANGA JN,HWH,HOWRAH JN.,11
15267,RXL,RAXAUL JN.,LTT,LOKMANYA TIL,24
15268,LTT,LOKMANYA TIL,RXL,RAXAUL JN.,23
15269,MFP,MUZAFFARPUR,ADI,AHMEDABAD,25
15270,ADI,AHMEDABAD,MFP,MUZAFFARPUR,25
15271,HWH,HOWRAH JN.,MFP,MUZAFFARPUR,12
15272,MFP,MUZAFFARPUR,HWH,HOWRAH JN.,12
15273,RXL,RAXAUL JN.,ANVT,ANAND VIHAR,45
15274,ANVT,ANAND VIHAR,RXL,RAXAUL JN.,45
15275,SHC,SAHARSA JN.,BJU,BARAUNI JN.,8
15276,BJU,BARAUNI JN.,SHC,SAHARSA JN.,8
15279,SHC,SAHARSA JN.,ANVT,ANAND VIHAR,22
15280,ANVT,ANAND VIHAR,SHC,SAHARSA JN.,22
15283,KIR,KATIHAR JN.,JYG,JAYNAGAR,19
15284,JYG,JAYNAGAR,KIR,KATIHAR JN.,19
15417,APDJ,ALIPUR DUAR,SHTT,SILGHAT TOWN,26
15418,SHTT,SILGHAT TOWN,APDJ,ALIPUR DUAR,26
15463,BLGT,BALURGHAT,SGUJ,SILIGURI JN.,15
15464,SGUJ,SILIGURI JN.,BLGT,BALURGHAT,15
15483,APDJ,ALIPUR DUAR,DLI,DELHI JN.,58
15484,DLI,DELHI JN.,APDJ,ALIPUR DUAR,59
15529,SHC,SAHARSA JN.,ANVT,ANAND VIHAR,25
15530,ANVT,ANAND VIHAR,SHC,SAHARSA JN.,25
15531,SHC,SAHARSA JN.,ASR,AMRITSAR JN.,28
15532,ASR,AMRITSAR JN.,SHC,SAHARSA JN.,28
15547,JYG,JAYNAGAR,LTT,LOKMANYA TIL,20
15548,LTT,LOKMANYA TIL,JYG,JAYNAGAR,20
15549,JYG,JAYNAGAR,PNBE,PATNA JN.,10
15550,PNBE,PATNA JN.,JYG,JAYNAGAR,10
15559,DBG,DARBHANGA JN,ADI,AHMEDABAD,27
15560,ADI,AHMEDABAD,DBG,DARBHANGA JN,27
15563,JYG,JAYNAGAR,UDN,UDHNA JN.,26
15564,UDN,UDHNA JN.,JYG,JAYNAGAR,26
15601,SCL,SILCHAR,NDLS,NEW DELHI,14
15602,NDLS,NEW DELHI,SCL,SILCHAR,14
15603,GHY,GUWAHATI,LEDO,LEDO,35
15604,LEDO,LEDO,GHY,GUWAHATI,35
15605,FKG,FURKATING JN,DBRG,DIBRUGARH,20
15606,DBRG,DIBRUGARH,FKG,FURKATING JN,20
15613,KYQ,KAMAKHYA JN,MZS,MURKEONG SEL,25
15614,MZS,MURKEONG SEL,KYQ,KAMAKHYA JN,25
15617,GHY,GUWAHATI,NHLN,NAHARLAGUN,14
15618,NHLN,NAHARLAGUN,GHY,GUWAHATI,14
15619,GAYA,GAYA JN.,KYQ,KAMAKHYA JN,21
15620,KYQ,KAMAKHYA JN,GAYA,GAYA JN.,21
15621,KYQ,KAMAKHYA JN,ANVT,ANAND VIHAR,25
15622,ANVT,ANAND VIHAR,KYQ,KAMAKHYA JN,25
15623,BGKT,BHAGAT-KI-KO,KYQ,KAMAKHYA JN,46
15624,KYQ,KAMAKHYA JN,BGKT,BHAGAT-KI-KO,46
15629,TBM,TAMBARAM,GHY,GUWAHATI,40
15630,GHY,GUWAHATI,TBM,TAMBARAM,40
15631,BME,BARMER,GHY,GUWAHATI,34
15632,GHY,GUWAHATI,BME,BARMER,34
15635,OKHA,OKHA,GHY,GUWAHATI,44
15636,GHY,GUWAHATI,OKHA,OKHA,44
15639,PURI,PURI,KYQ,KAMAKHYA JN,26
15640,KYQ,KAMAKHYA JN,PURI,PURI,26
15643,PURI,PURI,KYQ,KAMAKHYA JN,27
15644,KYQ,KAMAKHYA JN,PURI,PURI,26
15645,LTT,LOKMANYA TIL,GHY,GUWAHATI,47
15646,GHY,GUWAHATI,LTT,LOKMANYA TIL,48
15647,LTT,LOKMANYA TIL,GHY,GUWAHATI,54
15648,GHY,GUWAHATI,LTT,LOKMANYA TIL,55
15651,GHY,GUWAHATI,JAT,JAMMU TAWI,43
15652,JAT,JAMMU TAWI,GHY,GUWAHATI,43
15653,GHY,GUWAHATI,JAT,JAMMU TAWI,43
15654,JAT,JAMMU TAWI,GHY,GUWAHATI,43
15655,KYQ,KAMAKHYA JN,SVDK,SHRI MATA VA,40
15656,SVDK,SHRI MATA VA,KYQ,KAMAKHYA JN,40
15657,SDAH,SEALDAH,GHY,GUWAHATI,33
15658,GHY,GUWAHATI,SDAH,SEALDAH,33
15659,SDAH,SEALDAH,AGTL,AGARTALA,40
15660,AGTL,AGARTALA,SDAH,SEALDAH,40
15661,RNC,RANCHI,KYQ,KAMAKHYA JN,29
15662,KYQ,KAMAKHYA JN,RNC,RANCHI,29
15665,GHY,GUWAHATI,DMV,DIMAPUR,9
15666,DMV,DIMAPUR,GHY,GUWAHATI,9
15667,GIMB,GANDHIDHAM J,KYQ,KAMAKHYA JN,36
15668,KYQ,KAMAKHYA JN,GIMB,GANDHIDHAM J,36
15669,GHY,GUWAHATI,DMV,DIMAPUR,7
15670,DMV,DIMAPUR,GHY,GUWAHATI,7
15707,KIR,KATIHAR JN.,ASR,AMRITSAR JN.,51
15708,ASR,AMRITSAR JN.,KIR,KATIHAR JN.,53
15711,HWH,HOWRAH JN.,KIR,KATIHAR JN.,11
15712,KIR,KATIHAR JN.,HWH,HOWRAH JN.,11
15713,KIR,KATIHAR JN.,PNBE,PATNA JN.,19
15714,PNBE,PATNA JN.,KIR,KATIHAR JN.,19
15715,KNE,KISHANGANJ,AII,AJMER JN.,28
15716,AII,AJMER JN.,KNE,KISHANGANJ,28
15717,GHY,GUWAHATI,MXN,MARIANI JN.,26
15718,MXN,MARIANI JN.,GHY,GUWAHATI,26
15719,KIR,KATIHAR JN.,SGUJ,SILIGURI JN.,18
15720,SGUJ,SILIGURI JN.,KIR,KATIHAR JN.,18
15721,DGHA,DIGHA FS,NJP,NEW JALPAIGU,18
15722,NJP,NEW JALPAIGU,DGHA,DIGHA FS,18
15723,NJP,NEW JALPAIGU,SMI,SITAMARHI,13
15724,SMI,SITAMARHI,NJP,NEW JALPAIGU,13
15765,SGUJ,SILIGURI JN.,DBB,DHUBRI,19
15766,DBB,DHUBRI,SGUJ,SILIGURI JN.,19
15767,SGUJ,SILIGURI JN.,APDJ,ALIPUR DUAR,14
15768,APDJ,ALIPUR DUAR,SGUJ,SILIGURI JN.,14
15769,APDJ,ALIPUR DUAR,LMG,LUMDING JN.,27
15770,LMG,LUMDING JN.,APDJ,ALIPUR DUAR,26
15771,APDJ,ALIPUR DUAR,KYQ,KAMAKHYA JN,20
15772,KYQ,KAMAKHYA JN,APDJ,ALIPUR DUAR,20
15815,KYQ,KAMAKHYA JN,DKGN,DEKARGAON,12
15816,DKGN,DEKARGAON,KYQ,KAMAKHYA JN,12
15903,DBRG,DIBRUGARH,CDG,CHANDIGARH,35
15904,CDG,CHANDIGARH,DBRG,DIBRUGARH,35
15905,CAPE,KANNIYAKUMAR,DBRG,DIBRUGARH,57
15906,DBRG,DIBRUGARH,CAPE,KANNIYAKUMAR,58
15909,DBRG,DIBRUGARH,LGH,LALGARH JN.,89
15927,RNY,RANGIYA JN.,NTSK,NEW TINSUKIA,27
15928,NTSK,NEW TINSUKIA,RNY,RANGIYA JN.,27
15929,TBM,TAMBARAM,DBRG,DIBRUGARH,51
15930,DBRG,DIBRUGARH,TBM,TAMBARAM,51
15933,DBRG,DIBRUGARH,ASR,AMRITSAR JN.,38
15934,ASR,AMRITSAR JN.,DBRG,DIBRUGARH,38
15941,JAJ,JHAJHA,DBRG,DIBRUGARH,32
15942,DBRG,DIBRUGARH,JAJ,JHAJHA,32
15959,HWH,HOWRAH JN.,DBRG,DIBRUGARH,56
15960,DBRG,DIBRUGARH,HWH,HOWRAH JN.,56
15967,RNY,RANGIYA JN.,DBRG,DIBRUGARH,31
15968,DBRG,DIBRUGARH,RNY,RANGIYA JN.,31
16003,MAS,CHENNAI CENT,NSL,NAGARSOL,26
16004,NSL,NAGARSOL,MAS,CHENNAI CENT,27
16021,MAS,CHENNAI CENT,MYS,MYSORE JN.,24
16022,MYS,MYSORE JN.,MAS,CHENNAI CENT,23
16023,MYS,MYSORE JN.,YPR,YESVANTPUR J,10
16024,YPR,YESVANTPUR J,MYS,MYSORE JN.,10
16031,MAS,CHENNAI CENT,SVDK,SHRI MATA VA,81
16032,SVDK,SHRI MATA VA,MAS,CHENNAI CENT,82
16053,MAS,CHENNAI CENT,TPTY,TIRUPATI,8
16054,TPTY,TIRUPATI,MAS,CHENNAI CENT,9
16057,MAS,CHENNAI CENT,TPTY,TIRUPATI,8
16058,TPTY,TIRUPATI,MAS,CHENNAI CENT,9
16085,AJJ,ARAKKONAM JN,JTJ,JOLARPETTAI,15
16086,JTJ,JOLARPETTAI,AJJ,ARAKKONAM JN,14
16089,MAS,CHENNAI CENT,JTJ,JOLARPETTAI,16
16090,JTJ,JOLARPETTAI,MAS,CHENNAI CENT,16
16093,MAS,CHENNAI CENT,LJN,LUCKNOW JN.,47
16094,LJN,LUCKNOW JN.,MAS,CHENNAI CENT,46
16101,MS,CHENNAI EGMO,RMM,RAMESWARAM,24
16102,RMM,RAMESWARAM,MS,CHENNAI EGMO,25
16105,MS,CHENNAI EGMO,TCN,TIRUCHENDUR,29
16106,TCN,TIRUCHENDUR,MS,CHENNAI EGMO,29
16115,MS,CHENNAI EGMO,PDY,PONDICHERRY,10
16116,PDY,PONDICHERRY,MS,CHENNAI EGMO,10
16127,MS,CHENNAI EGMO,GUV,GURUVAYUR,48
16128,GUV,GURUVAYUR,MS,CHENNAI EGMO,48
16129,MEJ,VANCHI MANIY,TN,TUTICORIN,4
16130,TN,TUTICORIN,MEJ,VANCHI MANIY,3
16175,MS,CHENNAI EGMO,KIK,KARAIKAL,16
16176,KIK,KARAIKAL,MS,CHENNAI EGMO,16
16179,MS,CHENNAI EGMO,MQ,MANNARGUDI,13
16180,MQ,MANNARGUDI,MS,CHENNAI EGMO,13
16181,MS,CHENNAI EGMO,SCT,SENGOTTAI JN,26
16182,SCT,SENGOTTAI JN,MS,CHENNAI EGMO,27
16183,MS,CHENNAI EGMO,TJ,THANJAVUR JN,18
16184,TJ,THANJAVUR JN,MS,CHENNAI EGMO,18
16185,NGT,NAGAPPATTINA,VLNK,VELANKANNI,2
16186,VLNK,VELANKANNI,NGT,NAGAPPATTINA,2
16187,KIK,KARAIKAL,ERS,ERNAKULAM. J,29
16188,ERS,ERNAKULAM. J,KIK,KARAIKAL,27
16203,MAS,CHENNAI CENT,TPTY,TIRUPATI,10
16204,TPTY,TIRUPATI,MAS,CHENNAI CENT,11
16205,TLGP,TALGUPPA,MYS,MYSORE JN.,13
16206,MYS,MYSORE JN.,TLGP,TALGUPPA,13
16209,AII,AJMER JN.,MYS,MYSORE JN.,45
16210,MYS,MYSORE JN.,AII,AJMER JN.,44
16215,MYS,MYSORE JN.,SBC,KRANTIVIRA S,10
16216,SBC,KRANTIVIRA S,MYS,MYSORE JN.,10
16217,MYS,MYSORE JN.,SNSI,SAI NAGAR SH,24
16218,SNSI,SAI NAGAR SH,MYS,MYSORE JN.,24
16227,MYS,MYSORE JN.,TLGP,TALGUPPA,35
16228,TLGP,TALGUPPA,MYS,MYSORE JN.,31
16229,MYS,MYSORE JN.,BSB,VARANASI JN.,35
16231,MV,MAYILADUTURA,MYS,MYSORE JN.,24
16232,MYS,MYSORE JN.,MV,MAYILADUTURA,25
16233,MV,MAYILADUTURA,TPJ,TIRUCHIRAPPA,7
16234,TPJ,TIRUCHIRAPPA,MV,MAYILADUTURA,7
16235,TN,TUTICORIN,MYS,MYSORE JN.,35
16301,SRR,SHORANUR JN.,TVC,TRIVANDRUM C,30
16302,TVC,TRIVANDRUM C,SRR,SHORANUR JN.,30
16303,ERS,ERNAKULAM. J,TVC,TRIVANDRUM C,19
16304,TVC,TRIVANDRUM C,ERS,ERNAKULAM. J,19
16305,ERS,ERNAKULAM. J,CAN,KANNUR,16
16306,CAN,KANNUR,ERS,ERNAKULAM. J,17
16307,ALLP,ALLEPPEY,CAN,KANNUR,27
16308,CAN,KANNUR,ALLP,ALLEPPEY,28
16311,BKN,BIKANER JN.,KCVL,KOCHUVELI,44
16312,KCVL,KOCHUVELI,BKN,BIKANER JN.,44
16313,ALLP,ALLEPPEY,CAN,KANNUR,27
16314,CAN,KANNUR,ALLP,ALLEPPEY,26
16315,SBC,KRANTIVIRA S,KCVL,KOCHUVELI,22
16316,KCVL,KOCHUVELI,SBC,KRANTIVIRA S,22
16317,CAPE,KANNIYAKUMAR,SVDK,SHRI MATA VA,71
16318,SVDK,SHRI MATA VA,CAPE,KANNIYAKUMAR,75
16331,CSMT,CST-MUMBAI,TVC,TRIVANDRUM C,43
16332,TVC,TRIVANDRUM C,CSMT,CST-MUMBAI,42
16333,VRL,VERAVAL,TVC,TRIVANDRUM C,59
16334,TVC,TRIVANDRUM C,VRL,VERAVAL,59
16335,GIMB,GANDHIDHAM J,NCJ,NAGERCOIL JN,56
16336,NCJ,NAGERCOIL JN,GIMB,GANDHIDHAM J,56
16337,OKHA,OKHA,ERS,ERNAKULAM. J,50
16338,ERS,ERNAKULAM. J,OKHA,OKHA,51
16339,CSMT,CST-MUMBAI,NCJ,NAGERCOIL JN,40
16340,NCJ,NAGERCOIL JN,CSMT,CST-MUMBAI,39
16341,GUV,GURUVAYUR,TVC,TRIVANDRUM C,23
16342,TVC,TRIVANDRUM C,GUV,GURUVAYUR,22
16343,TVC,TRIVANDRUM C,MDU,MADURAI JN,22
16344,MDU,MADURAI JN,TVC,TRIVANDRUM C,22
16345,LTT,LOKMANYA TIL,TVC,TRIVANDRUM C,46
16346,TVC,TRIVANDRUM C,LTT,LOKMANYA TIL,46
16347,TVC,TRIVANDRUM C,MAQ,MANGALORE CE,50
16348,MAQ,MANGALORE CE,TVC,TRIVANDRUM C,49
16349,SRR,SHORANUR JN.,NIL,NILAMBUR ROA,9
16350,NIL,NILAMBUR ROA,SRR,SHORANUR JN.,9
16351,CSMT,CST-MUMBAI,NCJ,NAGERCOIL JN,47
16352,NCJ,NAGERCOIL JN,CSMT,CST-MUMBAI,46
16353,KCG,KACHEGUDA,NCJ,NAGERCOIL JN,31
16354,NCJ,NAGERCOIL JN,KCG,KACHEGUDA,31
16359,ERS,ERNAKULAM. J,PNBE,PATNA JN.,44
16360,PNBE,PATNA JN.,ERS,ERNAKULAM. J,44
16381,CSMT,CST-MUMBAI,CAPE,KANNIYAKUMAR,63
16382,CAPE,KANNIYAKUMAR,CSMT,CST-MUMBAI,62
16501,ADI,AHMEDABAD,YPR,YESVANTPUR J,25
16502,YPR,YESVANTPUR J,ADI,AHMEDABAD,27
16505,GIMB,GANDHIDHAM J,SBC,KRANTIVIRA S,34
16506,SBC,KRANTIVIRA S,GIMB,GANDHIDHAM J,33
16507,JU,JODHPUR JN.,SBC,KRANTIVIRA S,46
16508,SBC,KRANTIVIRA S,JU,JODHPUR JN.,45
16515,YPR,YESVANTPUR J,KAWR,KAWR,22
16516,KAWR,KAWR,YPR,YESVANTPUR J,22
16517,SBC,KRANTIVIRA S,CAN,KANNUR,20
16518,CAN,KANNUR,SBC,KRANTIVIRA S,20
16519,JTJ,JOLARPETTAI,SBC,KRANTIVIRA S,16
16520,SBC,KRANTIVIRA S,JTJ,JOLARPETTAI,15
16521,BWT,BANGARPET JN,SBC,KRANTIVIRA S,8
16522,SBC,KRANTIVIRA S,BWT,BANGARPET JN,8
16523,MAQ,MANGALORE CE,KAWR,KAWR,14
16524,KAWR,KAWR,MAQ,MANGALORE CE,14
16525,CAPE,KANNIYAKUMAR,SBC,KRANTIVIRA S,46
16526,SBC,KRANTIVIRA S,CAPE,KANNIYAKUMAR,49
16527,YPR,YESVANTPUR J,CAN,KANNUR,18
16528,CAN,KANNUR,YPR,YESVANTPUR J,18
16531,AII,AJMER JN.,SBC,KRANTIVIRA S,38
16532,SBC,KRANTIVIRA S,AII,AJMER JN.,38
16533,BGKT,BHAGAT-KI-KO,SBC,KRANTIVIRA S,30
16534,SBC,KRANTIVIRA S,BGKT,BHAGAT-KI-KO,30
16535,MYS,MYSORE JN.,SUR,SOLAPUR,32
16536,SUR,SOLAPUR,MYS,MYSORE JN.,32
1655,PUNE,PUNE JN.,JBP,JABALPUR,13
16557,MYS,MYSORE JN.,SBC,KRANTIVIRA S,9
16558,SBC,KRANTIVIRA S,MYS,MYSORE JN.,9
1656,JBP,JABALPUR,PUNE,PUNE JN.,13
16565,YPR,YESVANTPUR J,MAQ,MANGALORE CE,20
16566,MAQ,MANGALORE CE,YPR,YESVANTPUR J,20
16569,YPR,YESVANTPUR J,KCG,KACHEGUDA,15
16570,KCG,KACHEGUDA,YPR,YESVANTPUR J,15
16571,YPR,YESVANTPUR J,BIDR,BIDAR,18
16572,BIDR,BIDAR,YPR,YESVANTPUR J,18
16573,YPR,YESVANTPUR J,PDY,PONDICHERRY,10
16574,PDY,PONDICHERRY,YPR,YESVANTPUR J,10
16575,YPR,YESVANTPUR J,MAJN,MANGALORE JN,14
16576,MAJN,MANGALORE JN,YPR,YESVANTPUR J,14
16577,YPR,YESVANTPUR J,HRR,HARIHAR JN.,12
16578,HRR,HARIHAR JN.,YPR,YESVANTPUR J,12
16579,YPR,YESVANTPUR J,SMET,SHIMOGA TOWN,9
16580,SMET,SHIMOGA TOWN,YPR,YESVANTPUR J,9
16581,YPR,YESVANTPUR J,SMET,SHIMOGA TOWN,10
16582,SMET,SHIMOGA TOWN,YPR,YESVANTPUR J,10
16587,YPR,YESVANTPUR J,BKN,BIKANER JN.,35
16588,BKN,BIKANER JN.,YPR,YESVANTPUR J,34
16589,SBC,KRANTIVIRA S,KOP,CHHATRAPATI,30
16590,KOP,CHHATRAPATI,SBC,KRANTIVIRA S,30
16591,UBL,HUBLI JN.,MYS,MYSORE JN.,30
16592,MYS,MYSORE JN.,UBL,HUBLI JN.,30
16593,NED,NANDED,SBC,KRANTIVIRA S,43
16594,SBC,KRANTIVIRA S,NED,NANDED,43
16603,MAQ,MANGALORE CE,TVC,TRIVANDRUM C,32
16604,TVC,TRIVANDRUM C,MAQ,MANGALORE CE,31
16605,MAQ,MANGALORE CE,NCJ,NAGERCOIL JN,41
16606,NCJ,NAGERCOIL JN,MAQ,MANGALORE CE,41
16613,RJT,RAJKOT,CBE,COIMBATORE,35
16614,CBE,COIMBATORE,RJT,RAJKOT,36
16615,MQ,MANNARGUDI,CBE,COIMBATORE,10
16616,CBE,COIMBATORE,MQ,MANNARGUDI,9
16617,RMM,RAMESWARAM,CBE,COIMBATORE,17
16618,CBE,COIMBATORE,RMM,RAMESWARAM,15
16629,TVC,TRIVANDRUM C,MAQ,MANGALORE CE,54
16630,MAQ,MANGALORE CE,TVC,TRIVANDRUM C,54
16649,MAQ,MANGALORE CE,NCJ,NAGERCOIL JN,52
16650,NCJ,NAGERCOIL JN,MAQ,MANGALORE CE,50
16687,MAQ,MANGALORE CE,SVDK,SHRI MATA VA,63
16688,SVDK,SHRI MATA VA,MAQ,MANGALORE CE,67
16723,MS,CHENNAI EGMO,QLN,QUILON,31
16724,QLN,QUILON,MS,CHENNAI EGMO,32
16733,RMM,RAMESWARAM,OKHA,OKHA,42
16734,OKHA,OKHA,RMM,RAMESWARAM,42
16779,TPTY,TIRUPATI,RMM,RAMESWARAM,23
16780,RMM,RAMESWARAM,TPTY,TIRUPATI,23
16787,TEN,TIRUNELVELI,ED,ERODE JN.,11
16788,ED,ERODE JN.,TEN,TIRUNELVELI,11
16790,ED,ERODE JN.,TEN,TIRUNELVELI,11
16791,PUU,PUNALUR,PGT,PALAKKAD JN,29
16792,PGT,PALAKKAD JN,PUU,PUNALUR,29
16793,RMM,RAMESWARAM,FD,FAIZABAD JN.,20
16794,FD,FAIZABAD JN.,RMM,RAMESWARAM,20
16853,MS,CHENNAI EGMO,TPJ,TIRUCHIRAPPA,19
16854,TPJ,TIRUCHIRAPPA,MS,CHENNAI EGMO,19
16855,PDY,PONDICHERRY,MAQ,MANGALORE CE,23
16856,MAQ,MANGALORE CE,PDY,PONDICHERRY,23
16857,PDY,PONDICHERRY,MAQ,MANGALORE CE,19
16858,MAQ,MANGALORE CE,PDY,PONDICHERRY,19
16859,MS,CHENNAI EGMO,MAQ,MANGALORE CE,52
16860,MAQ,MANGALORE CE,MS,CHENNAI EGMO,53
16861,PDY,PONDICHERRY,CAPE,KANNIYAKUMAR,23
16862,CAPE,KANNIYAKUMAR,PDY,PONDICHERRY,23
16863,BGKT,BHAGAT-KI-KO,MQ,MANNARGUDI,43
16864,MQ,MANNARGUDI,BGKT,BHAGAT-KI-KO,42
17001,SNSI,SAI NAGAR SH,SC,SECUNDERABAD,25
17002,SC,SECUNDERABAD,SNSI,SAI NAGAR SH,25
17009,BIDR,BIDAR,HYB,HYDERABAD DE,9
17010,SC,SECUNDERABAD,BIDR,BIDAR,9
17011,HYB,HYDERABAD DE,SKZR,SIRPURKAGHAZ,21
17012,SKZR,SIRPURKAGHAZ,SC,SECUNDERABAD,20
17013,PUNE,PUNE JN.,HYB,HYDERABAD DE,15
17014,HYB,HYDERABAD DE,PUNE,PUNE JN.,15
17015,BBS,BHUBANESWAR,SC,SECUNDERABAD,41
17016,SC,SECUNDERABAD,BBS,BHUBANESWAR,41
17017,RJT,RAJKOT,SC,SECUNDERABAD,27
17018,SC,SECUNDERABAD,RJT,RAJKOT,28
17019,JP,JAIPUR JN.,HYB,HYDERABAD DE,34
17020,HYB,HYDERABAD DE,JP,JAIPUR JN.,34
17021,HYB,HYDERABAD DE,GTL,GUNTAKAL JN.,9
17022,GTL,GUNTAKAL JN.,HYB,HYDERABAD DE,9
17023,SC,SECUNDERABAD,KRNT,KURNOOL TOWN,16
17024,KRNT,KURNOOL TOWN,SC,SECUNDERABAD,14
17025,MUGR,MANUGURU,SC,SECUNDERABAD,15
17026,SC,SECUNDERABAD,MUGR,MANUGURU,15
17027,SC,SECUNDERABAD,KRNT,KURNOOL TOWN,13
17028,KRNT,KURNOOL TOWN,SC,SECUNDERABAD,13
17031,CSMT,CST-MUMBAI,HYB,HYDERABAD DE,26
17032,HYB,HYDERABAD DE,CSMT,CST-MUMBAI,26
17037,SC,SECUNDERABAD,BKN,BIKANER JN.,28
17038,BKN,BIKANER JN.,SC,SECUNDERABAD,28
1705,BDTS,BANDRA TERMI,JBP,JABALPUR,14
17057,CSMT,CST-MUMBAI,SC,SECUNDERABAD,30
17058,SC,SECUNDERABAD,CSMT,CST-MUMBAI,29
1706,JBP,JABALPUR,BDTS,BANDRA TERMI,14
17063,MMR,MANMAD JN.,SC,SECUNDERABAD,23
17064,SC,SECUNDERABAD,MMR,MANMAD JN.,23
1707,JBP,JABALPUR,ATT,ATARI JN,17
1708,ATT,ATARI JN,JBP,JABALPUR,17
17201,GNT,GUNTUR JN.,SC,SECUNDERABAD,24
17202,SC,SECUNDERABAD,GNT,GUNTUR JN.,25
17203,BVC,BHAVNAGAR TE,COA,KAKINADA POR,31
17204,COA,KAKINADA POR,BVC,BHAVNAGAR TE,32
17205,SNSI,SAI NAGAR SH,COA,KAKINADA POR,39
17206,COA,KAKINADA POR,SNSI,SAI NAGAR SH,39
17207,SNSI,SAI NAGAR SH,BZA,VIJAYWADA JN,32
17208,BZA,VIJAYWADA JN,SNSI,SAI NAGAR SH,32
17209,SBC,KRANTIVIRA S,CCT,KAKINADA TOW,35
17210,CCT,KAKINADA TOW,SBC,KRANTIVIRA S,36
17211,MTM,MACHILIPATNA,YPR,YESVANTPUR J,21
17212,YPR,YESVANTPUR J,MTM,MACHILIPATNA,21
17213,NS,NARASAPUR,NSL,NAGARSOL,23
17214,NSL,NAGARSOL,NS,NARASAPUR,23
17215,BZA,VIJAYWADA JN,DMM,DHARMAVARAM,16
17216,DMM,DHARMAVARAM,BZA,VIJAYWADA JN,16
17221,COA,KAKINADA POR,LTT,LOKMANYA TIL,23
17222,LTT,LOKMANYA TIL,COA,KAKINADA POR,23
17225,BZA,VIJAYWADA JN,UBL,HUBLI JN.,26
17226,UBL,HUBLI JN.,BZA,VIJAYWADA JN,26
17229,TVC,TRIVANDRUM C,HYB,HYDERABAD DE,43
17230,HYB,HYDERABAD DE,TVC,TRIVANDRUM C,43
17231,NS,NARASAPUR,NSL,NAGARSOL,27
17232,NSL,NAGARSOL,NS,NARASAPUR,28
17233,SC,SECUNDERABAD,BPQ,BALHARSHAH,34
17234,BPQ,BALHARSHAH,SC,SECUNDERABAD,34
17235,SBC,KRANTIVIRA S,NCJ,NAGERCOIL JN,16
17236,NCJ,NAGERCOIL JN,SBC,KRANTIVIRA S,16
17239,GNT,GUNTUR JN.,VSKP,VISAKHAPATNA,27
17240,VSKP,VISAKHAPATNA,GNT,GUNTUR JN.,26
17241,NS,NARASAPUR,NDD,NIDADAVOLU J,8
17242,NDD,NIDADAVOLU J,NS,NARASAPUR,8
17255,NS,NARASAPUR,HYB,HYDERABAD DE,21
17256,HYB,HYDERABAD DE,NS,NARASAPUR,21
17301,MYS,MYSORE JN.,DWR,DHARWAD,18
17302,DWR,DHARWAD,MYS,MYSORE JN.,17
17305,UBL,HUBLI JN.,LD,LONDA JN.,4
17307,MYS,MYSORE JN.,BGK,BAGALKOT,34
17308,BGK,BAGALKOT,MYS,MYSORE JN.,32
17309,YPR,YESVANTPUR J,VSG,VASCO-DA-GAM,18
17310,VSG,VASCO-DA-GAM,YPR,YESVANTPUR J,18
17311,MAS,CHENNAI CENT,VSG,VASCO-DA-GAM,24
17312,VSG,VASCO-DA-GAM,MAS,CHENNAI CENT,25
17315,VSG,VASCO-DA-GAM,VLNK,VELANKANNI,24
17316,VLNK,VELANKANNI,VSG,VASCO-DA-GAM,27
17317,UBL,HUBLI JN.,LTT,LOKMANYA TIL,16
17318,LTT,LOKMANYA TIL,UBL,HUBLI JN.,16
17319,UBL,HUBLI JN.,SC,SECUNDERABAD,22
17320,SC,SECUNDERABAD,UBL,HUBLI JN.,22
17321,UBL,HUBLI JN.,LTT,LOKMANYA TIL,12
17322,LTT,LOKMANYA TIL,UBL,HUBLI JN.,13
17323,UBL,HUBLI JN.,BSB,VARANASI JN.,24
17324,BSB,VARANASI JN.,UBL,HUBLI JN.,24
17325,UBL,HUBLI JN.,MYS,MYSORE JN.,25
17326,MYS,MYSORE JN.,UBL,HUBLI JN.,25
17401,TPTY,TIRUPATI,MTM,MACHILIPATNA,21
17402,MTM,MACHILIPATNA,TPTY,TIRUPATI,21
17403,GDV,GUDIVADA JN.,NS,NARASAPUR,8
17404,NS,NARASAPUR,GDV,GUDIVADA JN.,9
17405,TPTY,TIRUPATI,ADB,ADILABAD,61
17406,ADB,ADILABAD,TPTY,TIRUPATI,62
17407,TPTY,TIRUPATI,MQ,MANNARGUDI,19
17408,MQ,MANNARGUDI,TPTY,TIRUPATI,19
17409,ADB,ADILABAD,NED,NANDED,9
17410,NED,NANDED,ADB,ADILABAD,9
17411,CSMT,CST-MUMBAI,KOP,CHHATRAPATI,18
17412,KOP,CHHATRAPATI,CSMT,CST-MUMBAI,19
17413,TPTY,TIRUPATI,PDY,PONDICHERRY,11
17414,PDY,PONDICHERRY,TPTY,TIRUPATI,11
17415,TPTY,TIRUPATI,KOP,CHHATRAPATI,31
17416,KOP,CHHATRAPATI,TPTY,TIRUPATI,32
17417,TPTY,TIRUPATI,SNSI,SAI NAGAR SH,37
17418,SNSI,SAI NAGAR SH,TPTY,TIRUPATI,38
17419,TPTY,TIRUPATI,VSG,VASCO-DA-GAM,31
17420,VSG,VASCO-DA-GAM,TPTY,TIRUPATI,26
17479,PURI,PURI,TPTY,TIRUPATI,72
17480,TPTY,TIRUPATI,PURI,PURI,73
17481,BSP,BILASPUR JN.,TPTY,TIRUPATI,65
17482,TPTY,TIRUPATI,BSP,BILASPUR JN.,66
17487,TPTY,TIRUPATI,VSKP,VISAKHAPATNA,36
17488,VSKP,VISAKHAPATNA,TPTY,TIRUPATI,33
17603,KCG,KACHEGUDA,YPR,YESVANTPUR J,18
17604,YPR,YESVANTPUR J,KCG,KACHEGUDA,18
17605,MAQ,MANGALORE CE,KCG,KACHEGUDA,28
17606,KCG,KACHEGUDA,MAQ,MANGALORE CE,28
17609,PNBE,PATNA JN.,PAU,PURNA  JN.,17
17610,PAU,PURNA  JN.,PNBE,PATNA JN.,17
17613,PNVL,PANVEL,NED,NANDED,13
17614,NED,NANDED,PNVL,PANVEL,14
17615,KCG,KACHEGUDA,MDU,MADURAI JN,23
17616,MDU,MADURAI JN,KCG,KACHEGUDA,23
17617,CSMT,CST-MUMBAI,NED,NANDED,20
17618,NED,NANDED,CSMT,CST-MUMBAI,20
17619,AWB,AURANGABAD,NED,NANDED,8
17620,NED,NANDED,AWB,AURANGABAD,8
17621,AWB,AURANGABAD,RU,RENIGUNTA JN,28
17622,RU,RENIGUNTA JN,AWB,AURANGABAD,28
17623,NED,NANDED,BKN,BIKANER JN.,29
17624,BKN,BIKANER JN.,NED,NANDED,29
17625,KCG,KACHEGUDA,RAL,REPALLE,21
17626,RAL,REPALLE,SC,SECUNDERABAD,19
17639,KCG,KACHEGUDA,AK,AKOLA JN.,21
17640,AK,AKOLA JN.,KCG,KACHEGUDA,21
17641,KCG,KACHEGUDA,NRKR,NARKHER,32
17642,NRKR,NARKHER,KCG,KACHEGUDA,32
17643,CGL,CHENGALPATTU,COA,KAKINADA POR,36
17644,COA,KAKINADA POR,CGL,CHENGALPATTU,36
17651,CGL,CHENGALPATTU,KCG,KACHEGUDA,21
17652,KCG,KACHEGUDA,CGL,CHENGALPATTU,23
17687,MMR,MANMAD JN.,DAB,DHARMABAD,24
17688,DAB,DHARMABAD,MMR,MANMAD JN.,24
18005,HWH,HOWRAH JN.,JDB,JAGADALPUR,48
18006,JDB,JAGADALPUR,HWH,HOWRAH JN.,46
18007,SHM,SHALIMAR,VZR,BHANJPUR,13
18008,VZR,BHANJPUR,SHM,SHALIMAR,13
18009,SRC,SANTRAGACHI,AII,AJMER JN.,24
18010,AII,AJMER JN.,SRC,SANTRAGACHI,24
18029,LTT,LOKMANYA TIL,SHM,SHALIMAR,83
18030,SHM,SHALIMAR,LTT,LOKMANYA TIL,82
18047,HWH,HOWRAH JN.,VSG,VASCO-DA-GAM,44
18048,VSG,VASCO-DA-GAM,HWH,HOWRAH JN.,45
18101,TATA,TATANAGAR JN,JAT,JAMMU TAWI,71
18102,JAT,JAMMU TAWI,TATA,TATANAGAR JN,72
18103,TATA,TATANAGAR JN,ASR,AMRITSAR JN.,25
18104,ASR,AMRITSAR JN.,TATA,TATANAGAR JN,25
18107,ROU,ROURKELA,KRPU,KORAPUT JN.,13
18108,KRPU,KORAPUT JN.,ROU,ROURKELA,13
18111,TATA,TATANAGAR JN,YPR,YESVANTPUR J,42
18112,YPR,YESVANTPUR J,TATA,TATANAGAR JN,42
18117,ROU,ROURKELA,GNPR,GUNUPUR,26
18118,GNPR,GUNUPUR,ROU,ROURKELA,26
18181,TATA,TATANAGAR JN,CPR,CHHAPRA JN.,37
18182,CPR,CHHAPRA JN.,TATA,TATANAGAR JN,37
18183,TATA,TATANAGAR JN,DNR,DANAPUR,36
18184,DNR,DANAPUR,TATA,TATANAGAR JN,35
18189,TATA,TATANAGAR JN,ROU,ROURKELA,9
18190,ROU,ROURKELA,TATA,TATANAGAR JN,10
18191,CPR,CHHAPRA JN.,FBD,FARRUKHABAD,33
18192,FBD,FARRUKHABAD,CPR,CHHAPRA JN.,31
18201,DURG,DURG,NTV,NAUTANWA,25
18202,NTV,NAUTANWA,DURG,DURG,25
18203,DURG,DURG,CNB,KANPUR CENTR,20
18204,CNB,KANPUR CENTR,DURG,DURG,21
18205,DURG,DURG,NTV,NAUTANWA,24
18206,NTV,NAUTANWA,DURG,DURG,24
18207,DURG,DURG,AII,AJMER JN.,22
18208,AII,AJMER JN.,DURG,DURG,22
18211,DURG,DURG,JDB,JAGADALPUR,15
18212,JDB,JAGADALPUR,DURG,DURG,15
18213,DURG,DURG,JP,JAIPUR JN.,20
18214,JP,JAIPUR JN.,DURG,DURG,20
18215,DURG,DURG,JAT,JAMMU TAWI,26
18216,JAT,JAMMU TAWI,DURG,DURG,26
18233,INDB,INDORE BG,BSP,BILASPUR JN.,72
18234,BSP,BILASPUR JN.,INDB,INDORE BG,74
18235,BPL,BHOPAL,BSP,BILASPUR JN.,67
18236,BSP,BILASPUR JN.,BPL,BHOPAL,67
18237,BSP,BILASPUR JN.,ASR,AMRITSAR JN.,85
18238,ASR,AMRITSAR JN.,BSP,BILASPUR JN.,89
18239,GAD,GEVRA-ROAD,NGP,NAGPUR JN.(C,31
18240,NGP,NAGPUR JN.(C,BSP,BILASPUR JN.,18
18241,DURG,DURG,ABKP,AMBIKAPUR,32
18242,ABKP,AMBIKAPUR,DURG,DURG,32
18243,BSP,BILASPUR JN.,BGKT,BHAGAT-KI-KO,33
18244,BGKT,BHAGAT-KI-KO,BSP,BILASPUR JN.,33
18245,BSP,BILASPUR JN.,BKN,BIKANER JN.,33
18246,BKN,BIKANER JN.,BSP,BILASPUR JN.,33
18247,BSP,BILASPUR JN.,REWA,REWA,39
18248,REWA,REWA,BSP,BILASPUR JN.,39
18301,SBP,SAMBALPUR JN,RGDA,RAYAGADA JN.,20
18302,RGDA,RAYAGADA JN.,SBP,SAMBALPUR JN,20
18303,SBP,SAMBALPUR JN,PURI,PURI,16
18304,PURI,PURI,SBP,SAMBALPUR JN,16
18309,SBP,SAMBALPUR JN,MURI,MURI,14
18310,MURI,MURI,SBP,SAMBALPUR JN,14
18311,SBP,SAMBALPUR JN,BSB,VARANASI JN.,37
18312,BSB,VARANASI JN.,SBP,SAMBALPUR JN,37
18401,PURI,PURI,OKHA,OKHA,41
18402,OKHA,OKHA,PURI,PURI,41
18403,CKP,CHAKARADHARP,BBN,BARBIL,6
18404,BBN,BARBIL,CKP,CHAKARADHARP,6
18405,PURI,PURI,ADI,AHMEDABAD,40
18406,ADI,AHMEDABAD,PURI,PURI,40
18407,PURI,PURI,SNSI,SAI NAGAR SH,26
18408,SNSI,SAI NAGAR SH,PURI,PURI,26
18409,HWH,HOWRAH JN.,PURI,PURI,20
18410,PURI,PURI,HWH,HOWRAH JN.,21
18413,PRDP,PARADEEP,PURI,PURI,12
18414,PURI,PURI,PRDP,PARADEEP,12
18415,BBN,BARBIL,PURI,PURI,30
18416,PURI,PURI,BBN,BARBIL,30
18419,PURI,PURI,JYG,JAYNAGAR,24
18420,JYG,JAYNAGAR,PURI,PURI,24
18421,PURI,PURI,AII,AJMER JN.,41
18422,AII,AJMER JN.,PURI,PURI,41
18425,PURI,PURI,DURG,DURG,28
18426,DURG,DURG,PURI,PURI,28
18437,RGDA,RAYAGADA JN.,JNRD,JUNAGARH ROA,11
18438,JNRD,JUNAGARH ROA,RGDA,RAYAGADA JN.,11
18447,BBS,BHUBANESWAR,JDB,JAGADALPUR,41
18448,JDB,JAGADALPUR,BBS,BHUBANESWAR,41
18449,PURI,PURI,PNBE,PATNA JN.,27
18450,PNBE,PATNA JN.,PURI,PURI,27
18451,HTE,HATIA,PURI,PURI,24
18452,PURI,PURI,HTE,HATIA,25
18463,BBS,BHUBANESWAR,SBC,KRANTIVIRA S,47
18464,SBC,KRANTIVIRA S,BBS,BHUBANESWAR,46
18477,PURI,PURI,HW,HARIDWAR JN,76
18478,HW,HARIDWAR JN,PURI,PURI,75
18495,RMM,RAMESWARAM,BBS,BHUBANESWAR,25
18496,BBS,BHUBANESWAR,RMM,RAMESWARAM,25
18501,VSKP,VISAKHAPATNA,GIMB,GANDHIDHAM J,29
18502,GIMB,GANDHIDHAM J,VSKP,VISAKHAPATNA,29
18503,VSKP,VISAKHAPATNA,SNSI,SAI NAGAR SH,25
18504,SNSI,SAI NAGAR SH,VSKP,VISAKHAPATNA,25
18507,VSKP,VISAKHAPATNA,ASR,AMRITSAR JN.,48
18508,ASR,AMRITSAR JN.,VSKP,VISAKHAPATNA,48
18511,KRPU,KORAPUT JN.,VSKP,VISAKHAPATNA,12
18512,VSKP,VISAKHAPATNA,KRPU,KORAPUT JN.,11
18517,KRBA,KORBA,VSKP,VISAKHAPATNA,31
18518,VSKP,VISAKHAPATNA,KRBA,KORBA,31
18519,VSKP,VISAKHAPATNA,LTT,LOKMANYA TIL,20
18520,LTT,LOKMANYA TIL,VSKP,VISAKHAPATNA,20
18567,VSKP,VISAKHAPATNA,QLN,QUILON,33
18568,QLN,QUILON,VSKP,VISAKHAPATNA,33
18573,VSKP,VISAKHAPATNA,BGKT,BHAGAT-KI-KO,35
18574,BGKT,BHAGAT-KI-KO,VSKP,VISAKHAPATNA,35
18605,RNC,RANCHI,JYG,JAYNAGAR,17
18606,JYG,JAYNAGAR,RNC,RANCHI,17
18609,RNC,RANCHI,LTT,LOKMANYA TIL,29
18610,LTT,LOKMANYA TIL,RNC,RANCHI,29
18611,RNC,RANCHI,BSB,VARANASI JN.,30
18612,BSB,VARANASI JN.,RNC,RANCHI,30
18613,RNC,RANCHI,CPU,CHOPAN,20
18614,CPU,CHOPAN,RNC,RANCHI,20
18615,HWH,HOWRAH JN.,HTE,HATIA,17
18616,HTE,HATIA,HWH,HOWRAH JN.,17
18619,RNC,RANCHI,DUMK,DUMKA,17
18620,DUMK,DUMKA,RNC,RANCHI,17
18621,PNBE,PATNA JN.,HTE,HATIA,42
18622,HTE,HATIA,PNBE,PATNA JN.,43
18623,PNBE,PATNA JN.,HTE,HATIA,26
18624,HTE,HATIA,PNBE,PATNA JN.,25
18625,PNBE,PATNA JN.,HTE,HATIA,21
18626,HTE,HATIA,PNBE,PATNA JN.,21
18631,RNC,RANCHI,AII,AJMER JN.,39
18632,AII,AJMER JN.,RNC,RANCHI,39
18637,HTE,HATIA,BNC,BANGALORE CA,27
18638,BNC,BANGALORE CA,HTE,HATIA,27
18645,HWH,HOWRAH JN.,HYB,HYDERABAD DE,59
18646,HYB,HYDERABAD DE,HWH,HOWRAH JN.,61
18695,IPR,ISLAMPUR,PNBE,PATNA JN.,8
18696,PNBE,PATNA JN.,IPR,ISLAMPUR,8
18697,PRNC,PURNEA COURT,PNBE,PATNA JN.,27
18698,PNBE,PATNA JN.,PRNC,PURNEA COURT,27
19015,BCT,MUMBAI CENTR,PBR,PORBANDAR,63
19016,PBR,PORBANDAR,BCT,MUMBAI CENTR,62
19019,BDTS,BANDRA TERMI,DDN,DEHRA DUN,98
19020,DDN,DEHRA DUN,BDTS,BANDRA TERMI,92
19021,BDTS,BANDRA TERMI,LJN,LUCKNOW JN.,23
19022,LJN,LUCKNOW JN.,BDTS,BANDRA TERMI,23
19023,BCT,MUMBAI CENTR,FZR,FIROZPUR CAN,94
19024,FZR,FIROZPUR CAN,BCT,MUMBAI CENTR,97
19025,ST,SURAT,AMI,AMRAVATI,21
19026,AMI,AMRAVATI,ST,SURAT,21
19027,BDTS,BANDRA TERMI,JAT,JAMMU TAWI,33
19028,JAT,JAMMU TAWI,BDTS,BANDRA TERMI,33
19031,ADI,AHMEDABAD,HW,HARIDWAR JN,43
19032,HW,HARIDWAR JN,ADI,AHMEDABAD,43
19033,BL,VALSAD,ADI,AHMEDABAD,27
19034,ADI,AHMEDABAD,BL,VALSAD,27
19035,BRC,VADODARA JN.,ADI,AHMEDABAD,10
19036,ADI,AHMEDABAD,BRC,VADODARA JN.,11
19037,BDTS,BANDRA TERMI,GKP,GORAKHPUR JN,68
19038,GKP,GORAKHPUR JN,BDTS,BANDRA TERMI,68
19039,BDTS,BANDRA TERMI,MFP,MUZAFFARPUR,82
19040,MFP,MUZAFFARPUR,BDTS,BANDRA TERMI,82
19041,BDTS,BANDRA TERMI,GCT,GHAZIPUR CIT,31
19042,GCT,GHAZIPUR CIT,BDTS,BANDRA TERMI,27
19045,ST,SURAT,CPR,CHHAPRA JN.,35
19046,CPR,CHHAPRA JN.,ST,SURAT,35
19051,BL,VALSAD,MFP,MUZAFFARPUR,17
19052,MFP,MUZAFFARPUR,BL,VALSAD,17
19053,ST,SURAT,MFP,MUZAFFARPUR,25
19054,MFP,MUZAFFARPUR,ST,SURAT,25
19055,BL,VALSAD,JU,JODHPUR JN.,18
19056,JU,JODHPUR JN.,BL,VALSAD,18
19057,UDN,UDHNA JN.,BSB,VARANASI JN.,13
19058,BSB,VARANASI JN.,UDN,UDHNA JN.,13
19061,BDTS,BANDRA TERMI,RMR,RAMNAGAR,28
19062,RMR,RAMNAGAR,BDTS,BANDRA TERMI,28
19063,UDN,UDHNA JN.,DNR,DANAPUR,18
19064,DNR,DANAPUR,UDN,UDHNA JN.,18
19107,ADI,AHMEDABAD,UHP,UDHAMPUR,19
19108,UHP,UDHAMPUR,ADI,AHMEDABAD,19
19115,DDR,DADAR,BHUJ,NEW BHUJ,29
19116,BHUJ,NEW BHUJ,DDR,DADAR,29
19119,ADI,AHMEDABAD,SMNH,SOMNATH,19
19120,SMNH,SOMNATH,ADI,AHMEDABAD,19
19151,PNU,PALANPUR JN,GIMB,GANDHIDHAM J,17
19152,GIMB,GANDHIDHAM J,PNU,PALANPUR JN,17
19165,ADI,AHMEDABAD,DBG,DARBHANGA JN,70
19166,DBG,DARBHANGA JN,ADI,AHMEDABAD,72
19167,ADI,AHMEDABAD,BSB,VARANASI JN.,57
19168,BSB,VARANASI JN.,ADI,AHMEDABAD,57
19201,SC,SECUNDERABAD,PBR,PORBANDAR,29
19202,PBR,PORBANDAR,SC,SECUNDERABAD,29
19215,BCT,MUMBAI CENTR,PBR,PORBANDAR,63
19217,BDTS,BANDRA TERMI,JAM,JAMNAGAR,30
19218,JAM,JAMNAGAR,BDTS,BANDRA TERMI,33
19223,ADI,AHMEDABAD,JAT,JAMMU TAWI,58
19224,JAT,JAMMU TAWI,ADI,AHMEDABAD,60
19225,BTI,BATHINDA JN,JAT,JAMMU TAWI,24
19226,JAT,JAMMU TAWI,BTI,BATHINDA JN,24
19251,SMNH,SOMNATH,OKHA,OKHA,17
19252,OKHA,OKHA,SMNH,SOMNATH,17
19259,KCVL,KOCHUVELI,BVC,BHAVNAGAR TE,41
19260,BVC,BHAVNAGAR TE,KCVL,KOCHUVELI,41
19261,KCVL,KOCHUVELI,PBR,PORBANDAR,30
19262,PBR,PORBANDAR,KCVL,KOCHUVELI,30
19263,PBR,PORBANDAR,DEE,DELHI-SARAI,28
19264,DEE,DELHI-SARAI,PBR,PORBANDAR,32
19269,PBR,PORBANDAR,MFP,MUZAFFARPUR,35
19270,MFP,MUZAFFARPUR,PBR,PORBANDAR,35
19301,INDB,INDORE BG,YPR,YESVANTPUR J,32
19302,YPR,YESVANTPUR J,INDB,INDORE BG,32
19303,INDB,INDORE BG,BPL,BHOPAL,18
19304,BPL,BHOPAL,INDB,INDORE BG,17
19307,INDB,INDORE BG,CDG,CHANDIGARH,19
19308,CDG,CHANDIGARH,INDB,INDORE BG,19
19309,GNC,GANDHINAGAR,INDB,INDORE BG,19
19310,INDB,INDORE BG,GNC,GANDHINAGAR,19
19311,PUNE,PUNE JN.,INDB,INDORE BG,17
19312,INDB,INDORE BG,PUNE,PUNE JN.,17
19313,INDB,INDORE BG,RJPB,RAJENDRANAGA,17
19314,RJPB,RAJENDRANAGA,INDB,INDORE BG,17
19321,INDB,INDORE BG,RJPB,RAJENDRANAGA,17
19322,RJPB,RAJENDRANAGA,INDB,INDORE BG,17
19323,INDB,INDORE BG,BPL,BHOPAL,7
19324,BPL,BHOPAL,INDB,INDORE BG,7
19325,INDB,INDORE BG,ASR,AMRITSAR JN.,24
19326,ASR,AMRITSAR JN.,INDB,INDORE BG,24
19327,RTM,RATLAM JN,UDZ,UDAIPUR CITY,16
19328,UDZ,UDAIPUR CITY,RTM,RATLAM JN,16
19329,INDB,INDORE BG,UDZ,UDAIPUR CITY,18
19330,UDZ,UDAIPUR CITY,INDB,INDORE BG,18
19331,KCVL,KOCHUVELI,INDB,INDORE BG,32
19332,INDB,INDORE BG,KCVL,KOCHUVELI,32
19401,ADI,AHMEDABAD,LKO,LUCKNOW JN.,27
19402,LKO,LUCKNOW JN.,ADI,AHMEDABAD,27
19403,ADI,AHMEDABAD,SLN,SULTANPUR JN,20
19404,SLN,SULTANPUR JN,ADI,AHMEDABAD,20
19407,ADI,AHMEDABAD,BSB,VARANASI JN.,21
19408,BSB,VARANASI JN.,ADI,AHMEDABAD,21
19409,ADI,AHMEDABAD,GKP,GORAKHPUR JN,29
19410,GKP,GORAKHPUR JN,ADI,AHMEDABAD,29
19411,ADI,AHMEDABAD,AII,AJMER JN.,12
19412,AII,AJMER JN.,ADI,AHMEDABAD,12
19413,ADI,AHMEDABAD,KOAA,KOLKATA,37
19414,KOAA,KOLKATA,ADI,AHMEDABAD,37
19415,ADI,AHMEDABAD,SVDK,SHRI MATA VA,31
19416,SVDK,SHRI MATA VA,ADI,AHMEDABAD,31
19419,MAS,CHENNAI CENT,ADI,AHMEDABAD,26
19420,ADI,AHMEDABAD,MAS,CHENNAI CENT,27
19421,ADI,AHMEDABAD,PNBE,PATNA JN.,29
19422,PNBE,PATNA JN.,ADI,AHMEDABAD,28
19565,OKHA,OKHA,DDN,DEHRA DUN,33
19566,DDN,DEHRA DUN,OKHA,OKHA,33
19567,TN,TUTICORIN,OKHA,OKHA,42
19568,OKHA,OKHA,TN,TUTICORIN,43
19571,RJT,RAJKOT,PBR,PORBANDAR,15
19572,PBR,PORBANDAR,RJT,RAJKOT,15
19573,OKHA,OKHA,JP,JAIPUR JN.,20
19574,JP,JAIPUR JN.,OKHA,OKHA,20
19575,OKHA,OKHA,NDT,NATHDWARA,20
19576,NDT,NATHDWARA,OKHA,OKHA,20
19577,TEN,TIRUNELVELI,JAM,JAMNAGAR,29
19578,JAM,JAMNAGAR,TEN,TIRUNELVELI,29
19579,RJT,RAJKOT,DEE,DELHI-SARAI,24
19580,DEE,DELHI-SARAI,RJT,RAJKOT,24
19601,UDZ,UDAIPUR CITY,NJP,NEW JALPAIGU,29
19602,NJP,NEW JALPAIGU,UDZ,UDAIPUR CITY,29
19607,KOAA,KOLKATA,MDJN,MADAR JN,30
19608,MDJN,MADAR JN,KOAA,KOLKATA,30
19609,UDZ,UDAIPUR CITY,HW,HARIDWAR JN,29
19611,AII,AJMER JN.,ASR,AMRITSAR JN.,31
19612,ASR,AMRITSAR JN.,AII,AJMER JN.,31
19613,AII,AJMER JN.,ASR,AMRITSAR JN.,26
19614,ASR,AMRITSAR JN.,AII,AJMER JN.,26
19659,SHM,SHALIMAR,UDZ,UDAIPUR CITY,24
19660,UDZ,UDAIPUR CITY,SHM,SHALIMAR,24
19665,KURJ,KHAJAURAHO,UDZ,UDAIPUR CITY,29
19666,UDZ,UDAIPUR CITY,KURJ,KHAJAURAHO,29
19707,BDTS,BANDRA TERMI,JP,JAIPUR JN.,39
19708,JP,JAIPUR JN.,BDTS,BANDRA TERMI,39
19709,JP,JAIPUR JN.,KYQ,KAMAKHYA JN,37
19710,KYQ,KAMAKHYA JN,JP,JAIPUR JN.,37
19711,JP,JAIPUR JN.,BPL,BHOPAL,34
19712,BPL,BHOPAL,JP,JAIPUR JN.,34
19713,JP,JAIPUR JN.,SC,SECUNDERABAD,31
19714,SC,SECUNDERABAD,JP,JAIPUR JN.,31
19715,JP,JAIPUR JN.,LJN,LUCKNOW JN.,17
19716,LJN,LUCKNOW JN.,JP,JAIPUR JN.,17
19717,JP,JAIPUR JN.,CDG,CHANDIGARH,17
19718,CDG,CHANDIGARH,JP,JAIPUR JN.,17
19803,KOTA,KOTA,SVDK,SHRI MATA VA,30
19804,SVDK,SHRI MATA VA,KOTA,KOTA,30
19805,KOTA,KOTA,UHP,UDHAMPUR,22
19806,UHP,UDHAMPUR,KOTA,KOTA,22
19807,KOTA,KOTA,JP,JAIPUR JN.,11
19808,JP,JAIPUR JN.,KOTA,KOTA,11
2025,CSMT,CST-MUMBAI,KRMI,KARMALI,7
2026,KRMI,KARMALI,CSMT,CST-MUMBAI,7
20501,AGTL,AGARTALA,ANVT,ANAND VIHAR,16
20502,ANVT,ANAND VIHAR,AGTL,AGARTALA,16
20601,MAS,CHENNAI CENT,MDU,MADURAI JN,6
20602,MDU,MADURAI JN,MAS,CHENNAI CENT,7
20651,SBC,KRANTIVIRA S,SMET,SHIMOGA TOWN,11
20652,SMET,SHIMOGA TOWN,SBC,KRANTIVIRA S,11
20809,SBP,SAMBALPUR JN,NED,NANDED,22
20810,NED,NANDED,SBP,SAMBALPUR JN,22
20811,VSKP,VISAKHAPATNA,NED,NANDED,13
20812,NED,NANDED,VSKP,VISAKHAPATNA,13
20813,PURI,PURI,JU,JODHPUR JN.,43
20814,JU,JODHPUR JN.,PURI,PURI,43
20815,TATA,TATANAGAR JN,VSKP,VISAKHAPATNA,24
20816,VSKP,VISAKHAPATNA,TATA,TATANAGAR JN,24
20817,BBS,BHUBANESWAR,NDLS,NEW DELHI,13
20818,NDLS,NEW DELHI,BBS,BHUBANESWAR,13
20889,HWH,HOWRAH JN.,BZA,VIJAYWADA JN,8
20890,BZA,VIJAYWADA JN,HWH,HOWRAH JN.,8
20901,COR,CHITTAURGARH,AII,AJMER JN.,4
20902,AII,AJMER JN.,COR,CHITTAURGARH,4
20903,BRC,VADODARA JN.,BSB,VARANASI JN.,11
20904,BSB,VARANASI JN.,BRC,VADODARA JN.,11
21067,PBH,PARTAPGARH J,RBL,RAE BARELI J,4
21068,RBL,RAE BARELI J,PBH,PARTAPGARH J,4
21107,KURJ,KHAJAURAHO,MBA,MAHOBA,2
21108,MBA,MAHOBA,KURJ,KHAJAURAHO,2
21125,INDB,INDORE BG,BIX,BHIND,17
21126,BIX,BHIND,INDB,INDORE BG,17
2191,JBP,JABALPUR,SRC,SANTRAGACHI,16
2192,SRC,SANTRAGACHI,JBP,JABALPUR,16
2195,REWA,REWA,BPL,BHOPAL,10
2196,BPL,BHOPAL,REWA,REWA,10
22101,CSMT,CST-MUMBAI,MMR,MANMAD JN.,7
22102,MMR,MANMAD JN.,CSMT,CST-MUMBAI,8
22103,LTT,LOKMANYA TIL,FD,FAIZABAD JN.,17
22104,FD,FAIZABAD JN.,LTT,LOKMANYA TIL,17
22105,CSMT,CST-MUMBAI,PUNE,PUNE JN.,8
22106,PUNE,PUNE JN.,CSMT,CST-MUMBAI,7
22109,LTT,LOKMANYA TIL,NZM,HAZRAT NIZAM,9
22110,NZM,HAZRAT NIZAM,LTT,LOKMANYA TIL,9
22111,BSL,BHUSAVAL JN.,NGP,NAGPUR JN.(C,20
22112,NGP,NAGPUR JN.(C,BSL,BHUSAVAL JN.,20
22113,LTT,LOKMANYA TIL,KCVL,KOCHUVELI,26
22114,KCVL,KOCHUVELI,LTT,LOKMANYA TIL,26
22115,LTT,LOKMANYA TIL,KRMI,KARMALI,8
22116,KRMI,KARMALI,LTT,LOKMANYA TIL,8
22117,PUNE,PUNE JN.,AMI,AMRAVATI,10
22118,AMI,AMRAVATI,PUNE,PUNE JN.,10
22119,CSMT,CST-MUMBAI,KRMI,KARMALI,7
22120,KRMI,KARMALI,CSMT,CST-MUMBAI,7
22121,LTT,LOKMANYA TIL,LKO,LUCKNOW JN.,11
22122,LKO,LUCKNOW JN.,LTT,LOKMANYA TIL,11
22123,PUNE,PUNE JN.,AJNI,AJNI,10
22124,AJNI,AJNI,PUNE,PUNE JN.,10
22125,NGP,NAGPUR JN.(C,ASR,AMRITSAR JN.,10
22126,ASR,AMRITSAR JN.,NGP,NAGPUR JN.(C,10
22127,LTT,LOKMANYA TIL,KZJ,KAZIPET JN.,21
22128,KZJ,KAZIPET JN.,LTT,LOKMANYA TIL,21
22131,PUNE,PUNE JN.,MUV,MANDUADIH,19
22132,MUV,MANDUADIH,PUNE,PUNE JN.,19
22133,SUR,SOLAPUR,YPR,YESVANTPUR J,13
22134,YPR,YESVANTPUR J,SUR,SOLAPUR,13
22135,NGP,NAGPUR JN.(C,REWA,REWA,16
22136,REWA,REWA,NGP,NAGPUR JN.(C,16
22137,NGP,NAGPUR JN.(C,ADI,AHMEDABAD,14
22138,ADI,AHMEDABAD,NGP,NAGPUR JN.(C,14
22140,SUR,SOLAPUR,CSMT,CST-MUMBAI,8
22143,CSMT,CST-MUMBAI,BIDR,BIDAR,17
22144,BIDR,BIDAR,CSMT,CST-MUMBAI,17
22145,PVR,PANDHARPUR,MRJ,MIRAJ JN.,9
22146,MRJ,MIRAJ JN.,PVR,PANDHARPUR,9
22147,DR,DADAR,SNSI,SAI NAGAR SH,8
22148,SNSI,SAI NAGAR SH,DR,DADAR,8
22149,ERS,ERNAKULAM. J,PUNE,PUNE JN.,18
22150,PUNE,PUNE JN.,ERS,ERNAKULAM. J,18
22151,PUNE,PUNE JN.,KZJ,KAZIPET JN.,19
22152,KZJ,KAZIPET JN.,PUNE,PUNE JN.,19
22161,BPL,BHOPAL,DMO,DAMOH,11
22162,DMO,DAMOH,BPL,BHOPAL,11
22163,BPL,BHOPAL,KURJ,KHAJAURAHO,9
22164,KURJ,KHAJAURAHO,BPL,BHOPAL,9
22165,BPL,BHOPAL,SGRL,SINGRAULI,11
22166,SGRL,SINGRAULI,BPL,BHOPAL,11
22168,NZM,HAZRAT NIZAM,SGRL,SINGRAULI,11
22181,JBP,JABALPUR,NZM,HAZRAT NIZAM,15
22182,NZM,HAZRAT NIZAM,JBP,JABALPUR,15
22187,HBJ,HABIBGANJ,JBP,JABALPUR,10
22188,JBP,JABALPUR,HBJ,HABIBGANJ,10
22189,JBP,JABALPUR,REWA,REWA,11
22190,REWA,REWA,JBP,JABALPUR,11
22191,INDB,INDORE BG,JBP,JABALPUR,19
22192,JBP,JABALPUR,INDB,INDORE BG,19
22201,SDAH,SEALDAH,PURI,PURI,3
22202,PURI,PURI,SDAH,SEALDAH,3
22203,VSKP,VISAKHAPATNA,SC,SECUNDERABAD,3
22204,SC,SECUNDERABAD,VSKP,VISAKHAPATNA,3
22205,MAS,CHENNAI CENT,MDU,MADURAI JN,3
22206,MDU,MADURAI JN,MAS,CHENNAI CENT,3
22207,MAS,CHENNAI CENT,TVC,TRIVANDRUM C,11
22208,TVC,TRIVANDRUM C,MAS,CHENNAI CENT,11
22209,BCT,MUMBAI CENTR,NDLS,NEW DELHI,5
22210,NDLS,NEW DELHI,BCT,MUMBAI CENTR,5
22213,SHM,SHALIMAR,PNBE,PATNA JN.,4
22214,PNBE,PATNA JN.,SHM,SHALIMAR,4
22307,MTD,MERTA ROAD J,BKN,BIKANER JN.,5
22308,BKN,BIKANER JN.,MTD,MERTA ROAD J,5
22309,HWH,HOWRAH JN.,NJP,NEW JALPAIGU,8
22310,NJP,NEW JALPAIGU,HWH,HOWRAH JN.,8
22321,HWH,HOWRAH JN.,SURI,SIURI,10
22322,SURI,SIURI,HWH,HOWRAH JN.,10
22323,KOAA,KOLKATA,GCT,GHAZIPUR CIT,9
22324,GCT,GHAZIPUR CIT,KOAA,KOLKATA,9
22351,PPTA,PATLIPUTRA,YPR,YESVANTPUR J,28
22352,YPR,YESVANTPUR J,PPTA,PATLIPUTRA,28
22356,CDG,CHANDIGARH,PPTA,PATLIPUTRA,16
22387,HWH,HOWRAH JN.,DHN,DHANBAD JN.,16
22388,DHN,DHANBAD JN.,HWH,HOWRAH JN.,16
22401,DEE,DELHI-SARAI,UHP,UDHAMPUR,8
22402,UHP,UDHAMPUR,DEE,DELHI-SARAI,8
22403,PDY,PONDICHERRY,NDLS,NEW DELHI,15
22404,NDLS,NEW DELHI,PDY,PONDICHERRY,15
22405,BGP,BHAGALPUR,ANVT,ANAND VIHAR,22
22406,ANVT,ANAND VIHAR,BGP,BHAGALPUR,22
22407,BSB,VARANASI JN.,ANVT,ANAND VIHAR,9
22408,ANVT,ANAND VIHAR,BSB,VARANASI JN.,9
22409,GAYA,GAYA JN.,ANVT,ANAND VIHAR,10
22410,ANVT,ANAND VIHAR,GAYA,GAYA JN.,10
22411,NHLN,NAHARLAGUN,NDLS,NEW DELHI,16
22412,NDLS,NEW DELHI,NHLN,NAHARLAGUN,16
22413,MAO,MADGOAN JN.,NZM,HAZRAT NIZAM,10
22414,NZM,HAZRAT NIZAM,MAO,MADGOAN JN.,10
22415,VSKP,VISAKHAPATNA,NDLS,NEW DELHI,21
22416,NDLS,NEW DELHI,VSKP,VISAKHAPATNA,21
22417,BSB,VARANASI JN.,NDLS,NEW DELHI,9
22418,NDLS,NEW DELHI,BSB,VARANASI JN.,9
22419,GCT,GHAZIPUR CIT,ANVT,ANAND VIHAR,12
22420,ANVT,ANAND VIHAR,GCT,GHAZIPUR CIT,12
22421,DEE,DELHI-SARAI,BGKT,BHAGAT-KI-KO,22
22422,BGKT,BHAGAT-KI-KO,DEE,DELHI-SARAI,22
22423,GKP,GORAKHPUR JN,ASR,AMRITSAR JN.,16
22424,ASR,AMRITSAR JN.,GKP,GORAKHPUR JN,16
22427,BUI,BALLIA,ANVT,ANAND VIHAR,11
22428,ANVT,ANAND VIHAR,BUI,BALLIA,11
22429,DLI,DELHI JN.,PTK,PATHANKOT JN,15
22430,PTK,PATHANKOT JN,DLI,DELHI JN.,17
22431,ALD,ALLAHABAD JN,UHP,UDHAMPUR,18
22432,UHP,UDHAMPUR,ALD,ALLAHABAD JN,18
22433,GCT,GHAZIPUR CIT,ANVT,ANAND VIHAR,11
22434,ANVT,ANAND VIHAR,GCT,GHAZIPUR CIT,10
22439,NDLS,NEW DELHI,SVDK,SHMATA VD KATRA,5
22441,ALD,ALLAHABAD JN,CNB,KANPUR CENTR,9
22442,CNB,KANPUR CENTR,ALD,ALLAHABAD JN,9
22443,CNB,KANPUR CENTR,BDTS,BANDRA TERMI,22
22444,BDTS,BANDRA TERMI,CNB,KANPUR CENTR,22
22445,CNB,KANPUR CENTR,ASR,AMRITSAR JN.,14
22446,ASR,AMRITSAR JN.,CNB,KANPUR CENTR,14
22447,KURJ,KHAJAURAHO,MBA,MAHOBA,2
22448,MBA,MAHOBA,KURJ,KHAJAURAHO,2
22451,BDTS,BANDRA TERMI,CDG,CHANDIGARH,24
22452,CDG,CHANDIGARH,BDTS,BANDRA TERMI,24
22453,LJN,LUCKNOW JN.,MTC,MEERUT CITY,10
22454,MTC,MEERUT CITY,LJN,LUCKNOW JN.,10
22455,SNSI,SAI NAGAR SH,KLK,KALKA,15
22456,KLK,KALKA,SNSI,SAI NAGAR SH,15
22457,NED,NANDED,UHL,UNA HIMACHAL,26
22458,UHL,UNA HIMACHAL,NED,NANDED,26
22461,NDLS,NEW DELHI,SVDK,SHRI MATA VA,8
22462,SVDK,SHRI MATA VA,NDLS,NEW DELHI,8
22463,MTD,MERTA ROAD J,BKN,BIKANER JN.,4
22464,BKN,BIKANER JN.,MTD,MERTA ROAD J,4
22471,BKN,BIKANER JN.,DEE,DELHI-SARAI,14
22472,DEE,DELHI-SARAI,BKN,BIKANER JN.,14
22473,BKN,BIKANER JN.,BDTS,BANDRA TERMI,23
22474,BDTS,BANDRA TERMI,BKN,BIKANER JN.,23
22475,BKN,BIKANER JN.,CBE,COIMBATORE,34
22476,CBE,COIMBATORE,BKN,BIKANER JN.,34
22477,JU,JODHPUR JN.,JP,JAIPUR JN.,12
22478,JP,JAIPUR JN.,JU,JODHPUR JN.,12
22481,JU,JODHPUR JN.,DEE,DELHI-SARAI,19
22482,DEE,DELHI-SARAI,JU,JODHPUR JN.,19
22483,JU,JODHPUR JN.,GIMB,GANDHIDHAM J,14
22484,GIMB,GANDHIDHAM J,JU,JODHPUR JN.,14
22487,RDP,RADHIKAPUR,KIR,KATIHAR JN.,7
22488,KIR,KATIHAR JN.,RDP,RADHIKAPUR,7
22497,SGNR,SHRI GANGANA,TPJ,TIRUCHIRAPPA,37
22501,SBC,KRANTIVIRA S,NTSK,NEW TINSUKIA,41
22502,NTSK,NEW TINSUKIA,SBC,KRANTIVIRA S,39
22511,LTT,LOKMANYA TIL,KYQ,KAMAKHYA JN,27
22512,KYQ,KAMAKHYA JN,LTT,LOKMANYA TIL,27
22531,CPR,CHHAPRA JN.,MTJ,MATHURA JN.,22
22532,MTJ,MATHURA JN.,CPR,CHHAPRA JN.,22
22601,MAS,CHENNAI CENT,SNSI,SAI NAGAR SH,23
22602,SNSI,SAI NAGAR SH,MAS,CHENNAI CENT,24
22603,KGP,KHARAGPUR,VM,VILLUPURAM J,20
22604,VM,VILLUPURAM J,KGP,KHARAGPUR,20
22605,PRR,PURULIA JN.,VM,VILLUPURAM J,30
22606,VM,VILLUPURAM J,PRR,PURULIA JN.,30
22607,ERS,ERNAKULAM. J,SBC,KRANTIVIRA S,14
22608,SBC,KRANTIVIRA S,ERS,ERNAKULAM. J,14
22609,MAQ,MANGALORE CE,CBE,COIMBATORE,14
22610,CBE,COIMBATORE,MAQ,MANGALORE CE,14
22611,MAS,CHENNAI CENT,NJP,NEW JALPAIGU,22
22612,NJP,NEW JALPAIGU,MAS,CHENNAI CENT,22
22613,MAS,CHENNAI CENT,HLZ,HALDIA,15
22614,HLZ,HALDIA,MAS,CHENNAI CENT,15
22615,TPTY,TIRUPATI,CBE,COIMBATORE,8
22616,CBE,COIMBATORE,TPTY,TIRUPATI,8
22617,SBC,KRANTIVIRA S,TPTY,TIRUPATI,9
22618,TPTY,TIRUPATI,SBC,KRANTIVIRA S,9
22619,BSP,BILASPUR JN.,TEN,TIRUNELVELI,30
22620,TEN,TIRUNELVELI,BSP,BILASPUR JN.,30
22621,RMM,RAMESWARAM,CAPE,KANNIYAKUMAR,12
22622,CAPE,KANNIYAKUMAR,RMM,RAMESWARAM,12
22623,MS,CHENNAI EGMO,MDU,MADURAI JN,11
22624,MDU,MADURAI JN,MS,CHENNAI EGMO,11
22625,MAS,CHENNAI CENT,SBC,KRANTIVIRA S,11
22626,SBC,KRANTIVIRA S,MAS,CHENNAI CENT,12
22627,TPJ,TIRUCHIRAPPA,TVC,TRIVANDRUM C,13
22628,TVC,TRIVANDRUM C,TPJ,TIRUCHIRAPPA,13
22629,DR,DADAR,TEN,TIRUNELVELI,26
22630,TEN,TIRUNELVELI,DR,DADAR,26
22631,MAS,CHENNAI CENT,BKN,BIKANER JN.,32
22632,BKN,BIKANER JN.,MAS,CHENNAI CENT,32
22633,TVC,TRIVANDRUM C,NZM,HAZRAT NIZAM,29
22634,NZM,HAZRAT NIZAM,TVC,TRIVANDRUM C,29
22635,MAO,MADGOAN JN.,MAQ,MANGALORE CE,10
22636,MAQ,MANGALORE CE,MAO,MADGOAN JN.,10
22637,MAS,CHENNAI CENT,MAQ,MANGALORE CE,31
22638,MAQ,MANGALORE CE,MAS,CHENNAI CENT,32
22639,MAS,CHENNAI CENT,ALLP,ALLEPPEY,25
22640,ALLP,ALLEPPEY,MAS,CHENNAI CENT,26
22641,TVC,TRIVANDRUM C,SHM,SHALIMAR,37
22642,SHM,SHALIMAR,TVC,TRIVANDRUM C,37
22643,ERS,ERNAKULAM. J,PNBE,PATNA JN.,44
22644,PNBE,PATNA JN.,ERS,ERNAKULAM. J,42
22645,INDB,INDORE BG,TVC,TRIVANDRUM C,52
22646,TVC,TRIVANDRUM C,INDB,INDORE BG,51
22647,KRBA,KORBA,TVC,TRIVANDRUM C,55
22648,TVC,TRIVANDRUM C,KRBA,KORBA,55
22649,MAS,CHENNAI CENT,ED,ERODE JN.,18
22650,ED,ERODE JN.,MAS,CHENNAI CENT,18
22651,MAS,CHENNAI CENT,PGT,PALAKKAD JN,19
22652,PGT,PALAKKAD JN,MAS,CHENNAI CENT,20
22653,TVC,TRIVANDRUM C,NZM,HAZRAT NIZAM,28
22654,NZM,HAZRAT NIZAM,TVC,TRIVANDRUM C,28
22655,TVC,TRIVANDRUM C,NZM,HAZRAT NIZAM,28
22656,NZM,HAZRAT NIZAM,TVC,TRIVANDRUM C,28
22659,KCVL,KOCHUVELI,DDN,DEHRA DUN,26
22660,DDN,DEHRA DUN,KCVL,KOCHUVELI,27
22661,MS,CHENNAI EGMO,RMM,RAMESWARAM,19
22662,RMM,RAMESWARAM,MS,CHENNAI EGMO,20
22663,MS,CHENNAI EGMO,JU,JODHPUR JN.,27
22664,JU,JODHPUR JN.,MS,CHENNAI EGMO,27
22667,NCJ,NAGERCOIL JN,CBE,COIMBATORE,14
22668,CBE,COIMBATORE,NCJ,NAGERCOIL JN,14
22669,TN,TUTICORIN,MEJ,VANCHI MANIY,4
22670,MEJ,VANCHI MANIY,TN,TUTICORIN,4
22677,YPR,YESVANTPUR J,KCVL,KOCHUVELI,13
22678,KCVL,KOCHUVELI,YPR,YESVANTPUR J,13
22679,YPR,YESVANTPUR J,HAS,HASSAN JN.,10
22680,HAS,HASSAN JN.,YPR,YESVANTPUR J,10
22681,MYS,MYSORE JN.,MAS,CHENNAI CENT,12
22682,MAS,CHENNAI CENT,MYS,MYSORE JN.,11
22683,YPR,YESVANTPUR J,LKO,LUCKNOW JN.,30
22684,LKO,LUCKNOW JN.,YPR,YESVANTPUR J,31
22685,YPR,YESVANTPUR J,CDG,CHANDIGARH,18
22686,CDG,CHANDIGARH,YPR,YESVANTPUR J,18
22687,SRE,SAHARANPUR J,CDG,CHANDIGARH,4
22688,CDG,CHANDIGARH,SRE,SAHARANPUR J,4
22691,SBC,KRANTIVIRA S,NZM,HAZRAT NIZAM,15
22692,NZM,HAZRAT NIZAM,SBC,KRANTIVIRA S,15
22697,UBL,HUBLI JN.,MAS,CHENNAI CENT,18
22698,MAS,CHENNAI CENT,UBL,HUBLI JN.,17
22705,TPTY,TIRUPATI,JAT,JAMMU TAWI,14
22706,JAT,JAMMU TAWI,TPTY,TIRUPATI,14
22707,VSKP,VISAKHAPATNA,TPTY,TIRUPATI,18
22708,TPTY,TIRUPATI,VSKP,VISAKHAPATNA,18
22801,VSKP,VISAKHAPATNA,MAS,CHENNAI CENT,16
22803,HWH,HOWRAH JN.,SBP,SAMBALPUR JN,11
22804,SBP,SAMBALPUR JN,HWH,HOWRAH JN.,11
22805,BBS,BHUBANESWAR,ANVT,ANAND VIHAR,18
22806,ANVT,ANAND VIHAR,BBS,BHUBANESWAR,18
22807,SRC,SANTRAGACHI,MAS,CHENNAI CENT,18
22808,MAS,CHENNAI CENT,SRC,SANTRAGACHI,18
22809,PRDP,PARADEEP,VSKP,VISAKHAPATNA,17
22810,VSKP,VISAKHAPATNA,PRDP,PARADEEP,17
22811,BBS,BHUBANESWAR,NDLS,NEW DELHI,14
22812,NDLS,NEW DELHI,BBS,BHUBANESWAR,14
22813,SRC,SANTRAGACHI,PRDP,PARADEEP,12
22814,PRDP,PARADEEP,SRC,SANTRAGACHI,12
22815,BSP,BILASPUR JN.,ERS,ERNAKULAM. J,23
22816,ERS,ERNAKULAM. J,BSP,BILASPUR JN.,23
22817,HWH,HOWRAH JN.,MYS,MYSORE JN.,21
22818,MYS,MYSORE JN.,HWH,HOWRAH JN.,23
22819,BBS,BHUBANESWAR,VSKP,VISAKHAPATNA,27
22821,JGM,JHARGRAM,PRR,PURULIA JN.,11
22822,PRR,PURULIA JN.,JGM,JHARGRAM,11
22823,BBS,BHUBANESWAR,NDLS,NEW DELHI,13
22824,NDLS,NEW DELHI,BBS,BHUBANESWAR,13
22825,SHM,SHALIMAR,MAS,CHENNAI CENT,24
22826,MAS,CHENNAI CENT,SHM,SHALIMAR,24
22827,PURI,PURI,ST,SURAT,18
22828,ST,SURAT,PURI,PURI,18
22829,BHUJ,NEW BHUJ,SHM,SHALIMAR,31
22830,SHM,SHALIMAR,BHUJ,NEW BHUJ,31
22831,HWH,HOWRAH JN.,SSPN,SRI SATYA SA,19
22832,SSPN,SRI SATYA SA,HWH,HOWRAH JN.,19
22833,BBS,BHUBANESWAR,KJM,KRISHNA RAJA,19
22834,KJM,KRISHNA RAJA,BBS,BHUBANESWAR,19
22835,SHM,SHALIMAR,PURI,PURI,11
22836,PURI,PURI,SHM,SHALIMAR,11
22837,HTE,HATIA,ERS,ERNAKULAM. J,28
22838,ERS,ERNAKULAM. J,HTE,HATIA,27
22839,ROU,ROURKELA,BBS,BHUBANESWAR,12
22840,BBS,BHUBANESWAR,ROU,ROURKELA,12
22843,BSP,BILASPUR JN.,PNBE,PATNA JN.,22
22844,PNBE,PATNA JN.,BSP,BILASPUR JN.,22
22845,PUNE,PUNE JN.,HTE,HATIA,19
22846,HTE,HATIA,PUNE,PUNE JN.,19
22847,VSKP,VISAKHAPATNA,LTT,LOKMANYA TIL,23
22848,LTT,LOKMANYA TIL,VSKP,VISAKHAPATNA,24
22849,SHM,SHALIMAR,SC,SECUNDERABAD,20
22850,SC,SECUNDERABAD,SHM,SHALIMAR,20
22851,SRC,SANTRAGACHI,MAQ,MANGALORE CE,40
22852,MAQ,MANGALORE CE,SRC,SANTRAGACHI,40
22853,SHM,SHALIMAR,VSKP,VISAKHAPATNA,16
22854,VSKP,VISAKHAPATNA,SHM,SHALIMAR,16
22855,SRC,SANTRAGACHI,TPTY,TIRUPATI,18
22856,TPTY,TIRUPATI,SRC,SANTRAGACHI,18
22857,SRC,SANTRAGACHI,ANVT,ANAND VIHAR,11
22858,ANVT,ANAND VIHAR,SRC,SANTRAGACHI,11
22859,PURI,PURI,MAS,CHENNAI CENT,21
22860,MAS,CHENNAI CENT,PURI,PURI,21
22861,SHM,SHALIMAR,ADRA,ADRA,10
22862,ADRA,ADRA,SHM,SHALIMAR,10
22863,HWH,HOWRAH JN.,YPR,YESVANTPUR J,12
22864,YPR,YESVANTPUR J,HWH,HOWRAH JN.,12
22865,LTT,LOKMANYA TIL,PURI,PURI,18
22866,PURI,PURI,LTT,LOKMANYA TIL,18
22867,DURG,DURG,NZM,HAZRAT NIZAM,16
22868,NZM,HAZRAT NIZAM,DURG,DURG,16
22869,VSKP,VISAKHAPATNA,MAS,CHENNAI CENT,13
22870,MAS,CHENNAI CENT,VSKP,VISAKHAPATNA,13
22871,BBS,BHUBANESWAR,TPTY,TIRUPATI,19
22872,TPTY,TIRUPATI,BBS,BHUBANESWAR,19
22873,DGHA,DIGHA FS,VSKP,VISAKHAPATNA,17
22874,VSKP,VISAKHAPATNA,DGHA,DIGHA FS,16
22875,KGP,KHARAGPUR,PRR,PURULIA JN.,14
22876,PRR,PURULIA JN.,KGP,KHARAGPUR,14
22877,HWH,HOWRAH JN.,ERS,ERNAKULAM. J,24
22878,ERS,ERNAKULAM. J,HWH,HOWRAH JN.,24
22879,BBS,BHUBANESWAR,TPTY,TIRUPATI,21
22880,TPTY,TIRUPATI,BBS,BHUBANESWAR,21
22881,PUNE,PUNE JN.,BBS,BHUBANESWAR,14
22882,BBS,BHUBANESWAR,PUNE,PUNE JN.,14
22883,PURI,PURI,YPR,YESVANTPUR J,27
22884,YPR,YESVANTPUR J,PURI,PURI,28
22885,LTT,LOKMANYA TIL,TATA,TATANAGAR JN,14
22886,TATA,TATANAGAR JN,LTT,LOKMANYA TIL,14
22887,HWH,HOWRAH JN.,YPR,YESVANTPUR J,19
22888,YPR,YESVANTPUR J,HWH,HOWRAH JN.,20
22889,DGHA,DIGHA FS,PURI,PURI,13
22890,PURI,PURI,DGHA,DIGHA FS,13
22891,HWH,HOWRAH JN.,RNC,RANCHI,14
22892,RNC,RANCHI,HWH,HOWRAH JN.,15
22893,SNSI,SAI NAGAR SH,HWH,HOWRAH JN.,16
22894,HWH,HOWRAH JN.,SNSI,SAI NAGAR SH,16
22897,HWH,HOWRAH JN.,DGHA,DIGHA FS,9
22898,DGHA,DIGHA FS,HWH,HOWRAH JN.,9
22901,BDTS,BANDRA TERMI,UDZ,UDAIPUR CITY,16
22902,UDZ,UDAIPUR CITY,BDTS,BANDRA TERMI,16
22903,BDTS,BANDRA TERMI,BHUJ,NEW BHUJ,8
22904,BHUJ,NEW BHUJ,BDTS,BANDRA TERMI,8
22905,OKHA,OKHA,HAPA,HAPA,5
22906,HAPA,HAPA,OKHA,OKHA,5
22907,MAO,MADGOAN JN.,HAPA,HAPA,18
22908,HAPA,HAPA,MAO,MADGOAN JN.,18
22909,BL,VALSAD,PURI,PURI,24
22910,PURI,PURI,BL,VALSAD,24
22911,INDB,INDORE BG,HWH,HOWRAH JN.,34
22912,HWH,HOWRAH JN.,INDB,INDORE BG,34
22914,PNBE,PATNA JN.,BDTS,BANDRA TERMI,13
22915,BDTS,BANDRA TERMI,HSR,HISAR JN,30
22916,HSR,HISAR JN,BDTS,BANDRA TERMI,30
22917,BDTS,BANDRA TERMI,HW,HARIDWAR JN,26
22918,HW,HARIDWAR JN,BDTS,BANDRA TERMI,26
22919,MAS,CHENNAI CENT,ADI,AHMEDABAD,12
22920,ADI,AHMEDABAD,MAS,CHENNAI CENT,12
22925,UMB,AMBALA CANTT,KLK,KALKA,3
22926,KLK,KALKA,UMB,AMBALA CANTT,3
22927,BDTS,BANDRA TERMI,ADI,AHMEDABAD,22
22928,ADI,AHMEDABAD,BDTS,BANDRA TERMI,17
22929,BLD,BHILAD,BRC,VADODARA JN.,14
22930,BRC,VADODARA JN.,BLD,BHILAD,14
22931,BDTS,BANDRA TERMI,JSM,JAISALMER,27
22932,JSM,JAISALMER,BDTS,BANDRA TERMI,27
22933,BDTS,BANDRA TERMI,JP,JAIPUR JN.,15
22934,JP,JAIPUR JN.,BDTS,BANDRA TERMI,15
22935,BDTS,BANDRA TERMI,PIT,PALITANA,12
22936,PIT,PALITANA,BDTS,BANDRA TERMI,12
22937,RJT,RAJKOT,REWA,REWA,23
22938,REWA,REWA,RJT,RAJKOT,23
22939,HAPA,HAPA,BSP,BILASPUR JN.,23
22940,BSP,BILASPUR JN.,HAPA,HAPA,23
22941,INDB,INDORE BG,JAT,JAMMU TAWI,16
22942,JAT,JAMMU TAWI,INDB,INDORE BG,16
22943,PUNE,PUNE JN.,INDB,INDORE BG,17
22944,INDB,INDORE BG,PUNE,PUNE JN.,17
22945,BCT,MUMBAI CENTR,OKHA,OKHA,30
22946,OKHA,OKHA,BCT,MUMBAI CENTR,31
22949,BDTS,BANDRA TERMI,DEE,DELHI-SARAI,27
22951,BDTS,BANDRA TERMI,GIMB,GANDHIDHAM J,15
22952,GIMB,GANDHIDHAM J,BDTS,BANDRA TERMI,15
22953,BCT,MUMBAI CENTR,ADI,AHMEDABAD,27
22954,ADI,AHMEDABAD,BCT,MUMBAI CENTR,27
22955,BDTS,BANDRA TERMI,BHUJ,NEW BHUJ,22
22956,BHUJ,NEW BHUJ,BDTS,BANDRA TERMI,22
22957,ADI,AHMEDABAD,VRL,VERAVAL,16
22959,ST,SURAT,JAM,JAMNAGAR,21
22960,JAM,JAMNAGAR,ST,SURAT,21
22961,ST,SURAT,HAPA,HAPA,18
22962,HAPA,HAPA,ST,SURAT,18
22963,BDTS,BANDRA TERMI,BVC,BHAVNAGAR TE,18
22964,BVC,BHAVNAGAR TE,BDTS,BANDRA TERMI,18
22965,BDTS,BANDRA TERMI,BGKT,BHAGAT-KI-KO,10
22966,BGKT,BHAGAT-KI-KO,BDTS,BANDRA TERMI,10
22967,ADI,AHMEDABAD,ALD,ALLAHABAD JN,20
22968,ALD,ALLAHABAD JN,ADI,AHMEDABAD,20
22969,OKHA,OKHA,BSB,VARANASI JN.,23
22970,BSB,VARANASI JN.,OKHA,OKHA,23
22971,BDTS,BANDRA TERMI,PNBE,PATNA JN.,14
22972,PNBE,PATNA JN.,BDTS,BANDRA TERMI,14
22973,GIMB,GANDHIDHAM J,PURI,PURI,38
22974,PURI,PURI,GIMB,GANDHIDHAM J,38
22981,KOTA,KOTA,SGNR,SHRI GANGANA,28
22982,SGNR,SHRI GANGANA,KOTA,KOTA,28
22983,KOTA,KOTA,INDB,INDORE BG,14
22989,BDTS,BANDRA TERMI,MHV,MAHUVA,16
22990,MHV,MAHUVA,BDTS,BANDRA TERMI,16
22991,BDTS,BANDRA TERMI,VRL,VERAVAL,12
22992,VRL,VERAVAL,BDTS,BANDRA TERMI,12
22993,BDTS,BANDRA TERMI,MHV,MAHUVA,15
22994,MHV,MAHUVA,BDTS,BANDRA TERMI,15
22995,COR,CHITTAURGARH,AII,AJMER JN.,4
22996,AII,AJMER JN.,COR,CHITTAURGARH,4
23141,RQJ,RANINAGAR JA,HDB,HALDIBARI,3
23142,HDB,HALDIBARI,RQJ,RANINAGAR JA,3
23225,SHC,SAHARSA JN.,BJU,BARAUNI JN.,11
23226,BJU,BARAUNI JN.,SHC,SAHARSA JN.,11
23345,CPU,CHOPAN,SKTN,SHAKTINAGAR,6
23346,SKTN,SHAKTINAGAR,CPU,CHOPAN,6
23347,SGRL,SINGRAULI,GHD,GARWA ROAD J,11
23348,GHD,GARWA ROAD J,SGRL,SINGRAULI,11
24041,NBD,NAJIBABAD JN,KTW,KOTDWARA,3
24042,KTW,KOTDWARA,NBD,NAJIBABAD JN,3
24227,BSB,VARANASI JN.,CNB,KANPUR CENTR,15
24228,CNB,KANPUR CENTR,BSB,VARANASI JN.,15
24369,SKTN,SHAKTINAGAR,BE,BAREILLY JN.,38
24370,BE,BAREILLY JN.,SKTN,SHAKTINAGAR,38
24887,HW,HARIDWAR JN,UMB,AMBALA CANTT,6
24888,UMB,AMBALA CANTT,HW,HARIDWAR JN,6
25013,MB,MORADABAD JN,RMR,RAMNAGAR,3
25014,RMR,RAMNAGAR,MB,MORADABAD JN,3
25035,MB,MORADABAD JN,RMR,RAMNAGAR,3
25036,RMR,RAMNAGAR,MB,MORADABAD JN,3
2515,TVC,TRIVANDRUM C,SCL,SILCHAR,58
25201,SGL,SAGAULI JN.,NKE,NARKATIAGANJ,6
25202,NKE,NARKATIAGANJ,SGL,SAGAULI JN.,6
25631,BKN,BIKANER JN.,MTD,MERTA ROAD J,4
25632,MTD,MERTA ROAD J,BKN,BIKANER JN.,4
25657,SDAH,SEALDAH,SCL,SILCHAR,37
25658,SCL,SILCHAR,SDAH,SEALDAH,37
2651,PLNI,PALANI,POY,POLLACHI,3
2652,POY,POLLACHI,PLNI,PALANI,3
2731,HYB,HYDERABAD DE,JP,JAIPUR JN.,29
2732,JP,JAIPUR JN.,HYB,HYDERABAD DE,29
28181,BJU,BARAUNI JN.,KIR,KATIHAR JN.,14
28182,KIR,KATIHAR JN.,BJU,BARAUNI JN.,14
2821,PUNE,PUNE JN.,SRC,SANTRAGACHI,14
2822,SRC,SANTRAGACHI,PUNE,PUNE JN.,14
2833,RJT,RAJKOT,SRC,SANTRAGACHI,29
2834,SRC,SANTRAGACHI,RJT,RAJKOT,29
2841,SRC,SANTRAGACHI,MAS,CHENNAI CENT,12
2842,MAS,CHENNAI CENT,SRC,SANTRAGACHI,12
2845,PUNE,PUNE JN.,HTE,HATIA,17
2846,HTE,HATIA,PUNE,PUNE JN.,17
290,DSJ,DELHI-SAFDAR,DSJ,DELHI-SAFDAR,14
29019,MDS,MANDSOR,KOTA,KOTA,8
29020,KOTA,KOTA,MDS,MANDSOR,8
30111,BLN,BALLYGUNGE J,BP,BARRACKPORE,23
30112,BP,BARRACKPORE,MJT,MAJERHAT,19
30116,BP,BARRACKPORE,BBDB,BENOY BADAL,14
30121,NACC,NEW ALIPUR (,NH,NAIHATI JN.,26
30122,NH,NAIHATI JN.,BLN,BALLYGUNGE J,29
30123,MJT,MAJERHAT,NH,NAIHATI JN.,25
30128,KLYM,KALYANI SIMA,NACC,NEW ALIPUR (,32
30135,MJT,MAJERHAT,RHA,RANAGHAT JN.,34
30142,GEDE,GEDE,MJT,MAJERHAT,42
30145,BBDB,BENOY BADAL,KNJ,KRISHNA NAGA,34
30152,NH,NAIHATI JN.,MJT,MAJERHAT,21
30154,NH,NAIHATI JN.,MJT,MAJERHAT,21
30211,BBDB,BENOY BADAL,DDJ,DUM DUM JN.,8
30311,PPGT,PRINCEP GHAT,BT,BARASAT JN.,18
30312,BT,BARASAT JN.,MJT,MAJERHAT,21
30313,MJT,MAJERHAT,BT,BARASAT JN.,21
30314,DTK,DATTAPUKUR,MJT,MAJERHAT,23
30317,MJT,MAJERHAT,DTK,DATTAPUKUR,23
30321,MJT,MAJERHAT,HNB,HASANABAD,35
30322,HNB,HASANABAD,BBDB,BENOY BADAL,34
30324,HNB,HASANABAD,PPGT,PRINCEP GHAT,36
30331,MJT,MAJERHAT,HB,HABRA,27
30332,HB,HABRA,MJT,MAJERHAT,27
30333,MJT,MAJERHAT,HB,HABRA,27
30342,BNJ,BANGAON JN.,MJT,MAJERHAT,28
30344,BNJ,BANGAON JN.,MJT,MAJERHAT,34
30346,BNJ,BANGAON JN.,MJT,MAJERHAT,34
30351,MJT,MAJERHAT,BT,BARASAT JN.,17
30353,MJT,MAJERHAT,DTK,DATTAPUKUR,19
30357,MJT,MAJERHAT,MMG,MADHYAM GRAM,15
30358,MMG,MADHYAM GRAM,MJT,MAJERHAT,15
30361,MJT,MAJERHAT,HNB,HASANABAD,31
30411,BBDB,BENOY BADAL,SDAH,SEALDAH,11
30412,SDAH,SEALDAH,BBDB,BENOY BADAL,11
30413,BBDB,BENOY BADAL,SDAH,SEALDAH,11
30414,SDAH,SEALDAH,BBDB,BENOY BADAL,11
30416,SDAH,SEALDAH,BBDB,BENOY BADAL,11
30451,BBDB,BENOY BADAL,SDAH,SEALDAH,11
30452,SDAH,SEALDAH,KOAA,KOLKATA,16
30511,CHT,CHAMPAHATI,MJT,MAJERHAT,14
30552,MJT,MAJERHAT,GOF,GHUTIARI SHA,17
30612,KOAA,KOLKATA,BRP,BARUIPUR JN.,24
30711,LKPR,LAKSHMIKANTA,MJT,MAJERHAT,26
30712,MJT,MAJERHAT,LKPR,LAKSHMIKANTA,26
3101,KOAA,KOLKATA,PURI,PURI,9
3102,PURI,PURI,KOAA,KOLKATA,9
31051,BGB,BUDGE BUDGE,NH,NAIHATI JN.,26
31053,BGB,BUDGE BUDGE,NH,NAIHATI JN.,26
31055,BGB,BUDGE BUDGE,NH,NAIHATI JN.,26
31111,SDAH,SEALDAH,KWAE,KATWA JN.,39
31112,KWAE,KATWA JN.,SDAH,SEALDAH,37
31151,SDAH,SEALDAH,BWN,BARDDHAMAN J,35
31152,BWN,BARDDHAMAN J,SDAH,SEALDAH,35
31191,NH,NAIHATI JN.,KLYM,KALYANI SIMA,7
31192,KLYM,KALYANI SIMA,NH,NAIHATI JN.,7
31211,SDAH,SEALDAH,BP,BARRACKPORE,9
31212,BP,BARRACKPORE,SDAH,SEALDAH,9
31213,SDAH,SEALDAH,BP,BARRACKPORE,4
31214,BP,BARRACKPORE,SDAH,SEALDAH,5
31215,SDAH,SEALDAH,BP,BARRACKPORE,5
31216,BP,BARRACKPORE,SDAH,SEALDAH,9
31217,SDAH,SEALDAH,BP,BARRACKPORE,9
31218,BP,BARRACKPORE,SDAH,SEALDAH,7
31219,SDAH,SEALDAH,BP,BARRACKPORE,9
31220,BP,BARRACKPORE,SDAH,SEALDAH,9
31221,SDAH,SEALDAH,BP,BARRACKPORE,9
31222,BP,BARRACKPORE,SDAH,SEALDAH,9
31223,SDAH,SEALDAH,BP,BARRACKPORE,9
31224,BP,BARRACKPORE,SDAH,SEALDAH,9
31225,SDAH,SEALDAH,BP,BARRACKPORE,9
31226,BP,BARRACKPORE,SDAH,SEALDAH,9
31227,SDAH,SEALDAH,BP,BARRACKPORE,9
31228,BP,BARRACKPORE,SDAH,SEALDAH,9
31229,SDAH,SEALDAH,BP,BARRACKPORE,9
31230,BP,BARRACKPORE,SDAH,SEALDAH,9
31231,SDAH,SEALDAH,BP,BARRACKPORE,9
31232,BP,BARRACKPORE,SDAH,SEALDAH,9
31233,SDAH,SEALDAH,BP,BARRACKPORE,9
31234,BP,BARRACKPORE,SDAH,SEALDAH,9
31235,SDAH,SEALDAH,BP,BARRACKPORE,9
31236,BP,BARRACKPORE,SDAH,SEALDAH,9
31237,SDAH,SEALDAH,BP,BARRACKPORE,9
31238,BP,BARRACKPORE,SDAH,SEALDAH,9
31239,SDAH,SEALDAH,BP,BARRACKPORE,9
31240,BP,BARRACKPORE,SDAH,SEALDAH,9
31241,SDAH,SEALDAH,BP,BARRACKPORE,9
31261,KGK,KANKURGACHHI,BP,BARRACKPORE,9
31311,SDAH,SEALDAH,KLYM,KALYANI SIMA,21
31312,KLYM,KALYANI SIMA,SDAH,SEALDAH,21
31313,SDAH,SEALDAH,KLYM,KALYANI SIMA,21
31314,KLYM,KALYANI SIMA,SDAH,SEALDAH,21
31315,SDAH,SEALDAH,KLYM,KALYANI SIMA,21
31316,KLYM,KALYANI SIMA,SDAH,SEALDAH,21
31317,SDAH,SEALDAH,KLYM,KALYANI SIMA,21
31318,KLYM,KALYANI SIMA,SDAH,SEALDAH,21
31319,SDAH,SEALDAH,KLYM,KALYANI SIMA,21
31320,KLYM,KALYANI SIMA,SDAH,SEALDAH,12
31321,SDAH,SEALDAH,KLYM,KALYANI SIMA,21
31322,KLYM,KALYANI SIMA,SDAH,SEALDAH,21
31323,SDAH,SEALDAH,KLYM,KALYANI SIMA,21
31324,KLYM,KALYANI SIMA,SDAH,SEALDAH,21
31325,SDAH,SEALDAH,KLYM,KALYANI SIMA,21
31326,KLYM,KALYANI SIMA,SDAH,SEALDAH,21
31327,SDAH,SEALDAH,KLYM,KALYANI SIMA,21
31328,KLYM,KALYANI SIMA,SDAH,SEALDAH,21
31329,SDAH,SEALDAH,KLYM,KALYANI SIMA,21
31330,KLYM,KALYANI SIMA,SDAH,SEALDAH,21
31331,SDAH,SEALDAH,KLYM,KALYANI SIMA,21
31332,KLYM,KALYANI SIMA,SDAH,SEALDAH,21
31333,SDAH,SEALDAH,KLYM,KALYANI SIMA,21
31334,KLYM,KALYANI SIMA,SDAH,SEALDAH,21
31335,SDAH,SEALDAH,KLYM,KALYANI SIMA,21
31336,KLYM,KALYANI SIMA,SDAH,SEALDAH,21
31337,SDAH,SEALDAH,KLYM,KALYANI SIMA,13
31338,KLYM,KALYANI SIMA,SDAH,SEALDAH,21
31339,SDAH,SEALDAH,KLYM,KALYANI SIMA,21
31411,SDAH,SEALDAH,NH,NAIHATI JN.,9
31412,NH,NAIHATI JN.,SDAH,SEALDAH,15
31413,SDAH,SEALDAH,NH,NAIHATI JN.,15
31414,NH,NAIHATI JN.,SDAH,SEALDAH,15
31415,SDAH,SEALDAH,NH,NAIHATI JN.,15
31416,NH,NAIHATI JN.,SDAH,SEALDAH,15
31417,SDAH,SEALDAH,NH,NAIHATI JN.,15
31418,NH,NAIHATI JN.,SDAH,SEALDAH,15
31420,NH,NAIHATI JN.,SDAH,SEALDAH,15
31421,SDAH,SEALDAH,NH,NAIHATI JN.,15
31422,NH,NAIHATI JN.,SDAH,SEALDAH,15
31423,SDAH,SEALDAH,NH,NAIHATI JN.,15
31424,NH,NAIHATI JN.,SDAH,SEALDAH,15
31425,SDAH,SEALDAH,NH,NAIHATI JN.,15
31426,NH,NAIHATI JN.,SDAH,SEALDAH,15
31427,SDAH,SEALDAH,NH,NAIHATI JN.,15
31428,NH,NAIHATI JN.,SDAH,SEALDAH,15
31429,SDAH,SEALDAH,NH,NAIHATI JN.,15
31430,NH,NAIHATI JN.,SDAH,SEALDAH,15
31431,SDAH,SEALDAH,NH,NAIHATI JN.,15
31432,NH,NAIHATI JN.,SDAH,SEALDAH,15
31433,SDAH,SEALDAH,NH,NAIHATI JN.,15
31434,NH,NAIHATI JN.,SDAH,SEALDAH,15
31435,SDAH,SEALDAH,NH,NAIHATI JN.,15
31436,NH,NAIHATI JN.,SDAH,SEALDAH,15
31437,SDAH,SEALDAH,NH,NAIHATI JN.,15
31438,NH,NAIHATI JN.,SDAH,SEALDAH,15
31439,SDAH,SEALDAH,NH,NAIHATI JN.,15
31440,NH,NAIHATI JN.,SDAH,SEALDAH,15
31441,SDAH,SEALDAH,NH,NAIHATI JN.,15
31442,NH,NAIHATI JN.,SDAH,SEALDAH,15
31443,SDAH,SEALDAH,NH,NAIHATI JN.,15
31444,NH,NAIHATI JN.,SDAH,SEALDAH,15
31445,SDAH,SEALDAH,NH,NAIHATI JN.,15
31446,NH,NAIHATI JN.,SDAH,SEALDAH,15
31447,SDAH,SEALDAH,NH,NAIHATI JN.,15
31448,NH,NAIHATI JN.,SDAH,SEALDAH,15
31449,SDAH,SEALDAH,NH,NAIHATI JN.,15
31450,NH,NAIHATI JN.,SDAH,SEALDAH,15
31451,SDAH,SEALDAH,NH,NAIHATI JN.,15
31471,KGK,KANKURGACHHI,NH,NAIHATI JN.,15
31511,SDAH,SEALDAH,STB,SHANTIPUR JN,29
31512,STB,SHANTIPUR JN,SDAH,SEALDAH,28
31513,SDAH,SEALDAH,STB,SHANTIPUR JN,28
31514,STB,SHANTIPUR JN,SDAH,SEALDAH,29
31515,SDAH,SEALDAH,STB,SHANTIPUR JN,29
31516,STB,SHANTIPUR JN,SDAH,SEALDAH,29
31517,SDAH,SEALDAH,STB,SHANTIPUR JN,29
31518,STB,SHANTIPUR JN,SDAH,SEALDAH,25
31519,SDAH,SEALDAH,STB,SHANTIPUR JN,27
31520,STB,SHANTIPUR JN,SDAH,SEALDAH,28
31521,SDAH,SEALDAH,STB,SHANTIPUR JN,29
31522,STB,SHANTIPUR JN,SDAH,SEALDAH,29
31523,SDAH,SEALDAH,STB,SHANTIPUR JN,27
31524,STB,SHANTIPUR JN,SDAH,SEALDAH,28
31525,SDAH,SEALDAH,STB,SHANTIPUR JN,28
31526,STB,SHANTIPUR JN,SDAH,SEALDAH,29
31527,SDAH,SEALDAH,STB,SHANTIPUR JN,29
31528,STB,SHANTIPUR JN,SDAH,SEALDAH,27
31529,SDAH,SEALDAH,STB,SHANTIPUR JN,29
31530,STB,SHANTIPUR JN,SDAH,SEALDAH,29
31531,SDAH,SEALDAH,STB,SHANTIPUR JN,23
31532,STB,SHANTIPUR JN,SDAH,SEALDAH,29
31533,SDAH,SEALDAH,STB,SHANTIPUR JN,27
31534,STB,SHANTIPUR JN,SDAH,SEALDAH,24
31535,SDAH,SEALDAH,STB,SHANTIPUR JN,27
31536,STB,SHANTIPUR JN,SDAH,SEALDAH,26
31537,SDAH,SEALDAH,STB,SHANTIPUR JN,28
31538,STB,SHANTIPUR JN,SDAH,SEALDAH,28
31539,SDAH,SEALDAH,STB,SHANTIPUR JN,28
31540,STB,SHANTIPUR JN,SDAH,SEALDAH,27
31541,SDAH,SEALDAH,STB,SHANTIPUR JN,28
31542,STB,SHANTIPUR JN,SDAH,SEALDAH,27
31571,RHA,RANAGHAT JN.,KNJ,KRISHNA NAGA,6
31584,KNJ,KRISHNA NAGA,STB,SHANTIPUR JN,2
31585,STB,SHANTIPUR JN,KNJ,KRISHNA NAGA,2
31586,KNJ,KRISHNA NAGA,STB,SHANTIPUR JN,2
31601,SDAH,SEALDAH,RHA,RANAGHAT JN.,24
31602,RHA,RANAGHAT JN.,SDAH,SEALDAH,24
31611,SDAH,SEALDAH,RHA,RANAGHAT JN.,23
31612,RHA,RANAGHAT JN.,SDAH,SEALDAH,24
31613,SDAH,SEALDAH,RHA,RANAGHAT JN.,24
31614,RHA,RANAGHAT JN.,SDAH,SEALDAH,24
31615,SDAH,SEALDAH,RHA,RANAGHAT JN.,24
31616,RHA,RANAGHAT JN.,SDAH,SEALDAH,24
31617,SDAH,SEALDAH,RHA,RANAGHAT JN.,24
31618,RHA,RANAGHAT JN.,SDAH,SEALDAH,11
31619,SDAH,SEALDAH,RHA,RANAGHAT JN.,12
31620,RHA,RANAGHAT JN.,SDAH,SEALDAH,20
31621,SDAH,SEALDAH,RHA,RANAGHAT JN.,24
31622,RHA,RANAGHAT JN.,SDAH,SEALDAH,24
31623,SDAH,SEALDAH,RHA,RANAGHAT JN.,23
31624,RHA,RANAGHAT JN.,SDAH,SEALDAH,24
31625,SDAH,SEALDAH,RHA,RANAGHAT JN.,16
31626,RHA,RANAGHAT JN.,SDAH,SEALDAH,10
31627,SDAH,SEALDAH,RHA,RANAGHAT JN.,24
31628,RHA,RANAGHAT JN.,SDAH,SEALDAH,21
31629,SDAH,SEALDAH,RHA,RANAGHAT JN.,24
31630,RHA,RANAGHAT JN.,SDAH,SEALDAH,23
31631,SDAH,SEALDAH,RHA,RANAGHAT JN.,24
31632,RHA,RANAGHAT JN.,SDAH,SEALDAH,24
31633,SDAH,SEALDAH,RHA,RANAGHAT JN.,24
31634,RHA,RANAGHAT JN.,SDAH,SEALDAH,24
31636,RHA,RANAGHAT JN.,SDAH,SEALDAH,23
31711,NH,NAIHATI JN.,RHA,RANAGHAT JN.,10
31712,RHA,RANAGHAT JN.,NH,NAIHATI JN.,9
31713,NH,NAIHATI JN.,RHA,RANAGHAT JN.,6
31714,RHA,RANAGHAT JN.,NH,NAIHATI JN.,6
31721,RHA,RANAGHAT JN.,KNJ,KRISHNA NAGA,6
31722,KNJ,KRISHNA NAGA,RHA,RANAGHAT JN.,6
31723,RHA,RANAGHAT JN.,KNJ,KRISHNA NAGA,6
31724,KNJ,KRISHNA NAGA,RHA,RANAGHAT JN.,5
31725,RHA,RANAGHAT JN.,KNJ,KRISHNA NAGA,7
31726,KNJ,KRISHNA NAGA,RHA,RANAGHAT JN.,7
31741,RHA,RANAGHAT JN.,GEDE,GEDE,13
31742,GEDE,GEDE,RHA,RANAGHAT JN.,13
31743,RHA,RANAGHAT JN.,GEDE,GEDE,10
31744,GEDE,GEDE,RHA,RANAGHAT JN.,13
31745,RHA,RANAGHAT JN.,GEDE,GEDE,13
31746,GEDE,GEDE,RHA,RANAGHAT JN.,13
31747,RHA,RANAGHAT JN.,GEDE,GEDE,13
31748,GEDE,GEDE,RHA,RANAGHAT JN.,13
31749,RHA,RANAGHAT JN.,GEDE,GEDE,13
31750,GEDE,GEDE,RHA,RANAGHAT JN.,13
31751,RHA,RANAGHAT JN.,GEDE,GEDE,13
31752,GEDE,GEDE,RHA,RANAGHAT JN.,13
31753,RHA,RANAGHAT JN.,GEDE,GEDE,13
31754,GEDE,GEDE,RHA,RANAGHAT JN.,13
31755,RHA,RANAGHAT JN.,GEDE,GEDE,13
31756,GEDE,GEDE,RHA,RANAGHAT JN.,13
31757,RHA,RANAGHAT JN.,GEDE,GEDE,13
31758,GEDE,GEDE,RHA,RANAGHAT JN.,13
31765,RHA,RANAGHAT JN.,LGL,LALGOLA,25
31766,LGL,LALGOLA,RHA,RANAGHAT JN.,25
31767,RHA,RANAGHAT JN.,LGL,LALGOLA,29
31768,LGL,LALGOLA,RHA,RANAGHAT JN.,27
31770,LGL,LALGOLA,RHA,RANAGHAT JN.,29
31771,RHA,RANAGHAT JN.,LGL,LALGOLA,28
31772,LGL,LALGOLA,RHA,RANAGHAT JN.,29
31781,RHA,RANAGHAT JN.,STB,SHANTIPUR JN,6
31782,STB,SHANTIPUR JN,RHA,RANAGHAT JN.,6
31783,RHA,RANAGHAT JN.,STB,SHANTIPUR JN,5
31784,STB,SHANTIPUR JN,RHA,RANAGHAT JN.,5
31786,STB,SHANTIPUR JN,RHA,RANAGHAT JN.,5
31801,SDAH,SEALDAH,KNJ,KRISHNA NAGA,29
31802,KNJ,KRISHNA NAGA,SDAH,SEALDAH,29
31811,SDAH,SEALDAH,KNJ,KRISHNA NAGA,29
31812,KNJ,KRISHNA NAGA,SDAH,SEALDAH,29
31813,SDAH,SEALDAH,KNJ,KRISHNA NAGA,30
31814,KNJ,KRISHNA NAGA,SDAH,SEALDAH,22
31815,SDAH,SEALDAH,KNJ,KRISHNA NAGA,29
31816,KNJ,KRISHNA NAGA,SDAH,SEALDAH,29
31817,SDAH,SEALDAH,KNJ,KRISHNA NAGA,30
31818,KNJ,KRISHNA NAGA,SDAH,SEALDAH,25
31819,SDAH,SEALDAH,KNJ,KRISHNA NAGA,21
31820,KNJ,KRISHNA NAGA,SDAH,SEALDAH,29
31821,SDAH,SEALDAH,KNJ,KRISHNA NAGA,29
31822,KNJ,KRISHNA NAGA,SDAH,SEALDAH,29
31823,SDAH,SEALDAH,KNJ,KRISHNA NAGA,28
31824,KNJ,KRISHNA NAGA,SDAH,SEALDAH,28
31825,SDAH,SEALDAH,KNJ,KRISHNA NAGA,30
31826,KNJ,KRISHNA NAGA,SDAH,SEALDAH,20
31827,SDAH,SEALDAH,KNJ,KRISHNA NAGA,30
31828,KNJ,KRISHNA NAGA,SDAH,SEALDAH,29
31829,SDAH,SEALDAH,KNJ,KRISHNA NAGA,23
31830,KNJ,KRISHNA NAGA,SDAH,SEALDAH,26
31831,SDAH,SEALDAH,KNJ,KRISHNA NAGA,16
31832,KNJ,KRISHNA NAGA,SDAH,SEALDAH,28
31833,SDAH,SEALDAH,KNJ,KRISHNA NAGA,22
31834,KNJ,KRISHNA NAGA,SDAH,SEALDAH,26
31835,SDAH,SEALDAH,KNJ,KRISHNA NAGA,29
31836,KNJ,KRISHNA NAGA,SDAH,SEALDAH,29
31837,SDAH,SEALDAH,KNJ,KRISHNA NAGA,28
31838,KNJ,KRISHNA NAGA,SDAH,SEALDAH,30
31839,SDAH,SEALDAH,KNJ,KRISHNA NAGA,19
31840,KNJ,KRISHNA NAGA,SDAH,SEALDAH,16
31841,SDAH,SEALDAH,KNJ,KRISHNA NAGA,9
31842,KNJ,KRISHNA NAGA,SDAH,SEALDAH,9
31843,SDAH,SEALDAH,KNJ,KRISHNA NAGA,10
31844,KNJ,KRISHNA NAGA,SDAH,SEALDAH,10
31861,KNJ,KRISHNA NAGA,LGL,LALGOLA,23
31862,LGL,LALGOLA,KNJ,KRISHNA NAGA,24
31863,KNJ,KRISHNA NAGA,LGL,LALGOLA,21
31864,LGL,LALGOLA,KNJ,KRISHNA NAGA,20
31865,KNJ,KRISHNA NAGA,LGL,LALGOLA,20
31866,LGL,LALGOLA,KNJ,KRISHNA NAGA,21
31911,SDAH,SEALDAH,GEDE,GEDE,36
31912,GEDE,GEDE,SDAH,SEALDAH,36
31913,SDAH,SEALDAH,GEDE,GEDE,36
31914,GEDE,GEDE,SDAH,SEALDAH,36
31915,SDAH,SEALDAH,GEDE,GEDE,36
31916,GEDE,GEDE,SDAH,SEALDAH,30
31917,SDAH,SEALDAH,GEDE,GEDE,36
31918,GEDE,GEDE,SDAH,SEALDAH,36
31919,SDAH,SEALDAH,GEDE,GEDE,36
31920,GEDE,GEDE,SDAH,SEALDAH,35
31921,SDAH,SEALDAH,GEDE,GEDE,36
31922,GEDE,GEDE,SDAH,SEALDAH,36
31923,SDAH,SEALDAH,GEDE,GEDE,36
31924,GEDE,GEDE,SDAH,SEALDAH,35
31925,SDAH,SEALDAH,GEDE,GEDE,35
31926,GEDE,GEDE,SDAH,SEALDAH,36
31927,SDAH,SEALDAH,GEDE,GEDE,36
31928,GEDE,GEDE,SDAH,SEALDAH,31
31929,SDAH,SEALDAH,GEDE,GEDE,36
32211,SDAH,SEALDAH,DKAE,DANKUNI JN.,9
32212,DKAE,DANKUNI JN.,SDAH,SEALDAH,9
32213,SDAH,SEALDAH,DKAE,DANKUNI JN.,9
32214,DKAE,DANKUNI JN.,SDAH,SEALDAH,9
32215,SDAH,SEALDAH,DKAE,DANKUNI JN.,9
32216,DKAE,DANKUNI JN.,SDAH,SEALDAH,9
32217,SDAH,SEALDAH,DKAE,DANKUNI JN.,9
32218,DKAE,DANKUNI JN.,SDAH,SEALDAH,9
32219,SDAH,SEALDAH,DKAE,DANKUNI JN.,9
32220,DKAE,DANKUNI JN.,SDAH,SEALDAH,9
32221,SDAH,SEALDAH,DKAE,DANKUNI JN.,9
32222,DKAE,DANKUNI JN.,SDAH,SEALDAH,9
32223,SDAH,SEALDAH,DKAE,DANKUNI JN.,9
32224,DKAE,DANKUNI JN.,SDAH,SEALDAH,9
32225,SDAH,SEALDAH,DKAE,DANKUNI JN.,9
32226,DKAE,DANKUNI JN.,SDAH,SEALDAH,9
32227,SDAH,SEALDAH,DKAE,DANKUNI JN.,9
32228,DKAE,DANKUNI JN.,SDAH,SEALDAH,9
32229,SDAH,SEALDAH,DKAE,DANKUNI JN.,9
32230,DKAE,DANKUNI JN.,SDAH,SEALDAH,9
32231,SDAH,SEALDAH,DKAE,DANKUNI JN.,9
32232,DKAE,DANKUNI JN.,SDAH,SEALDAH,9
32233,SDAH,SEALDAH,DKAE,DANKUNI JN.,9
32234,DKAE,DANKUNI JN.,SDAH,SEALDAH,9
32235,SDAH,SEALDAH,DKAE,DANKUNI JN.,9
32236,DKAE,DANKUNI JN.,SDAH,SEALDAH,9
32237,SDAH,SEALDAH,DKAE,DANKUNI JN.,9
32238,DKAE,DANKUNI JN.,SDAH,SEALDAH,9
32239,SDAH,SEALDAH,DKAE,DANKUNI JN.,9
32240,DKAE,DANKUNI JN.,SDAH,SEALDAH,9
32241,SDAH,SEALDAH,DKAE,DANKUNI JN.,9
32242,DKAE,DANKUNI JN.,SDAH,SEALDAH,9
32243,SDAH,SEALDAH,DKAE,DANKUNI JN.,9
32244,DKAE,DANKUNI JN.,SDAH,SEALDAH,9
32245,SDAH,SEALDAH,DKAE,DANKUNI JN.,9
32246,DKAE,DANKUNI JN.,SDAH,SEALDAH,9
32247,SDAH,SEALDAH,DKAE,DANKUNI JN.,9
32248,DKAE,DANKUNI JN.,SDAH,SEALDAH,9
32249,SDAH,SEALDAH,DKAE,DANKUNI JN.,9
32250,DKAE,DANKUNI JN.,SDAH,SEALDAH,9
32252,DKAE,DANKUNI JN.,SDAH,SEALDAH,9
32411,SDAH,SEALDAH,BRPA,BARUI PARA,13
32412,BRPA,BARUI PARA,SDAH,SEALDAH,13
32413,SDAH,SEALDAH,BRPA,BARUI PARA,13
32414,BRPA,BARUI PARA,SDAH,SEALDAH,13
3301,ASN,ASANSOL MAIN,DHN,DHANBAD JN.,13
3302,DHN,DHANBAD JN.,ASN,ASANSOL MAIN,13
3305,DHN,DHANBAD JN.,KDS,KUSUNDA,2
3306,KDS,KUSUNDA,DHN,DHANBAD JN.,2
33061,CG,CANNING,BT,BARASAT JN.,26
3307,SZE,SONARDIH,PLJE,PHULWARTANR,4
3308,PLJE,PHULWARTANR,SZE,SONARDIH,4
33212,DDJ,DUM DUM JN.,SDAH,SEALDAH,3
33231,DDJ,DUM DUM JN.,BP,BARRACKPORE,7
33232,BP,BARRACKPORE,DDJ,DUM DUM JN.,7
33262,BT,BARASAT JN.,DDJ,DUM DUM JN.,9
33271,DDJ,DUM DUM JN.,GBG,GOBARDANGA,18
33282,HNB,HASANABAD,DDJ,DUM DUM JN.,27
33291,DDJ,DUM DUM JN.,DKAE,DANKUNI JN.,7
33311,BT,BARASAT JN.,HNB,HASANABAD,19
33312,HNB,HASANABAD,BT,BARASAT JN.,19
33313,BT,BARASAT JN.,HNB,HASANABAD,19
33314,HNB,HASANABAD,BT,BARASAT JN.,19
33315,BT,BARASAT JN.,HNB,HASANABAD,19
33316,HNB,HASANABAD,BT,BARASAT JN.,19
33317,BT,BARASAT JN.,HNB,HASANABAD,19
33318,HNB,HASANABAD,BT,BARASAT JN.,19
33319,BT,BARASAT JN.,HNB,HASANABAD,19
33320,HNB,HASANABAD,BT,BARASAT JN.,19
33321,BT,BARASAT JN.,HNB,HASANABAD,19
33323,BT,BARASAT JN.,HNB,HASANABAD,19
33325,BT,BARASAT JN.,HNB,HASANABAD,19
33351,BT,BARASAT JN.,HB,HABRA,7
33357,BT,BARASAT JN.,DTK,DATTAPUKUR,3
33361,BT,BARASAT JN.,BNJ,BANGAON JN.,14
33362,BNJ,BANGAON JN.,BT,BARASAT JN.,12
33363,BT,BARASAT JN.,BNJ,BANGAON JN.,12
33364,BNJ,BANGAON JN.,BT,BARASAT JN.,12
33365,BT,BARASAT JN.,BNJ,BANGAON JN.,12
33366,BNJ,BANGAON JN.,BT,BARASAT JN.,12
33367,BT,BARASAT JN.,BNJ,BANGAON JN.,13
33382,GBG,GOBARDANGA,BT,BARASAT JN.,10
33401,SDAH,SEALDAH,BT,BARASAT JN.,11
33402,BT,BARASAT JN.,SDAH,SEALDAH,11
33411,SDAH,SEALDAH,DDC,DUMDUM CANTO,4
33412,DDC,DUMDUM CANTO,SDAH,SEALDAH,4
33421,SDAH,SEALDAH,MMG,MADHYAM GRAM,9
33422,MMG,MADHYAM GRAM,SDAH,SEALDAH,9
33431,SDAH,SEALDAH,BT,BARASAT JN.,11
33432,BT,BARASAT JN.,SDAH,SEALDAH,11
33433,SDAH,SEALDAH,BT,BARASAT JN.,11
33434,BT,BARASAT JN.,SDAH,SEALDAH,11
33435,SDAH,SEALDAH,BT,BARASAT JN.,11
33436,BT,BARASAT JN.,SDAH,SEALDAH,11
33437,SDAH,SEALDAH,BT,BARASAT JN.,11
33438,BT,BARASAT JN.,SDAH,SEALDAH,11
33439,SDAH,SEALDAH,BT,BARASAT JN.,11
33440,BT,BARASAT JN.,SDAH,SEALDAH,11
33441,SDAH,SEALDAH,BT,BARASAT JN.,11
33443,SDAH,SEALDAH,BT,BARASAT JN.,11
33445,SDAH,SEALDAH,BT,BARASAT JN.,11
33447,SDAH,SEALDAH,BT,BARASAT JN.,11
33511,SDAH,SEALDAH,HNB,HASANABAD,29
33512,HNB,HASANABAD,SDAH,SEALDAH,29
33513,SDAH,SEALDAH,HNB,HASANABAD,29
33514,HNB,HASANABAD,SDAH,SEALDAH,29
33515,SDAH,SEALDAH,HNB,HASANABAD,29
33516,HNB,HASANABAD,SDAH,SEALDAH,25
33517,SDAH,SEALDAH,HNB,HASANABAD,29
33518,HNB,HASANABAD,SDAH,SEALDAH,26
33519,SDAH,SEALDAH,HNB,HASANABAD,29
33520,HNB,HASANABAD,SDAH,SEALDAH,29
33521,SDAH,SEALDAH,HNB,HASANABAD,29
33522,HNB,HASANABAD,SDAH,SEALDAH,29
33523,SDAH,SEALDAH,HNB,HASANABAD,29
33524,HNB,HASANABAD,SDAH,SEALDAH,24
33525,SDAH,SEALDAH,HNB,HASANABAD,29
33526,HNB,HASANABAD,SDAH,SEALDAH,29
33527,SDAH,SEALDAH,HNB,HASANABAD,25
33528,HNB,HASANABAD,SDAH,SEALDAH,24
33529,SDAH,SEALDAH,HNB,HASANABAD,25
33530,HNB,HASANABAD,SDAH,SEALDAH,29
33531,SDAH,SEALDAH,HNB,HASANABAD,25
33532,HNB,HASANABAD,SDAH,SEALDAH,29
33533,SDAH,SEALDAH,HNB,HASANABAD,29
33534,HNB,HASANABAD,SDAH,SEALDAH,25
33536,HNB,HASANABAD,SDAH,SEALDAH,29
33538,HNB,HASANABAD,SDAH,SEALDAH,24
33611,SDAH,SEALDAH,DTK,DATTAPUKUR,13
33612,DTK,DATTAPUKUR,SDAH,SEALDAH,13
33613,SDAH,SEALDAH,DTK,DATTAPUKUR,13
33614,DTK,DATTAPUKUR,SDAH,SEALDAH,13
33615,SDAH,SEALDAH,DTK,DATTAPUKUR,13
33616,DTK,DATTAPUKUR,SDAH,SEALDAH,13
33617,SDAH,SEALDAH,DTK,DATTAPUKUR,13
33618,DTK,DATTAPUKUR,SDAH,SEALDAH,13
33619,SDAH,SEALDAH,DTK,DATTAPUKUR,13
33620,DTK,DATTAPUKUR,SDAH,SEALDAH,13
33621,SDAH,SEALDAH,DTK,DATTAPUKUR,13
33622,DTK,DATTAPUKUR,SDAH,SEALDAH,11
33623,SDAH,SEALDAH,DTK,DATTAPUKUR,13
33624,DTK,DATTAPUKUR,SDAH,SEALDAH,13
33626,DTK,DATTAPUKUR,SDAH,SEALDAH,13
33628,DTK,DATTAPUKUR,SDAH,SEALDAH,13
33630,DTK,DATTAPUKUR,SDAH,SEALDAH,13
33651,SDAH,SEALDAH,HB,HABRA,17
33652,HB,HABRA,SDAH,SEALDAH,17
33653,SDAH,SEALDAH,HB,HABRA,17
33654,HB,HABRA,SDAH,SEALDAH,17
33655,SDAH,SEALDAH,HB,HABRA,17
33656,HB,HABRA,SDAH,SEALDAH,17
33657,SDAH,SEALDAH,HB,HABRA,17
33658,HB,HABRA,SDAH,SEALDAH,17
33659,SDAH,SEALDAH,HB,HABRA,17
33660,HB,HABRA,SDAH,SEALDAH,17
33664,HB,HABRA,SDAH,SEALDAH,17
33666,HB,HABRA,SDAH,SEALDAH,17
33681,SDAH,SEALDAH,GBG,GOBARDANGA,20
33682,GBG,GOBARDANGA,SDAH,SEALDAH,20
33685,SDAH,SEALDAH,GBG,GOBARDANGA,20
33686,GBG,GOBARDANGA,SDAH,SEALDAH,20
33687,SDAH,SEALDAH,GBG,GOBARDANGA,20
33688,GBG,GOBARDANGA,SDAH,SEALDAH,20
33711,RHA,RANAGHAT JN.,BNJ,BANGAON JN.,8
33712,BNJ,BANGAON JN.,RHA,RANAGHAT JN.,8
33713,RHA,RANAGHAT JN.,BNJ,BANGAON JN.,9
33714,BNJ,BANGAON JN.,RHA,RANAGHAT JN.,9
33715,RHA,RANAGHAT JN.,BNJ,BANGAON JN.,8
33716,BNJ,BANGAON JN.,RHA,RANAGHAT JN.,8
33717,RHA,RANAGHAT JN.,BNJ,BANGAON JN.,8
33718,BNJ,BANGAON JN.,RHA,RANAGHAT JN.,9
33719,RHA,RANAGHAT JN.,BNJ,BANGAON JN.,8
33720,BNJ,BANGAON JN.,RHA,RANAGHAT JN.,8
33721,RHA,RANAGHAT JN.,BNJ,BANGAON JN.,9
33722,BNJ,BANGAON JN.,RHA,RANAGHAT JN.,8
33723,RHA,RANAGHAT JN.,BNJ,BANGAON JN.,8
33724,BNJ,BANGAON JN.,RHA,RANAGHAT JN.,8
33725,RHA,RANAGHAT JN.,BNJ,BANGAON JN.,8
33726,BNJ,BANGAON JN.,RHA,RANAGHAT JN.,9
33727,RHA,RANAGHAT JN.,BNJ,BANGAON JN.,8
33728,BNJ,BANGAON JN.,RHA,RANAGHAT JN.,8
33729,RHA,RANAGHAT JN.,BNJ,BANGAON JN.,9
33730,BNJ,BANGAON JN.,RHA,RANAGHAT JN.,9
33731,RHA,RANAGHAT JN.,BNJ,BANGAON JN.,8
33732,BNJ,BANGAON JN.,RHA,RANAGHAT JN.,8
33733,RHA,RANAGHAT JN.,BNJ,BANGAON JN.,9
33734,BNJ,BANGAON JN.,RHA,RANAGHAT JN.,8
33735,RHA,RANAGHAT JN.,BNJ,BANGAON JN.,9
33736,BNJ,BANGAON JN.,RHA,RANAGHAT JN.,9
33737,RHA,RANAGHAT JN.,BNJ,BANGAON JN.,8
33738,BNJ,BANGAON JN.,RHA,RANAGHAT JN.,8
33739,RHA,RANAGHAT JN.,BNJ,BANGAON JN.,9
33751,STB,SHANTIPUR JN,BNJ,BANGAON JN.,12
33752,BNJ,BANGAON JN.,STB,SHANTIPUR JN,12
33801,SDAH,SEALDAH,BNJ,BANGAON JN.,24
33802,BNJ,BANGAON JN.,SDAH,SEALDAH,24
33811,SDAH,SEALDAH,BNJ,BANGAON JN.,17
33812,BNJ,BANGAON JN.,SDAH,SEALDAH,23
33813,SDAH,SEALDAH,BNJ,BANGAON JN.,23
33814,BNJ,BANGAON JN.,SDAH,SEALDAH,21
33815,SDAH,SEALDAH,BNJ,BANGAON JN.,24
33816,BNJ,BANGAON JN.,SDAH,SEALDAH,22
33817,SDAH,SEALDAH,BNJ,BANGAON JN.,21
33818,BNJ,BANGAON JN.,SDAH,SEALDAH,24
33819,SDAH,SEALDAH,BNJ,BANGAON JN.,23
33820,BNJ,BANGAON JN.,SDAH,SEALDAH,22
33821,SDAH,SEALDAH,BNJ,BANGAON JN.,24
33822,BNJ,BANGAON JN.,SDAH,SEALDAH,24
33823,SDAH,SEALDAH,BNJ,BANGAON JN.,24
33824,BNJ,BANGAON JN.,SDAH,SEALDAH,24
33825,SDAH,SEALDAH,BNJ,BANGAON JN.,23
33826,BNJ,BANGAON JN.,SDAH,SEALDAH,24
33827,SDAH,SEALDAH,BNJ,BANGAON JN.,24
33828,BNJ,BANGAON JN.,SDAH,SEALDAH,24
33829,SDAH,SEALDAH,BNJ,BANGAON JN.,24
33830,BNJ,BANGAON JN.,SDAH,SEALDAH,24
33831,SDAH,SEALDAH,BNJ,BANGAON JN.,24
33832,BNJ,BANGAON JN.,SDAH,SEALDAH,23
33833,SDAH,SEALDAH,BNJ,BANGAON JN.,23
33834,BNJ,BANGAON JN.,SDAH,SEALDAH,24
33835,SDAH,SEALDAH,BNJ,BANGAON JN.,24
33836,BNJ,BANGAON JN.,SDAH,SEALDAH,23
33837,SDAH,SEALDAH,BNJ,BANGAON JN.,24
33838,BNJ,BANGAON JN.,SDAH,SEALDAH,24
33839,SDAH,SEALDAH,BNJ,BANGAON JN.,24
33840,BNJ,BANGAON JN.,SDAH,SEALDAH,24
33841,SDAH,SEALDAH,BNJ,BANGAON JN.,24
33842,BNJ,BANGAON JN.,SDAH,SEALDAH,24
33843,SDAH,SEALDAH,BNJ,BANGAON JN.,24
33844,BNJ,BANGAON JN.,SDAH,SEALDAH,23
33845,SDAH,SEALDAH,BNJ,BANGAON JN.,24
33846,BNJ,BANGAON JN.,SDAH,SEALDAH,24
33847,SDAH,SEALDAH,BNJ,BANGAON JN.,23
33848,BNJ,BANGAON JN.,SDAH,SEALDAH,23
33849,SDAH,SEALDAH,BNJ,BANGAON JN.,24
33850,BNJ,BANGAON JN.,SDAH,SEALDAH,24
33851,SDAH,SEALDAH,BNJ,BANGAON JN.,24
33852,BNJ,BANGAON JN.,SDAH,SEALDAH,23
33853,SDAH,SEALDAH,BNJ,BANGAON JN.,24
33854,BNJ,BANGAON JN.,SDAH,SEALDAH,22
33855,SDAH,SEALDAH,BNJ,BANGAON JN.,23
33856,BNJ,BANGAON JN.,SDAH,SEALDAH,17
33857,SDAH,SEALDAH,BNJ,BANGAON JN.,23
33858,BNJ,BANGAON JN.,SDAH,SEALDAH,23
33859,SDAH,SEALDAH,BNJ,BANGAON JN.,22
33860,BNJ,BANGAON JN.,SDAH,SEALDAH,24
33861,SDAH,SEALDAH,BNJ,BANGAON JN.,23
33863,SDAH,SEALDAH,BNJ,BANGAON JN.,24
33895,SDAH,SEALDAH,TKNR,THAKURNAGAR,15
33896,TKNR,THAKURNAGAR,SDAH,SEALDAH,15
34052,NH,NAIHATI JN.,BGB,BUDGE BUDGE,26
34054,NH,NAIHATI JN.,BGB,BUDGE BUDGE,26
34056,KLYM,KALYANI SIMA,BGB,BUDGE BUDGE,32
34062,BNJ,BANGAON JN.,CG,CANNING,41
34111,BGB,BUDGE BUDGE,SDAH,SEALDAH,11
34112,SDAH,SEALDAH,BGB,BUDGE BUDGE,11
34113,BGB,BUDGE BUDGE,SDAH,SEALDAH,11
34114,SDAH,SEALDAH,BGB,BUDGE BUDGE,11
34115,BGB,BUDGE BUDGE,SDAH,SEALDAH,11
34116,SDAH,SEALDAH,BGB,BUDGE BUDGE,11
34117,BGB,BUDGE BUDGE,SDAH,SEALDAH,11
34118,SDAH,SEALDAH,BGB,BUDGE BUDGE,11
34119,BGB,BUDGE BUDGE,SDAH,SEALDAH,11
34120,SDAH,SEALDAH,BGB,BUDGE BUDGE,11
34121,BGB,BUDGE BUDGE,SDAH,SEALDAH,11
34122,SDAH,SEALDAH,BGB,BUDGE BUDGE,11
34123,BGB,BUDGE BUDGE,SDAH,SEALDAH,11
34124,SDAH,SEALDAH,BGB,BUDGE BUDGE,11
34125,BGB,BUDGE BUDGE,SDAH,SEALDAH,11
34126,SDAH,SEALDAH,BGB,BUDGE BUDGE,11
34127,BGB,BUDGE BUDGE,SDAH,SEALDAH,11
34128,SDAH,SEALDAH,BGB,BUDGE BUDGE,11
34129,BGB,BUDGE BUDGE,SDAH,SEALDAH,11
34130,SDAH,SEALDAH,BGB,BUDGE BUDGE,11
34131,BGB,BUDGE BUDGE,SDAH,SEALDAH,11
34132,SDAH,SEALDAH,BGB,BUDGE BUDGE,11
34133,BGB,BUDGE BUDGE,SDAH,SEALDAH,11
34134,SDAH,SEALDAH,BGB,BUDGE BUDGE,11
34135,BGB,BUDGE BUDGE,SDAH,SEALDAH,11
34136,SDAH,SEALDAH,BGB,BUDGE BUDGE,11
34137,BGB,BUDGE BUDGE,SDAH,SEALDAH,11
34138,SDAH,SEALDAH,BGB,BUDGE BUDGE,11
34139,BGB,BUDGE BUDGE,SDAH,SEALDAH,11
34140,SDAH,SEALDAH,BGB,BUDGE BUDGE,11
34141,BGB,BUDGE BUDGE,SDAH,SEALDAH,11
34142,SDAH,SEALDAH,BGB,BUDGE BUDGE,11
34143,BGB,BUDGE BUDGE,SDAH,SEALDAH,11
34144,SDAH,SEALDAH,BGB,BUDGE BUDGE,11
34145,BGB,BUDGE BUDGE,SDAH,SEALDAH,11
34146,SDAH,SEALDAH,BGB,BUDGE BUDGE,11
34147,BGB,BUDGE BUDGE,SDAH,SEALDAH,11
34148,SDAH,SEALDAH,BGB,BUDGE BUDGE,11
34149,BGB,BUDGE BUDGE,SDAH,SEALDAH,11
34150,SDAH,SEALDAH,BGB,BUDGE BUDGE,11
34151,BGB,BUDGE BUDGE,SDAH,SEALDAH,11
34152,SDAH,SEALDAH,BGB,BUDGE BUDGE,11
34153,BGB,BUDGE BUDGE,SDAH,SEALDAH,11
34154,SDAH,SEALDAH,BGB,BUDGE BUDGE,11
34155,BGB,BUDGE BUDGE,SDAH,SEALDAH,11
34156,SDAH,SEALDAH,BGB,BUDGE BUDGE,11
34157,BGB,BUDGE BUDGE,SDAH,SEALDAH,11
34158,SDAH,SEALDAH,BGB,BUDGE BUDGE,11
34159,BGB,BUDGE BUDGE,SDAH,SEALDAH,11
34160,SDAH,SEALDAH,BGB,BUDGE BUDGE,11
34161,BGB,BUDGE BUDGE,SDAH,SEALDAH,11
34162,SDAH,SEALDAH,BGB,BUDGE BUDGE,11
34163,BGB,BUDGE BUDGE,SDAH,SEALDAH,11
34164,SDAH,SEALDAH,BGB,BUDGE BUDGE,11
34165,BGB,BUDGE BUDGE,SDAH,SEALDAH,11
34166,SDAH,SEALDAH,BGB,BUDGE BUDGE,11
34311,BRP,BARUIPUR JN.,SPR,SONARPUR JN.,4
34312,SPR,SONARPUR JN.,BRP,BARUIPUR JN.,4
34313,BRP,BARUIPUR JN.,SPR,SONARPUR JN.,4
34331,LKPR,LAKSHMIKANTA,BRP,BARUIPUR JN.,13
34332,BRP,BARUIPUR JN.,LKPR,LAKSHMIKANTA,13
34334,BRP,BARUIPUR JN.,LKPR,LAKSHMIKANTA,13
34351,CG,CANNING,SPR,SONARPUR JN.,10
34352,SPR,SONARPUR JN.,CG,CANNING,10
34353,CG,CANNING,SPR,SONARPUR JN.,9
34354,SPR,SONARPUR JN.,CG,CANNING,9
34355,CG,CANNING,SPR,SONARPUR JN.,7
34356,SPR,SONARPUR JN.,CG,CANNING,9
34358,SPR,SONARPUR JN.,CG,CANNING,9
34360,SPR,SONARPUR JN.,CG,CANNING,10
34411,SPR,SONARPUR JN.,SDAH,SEALDAH,8
34412,SDAH,SEALDAH,SPR,SONARPUR JN.,8
34413,SPR,SONARPUR JN.,SDAH,SEALDAH,8
34414,SDAH,SEALDAH,SPR,SONARPUR JN.,8
34415,SPR,SONARPUR JN.,SDAH,SEALDAH,8
34416,SDAH,SEALDAH,SPR,SONARPUR JN.,8
34417,SPR,SONARPUR JN.,SDAH,SEALDAH,8
34418,SDAH,SEALDAH,SPR,SONARPUR JN.,8
34419,SPR,SONARPUR JN.,SDAH,SEALDAH,8
34420,SDAH,SEALDAH,SPR,SONARPUR JN.,8
34421,SPR,SONARPUR JN.,SDAH,SEALDAH,8
34422,SDAH,SEALDAH,SPR,SONARPUR JN.,8
34423,SPR,SONARPUR JN.,SDAH,SEALDAH,8
34424,SDAH,SEALDAH,SPR,SONARPUR JN.,8
34425,SPR,SONARPUR JN.,SDAH,SEALDAH,8
34426,SDAH,SEALDAH,SPR,SONARPUR JN.,8
34427,SPR,SONARPUR JN.,SDAH,SEALDAH,8
34428,SDAH,SEALDAH,SPR,SONARPUR JN.,8
34429,SPR,SONARPUR JN.,SDAH,SEALDAH,8
34430,SDAH,SEALDAH,SPR,SONARPUR JN.,8
34431,SPR,SONARPUR JN.,SDAH,SEALDAH,8
34432,SDAH,SEALDAH,SPR,SONARPUR JN.,8
34434,SDAH,SEALDAH,SPR,SONARPUR JN.,8
34436,SDAH,SEALDAH,SPR,SONARPUR JN.,9
34501,CG,CANNING,SDAH,SEALDAH,17
34502,SDAH,SEALDAH,CG,CANNING,17
34511,CG,CANNING,SDAH,SEALDAH,17
34512,SDAH,SEALDAH,CG,CANNING,16
34513,CG,CANNING,SDAH,SEALDAH,17
34514,SDAH,SEALDAH,CG,CANNING,17
34515,CG,CANNING,SDAH,SEALDAH,17
34516,SDAH,SEALDAH,CG,CANNING,16
34517,CG,CANNING,SDAH,SEALDAH,17
34518,SDAH,SEALDAH,CG,CANNING,17
34519,CG,CANNING,SDAH,SEALDAH,17
34520,SDAH,SEALDAH,CG,CANNING,17
34521,CG,CANNING,SDAH,SEALDAH,17
34522,SDAH,SEALDAH,CG,CANNING,17
34523,CG,CANNING,SDAH,SEALDAH,17
34524,SDAH,SEALDAH,CG,CANNING,17
34525,CG,CANNING,SDAH,SEALDAH,17
34526,SDAH,SEALDAH,CG,CANNING,17
34527,CG,CANNING,SDAH,SEALDAH,17
34528,SDAH,SEALDAH,CG,CANNING,17
34529,CG,CANNING,SDAH,SEALDAH,17
34530,SDAH,SEALDAH,CG,CANNING,17
34531,CG,CANNING,SDAH,SEALDAH,17
34532,SDAH,SEALDAH,CG,CANNING,17
34533,CG,CANNING,SDAH,SEALDAH,17
34534,SDAH,SEALDAH,CG,CANNING,17
34535,CG,CANNING,SDAH,SEALDAH,17
34536,SDAH,SEALDAH,CG,CANNING,17
34537,CG,CANNING,SDAH,SEALDAH,16
34538,SDAH,SEALDAH,CG,CANNING,17
34539,CG,CANNING,SDAH,SEALDAH,17
34540,SDAH,SEALDAH,CG,CANNING,17
34541,CG,CANNING,SDAH,SEALDAH,17
34542,SDAH,SEALDAH,CG,CANNING,17
34543,CG,CANNING,SDAH,SEALDAH,17
34544,SDAH,SEALDAH,CG,CANNING,16
34545,CG,CANNING,SDAH,SEALDAH,17
34546,SDAH,SEALDAH,CG,CANNING,17
34547,CG,CANNING,SDAH,SEALDAH,17
34548,SDAH,SEALDAH,CG,CANNING,17
34549,CG,CANNING,SDAH,SEALDAH,17
34550,SDAH,SEALDAH,CG,CANNING,17
34551,CG,CANNING,SDAH,SEALDAH,16
34552,SDAH,SEALDAH,CG,CANNING,17
34553,CG,CANNING,SDAH,SEALDAH,17
34554,SDAH,SEALDAH,CG,CANNING,17
34555,CG,CANNING,SDAH,SEALDAH,15
34557,CG,CANNING,SDAH,SEALDAH,17
34601,BRP,BARUIPUR JN.,SDAH,SEALDAH,11
34602,SDAH,SEALDAH,BRP,BARUIPUR JN.,11
34611,BRP,BARUIPUR JN.,SDAH,SEALDAH,11
34612,SDAH,SEALDAH,BRP,BARUIPUR JN.,11
34613,BRP,BARUIPUR JN.,SDAH,SEALDAH,11
34614,SDAH,SEALDAH,BRP,BARUIPUR JN.,11
34615,BRP,BARUIPUR JN.,SDAH,SEALDAH,11
34616,SDAH,SEALDAH,BRP,BARUIPUR JN.,11
34617,BRP,BARUIPUR JN.,SDAH,SEALDAH,11
34618,SDAH,SEALDAH,BRP,BARUIPUR JN.,11
34619,BRP,BARUIPUR JN.,SDAH,SEALDAH,11
34620,SDAH,SEALDAH,BRP,BARUIPUR JN.,11
34621,BRP,BARUIPUR JN.,SDAH,SEALDAH,11
34622,SDAH,SEALDAH,BRP,BARUIPUR JN.,11
34623,BRP,BARUIPUR JN.,SDAH,SEALDAH,11
34624,SDAH,SEALDAH,BRP,BARUIPUR JN.,11
34625,BRP,BARUIPUR JN.,SDAH,SEALDAH,11
34626,SDAH,SEALDAH,BRP,BARUIPUR JN.,10
34627,BRP,BARUIPUR JN.,SDAH,SEALDAH,11
34628,SDAH,SEALDAH,BRP,BARUIPUR JN.,11
34629,BRP,BARUIPUR JN.,SDAH,SEALDAH,11
34630,SDAH,SEALDAH,BRP,BARUIPUR JN.,11
34631,BRP,BARUIPUR JN.,SDAH,SEALDAH,11
34632,SDAH,SEALDAH,BRP,BARUIPUR JN.,11
34633,BRP,BARUIPUR JN.,SDAH,SEALDAH,11
34634,SDAH,SEALDAH,BRP,BARUIPUR JN.,11
34635,BRP,BARUIPUR JN.,SDAH,SEALDAH,11
34636,SDAH,SEALDAH,BRP,BARUIPUR JN.,11
34637,BRP,BARUIPUR JN.,SDAH,SEALDAH,11
34638,SDAH,SEALDAH,BRP,BARUIPUR JN.,11
34639,BRP,BARUIPUR JN.,SDAH,SEALDAH,11
34640,SDAH,SEALDAH,BRP,BARUIPUR JN.,11
34641,BRP,BARUIPUR JN.,SDAH,SEALDAH,11
34642,SDAH,SEALDAH,BRP,BARUIPUR JN.,11
34643,BRP,BARUIPUR JN.,SDAH,SEALDAH,11
34644,SDAH,SEALDAH,BRP,BARUIPUR JN.,11
34645,BRP,BARUIPUR JN.,SDAH,SEALDAH,11
34646,SDAH,SEALDAH,BRP,BARUIPUR JN.,11
34647,BRP,BARUIPUR JN.,SDAH,SEALDAH,11
34648,SDAH,SEALDAH,BRP,BARUIPUR JN.,11
34711,LKPR,LAKSHMIKANTA,SDAH,SEALDAH,19
34712,SDAH,SEALDAH,LKPR,LAKSHMIKANTA,19
34713,LKPR,LAKSHMIKANTA,SDAH,SEALDAH,21
34714,SDAH,SEALDAH,LKPR,LAKSHMIKANTA,20
34715,LKPR,LAKSHMIKANTA,SDAH,SEALDAH,23
34716,SDAH,SEALDAH,LKPR,LAKSHMIKANTA,21
34717,LKPR,LAKSHMIKANTA,SDAH,SEALDAH,21
34718,SDAH,SEALDAH,LKPR,LAKSHMIKANTA,21
34719,LKPR,LAKSHMIKANTA,SDAH,SEALDAH,22
34720,SDAH,SEALDAH,LKPR,LAKSHMIKANTA,23
34721,LKPR,LAKSHMIKANTA,SDAH,SEALDAH,23
34722,SDAH,SEALDAH,LKPR,LAKSHMIKANTA,23
34723,LKPR,LAKSHMIKANTA,SDAH,SEALDAH,23
34724,SDAH,SEALDAH,LKPR,LAKSHMIKANTA,23
34725,LKPR,LAKSHMIKANTA,SDAH,SEALDAH,22
34726,SDAH,SEALDAH,LKPR,LAKSHMIKANTA,23
34727,LKPR,LAKSHMIKANTA,SDAH,SEALDAH,23
34728,SDAH,SEALDAH,LKPR,LAKSHMIKANTA,21
34729,LKPR,LAKSHMIKANTA,SDAH,SEALDAH,23
34730,SDAH,SEALDAH,LKPR,LAKSHMIKANTA,23
34731,LKPR,LAKSHMIKANTA,SDAH,SEALDAH,23
34732,SDAH,SEALDAH,LKPR,LAKSHMIKANTA,23
34733,LKPR,LAKSHMIKANTA,SDAH,SEALDAH,22
34734,SDAH,SEALDAH,LKPR,LAKSHMIKANTA,23
34735,LKPR,LAKSHMIKANTA,SDAH,SEALDAH,21
34736,SDAH,SEALDAH,LKPR,LAKSHMIKANTA,23
34737,LKPR,LAKSHMIKANTA,SDAH,SEALDAH,23
34738,SDAH,SEALDAH,LKPR,LAKSHMIKANTA,23
34739,LKPR,LAKSHMIKANTA,SDAH,SEALDAH,21
34740,SDAH,SEALDAH,LKPR,LAKSHMIKANTA,23
34741,LKPR,LAKSHMIKANTA,SDAH,SEALDAH,23
34742,SDAH,SEALDAH,LKPR,LAKSHMIKANTA,23
34743,LKPR,LAKSHMIKANTA,SDAH,SEALDAH,23
34744,SDAH,SEALDAH,LKPR,LAKSHMIKANTA,23
34745,LKPR,LAKSHMIKANTA,SDAH,SEALDAH,23
34746,SDAH,SEALDAH,LKPR,LAKSHMIKANTA,23
34747,LKPR,LAKSHMIKANTA,SDAH,SEALDAH,21
34748,SDAH,SEALDAH,LKPR,LAKSHMIKANTA,21
34749,LKPR,LAKSHMIKANTA,SDAH,SEALDAH,23
34750,SDAH,SEALDAH,LKPR,LAKSHMIKANTA,21
34751,LKPR,LAKSHMIKANTA,SDAH,SEALDAH,21
34752,SDAH,SEALDAH,LKPR,LAKSHMIKANTA,21
34753,LKPR,LAKSHMIKANTA,SDAH,SEALDAH,21
34754,SDAH,SEALDAH,LKPR,LAKSHMIKANTA,21
34755,LKPR,LAKSHMIKANTA,SDAH,SEALDAH,21
34757,LKPR,LAKSHMIKANTA,SDAH,SEALDAH,21
34782,SDAH,SEALDAH,KWDP,KWAKDWIP,29
34791,NMKA,NAMKHANA,SDAH,SEALDAH,23
34792,SDAH,SEALDAH,NMKA,NAMKHANA,30
34793,NMKA,NAMKHANA,SDAH,SEALDAH,30
34794,SDAH,SEALDAH,NMKA,NAMKHANA,21
34811,DH,DIAMOND HARB,SDAH,SEALDAH,19
34812,SDAH,SEALDAH,DH,DIAMOND HARB,15
34813,DH,DIAMOND HARB,SDAH,SEALDAH,24
34814,SDAH,SEALDAH,DH,DIAMOND HARB,24
34815,DH,DIAMOND HARB,SDAH,SEALDAH,22
34816,SDAH,SEALDAH,DH,DIAMOND HARB,22
34817,DH,DIAMOND HARB,SDAH,SEALDAH,24
34818,SDAH,SEALDAH,DH,DIAMOND HARB,24
34819,DH,DIAMOND HARB,SDAH,SEALDAH,24
34820,SDAH,SEALDAH,DH,DIAMOND HARB,24
34821,DH,DIAMOND HARB,SDAH,SEALDAH,24
34822,SDAH,SEALDAH,DH,DIAMOND HARB,17
34823,DH,DIAMOND HARB,SDAH,SEALDAH,24
34824,SDAH,SEALDAH,DH,DIAMOND HARB,24
34825,DH,DIAMOND HARB,SDAH,SEALDAH,24
34826,SDAH,SEALDAH,DH,DIAMOND HARB,24
34827,DH,DIAMOND HARB,SDAH,SEALDAH,24
34828,SDAH,SEALDAH,DH,DIAMOND HARB,24
34829,DH,DIAMOND HARB,SDAH,SEALDAH,17
34830,SDAH,SEALDAH,DH,DIAMOND HARB,24
34831,DH,DIAMOND HARB,SDAH,SEALDAH,24
34832,SDAH,SEALDAH,DH,DIAMOND HARB,22
34833,DH,DIAMOND HARB,SDAH,SEALDAH,22
34834,SDAH,SEALDAH,DH,DIAMOND HARB,24
34835,DH,DIAMOND HARB,SDAH,SEALDAH,24
34836,SDAH,SEALDAH,DH,DIAMOND HARB,24
34837,DH,DIAMOND HARB,SDAH,SEALDAH,24
34838,SDAH,SEALDAH,DH,DIAMOND HARB,24
34839,DH,DIAMOND HARB,SDAH,SEALDAH,24
34840,SDAH,SEALDAH,DH,DIAMOND HARB,24
34841,DH,DIAMOND HARB,SDAH,SEALDAH,24
34842,SDAH,SEALDAH,DH,DIAMOND HARB,24
34843,DH,DIAMOND HARB,SDAH,SEALDAH,24
34844,SDAH,SEALDAH,DH,DIAMOND HARB,24
34845,DH,DIAMOND HARB,SDAH,SEALDAH,24
34846,SDAH,SEALDAH,DH,DIAMOND HARB,24
34847,DH,DIAMOND HARB,SDAH,SEALDAH,24
34848,SDAH,SEALDAH,DH,DIAMOND HARB,24
34849,DH,DIAMOND HARB,SDAH,SEALDAH,22
34850,SDAH,SEALDAH,DH,DIAMOND HARB,22
34851,DH,DIAMOND HARB,SDAH,SEALDAH,23
34852,SDAH,SEALDAH,DH,DIAMOND HARB,24
34853,DH,DIAMOND HARB,SDAH,SEALDAH,24
34854,SDAH,SEALDAH,DH,DIAMOND HARB,24
34855,DH,DIAMOND HARB,SDAH,SEALDAH,22
34856,SDAH,SEALDAH,DH,DIAMOND HARB,23
34857,DH,DIAMOND HARB,SDAH,SEALDAH,21
34858,SDAH,SEALDAH,DH,DIAMOND HARB,20
34859,DH,DIAMOND HARB,SDAH,SEALDAH,24
34860,SDAH,SEALDAH,DH,DIAMOND HARB,24
34881,DH,DIAMOND HARB,SPR,SONARPUR JN.,17
34882,SPR,SONARPUR JN.,DH,DIAMOND HARB,17
34891,DH,DIAMOND HARB,BRP,BARUIPUR JN.,14
34892,BRP,BARUIPUR JN.,DH,DIAMOND HARB,14
34898,SDAH,SEALDAH,MGT,MAGRAHAT,16
34899,MGT,MAGRAHAT,SDAH,SEALDAH,16
34911,NMKA,NAMKHANA,LKPR,LAKSHMIKANTA,8
34912,LKPR,LAKSHMIKANTA,NMKA,NAMKHANA,8
34913,NMKA,NAMKHANA,LKPR,LAKSHMIKANTA,8
34914,LKPR,LAKSHMIKANTA,NMKA,NAMKHANA,8
34915,NMKA,NAMKHANA,LKPR,LAKSHMIKANTA,8
34916,LKPR,LAKSHMIKANTA,NMKA,NAMKHANA,8
34917,NMKA,NAMKHANA,LKPR,LAKSHMIKANTA,8
34918,LKPR,LAKSHMIKANTA,NMKA,NAMKHANA,8
34919,NMKA,NAMKHANA,LKPR,LAKSHMIKANTA,8
34920,LKPR,LAKSHMIKANTA,NMKA,NAMKHANA,8
34921,NMKA,NAMKHANA,LKPR,LAKSHMIKANTA,8
34922,LKPR,LAKSHMIKANTA,NMKA,NAMKHANA,8
34923,NMKA,NAMKHANA,LKPR,LAKSHMIKANTA,8
34924,LKPR,LAKSHMIKANTA,NMKA,NAMKHANA,8
34925,NMKA,NAMKHANA,LKPR,LAKSHMIKANTA,8
34926,LKPR,LAKSHMIKANTA,NMKA,NAMKHANA,8
34927,NMKA,NAMKHANA,LKPR,LAKSHMIKANTA,8
34928,LKPR,LAKSHMIKANTA,NMKA,NAMKHANA,8
34929,NMKA,NAMKHANA,LKPR,LAKSHMIKANTA,8
34930,LKPR,LAKSHMIKANTA,NMKA,NAMKHANA,8
34931,NMKA,NAMKHANA,LKPR,LAKSHMIKANTA,8
34932,LKPR,LAKSHMIKANTA,NMKA,NAMKHANA,8
34933,NMKA,NAMKHANA,LKPR,LAKSHMIKANTA,8
34934,LKPR,LAKSHMIKANTA,NMKA,NAMKHANA,8
34981,KWDP,KWAKDWIP,LKPR,LAKSHMIKANTA,7
3501,JSME,JASIDIH JN.,ANVT,ANAND VIHAR,5
35011,BWN,BARDDHAMAN J,BGNA,BALGONA,9
35012,BGNA,BALGONA,BWN,BARDDHAMAN J,9
35013,BWN,BARDDHAMAN J,BGNA,BALGONA,9
35014,BWN,BARDDHAMAN J,BGNA,BALGONA,9
35015,BWN,BARDDHAMAN J,BGNA,BALGONA,9
35016,BGNA,BALGONA,BWN,BARDDHAMAN J,9
35017,BWN,BARDDHAMAN J,SPS,SHRIPAT SHRI,15
35018,SPS,SHRIPAT SHRI,BWN,BARDDHAMAN J,15
35019,BWN,BARDDHAMAN J,BGNA,BALGONA,9
3502,ANVT,ANAND VIHAR,JSME,JASIDIH JN.,5
35020,BGNA,BALGONA,BWN,BARDDHAMAN J,9
35021,BWN,BARDDHAMAN J,BGNA,BALGONA,9
35022,BGNA,BALGONA,BWN,BARDDHAMAN J,9
36011,HWH,HOWRAH JN.,BRPA,BARUI PARA,9
36012,BRPA,BARUI PARA,HWH,HOWRAH JN.,9
36031,HWH,HOWRAH JN.,CDAE,CHANDANPUR,14
36032,CDAE,CHANDANPUR,HWH,HOWRAH JN.,14
36033,HWH,HOWRAH JN.,CDAE,CHANDANPUR,14
36034,CDAE,CHANDANPUR,HWH,HOWRAH JN.,14
36035,HWH,HOWRAH JN.,CDAE,CHANDANPUR,14
36036,CDAE,CHANDANPUR,HWH,HOWRAH JN.,14
36037,HWH,HOWRAH JN.,CDAE,CHANDANPUR,14
36038,CDAE,CHANDANPUR,HWH,HOWRAH JN.,14
36071,HWH,HOWRAH JN.,GRAE,GURAP,18
36072,GRAE,GURAP,HWH,HOWRAH JN.,18
36081,HWH,HOWRAH JN.,MSAE,MASAGRAM,22
36082,MSAE,MASAGRAM,HWH,HOWRAH JN.,24
36083,HWH,HOWRAH JN.,MSAE,MASAGRAM,24
36084,MSAE,MASAGRAM,HWH,HOWRAH JN.,24
36085,HWH,HOWRAH JN.,MSAE,MASAGRAM,24
36086,MSAE,MASAGRAM,HWH,HOWRAH JN.,24
36087,HWH,HOWRAH JN.,MSAE,MASAGRAM,24
36088,MSAE,MASAGRAM,HWH,HOWRAH JN.,22
36811,HWH,HOWRAH JN.,BWN,BARDDHAMAN J,29
36812,BWN,BARDDHAMAN J,HWH,HOWRAH JN.,25
36813,HWH,HOWRAH JN.,BWN,BARDDHAMAN J,27
36814,BWN,BARDDHAMAN J,HWH,HOWRAH JN.,29
36815,HWH,HOWRAH JN.,BWN,BARDDHAMAN J,30
36816,BWN,BARDDHAMAN J,HWH,HOWRAH JN.,28
36817,HWH,HOWRAH JN.,BWN,BARDDHAMAN J,28
36818,BWN,BARDDHAMAN J,HWH,HOWRAH JN.,27
36819,HWH,HOWRAH JN.,BWN,BARDDHAMAN J,29
36820,BWN,BARDDHAMAN J,HWH,HOWRAH JN.,29
36821,HWH,HOWRAH JN.,BWN,BARDDHAMAN J,29
36822,BWN,BARDDHAMAN J,HWH,HOWRAH JN.,29
36823,HWH,HOWRAH JN.,BWN,BARDDHAMAN J,29
36824,BWN,BARDDHAMAN J,HWH,HOWRAH JN.,28
36825,HWH,HOWRAH JN.,BWN,BARDDHAMAN J,26
36826,BWN,BARDDHAMAN J,HWH,HOWRAH JN.,29
36827,HWH,HOWRAH JN.,BWN,BARDDHAMAN J,29
36828,BWN,BARDDHAMAN J,HWH,HOWRAH JN.,29
36829,HWH,HOWRAH JN.,BWN,BARDDHAMAN J,29
36830,BWN,BARDDHAMAN J,HWH,HOWRAH JN.,2
36831,HWH,HOWRAH JN.,BWN,BARDDHAMAN J,30
36832,BWN,BARDDHAMAN J,HWH,HOWRAH JN.,29
36833,HWH,HOWRAH JN.,BWN,BARDDHAMAN J,29
36834,BWN,BARDDHAMAN J,HWH,HOWRAH JN.,28
36835,HWH,HOWRAH JN.,BWN,BARDDHAMAN J,8
36836,BWN,BARDDHAMAN J,HWH,HOWRAH JN.,29
36837,HWH,HOWRAH JN.,BWN,BARDDHAMAN J,29
36838,BWN,BARDDHAMAN J,HWH,HOWRAH JN.,29
36839,HWH,HOWRAH JN.,BWN,BARDDHAMAN J,29
36840,BWN,BARDDHAMAN J,HWH,HOWRAH JN.,29
36841,HWH,HOWRAH JN.,BWN,BARDDHAMAN J,29
36842,BWN,BARDDHAMAN J,HWH,HOWRAH JN.,28
36843,HWH,HOWRAH JN.,BWN,BARDDHAMAN J,28
36844,BWN,BARDDHAMAN J,HWH,HOWRAH JN.,30
36845,HWH,HOWRAH JN.,BWN,BARDDHAMAN J,28
36846,BWN,BARDDHAMAN J,HWH,HOWRAH JN.,30
36847,HWH,HOWRAH JN.,BWN,BARDDHAMAN J,29
36848,BWN,BARDDHAMAN J,HWH,HOWRAH JN.,29
36849,HWH,HOWRAH JN.,BWN,BARDDHAMAN J,29
36850,BWN,BARDDHAMAN J,HWH,HOWRAH JN.,29
36851,HWH,HOWRAH JN.,BWN,BARDDHAMAN J,26
36852,BWN,BARDDHAMAN J,HWH,HOWRAH JN.,29
36853,HWH,HOWRAH JN.,BWN,BARDDHAMAN J,30
36854,BWN,BARDDHAMAN J,HWH,HOWRAH JN.,29
36855,HWH,HOWRAH JN.,BWN,BARDDHAMAN J,29
36856,BWN,BARDDHAMAN J,HWH,HOWRAH JN.,29
36858,BWN,BARDDHAMAN J,HWH,HOWRAH JN.,29
36860,BWN,BARDDHAMAN J,HWH,HOWRAH JN.,30
37011,HWH,HOWRAH JN.,SRP,SHRIRAMPUR,9
37012,SRP,SHRIRAMPUR,HWH,HOWRAH JN.,9
37013,HWH,HOWRAH JN.,SRP,SHRIRAMPUR,9
37014,SRP,SHRIRAMPUR,HWH,HOWRAH JN.,9
37017,HWH,HOWRAH JN.,SRP,SHRIRAMPUR,9
37018,SRP,SHRIRAMPUR,HWH,HOWRAH JN.,9
37019,HWH,HOWRAH JN.,SRP,SHRIRAMPUR,9
37020,SRP,SHRIRAMPUR,HWH,HOWRAH JN.,9
37021,HWH,HOWRAH JN.,SRP,SHRIRAMPUR,9
37022,SRP,SHRIRAMPUR,HWH,HOWRAH JN.,9
37041,HWH,HOWRAH JN.,SHE,SEORAPHULI J,10
37042,SHE,SEORAPHULI J,HWH,HOWRAH JN.,10
37043,HWH,HOWRAH JN.,SHE,SEORAPHULI J,10
37044,SHE,SEORAPHULI J,HWH,HOWRAH JN.,10
37045,HWH,HOWRAH JN.,SHE,SEORAPHULI J,10
37046,SHE,SEORAPHULI J,HWH,HOWRAH JN.,10
37047,HWH,HOWRAH JN.,SHE,SEORAPHULI J,10
37048,SHE,SEORAPHULI J,HWH,HOWRAH JN.,10
37049,HWH,HOWRAH JN.,SHE,SEORAPHULI J,10
37050,SHE,SEORAPHULI J,HWH,HOWRAH JN.,10
37053,HWH,HOWRAH JN.,SHE,SEORAPHULI J,10
37054,SHE,SEORAPHULI J,HWH,HOWRAH JN.,10
37055,HWH,HOWRAH JN.,SHE,SEORAPHULI J,10
37056,SHE,SEORAPHULI J,HWH,HOWRAH JN.,10
37057,HWH,HOWRAH JN.,SHE,SEORAPHULI J,10
37058,SHE,SEORAPHULI J,HWH,HOWRAH JN.,10
37060,SHE,SEORAPHULI J,HWH,HOWRAH JN.,10
37061,HWH,HOWRAH JN.,SHE,SEORAPHULI J,10
37062,SHE,SEORAPHULI J,HWH,HOWRAH JN.,10
37063,HWH,HOWRAH JN.,SHE,SEORAPHULI J,10
37064,SHE,SEORAPHULI J,HWH,HOWRAH JN.,10
37065,HWH,HOWRAH JN.,SHE,SEORAPHULI J,10
37066,SHE,SEORAPHULI J,HWH,HOWRAH JN.,10
37067,HWH,HOWRAH JN.,SHE,SEORAPHULI J,10
37068,SHE,SEORAPHULI J,HWH,HOWRAH JN.,10
37111,HWH,HOWRAH JN.,BRMH,BELURMATH,2
37112,BRMH,BELURMATH,HWH,HOWRAH JN.,3
37113,HWH,HOWRAH JN.,BRMH,BELURMATH,2
37114,BRMH,BELURMATH,HWH,HOWRAH JN.,3
37115,HWH,HOWRAH JN.,BRMH,BELURMATH,2
37116,BRMH,BELURMATH,HWH,HOWRAH JN.,3
37117,HWH,HOWRAH JN.,BRMH,BELURMATH,2
37118,BRMH,BELURMATH,HWH,HOWRAH JN.,3
37119,HWH,HOWRAH JN.,BRMH,BELURMATH,2
37120,BRMH,BELURMATH,HWH,HOWRAH JN.,3
37121,HWH,HOWRAH JN.,BRMH,BELURMATH,2
37122,BRMH,BELURMATH,HWH,HOWRAH JN.,3
37201,HWH,HOWRAH JN.,BDC,BANDEL JN.,17
37202,BDC,BANDEL JN.,HWH,HOWRAH JN.,17
37211,HWH,HOWRAH JN.,BDC,BANDEL JN.,17
37212,BDC,BANDEL JN.,HWH,HOWRAH JN.,17
37213,HWH,HOWRAH JN.,BDC,BANDEL JN.,17
37214,BDC,BANDEL JN.,HWH,HOWRAH JN.,17
37215,HWH,HOWRAH JN.,BDC,BANDEL JN.,17
37216,BDC,BANDEL JN.,HWH,HOWRAH JN.,17
37217,HWH,HOWRAH JN.,BDC,BANDEL JN.,17
37218,BDC,BANDEL JN.,HWH,HOWRAH JN.,17
37219,HWH,HOWRAH JN.,BDC,BANDEL JN.,17
37220,BDC,BANDEL JN.,HWH,HOWRAH JN.,17
37221,HWH,HOWRAH JN.,BDC,BANDEL JN.,17
37222,BDC,BANDEL JN.,HWH,HOWRAH JN.,17
37223,HWH,HOWRAH JN.,BDC,BANDEL JN.,17
37224,BDC,BANDEL JN.,HWH,HOWRAH JN.,17
37225,HWH,HOWRAH JN.,BDC,BANDEL JN.,17
37226,BDC,BANDEL JN.,HWH,HOWRAH JN.,17
37227,HWH,HOWRAH JN.,BDC,BANDEL JN.,17
37228,BDC,BANDEL JN.,HWH,HOWRAH JN.,17
37229,HWH,HOWRAH JN.,BDC,BANDEL JN.,17
37230,BDC,BANDEL JN.,HWH,HOWRAH JN.,17
37231,HWH,HOWRAH JN.,BDC,BANDEL JN.,17
37232,BDC,BANDEL JN.,HWH,HOWRAH JN.,17
37233,HWH,HOWRAH JN.,BDC,BANDEL JN.,17
37234,BDC,BANDEL JN.,HWH,HOWRAH JN.,17
37235,HWH,HOWRAH JN.,BDC,BANDEL JN.,17
37236,BDC,BANDEL JN.,HWH,HOWRAH JN.,17
37237,HWH,HOWRAH JN.,BDC,BANDEL JN.,17
37238,BDC,BANDEL JN.,HWH,HOWRAH JN.,17
37239,HWH,HOWRAH JN.,BDC,BANDEL JN.,17
37240,BDC,BANDEL JN.,HWH,HOWRAH JN.,17
37241,HWH,HOWRAH JN.,BDC,BANDEL JN.,17
37242,BDC,BANDEL JN.,HWH,HOWRAH JN.,17
37243,HWH,HOWRAH JN.,BDC,BANDEL JN.,17
37244,BDC,BANDEL JN.,HWH,HOWRAH JN.,17
37245,HWH,HOWRAH JN.,BDC,BANDEL JN.,17
37246,BDC,BANDEL JN.,HWH,HOWRAH JN.,17
37247,HWH,HOWRAH JN.,BDC,BANDEL JN.,17
37248,BDC,BANDEL JN.,HWH,HOWRAH JN.,17
37249,HWH,HOWRAH JN.,BDC,BANDEL JN.,17
37250,BDC,BANDEL JN.,HWH,HOWRAH JN.,17
37251,HWH,HOWRAH JN.,BDC,BANDEL JN.,17
37252,BDC,BANDEL JN.,HWH,HOWRAH JN.,17
37253,HWH,HOWRAH JN.,BDC,BANDEL JN.,17
37254,BDC,BANDEL JN.,HWH,HOWRAH JN.,17
37255,HWH,HOWRAH JN.,BDC,BANDEL JN.,17
37256,BDC,BANDEL JN.,HWH,HOWRAH JN.,17
37257,HWH,HOWRAH JN.,BDC,BANDEL JN.,17
37258,BDC,BANDEL JN.,HWH,HOWRAH JN.,17
37259,HWH,HOWRAH JN.,BDC,BANDEL JN.,17
37260,BDC,BANDEL JN.,HWH,HOWRAH JN.,17
37261,HWH,HOWRAH JN.,BDC,BANDEL JN.,17
37262,BDC,BANDEL JN.,HWH,HOWRAH JN.,17
37263,HWH,HOWRAH JN.,BDC,BANDEL JN.,17
37264,BDC,BANDEL JN.,HWH,HOWRAH JN.,17
37265,HWH,HOWRAH JN.,BDC,BANDEL JN.,17
37266,BDC,BANDEL JN.,HWH,HOWRAH JN.,17
37267,HWH,HOWRAH JN.,BDC,BANDEL JN.,17
37268,BDC,BANDEL JN.,HWH,HOWRAH JN.,17
37269,HWH,HOWRAH JN.,BDC,BANDEL JN.,17
37270,BDC,BANDEL JN.,HWH,HOWRAH JN.,17
37271,HWH,HOWRAH JN.,BDC,BANDEL JN.,17
37272,BDC,BANDEL JN.,HWH,HOWRAH JN.,17
37273,HWH,HOWRAH JN.,BDC,BANDEL JN.,17
37274,BDC,BANDEL JN.,HWH,HOWRAH JN.,17
37275,HWH,HOWRAH JN.,BDC,BANDEL JN.,17
37276,BDC,BANDEL JN.,HWH,HOWRAH JN.,17
37277,HWH,HOWRAH JN.,BDC,BANDEL JN.,17
37278,BDC,BANDEL JN.,HWH,HOWRAH JN.,17
37279,HWH,HOWRAH JN.,BDC,BANDEL JN.,17
37280,BDC,BANDEL JN.,HWH,HOWRAH JN.,17
37281,HWH,HOWRAH JN.,BDC,BANDEL JN.,17
37282,BDC,BANDEL JN.,HWH,HOWRAH JN.,17
37283,HWH,HOWRAH JN.,BDC,BANDEL JN.,17
37284,BDC,BANDEL JN.,HWH,HOWRAH JN.,17
37285,HWH,HOWRAH JN.,BDC,BANDEL JN.,17
37286,BDC,BANDEL JN.,HWH,HOWRAH JN.,17
37287,HWH,HOWRAH JN.,BDC,BANDEL JN.,17
37288,BDC,BANDEL JN.,HWH,HOWRAH JN.,17
37289,HWH,HOWRAH JN.,BDC,BANDEL JN.,17
37290,BDC,BANDEL JN.,HWH,HOWRAH JN.,17
37291,HWH,HOWRAH JN.,BDC,BANDEL JN.,17
37303,HWH,HOWRAH JN.,SIU,SINGUR,13
37304,SIU,SINGUR,HWH,HOWRAH JN.,13
37305,HWH,HOWRAH JN.,SIU,SINGUR,13
37306,SIU,SINGUR,HWH,HOWRAH JN.,13
37307,HWH,HOWRAH JN.,HPL,HARI PAL,17
37308,HPL,HARI PAL,HWH,HOWRAH JN.,17
37311,HWH,HOWRAH JN.,TAK,TARAKESHWAR,21
37312,TAK,TARAKESHWAR,HWH,HOWRAH JN.,21
37313,HWH,HOWRAH JN.,TAK,TARAKESHWAR,21
37314,TAK,TARAKESHWAR,HWH,HOWRAH JN.,21
37315,HWH,HOWRAH JN.,TAK,TARAKESHWAR,21
37316,TAK,TARAKESHWAR,HWH,HOWRAH JN.,21
37317,HWH,HOWRAH JN.,TAK,TARAKESHWAR,21
37318,TAK,TARAKESHWAR,HWH,HOWRAH JN.,21
37319,HWH,HOWRAH JN.,TAK,TARAKESHWAR,21
37320,TAK,TARAKESHWAR,HWH,HOWRAH JN.,20
37321,HWH,HOWRAH JN.,TAK,TARAKESHWAR,21
37322,TAK,TARAKESHWAR,HWH,HOWRAH JN.,18
37323,HWH,HOWRAH JN.,TAK,TARAKESHWAR,21
37324,TAK,TARAKESHWAR,HWH,HOWRAH JN.,21
37325,HWH,HOWRAH JN.,TAK,TARAKESHWAR,21
37326,TAK,TARAKESHWAR,HWH,HOWRAH JN.,21
37327,HWH,HOWRAH JN.,TAK,TARAKESHWAR,21
37328,TAK,TARAKESHWAR,HWH,HOWRAH JN.,21
37329,HWH,HOWRAH JN.,TAK,TARAKESHWAR,21
37330,TAK,TARAKESHWAR,HWH,HOWRAH JN.,21
37331,HWH,HOWRAH JN.,TAK,TARAKESHWAR,21
37332,TAK,TARAKESHWAR,HWH,HOWRAH JN.,21
37333,HWH,HOWRAH JN.,TAK,TARAKESHWAR,21
37334,TAK,TARAKESHWAR,HWH,HOWRAH JN.,21
37335,HWH,HOWRAH JN.,TAK,TARAKESHWAR,21
37336,TAK,TARAKESHWAR,HWH,HOWRAH JN.,21
37337,HWH,HOWRAH JN.,TAK,TARAKESHWAR,21
37338,TAK,TARAKESHWAR,HWH,HOWRAH JN.,21
37339,HWH,HOWRAH JN.,TAK,TARAKESHWAR,21
37340,TAK,TARAKESHWAR,HWH,HOWRAH JN.,21
37341,HWH,HOWRAH JN.,TAK,TARAKESHWAR,21
37342,TAK,TARAKESHWAR,HWH,HOWRAH JN.,21
37343,HWH,HOWRAH JN.,TAK,TARAKESHWAR,21
37344,TAK,TARAKESHWAR,HWH,HOWRAH JN.,21
37345,HWH,HOWRAH JN.,TAK,TARAKESHWAR,21
37346,TAK,TARAKESHWAR,HWH,HOWRAH JN.,21
37347,HWH,HOWRAH JN.,TAK,TARAKESHWAR,21
37348,TAK,TARAKESHWAR,HWH,HOWRAH JN.,21
37349,HWH,HOWRAH JN.,TAK,TARAKESHWAR,21
37350,TAK,TARAKESHWAR,HWH,HOWRAH JN.,21
37351,HWH,HOWRAH JN.,TAK,TARAKESHWAR,21
37352,TAK,TARAKESHWAR,HWH,HOWRAH JN.,21
37354,TAK,TARAKESHWAR,HWH,HOWRAH JN.,21
37361,HWH,HOWRAH JN.,AMBG,ARAMBAG,23
37362,AMBG,ARAMBAG,HWH,HOWRAH JN.,23
37363,HWH,HOWRAH JN.,AMBG,ARAMBAG,23
37364,AMBG,ARAMBAG,HWH,HOWRAH JN.,23
37365,HWH,HOWRAH JN.,AMBG,ARAMBAG,23
37366,AMBG,ARAMBAG,HWH,HOWRAH JN.,23
37367,HWH,HOWRAH JN.,AMBG,ARAMBAG,23
37368,AMBG,ARAMBAG,HWH,HOWRAH JN.,23
37371,HWH,HOWRAH JN.,AMBG,ARAMBAG,23
37372,AMBG,ARAMBAG,HWH,HOWRAH JN.,22
37373,HWH,HOWRAH JN.,AMBG,ARAMBAG,23
37374,AMBG,ARAMBAG,HWH,HOWRAH JN.,23
37375,HWH,HOWRAH JN.,AMBG,ARAMBAG,23
37376,AMBG,ARAMBAG,HWH,HOWRAH JN.,23
37378,AMBG,ARAMBAG,HWH,HOWRAH JN.,23
37379,HWH,HOWRAH JN.,AMBG,ARAMBAG,23
37385,TAK,TARAKESHWAR,AMBG,ARAMBAG,3
37386,AMBG,ARAMBAG,TAK,TARAKESHWAR,3
37387,TAK,TARAKESHWAR,AMBG,ARAMBAG,5
37388,AMBG,ARAMBAG,TAK,TARAKESHWAR,5
37389,TAK,TARAKESHWAR,AMBG,ARAMBAG,3
37390,AMBG,ARAMBAG,TAK,TARAKESHWAR,3
37391,TAK,TARAKESHWAR,AMBG,ARAMBAG,5
37392,AMBG,ARAMBAG,TAK,TARAKESHWAR,3
37394,AMBG,ARAMBAG,TAK,TARAKESHWAR,5
37411,SHE,SEORAPHULI J,TAK,TARAKESHWAR,12
37412,TAK,TARAKESHWAR,SHE,SEORAPHULI J,12
37413,SHE,SEORAPHULI J,TAK,TARAKESHWAR,12
37414,TAK,TARAKESHWAR,SHE,SEORAPHULI J,12
37511,BLY,BALLY,BDC,BANDEL JN.,14
37512,BDC,BANDEL JN.,BLY,BALLY,14
37521,NH,NAIHATI JN.,BDC,BANDEL JN.,4
37522,BDC,BANDEL JN.,NH,NAIHATI JN.,4
37523,NH,NAIHATI JN.,BDC,BANDEL JN.,4
37524,BDC,BANDEL JN.,NH,NAIHATI JN.,4
37525,NH,NAIHATI JN.,BDC,BANDEL JN.,4
37526,BDC,BANDEL JN.,NH,NAIHATI JN.,4
37527,NH,NAIHATI JN.,BDC,BANDEL JN.,4
37528,BDC,BANDEL JN.,NH,NAIHATI JN.,4
37529,NH,NAIHATI JN.,BDC,BANDEL JN.,4
37530,BDC,BANDEL JN.,NH,NAIHATI JN.,4
37531,NH,NAIHATI JN.,BDC,BANDEL JN.,4
37532,BDC,BANDEL JN.,NH,NAIHATI JN.,4
37533,NH,NAIHATI JN.,BDC,BANDEL JN.,4
37534,BDC,BANDEL JN.,NH,NAIHATI JN.,4
37535,NH,NAIHATI JN.,BDC,BANDEL JN.,4
37536,BDC,BANDEL JN.,NH,NAIHATI JN.,4
37537,NH,NAIHATI JN.,BDC,BANDEL JN.,4
37538,BDC,BANDEL JN.,NH,NAIHATI JN.,4
37539,NH,NAIHATI JN.,BDC,BANDEL JN.,4
37540,BDC,BANDEL JN.,NH,NAIHATI JN.,4
37541,NH,NAIHATI JN.,BDC,BANDEL JN.,4
37542,BDC,BANDEL JN.,NH,NAIHATI JN.,4
37543,NH,NAIHATI JN.,BDC,BANDEL JN.,4
37544,BDC,BANDEL JN.,NH,NAIHATI JN.,4
37545,NH,NAIHATI JN.,BDC,BANDEL JN.,4
37546,BDC,BANDEL JN.,NH,NAIHATI JN.,4
37547,NH,NAIHATI JN.,BDC,BANDEL JN.,4
37548,BDC,BANDEL JN.,NH,NAIHATI JN.,4
37549,NH,NAIHATI JN.,BDC,BANDEL JN.,4
37550,BDC,BANDEL JN.,NH,NAIHATI JN.,4
37551,NH,NAIHATI JN.,BDC,BANDEL JN.,4
37552,BDC,BANDEL JN.,NH,NAIHATI JN.,4
37553,NH,NAIHATI JN.,BDC,BANDEL JN.,4
37554,BDC,BANDEL JN.,NH,NAIHATI JN.,4
37555,NH,NAIHATI JN.,BDC,BANDEL JN.,4
37556,BDC,BANDEL JN.,NH,NAIHATI JN.,4
37557,NH,NAIHATI JN.,BDC,BANDEL JN.,4
37558,BDC,BANDEL JN.,NH,NAIHATI JN.,4
37611,HWH,HOWRAH JN.,PDA,PUNDOOAH,20
37612,PDA,PUNDOOAH,HWH,HOWRAH JN.,15
37614,PDA,PUNDOOAH,HWH,HOWRAH JN.,20
37651,HWH,HOWRAH JN.,MYM,MEMARI,18
37652,MYM,MEMARI,HWH,HOWRAH JN.,18
37653,HWH,HOWRAH JN.,MYM,MEMARI,28
37654,MYM,MEMARI,HWH,HOWRAH JN.,28
37655,HWH,HOWRAH JN.,MYM,MEMARI,28
37656,MYM,MEMARI,HWH,HOWRAH JN.,28
37657,HWH,HOWRAH JN.,MYM,MEMARI,28
37658,MYM,MEMARI,HWH,HOWRAH JN.,28
37711,BDC,BANDEL JN.,PDA,PUNDOOAH,6
37731,BDC,BANDEL JN.,MYM,MEMARI,12
37732,MYM,MEMARI,BDC,BANDEL JN.,12
37741,BDC,BANDEL JN.,KWAE,KATWA JN.,27
37742,KWAE,KATWA JN.,BDC,BANDEL JN.,25
37743,BDC,BANDEL JN.,KWAE,KATWA JN.,24
37744,KWAE,KATWA JN.,BDC,BANDEL JN.,28
37745,BDC,BANDEL JN.,KWAE,KATWA JN.,26
37746,KWAE,KATWA JN.,BDC,BANDEL JN.,27
37747,BDC,BANDEL JN.,KWAE,KATWA JN.,27
37748,KWAE,KATWA JN.,BDC,BANDEL JN.,28
37750,KWAE,KATWA JN.,BDC,BANDEL JN.,28
37751,BDC,BANDEL JN.,KWAE,KATWA JN.,28
37752,KWAE,KATWA JN.,BDC,BANDEL JN.,28
37753,BDC,BANDEL JN.,KWAE,KATWA JN.,28
37754,KWAE,KATWA JN.,BDC,BANDEL JN.,25
37756,KWAE,KATWA JN.,BDC,BANDEL JN.,28
37757,BDC,BANDEL JN.,KWAE,KATWA JN.,24
37758,KWAE,KATWA JN.,BDC,BANDEL JN.,25
37781,BDC,BANDEL JN.,BWN,BARDDHAMAN J,18
37782,BWN,BARDDHAMAN J,BDC,BANDEL JN.,18
37783,BDC,BANDEL JN.,BWN,BARDDHAMAN J,18
37784,BWN,BARDDHAMAN J,BDC,BANDEL JN.,18
37785,BDC,BANDEL JN.,BWN,BARDDHAMAN J,18
37786,BWN,BARDDHAMAN J,BDC,BANDEL JN.,18
37811,HWH,HOWRAH JN.,BWN,BARDDHAMAN J,34
37812,BWN,BARDDHAMAN J,HWH,HOWRAH JN.,32
37813,HWH,HOWRAH JN.,BWN,BARDDHAMAN J,34
37814,BWN,BARDDHAMAN J,HWH,HOWRAH JN.,34
37815,HWH,HOWRAH JN.,BWN,BARDDHAMAN J,27
37816,BWN,BARDDHAMAN J,HWH,HOWRAH JN.,34
37817,HWH,HOWRAH JN.,BWN,BARDDHAMAN J,34
37818,BWN,BARDDHAMAN J,HWH,HOWRAH JN.,34
37819,HWH,HOWRAH JN.,BWN,BARDDHAMAN J,34
37820,BWN,BARDDHAMAN J,HWH,HOWRAH JN.,34
37821,HWH,HOWRAH JN.,BWN,BARDDHAMAN J,34
37822,BWN,BARDDHAMAN J,HWH,HOWRAH JN.,3
37823,HWH,HOWRAH JN.,BWN,BARDDHAMAN J,34
37824,BWN,BARDDHAMAN J,HWH,HOWRAH JN.,28
37825,HWH,HOWRAH JN.,BWN,BARDDHAMAN J,34
37826,BWN,BARDDHAMAN J,HWH,HOWRAH JN.,22
37827,HWH,HOWRAH JN.,BWN,BARDDHAMAN J,34
37828,BWN,BARDDHAMAN J,HWH,HOWRAH JN.,27
37829,HWH,HOWRAH JN.,BWN,BARDDHAMAN J,34
37830,BWN,BARDDHAMAN J,HWH,HOWRAH JN.,27
37831,HWH,HOWRAH JN.,BWN,BARDDHAMAN J,30
37832,BWN,BARDDHAMAN J,HWH,HOWRAH JN.,34
37833,HWH,HOWRAH JN.,BWN,BARDDHAMAN J,33
37834,BWN,BARDDHAMAN J,HWH,HOWRAH JN.,34
37835,HWH,HOWRAH JN.,BWN,BARDDHAMAN J,21
37836,BWN,BARDDHAMAN J,HWH,HOWRAH JN.,34
37837,HWH,HOWRAH JN.,BWN,BARDDHAMAN J,27
37838,BWN,BARDDHAMAN J,HWH,HOWRAH JN.,34
37839,HWH,HOWRAH JN.,BWN,BARDDHAMAN J,29
37840,BWN,BARDDHAMAN J,HWH,HOWRAH JN.,34
37841,HWH,HOWRAH JN.,BWN,BARDDHAMAN J,22
37842,BWN,BARDDHAMAN J,HWH,HOWRAH JN.,34
37843,HWH,HOWRAH JN.,BWN,BARDDHAMAN J,3
37844,BWN,BARDDHAMAN J,HWH,HOWRAH JN.,22
37845,HWH,HOWRAH JN.,BWN,BARDDHAMAN J,30
37846,BWN,BARDDHAMAN J,HWH,HOWRAH JN.,33
37847,HWH,HOWRAH JN.,BWN,BARDDHAMAN J,27
37848,BWN,BARDDHAMAN J,HWH,HOWRAH JN.,34
37849,HWH,HOWRAH JN.,BWN,BARDDHAMAN J,11
37850,BWN,BARDDHAMAN J,HWH,HOWRAH JN.,34
37851,HWH,HOWRAH JN.,BWN,BARDDHAMAN J,34
37852,BWN,BARDDHAMAN J,HWH,HOWRAH JN.,34
37853,HWH,HOWRAH JN.,BWN,BARDDHAMAN J,30
37854,BWN,BARDDHAMAN J,HWH,HOWRAH JN.,34
37855,HWH,HOWRAH JN.,BWN,BARDDHAMAN J,34
37857,HWH,HOWRAH JN.,BWN,BARDDHAMAN J,34
37911,HWH,HOWRAH JN.,KWAE,KATWA JN.,44
37912,KWAE,KATWA JN.,HWH,HOWRAH JN.,41
37913,HWH,HOWRAH JN.,KWAE,KATWA JN.,44
37914,KWAE,KATWA JN.,HWH,HOWRAH JN.,29
37915,HWH,HOWRAH JN.,KWAE,KATWA JN.,30
37916,KWAE,KATWA JN.,HWH,HOWRAH JN.,31
37917,HWH,HOWRAH JN.,KWAE,KATWA JN.,44
37918,KWAE,KATWA JN.,HWH,HOWRAH JN.,44
37919,HWH,HOWRAH JN.,KWAE,KATWA JN.,33
37920,KWAE,KATWA JN.,HWH,HOWRAH JN.,30
37921,HWH,HOWRAH JN.,KWAE,KATWA JN.,39
37922,KWAE,KATWA JN.,HWH,HOWRAH JN.,44
37923,HWH,HOWRAH JN.,KWAE,KATWA JN.,31
37924,KWAE,KATWA JN.,HWH,HOWRAH JN.,30
37925,HWH,HOWRAH JN.,KWAE,KATWA JN.,29
37926,KWAE,KATWA JN.,HWH,HOWRAH JN.,44
37927,HWH,HOWRAH JN.,KWAE,KATWA JN.,41
37928,KWAE,KATWA JN.,HWH,HOWRAH JN.,40
38031,SHM,SHALIMAR,SRC,SANTRAGACHI,3
38032,SRC,SANTRAGACHI,SHM,SHALIMAR,3
38033,SHM,SHALIMAR,SRC,SANTRAGACHI,3
38034,SRC,SANTRAGACHI,SHM,SHALIMAR,3
38036,SRC,SANTRAGACHI,SHM,SHALIMAR,3
38051,HWH,HOWRAH JN.,HLZ,HALDIA,38
38052,HLZ,HALDIA,HWH,HOWRAH JN.,26
38053,HWH,HOWRAH JN.,HLZ,HALDIA,21
38054,HLZ,HALDIA,PKU,PANSKURA,14
38055,PKU,PANSKURA,HLZ,HALDIA,14
38056,HLZ,HALDIA,HWH,HOWRAH JN.,20
38057,HWH,HOWRAH JN.,HLZ,HALDIA,34
38058,HLZ,HALDIA,HWH,HOWRAH JN.,26
38101,SRC,SANTRAGACHI,ULB,ULUBARIA,9
38102,ULB,ULUBARIA,SRC,SANTRAGACHI,9
38103,HWH,HOWRAH JN.,ULB,ULUBARIA,13
38104,ULB,ULUBARIA,HWH,HOWRAH JN.,13
38105,HWH,HOWRAH JN.,ULB,ULUBARIA,14
38106,ULB,ULUBARIA,HWH,HOWRAH JN.,13
38107,SRC,SANTRAGACHI,ULB,ULUBARIA,9
38108,ULB,ULUBARIA,HWH,HOWRAH JN.,13
38202,BZN,BAGNAN,HWH,HOWRAH JN.,16
38204,BZN,BAGNAN,HWH,HOWRAH JN.,16
38206,BZN,BAGNAN,SRC,SANTRAGACHI,12
38301,SRC,SANTRAGACHI,MCA,MECHEDA,17
38302,MCA,MECHEDA,HWH,HOWRAH JN.,20
38303,HWH,HOWRAH JN.,MCA,MECHEDA,21
38304,MCA,MECHEDA,HWH,HOWRAH JN.,20
38305,SHM,SHALIMAR,MCA,MECHEDA,18
38306,MCA,MECHEDA,HWH,HOWRAH JN.,20
38307,HWH,HOWRAH JN.,MCA,MECHEDA,20
38308,MCA,MECHEDA,HWH,HOWRAH JN.,20
38310,MCA,MECHEDA,SHM,SHALIMAR,18
38312,MCA,MECHEDA,HWH,HOWRAH JN.,20
38314,MCA,MECHEDA,HWH,HOWRAH JN.,20
38316,MCA,MECHEDA,SRC,SANTRAGACHI,16
38318,MCA,MECHEDA,HWH,HOWRAH JN.,20
38321,HWH,HOWRAH JN.,MCA,MECHEDA,20
38401,HWH,HOWRAH JN.,PKU,PANSKURA,25
38402,PKU,PANSKURA,HWH,HOWRAH JN.,24
38403,HWH,HOWRAH JN.,PKU,PANSKURA,25
38404,PKU,PANSKURA,HWH,HOWRAH JN.,24
38405,HWH,HOWRAH JN.,PKU,PANSKURA,25
38406,PKU,PANSKURA,HWH,HOWRAH JN.,24
38407,SRC,SANTRAGACHI,PKU,PANSKURA,21
38408,PKU,PANSKURA,HWH,HOWRAH JN.,24
38409,HWH,HOWRAH JN.,PKU,PANSKURA,25
38410,PKU,PANSKURA,HWH,HOWRAH JN.,24
38411,HWH,HOWRAH JN.,PKU,PANSKURA,24
38412,PKU,PANSKURA,HWH,HOWRAH JN.,24
38413,HWH,HOWRAH JN.,PKU,PANSKURA,25
38414,PKU,PANSKURA,HWH,HOWRAH JN.,24
38416,PKU,PANSKURA,HWH,HOWRAH JN.,24
38419,HWH,HOWRAH JN.,PKU,PANSKURA,25
38421,HWH,HOWRAH JN.,PKU,PANSKURA,24
38423,HWH,HOWRAH JN.,PKU,PANSKURA,24
38425,HWH,HOWRAH JN.,PKU,PANSKURA,24
38427,HWH,HOWRAH JN.,PKU,PANSKURA,23
38431,HWH,HOWRAH JN.,PKU,PANSKURA,24
38433,HWH,HOWRAH JN.,PKU,PANSKURA,23
38437,HWH,HOWRAH JN.,PKU,PANSKURA,24
38447,HWH,HOWRAH JN.,PKU,PANSKURA,24
38449,HWH,HOWRAH JN.,PKU,PANSKURA,24
38451,HWH,HOWRAH JN.,PKU,PANSKURA,24
38452,PKU,PANSKURA,HWH,HOWRAH JN.,24
38453,HWH,HOWRAH JN.,PKU,PANSKURA,24
38454,PKU,PANSKURA,HWH,HOWRAH JN.,24
38455,HWH,HOWRAH JN.,PKU,PANSKURA,24
38456,PKU,PANSKURA,HWH,HOWRAH JN.,24
38501,HWH,HOWRAH JN.,BCK,BALICHAK,29
38502,BCK,BALICHAK,HWH,HOWRAH JN.,29
38601,HWH,HOWRAH JN.,KIG,KOLAGHAT,20
38602,KIG,KOLAGHAT,HWH,HOWRAH JN.,19
38701,HWH,HOWRAH JN.,KGP,KHARAGPUR,17
38702,KGP,KHARAGPUR,HWH,HOWRAH JN.,33
38703,HWH,HOWRAH JN.,KGP,KHARAGPUR,34
38704,KGP,KHARAGPUR,HWH,HOWRAH JN.,33
38705,HWH,HOWRAH JN.,KGP,KHARAGPUR,33
38706,KGP,KHARAGPUR,HWH,HOWRAH JN.,32
38707,HWH,HOWRAH JN.,KGP,KHARAGPUR,34
38708,KGP,KHARAGPUR,HWH,HOWRAH JN.,33
38709,SRC,SANTRAGACHI,KGP,KHARAGPUR,29
38710,KGP,KHARAGPUR,HWH,HOWRAH JN.,33
38711,HWH,HOWRAH JN.,KGP,KHARAGPUR,32
38713,HWH,HOWRAH JN.,KGP,KHARAGPUR,33
38719,HWH,HOWRAH JN.,KGP,KHARAGPUR,33
38726,KGP,KHARAGPUR,HWH,HOWRAH JN.,33
38728,KGP,KHARAGPUR,HWH,HOWRAH JN.,31
38730,KGP,KHARAGPUR,HWH,HOWRAH JN.,27
38801,HWH,HOWRAH JN.,MDN,MIDNAPORE,30
38802,MDN,MIDNAPORE,HWH,HOWRAH JN.,36
38803,HWH,HOWRAH JN.,MDN,MIDNAPORE,36
38804,MDN,MIDNAPORE,HWH,HOWRAH JN.,34
38805,HWH,HOWRAH JN.,MDN,MIDNAPORE,37
38806,MDN,MIDNAPORE,HWH,HOWRAH JN.,14
38807,HWH,HOWRAH JN.,MDN,MIDNAPORE,37
38808,MDN,MIDNAPORE,HWH,HOWRAH JN.,26
38809,HWH,HOWRAH JN.,MDN,MIDNAPORE,37
38810,MDN,MIDNAPORE,HWH,HOWRAH JN.,36
38811,HWH,HOWRAH JN.,MDN,MIDNAPORE,37
38812,MDN,MIDNAPORE,HWH,HOWRAH JN.,36
38813,HWH,HOWRAH JN.,MDN,MIDNAPORE,36
38814,MDN,MIDNAPORE,HWH,HOWRAH JN.,36
38815,HWH,HOWRAH JN.,MDN,MIDNAPORE,34
38816,MDN,MIDNAPORE,HWH,HOWRAH JN.,33
38817,HWH,HOWRAH JN.,MDN,MIDNAPORE,33
38818,MDN,MIDNAPORE,HWH,HOWRAH JN.,36
38819,HWH,HOWRAH JN.,MDN,MIDNAPORE,35
38820,MDN,MIDNAPORE,HWH,HOWRAH JN.,36
38821,HWH,HOWRAH JN.,MDN,MIDNAPORE,19
38822,MDN,MIDNAPORE,HWH,HOWRAH JN.,33
38823,HWH,HOWRAH JN.,MDN,MIDNAPORE,24
38824,MDN,MIDNAPORE,HWH,HOWRAH JN.,29
38825,HWH,HOWRAH JN.,MDN,MIDNAPORE,13
38826,MDN,MIDNAPORE,HWH,HOWRAH JN.,36
38827,HWH,HOWRAH JN.,MDN,MIDNAPORE,24
38828,MDN,MIDNAPORE,HWH,HOWRAH JN.,36
38829,HWH,HOWRAH JN.,MDN,MIDNAPORE,26
38830,MDN,MIDNAPORE,HWH,HOWRAH JN.,36
38831,HWH,HOWRAH JN.,MDN,MIDNAPORE,34
38832,MDN,MIDNAPORE,KGP,KHARAGPUR,4
38902,AMZ,AMTA,SRC,SANTRAGACHI,17
38905,HWH,HOWRAH JN.,AMZ,AMTA,21
38908,AMZ,AMTA,HWH,HOWRAH JN.,21
38909,HWH,HOWRAH JN.,AMZ,AMTA,21
38923,HWH,HOWRAH JN.,AMZ,AMTA,21
38924,AMZ,AMTA,HWH,HOWRAH JN.,21
40001,MSB,CHENNAI BEAC,TBM,TAMBARAM,18
40002,TBM,TAMBARAM,MSB,CHENNAI BEAC,18
40003,MSB,CHENNAI BEAC,TBM,TAMBARAM,18
40004,TBM,TAMBARAM,MSB,CHENNAI BEAC,18
40005,MSB,CHENNAI BEAC,TBM,TAMBARAM,6
40006,TBM,TAMBARAM,MSB,CHENNAI BEAC,18
40007,MSB,CHENNAI BEAC,TBM,TAMBARAM,18
40008,TBM,TAMBARAM,MSB,CHENNAI BEAC,18
40009,MSB,CHENNAI BEAC,TBM,TAMBARAM,18
40010,TBM,TAMBARAM,MSB,CHENNAI BEAC,18
40011,MSB,CHENNAI BEAC,TBM,TAMBARAM,18
40012,TBM,TAMBARAM,MSB,CHENNAI BEAC,18
40013,MSB,CHENNAI BEAC,TBM,TAMBARAM,18
40014,TBM,TAMBARAM,MSB,CHENNAI BEAC,18
40015,MSB,CHENNAI BEAC,TBM,TAMBARAM,18
40016,TBM,TAMBARAM,MSB,CHENNAI BEAC,18
40017,MSB,CHENNAI BEAC,TBM,TAMBARAM,18
40018,TBM,TAMBARAM,MSB,CHENNAI BEAC,18
40019,MSB,CHENNAI BEAC,PV,PALLAVARAM,15
40020,TBM,TAMBARAM,MSB,CHENNAI BEAC,18
40021,MSB,CHENNAI BEAC,STM,ST. THOMAS M,3
40022,TBM,TAMBARAM,MSB,CHENNAI BEAC,18
40023,MSB,CHENNAI BEAC,TBM,TAMBARAM,18
40025,MSB,CHENNAI BEAC,TBM,TAMBARAM,18
40026,TBM,TAMBARAM,MSB,CHENNAI BEAC,18
40027,MSB,CHENNAI BEAC,TBM,TAMBARAM,18
40028,TBM,TAMBARAM,MSB,CHENNAI BEAC,18
40029,MSB,CHENNAI BEAC,TBM,TAMBARAM,18
40030,TBM,TAMBARAM,MSB,CHENNAI BEAC,18
40031,MSB,CHENNAI BEAC,TBM,TAMBARAM,18
40032,TBM,TAMBARAM,MSB,CHENNAI BEAC,18
40033,MSB,CHENNAI BEAC,TBM,TAMBARAM,18
40034,TBM,TAMBARAM,MSB,CHENNAI BEAC,18
40035,MSB,CHENNAI BEAC,TBM,TAMBARAM,18
40036,TBM,TAMBARAM,MSB,CHENNAI BEAC,18
40037,MSB,CHENNAI BEAC,TBM,TAMBARAM,18
40038,TBM,TAMBARAM,MSB,CHENNAI BEAC,18
40039,MSB,CHENNAI BEAC,TBM,TAMBARAM,18
40040,TBM,TAMBARAM,MSB,CHENNAI BEAC,18
40041,MSB,CHENNAI BEAC,TBM,TAMBARAM,18
40042,STM,ST. THOMAS M,MSB,CHENNAI BEAC,2
40043,MSB,CHENNAI BEAC,TBM,TAMBARAM,18
40044,PV,PALLAVARAM,MSB,CHENNAI BEAC,2
40045,MSB,CHENNAI BEAC,TBM,TAMBARAM,18
40046,TBM,TAMBARAM,MSB,CHENNAI BEAC,18
40047,MSB,CHENNAI BEAC,TBM,TAMBARAM,18
40048,TBM,TAMBARAM,MSB,CHENNAI BEAC,18
40049,MSB,CHENNAI BEAC,TBM,TAMBARAM,18
40050,TBM,TAMBARAM,MSB,CHENNAI BEAC,18
40051,MSB,CHENNAI BEAC,TBM,TAMBARAM,18
40052,TBM,TAMBARAM,MSB,CHENNAI BEAC,2
40053,MSB,CHENNAI BEAC,TBM,TAMBARAM,18
40054,TBM,TAMBARAM,MSB,CHENNAI BEAC,18
40055,MSB,CHENNAI BEAC,TBM,TAMBARAM,18
40056,TBM,TAMBARAM,MSB,CHENNAI BEAC,18
40057,MSB,CHENNAI BEAC,TBM,TAMBARAM,18
40058,TBM,TAMBARAM,MSB,CHENNAI BEAC,18
40059,MSB,CHENNAI BEAC,TBM,TAMBARAM,18
40060,TBM,TAMBARAM,MSB,CHENNAI BEAC,18
40061,MSB,CHENNAI BEAC,TBM,TAMBARAM,18
40062,TBM,TAMBARAM,MSB,CHENNAI BEAC,18
40063,MSB,CHENNAI BEAC,TBM,TAMBARAM,18
40064,TBM,TAMBARAM,MSB,CHENNAI BEAC,18
40065,MSB,CHENNAI BEAC,TBM,TAMBARAM,18
40066,TBM,TAMBARAM,MSB,CHENNAI BEAC,18
40067,MSB,CHENNAI BEAC,TBM,TAMBARAM,18
40068,TBM,TAMBARAM,MSB,CHENNAI BEAC,18
40069,MSB,CHENNAI BEAC,TBM,TAMBARAM,18
40070,TBM,TAMBARAM,MSB,CHENNAI BEAC,18
40071,MSB,CHENNAI BEAC,TBM,TAMBARAM,18
40072,TBM,TAMBARAM,MSB,CHENNAI BEAC,18
40073,MSB,CHENNAI BEAC,TBM,TAMBARAM,18
40074,TBM,TAMBARAM,MSB,CHENNAI BEAC,2
40075,MSB,CHENNAI BEAC,TBM,TAMBARAM,18
40076,TBM,TAMBARAM,MSB,CHENNAI BEAC,2
40077,MSB,CHENNAI BEAC,TBM,TAMBARAM,18
40078,TBM,TAMBARAM,MSB,CHENNAI BEAC,2
40079,MSB,CHENNAI BEAC,TBM,TAMBARAM,18
40080,TBM,TAMBARAM,MSB,CHENNAI BEAC,2
40081,MSB,CHENNAI BEAC,TBM,TAMBARAM,18
40082,TBM,TAMBARAM,MSB,CHENNAI BEAC,2
40083,MSB,CHENNAI BEAC,TBM,TAMBARAM,18
40084,TBM,TAMBARAM,MSB,CHENNAI BEAC,2
40085,MSB,CHENNAI BEAC,TBM,TAMBARAM,18
40086,TBM,TAMBARAM,MSB,CHENNAI BEAC,2
40087,MSB,CHENNAI BEAC,TBM,TAMBARAM,18
40088,TBM,TAMBARAM,MSB,CHENNAI BEAC,2
40089,MSB,CHENNAI BEAC,TBM,TAMBARAM,18
40090,TBM,TAMBARAM,MSB,CHENNAI BEAC,2
40091,MSB,CHENNAI BEAC,TBM,TAMBARAM,18
40092,TBM,TAMBARAM,MSB,CHENNAI BEAC,2
40093,MSB,CHENNAI BEAC,TBM,TAMBARAM,18
40094,TBM,TAMBARAM,MSB,CHENNAI BEAC,2
40095,MSB,CHENNAI BEAC,TBM,TAMBARAM,18
40096,TBM,TAMBARAM,MSB,CHENNAI BEAC,2
40097,MSB,CHENNAI BEAC,TBM,TAMBARAM,18
40098,TBM,TAMBARAM,MSB,CHENNAI BEAC,2
40099,MSB,CHENNAI BEAC,TBM,TAMBARAM,18
401,AWB,AURANGABAD,BSB,VARANASI JN.,12
40100,TBM,TAMBARAM,MSB,CHENNAI BEAC,2
40101,MSB,CHENNAI BEAC,TBM,TAMBARAM,18
40102,TBM,TAMBARAM,MSB,CHENNAI BEAC,2
40103,MSB,CHENNAI BEAC,TBM,TAMBARAM,18
40104,TBM,TAMBARAM,MSB,CHENNAI BEAC,2
40105,MSB,CHENNAI BEAC,TBM,TAMBARAM,18
40106,TBM,TAMBARAM,MSB,CHENNAI BEAC,2
40107,MSB,CHENNAI BEAC,TBM,TAMBARAM,18
40108,TBM,TAMBARAM,MSB,CHENNAI BEAC,2
40109,MSB,CHENNAI BEAC,TBM,TAMBARAM,18
40110,TBM,TAMBARAM,MSB,CHENNAI BEAC,2
40111,MSB,CHENNAI BEAC,TBM,TAMBARAM,18
40112,TBM,TAMBARAM,MSB,CHENNAI BEAC,2
40113,MSB,CHENNAI BEAC,TBM,TAMBARAM,18
40114,TBM,TAMBARAM,MSB,CHENNAI BEAC,2
40115,MSB,CHENNAI BEAC,TBM,TAMBARAM,18
40116,TBM,TAMBARAM,MSB,CHENNAI BEAC,2
40117,MSB,CHENNAI BEAC,TBM,TAMBARAM,18
40118,TBM,TAMBARAM,MSB,CHENNAI BEAC,2
40119,MSB,CHENNAI BEAC,TBM,TAMBARAM,18
40120,TBM,TAMBARAM,MSB,CHENNAI BEAC,2
40121,MSB,CHENNAI BEAC,TBM,TAMBARAM,18
40122,TBM,TAMBARAM,MSB,CHENNAI BEAC,2
40123,MSB,CHENNAI BEAC,TBM,TAMBARAM,18
40124,TBM,TAMBARAM,MSB,CHENNAI BEAC,2
40125,MSB,CHENNAI BEAC,TBM,TAMBARAM,18
40126,TBM,TAMBARAM,MSB,CHENNAI BEAC,2
40127,MSB,CHENNAI BEAC,TBM,TAMBARAM,18
40128,TBM,TAMBARAM,MSB,CHENNAI BEAC,2
40129,MSB,CHENNAI BEAC,TBM,TAMBARAM,18
40130,TBM,TAMBARAM,MSB,CHENNAI BEAC,2
40131,MSB,CHENNAI BEAC,TBM,TAMBARAM,18
40132,TBM,TAMBARAM,MSB,CHENNAI BEAC,2
40133,MSB,CHENNAI BEAC,TBM,TAMBARAM,18
40134,TBM,TAMBARAM,MSB,CHENNAI BEAC,2
40135,MSB,CHENNAI BEAC,TBM,TAMBARAM,18
40136,TBM,TAMBARAM,MSB,CHENNAI BEAC,2
40137,MSB,CHENNAI BEAC,TBM,TAMBARAM,18
40138,TBM,TAMBARAM,MSB,CHENNAI BEAC,6
40139,MSB,CHENNAI BEAC,TBM,TAMBARAM,18
40140,TBM,TAMBARAM,MSB,CHENNAI BEAC,6
40141,MSB,CHENNAI BEAC,TBM,TAMBARAM,18
40142,TBM,TAMBARAM,MSB,CHENNAI BEAC,6
40143,MSB,CHENNAI BEAC,TBM,TAMBARAM,18
40144,TBM,TAMBARAM,MSB,CHENNAI BEAC,2
40145,MSB,CHENNAI BEAC,TBM,TAMBARAM,18
40146,TBM,TAMBARAM,MSB,CHENNAI BEAC,2
40147,MSB,CHENNAI BEAC,TBM,TAMBARAM,18
40148,TBM,TAMBARAM,MSB,CHENNAI BEAC,2
40150,TBM,TAMBARAM,MSB,CHENNAI BEAC,2
40151,MSB,CHENNAI BEAC,TBM,TAMBARAM,18
40152,TBM,TAMBARAM,MSB,CHENNAI BEAC,6
40153,MSB,CHENNAI BEAC,TBM,TAMBARAM,18
40154,TBM,TAMBARAM,MSB,CHENNAI BEAC,2
40155,MSB,CHENNAI BEAC,TBM,TAMBARAM,18
40156,TBM,TAMBARAM,MSB,CHENNAI BEAC,2
40157,MSB,CHENNAI BEAC,TBM,TAMBARAM,18
40158,TBM,TAMBARAM,MSB,CHENNAI BEAC,2
40301,MSB,CHENNAI BEAC,TBM,TAMBARAM,18
40302,TBM,TAMBARAM,MSB,CHENNAI BEAC,2
40303,MSB,CHENNAI BEAC,TBM,TAMBARAM,18
40304,TBM,TAMBARAM,MSB,CHENNAI BEAC,2
40305,MSB,CHENNAI BEAC,TBM,TAMBARAM,18
40306,TBM,TAMBARAM,MSB,CHENNAI BEAC,2
40307,MSB,CHENNAI BEAC,TBM,TAMBARAM,18
40308,TBM,TAMBARAM,MSB,CHENNAI BEAC,2
40309,MSB,CHENNAI BEAC,TBM,TAMBARAM,18
40310,TBM,TAMBARAM,MSB,CHENNAI BEAC,2
40311,MSB,CHENNAI BEAC,TBM,TAMBARAM,18
40312,TBM,TAMBARAM,MSB,CHENNAI BEAC,6
40313,MSB,CHENNAI BEAC,TBM,TAMBARAM,18
40314,TBM,TAMBARAM,MSB,CHENNAI BEAC,2
40315,MSB,CHENNAI BEAC,TBM,TAMBARAM,18
40316,TBM,TAMBARAM,MSB,CHENNAI BEAC,2
40317,MSB,CHENNAI BEAC,TBM,TAMBARAM,18
40318,TBM,TAMBARAM,MSB,CHENNAI BEAC,2
40319,MSB,CHENNAI BEAC,TBM,TAMBARAM,18
40320,TBM,TAMBARAM,MSB,CHENNAI BEAC,2
40321,MSB,CHENNAI BEAC,TBM,TAMBARAM,18
40322,TBM,TAMBARAM,MSB,CHENNAI BEAC,2
40323,MSB,CHENNAI BEAC,TBM,TAMBARAM,18
40324,TBM,TAMBARAM,MSB,CHENNAI BEAC,6
40325,MSB,CHENNAI BEAC,TBM,TAMBARAM,18
40326,TBM,TAMBARAM,MSB,CHENNAI BEAC,2
40327,MSB,CHENNAI BEAC,TBM,TAMBARAM,18
40328,TBM,TAMBARAM,MSB,CHENNAI BEAC,2
40329,MSB,CHENNAI BEAC,TBM,TAMBARAM,18
40330,TBM,TAMBARAM,MSB,CHENNAI BEAC,2
40331,MSB,CHENNAI BEAC,TBM,TAMBARAM,18
40332,TBM,TAMBARAM,MSB,CHENNAI BEAC,2
40333,MSB,CHENNAI BEAC,TBM,TAMBARAM,18
40334,TBM,TAMBARAM,MSB,CHENNAI BEAC,2
40335,MSB,CHENNAI BEAC,TBM,TAMBARAM,18
40336,TBM,TAMBARAM,MSB,CHENNAI BEAC,2
40337,MSB,CHENNAI BEAC,TBM,TAMBARAM,18
40338,TBM,TAMBARAM,MSB,CHENNAI BEAC,2
40339,MSB,CHENNAI BEAC,TBM,TAMBARAM,18
40340,TBM,TAMBARAM,MSB,CHENNAI BEAC,2
40341,MSB,CHENNAI BEAC,TBM,TAMBARAM,18
40342,TBM,TAMBARAM,MSB,CHENNAI BEAC,2
40343,MSB,CHENNAI BEAC,TBM,TAMBARAM,18
40344,TBM,TAMBARAM,MSB,CHENNAI BEAC,6
40345,MSB,CHENNAI BEAC,TBM,TAMBARAM,18
40346,TBM,TAMBARAM,MSB,CHENNAI BEAC,2
40347,MSB,CHENNAI BEAC,TBM,TAMBARAM,18
40348,TBM,TAMBARAM,MSB,CHENNAI BEAC,2
40349,MSB,CHENNAI BEAC,TBM,TAMBARAM,18
40350,TBM,TAMBARAM,MSB,CHENNAI BEAC,2
40351,MSB,CHENNAI BEAC,TBM,TAMBARAM,18
40352,TBM,TAMBARAM,MSB,CHENNAI BEAC,2
40353,MSB,CHENNAI BEAC,TBM,TAMBARAM,18
40354,TBM,TAMBARAM,MSB,CHENNAI BEAC,2
40355,MSB,CHENNAI BEAC,TBM,TAMBARAM,18
40356,TBM,TAMBARAM,MSB,CHENNAI BEAC,2
40357,MSB,CHENNAI BEAC,TBM,TAMBARAM,18
40358,TBM,TAMBARAM,MSB,CHENNAI BEAC,2
40359,MSB,CHENNAI BEAC,TBM,TAMBARAM,18
40360,TBM,TAMBARAM,MSB,CHENNAI BEAC,2
40361,MSB,CHENNAI BEAC,TBM,TAMBARAM,18
40362,TBM,TAMBARAM,MSB,CHENNAI BEAC,2
40363,MSB,CHENNAI BEAC,TBM,TAMBARAM,18
40364,TBM,TAMBARAM,MSB,CHENNAI BEAC,2
40365,MSB,CHENNAI BEAC,TBM,TAMBARAM,18
40366,TBM,TAMBARAM,MSB,CHENNAI BEAC,2
40367,MSB,CHENNAI BEAC,TBM,TAMBARAM,18
40368,TBM,TAMBARAM,MSB,CHENNAI BEAC,2
40369,MSB,CHENNAI BEAC,TBM,TAMBARAM,18
40370,TBM,TAMBARAM,MSB,CHENNAI BEAC,2
40371,MSB,CHENNAI BEAC,TBM,TAMBARAM,18
40372,TBM,TAMBARAM,MSB,CHENNAI BEAC,6
40373,MSB,CHENNAI BEAC,TBM,TAMBARAM,18
40374,TBM,TAMBARAM,MSB,CHENNAI BEAC,2
40375,MSB,CHENNAI BEAC,TBM,TAMBARAM,18
40376,TBM,TAMBARAM,MSB,CHENNAI BEAC,2
40377,MSB,CHENNAI BEAC,TBM,TAMBARAM,18
40378,TBM,TAMBARAM,MSB,CHENNAI BEAC,2
40379,MSB,CHENNAI BEAC,TBM,TAMBARAM,18
40380,TBM,TAMBARAM,MSB,CHENNAI BEAC,2
40381,MSB,CHENNAI BEAC,TBM,TAMBARAM,18
40382,TBM,TAMBARAM,MSB,CHENNAI BEAC,2
40383,MSB,CHENNAI BEAC,TBM,TAMBARAM,18
40384,TBM,TAMBARAM,MSB,CHENNAI BEAC,2
40385,MSB,CHENNAI BEAC,TBM,TAMBARAM,18
40386,TBM,TAMBARAM,MSB,CHENNAI BEAC,2
40387,MSB,CHENNAI BEAC,TBM,TAMBARAM,18
40388,TBM,TAMBARAM,MSB,CHENNAI BEAC,2
40389,MSB,CHENNAI BEAC,TBM,TAMBARAM,18
40390,TBM,TAMBARAM,MSB,CHENNAI BEAC,2
40391,MSB,CHENNAI BEAC,TBM,TAMBARAM,18
40392,TBM,TAMBARAM,MSB,CHENNAI BEAC,2
40393,MSB,CHENNAI BEAC,TBM,TAMBARAM,18
40394,TBM,TAMBARAM,MSB,CHENNAI BEAC,2
40395,MSB,CHENNAI BEAC,TBM,TAMBARAM,18
40396,TBM,TAMBARAM,MSB,CHENNAI BEAC,2
40397,MSB,CHENNAI BEAC,TBM,TAMBARAM,18
40398,TBM,TAMBARAM,MSB,CHENNAI BEAC,2
40399,MSB,CHENNAI BEAC,TBM,TAMBARAM,18
40400,TBM,TAMBARAM,MSB,CHENNAI BEAC,2
40401,MSB,CHENNAI BEAC,TBM,TAMBARAM,18
40402,TBM,TAMBARAM,MSB,CHENNAI BEAC,2
40403,MSB,CHENNAI BEAC,TBM,TAMBARAM,18
40404,TBM,TAMBARAM,MSB,CHENNAI BEAC,2
40405,MSB,CHENNAI BEAC,TBM,TAMBARAM,18
40406,TBM,TAMBARAM,MSB,CHENNAI BEAC,2
40407,MSB,CHENNAI BEAC,TBM,TAMBARAM,18
40408,TBM,TAMBARAM,MSB,CHENNAI BEAC,2
40409,MSB,CHENNAI BEAC,TBM,TAMBARAM,18
40410,TBM,TAMBARAM,MSB,CHENNAI BEAC,2
40411,MSB,CHENNAI BEAC,TBM,TAMBARAM,18
40412,TBM,TAMBARAM,MSB,CHENNAI BEAC,2
40413,MSB,CHENNAI BEAC,TBM,TAMBARAM,18
40414,TBM,TAMBARAM,MSB,CHENNAI BEAC,2
40415,MSB,CHENNAI BEAC,TBM,TAMBARAM,18
40416,TBM,TAMBARAM,MSB,CHENNAI BEAC,2
40417,MSB,CHENNAI BEAC,TBM,TAMBARAM,18
40418,TBM,TAMBARAM,MSB,CHENNAI BEAC,6
40419,MSB,CHENNAI BEAC,TBM,TAMBARAM,18
40420,TBM,TAMBARAM,MSB,CHENNAI BEAC,2
40421,MSB,CHENNAI BEAC,TBM,TAMBARAM,18
40422,TBM,TAMBARAM,MSB,CHENNAI BEAC,2
40501,MSB,CHENNAI BEAC,CGL,CHENGALPATTU,2
40502,CGL,CHENGALPATTU,MSB,CHENNAI BEAC,2
40503,MSB,CHENNAI BEAC,CGL,CHENGALPATTU,2
40504,CGL,CHENGALPATTU,MSB,CHENNAI BEAC,6
40505,MSB,CHENNAI BEAC,CGL,CHENGALPATTU,2
40506,CGL,CHENGALPATTU,MSB,CHENNAI BEAC,3
40507,MSB,CHENNAI BEAC,CGL,CHENGALPATTU,2
40508,CGL,CHENGALPATTU,MSB,CHENNAI BEAC,3
40509,MSB,CHENNAI BEAC,CGL,CHENGALPATTU,3
40510,CGL,CHENGALPATTU,MSB,CHENNAI BEAC,2
40511,MSB,CHENNAI BEAC,CGL,CHENGALPATTU,2
40512,CGL,CHENGALPATTU,MSB,CHENNAI BEAC,3
40513,MSB,CHENNAI BEAC,CGL,CHENGALPATTU,2
40514,CGL,CHENGALPATTU,MSB,CHENNAI BEAC,3
40515,MSB,CHENNAI BEAC,CGL,CHENGALPATTU,2
40516,CGL,CHENGALPATTU,MSB,CHENNAI BEAC,2
40517,MSB,CHENNAI BEAC,CGL,CHENGALPATTU,2
40518,CGL,CHENGALPATTU,MSB,CHENNAI BEAC,3
40519,MSB,CHENNAI BEAC,CGL,CHENGALPATTU,3
40520,CGL,CHENGALPATTU,MSB,CHENNAI BEAC,2
40522,CGL,CHENGALPATTU,MSB,CHENNAI BEAC,2
40523,MSB,CHENNAI BEAC,CGL,CHENGALPATTU,2
40524,CGL,CHENGALPATTU,MSB,CHENNAI BEAC,3
40525,MSB,CHENNAI BEAC,CGL,CHENGALPATTU,3
40526,CGL,CHENGALPATTU,MSB,CHENNAI BEAC,3
40527,MSB,CHENNAI BEAC,CGL,CHENGALPATTU,2
40528,CGL,CHENGALPATTU,MSB,CHENNAI BEAC,2
40529,MSB,CHENNAI BEAC,CGL,CHENGALPATTU,3
40531,MSB,CHENNAI BEAC,CGL,CHENGALPATTU,3
40532,CGL,CHENGALPATTU,MSB,CHENNAI BEAC,11
40533,MSB,CHENNAI BEAC,CGL,CHENGALPATTU,3
40534,CGL,CHENGALPATTU,MSB,CHENNAI BEAC,7
40535,MSB,CHENNAI BEAC,CGL,CHENGALPATTU,2
40536,CGL,CHENGALPATTU,MSB,CHENNAI BEAC,2
40538,CGL,CHENGALPATTU,MSB,CHENNAI BEAC,2
40539,MSB,CHENNAI BEAC,CGL,CHENGALPATTU,3
40540,CGL,CHENGALPATTU,MSB,CHENNAI BEAC,2
40541,MSB,CHENNAI BEAC,CGL,CHENGALPATTU,2
40542,CGL,CHENGALPATTU,MSB,CHENNAI BEAC,2
40543,MSB,CHENNAI BEAC,CGL,CHENGALPATTU,3
40544,CGL,CHENGALPATTU,MSB,CHENNAI BEAC,2
40545,MSB,CHENNAI BEAC,CGL,CHENGALPATTU,3
40547,MSB,CHENNAI BEAC,CGL,CHENGALPATTU,3
40548,CGL,CHENGALPATTU,MSB,CHENNAI BEAC,2
40549,MSB,CHENNAI BEAC,CGL,CHENGALPATTU,3
40550,CGL,CHENGALPATTU,MSB,CHENNAI BEAC,3
40551,MSB,CHENNAI BEAC,CGL,CHENGALPATTU,11
40552,CGL,CHENGALPATTU,MSB,CHENNAI BEAC,2
40553,MSB,CHENNAI BEAC,CGL,CHENGALPATTU,7
40554,CGL,CHENGALPATTU,MSB,CHENNAI BEAC,2
40555,MSB,CHENNAI BEAC,CGL,CHENGALPATTU,3
40556,CGL,CHENGALPATTU,MSB,CHENNAI BEAC,3
40557,MSB,CHENNAI BEAC,CGL,CHENGALPATTU,2
40558,CGL,CHENGALPATTU,MSB,CHENNAI BEAC,9
40559,MSB,CHENNAI BEAC,CGL,CHENGALPATTU,3
40560,CGL,CHENGALPATTU,MSB,CHENNAI BEAC,11
40561,MSB,CHENNAI BEAC,CGL,CHENGALPATTU,3
40562,CGL,CHENGALPATTU,MSB,CHENNAI BEAC,3
40563,MSB,CHENNAI BEAC,CGL,CHENGALPATTU,2
40564,CGL,CHENGALPATTU,MSB,CHENNAI BEAC,2
40565,MSB,CHENNAI BEAC,CGL,CHENGALPATTU,3
40566,CGL,CHENGALPATTU,MSB,CHENNAI BEAC,2
40567,MSB,CHENNAI BEAC,CGL,CHENGALPATTU,3
40568,CGL,CHENGALPATTU,MSB,CHENNAI BEAC,10
40569,MSB,CHENNAI BEAC,CGL,CHENGALPATTU,7
40570,CGL,CHENGALPATTU,MSB,CHENNAI BEAC,3
40571,MSB,CHENNAI BEAC,CGL,CHENGALPATTU,3
40572,CGL,CHENGALPATTU,MSB,CHENNAI BEAC,2
40573,MSB,CHENNAI BEAC,CGL,CHENGALPATTU,3
40574,CGL,CHENGALPATTU,MSB,CHENNAI BEAC,3
40601,MSB,CHENNAI BEAC,CGL,CHENGALPATTU,11
40602,CGL,CHENGALPATTU,MSB,CHENNAI BEAC,3
40603,MSB,CHENNAI BEAC,CGL,CHENGALPATTU,11
40604,CGL,CHENGALPATTU,MSB,CHENNAI BEAC,11
40605,MSB,CHENNAI BEAC,CGL,CHENGALPATTU,11
40606,CGL,CHENGALPATTU,MSB,CHENNAI BEAC,11
40607,MSB,CHENNAI BEAC,CGL,CHENGALPATTU,2
40608,CGL,CHENGALPATTU,MSB,CHENNAI BEAC,3
40609,MSB,CHENNAI BEAC,CGL,CHENGALPATTU,3
40610,CGL,CHENGALPATTU,MSB,CHENNAI BEAC,11
40612,CGL,CHENGALPATTU,MSB,CHENNAI BEAC,9
40613,MSB,CHENNAI BEAC,CGL,CHENGALPATTU,2
40614,CGL,CHENGALPATTU,MSB,CHENNAI BEAC,2
40615,MSB,CHENNAI BEAC,CGL,CHENGALPATTU,11
40616,CGL,CHENGALPATTU,MSB,CHENNAI BEAC,2
40617,MSB,CHENNAI BEAC,CGL,CHENGALPATTU,2
40618,CGL,CHENGALPATTU,MSB,CHENNAI BEAC,11
40619,MSB,CHENNAI BEAC,CGL,CHENGALPATTU,2
40621,MSB,CHENNAI BEAC,CGL,CHENGALPATTU,2
40622,CGL,CHENGALPATTU,MSB,CHENNAI BEAC,2
40623,MSB,CHENNAI BEAC,CGL,CHENGALPATTU,2
40624,CGL,CHENGALPATTU,MSB,CHENNAI BEAC,2
40625,MSB,CHENNAI BEAC,CGL,CHENGALPATTU,3
40626,CGL,CHENGALPATTU,MSB,CHENNAI BEAC,2
40627,MSB,CHENNAI BEAC,CGL,CHENGALPATTU,2
40628,CGL,CHENGALPATTU,MSB,CHENNAI BEAC,11
40629,MSB,CHENNAI BEAC,CGL,CHENGALPATTU,2
40630,CGL,CHENGALPATTU,MSB,CHENNAI BEAC,11
40631,MSB,CHENNAI BEAC,CGL,CHENGALPATTU,11
40632,CGL,CHENGALPATTU,MSB,CHENNAI BEAC,2
40633,MSB,CHENNAI BEAC,CGL,CHENGALPATTU,2
40634,CGL,CHENGALPATTU,MSB,CHENNAI BEAC,2
40635,MSB,CHENNAI BEAC,CGL,CHENGALPATTU,2
40636,CGL,CHENGALPATTU,MSB,CHENNAI BEAC,4
40637,MSB,CHENNAI BEAC,CGL,CHENGALPATTU,10
40638,CGL,CHENGALPATTU,MSB,CHENNAI BEAC,2
40639,MSB,CHENNAI BEAC,CGL,CHENGALPATTU,2
40640,CGL,CHENGALPATTU,MSB,CHENNAI BEAC,11
40641,MSB,CHENNAI BEAC,CGL,CHENGALPATTU,2
40642,CGL,CHENGALPATTU,MSB,CHENNAI BEAC,2
40643,MSB,CHENNAI BEAC,CGL,CHENGALPATTU,11
40644,CGL,CHENGALPATTU,MSB,CHENNAI BEAC,3
40645,MSB,CHENNAI BEAC,CGL,CHENGALPATTU,11
40646,CGL,CHENGALPATTU,MSB,CHENNAI BEAC,2
40647,MSB,CHENNAI BEAC,CGL,CHENGALPATTU,11
40648,CGL,CHENGALPATTU,MSB,CHENNAI BEAC,2
40649,MSB,CHENNAI BEAC,CGL,CHENGALPATTU,3
40650,CGL,CHENGALPATTU,MSB,CHENNAI BEAC,3
40651,MSB,CHENNAI BEAC,CGL,CHENGALPATTU,2
40652,CGL,CHENGALPATTU,MSB,CHENNAI BEAC,2
40653,MSB,CHENNAI BEAC,CGL,CHENGALPATTU,2
40654,CGL,CHENGALPATTU,MSB,CHENNAI BEAC,2
40655,MSB,CHENNAI BEAC,CGL,CHENGALPATTU,11
40656,CGL,CHENGALPATTU,MSB,CHENNAI BEAC,3
40657,MSB,CHENNAI BEAC,CGL,CHENGALPATTU,2
40658,CGL,CHENGALPATTU,MSB,CHENNAI BEAC,2
40659,MSB,CHENNAI BEAC,CGL,CHENGALPATTU,2
40660,CGL,CHENGALPATTU,MSB,CHENNAI BEAC,11
40661,MSB,CHENNAI BEAC,CGL,CHENGALPATTU,2
40662,CGL,CHENGALPATTU,MSB,CHENNAI BEAC,3
40663,MSB,CHENNAI BEAC,CGL,CHENGALPATTU,2
40664,CGL,CHENGALPATTU,MSB,CHENNAI BEAC,2
40665,MSB,CHENNAI BEAC,CGL,CHENGALPATTU,11
40666,CGL,CHENGALPATTU,MSB,CHENNAI BEAC,2
40701,MSB,CHENNAI BEAC,TMLP,TIRUMALPUR,3
40702,TMLP,TIRUMALPUR,MSB,CHENNAI BEAC,4
40704,TMLP,TIRUMALPUR,MSB,CHENNAI BEAC,4
40705,MSB,CHENNAI BEAC,TMLP,TIRUMALPUR,15
40706,TMLP,TIRUMALPUR,MSB,CHENNAI BEAC,10
40707,MSB,CHENNAI BEAC,TMLP,TIRUMALPUR,8
40708,TMLP,TIRUMALPUR,MSB,CHENNAI BEAC,8
40709,MSB,CHENNAI BEAC,TMLP,TIRUMALPUR,5
40711,MSB,CHENNAI BEAC,TMLP,TIRUMALPUR,7
40712,TMLP,TIRUMALPUR,MSB,CHENNAI BEAC,12
40751,MSB,CHENNAI BEAC,TMLP,TIRUMALPUR,4
40752,TMLP,TIRUMALPUR,MSB,CHENNAI BEAC,6
40754,TMLP,TIRUMALPUR,MSB,CHENNAI BEAC,5
40755,MSB,CHENNAI BEAC,TMLP,TIRUMALPUR,15
40756,TMLP,TIRUMALPUR,MSB,CHENNAI BEAC,8
40757,MSB,CHENNAI BEAC,TMLP,TIRUMALPUR,14
40758,TMLP,TIRUMALPUR,MSB,CHENNAI BEAC,4
40759,MSB,CHENNAI BEAC,TMLP,TIRUMALPUR,3
40761,MSB,CHENNAI BEAC,TMLP,TIRUMALPUR,2
40762,TMLP,TIRUMALPUR,MSB,CHENNAI BEAC,4
40801,MSB,CHENNAI BEAC,CJ,KANCHIPURAM,3
40802,CJ,KANCHIPURAM,MSB,CHENNAI BEAC,6
40803,MSB,CHENNAI BEAC,CJ,KANCHIPURAM,6
40804,CJ,KANCHIPURAM,MSB,CHENNAI BEAC,14
40901,CGL,CHENGALPATTU,TMLP,TIRUMALPUR,10
40902,TMLP,TIRUMALPUR,CGL,CHENGALPATTU,10
41001,MSB,CHENNAI BEAC,VLCY,VELACHEERY,3
41003,MSB,CHENNAI BEAC,VLCY,VELACHEERY,3
41006,VLCY,VELACHEERY,MSB,CHENNAI BEAC,3
41008,VLCY,VELACHEERY,MSB,CHENNAI BEAC,3
41009,MSB,CHENNAI BEAC,VLCY,VELACHEERY,3
41012,VLCY,VELACHEERY,MSB,CHENNAI BEAC,3
41013,MSB,CHENNAI BEAC,VLCY,VELACHEERY,3
41014,VLCY,VELACHEERY,MSB,CHENNAI BEAC,3
41015,MSB,CHENNAI BEAC,VLCY,VELACHEERY,3
41016,VLCY,VELACHEERY,MSB,CHENNAI BEAC,3
41017,MSB,CHENNAI BEAC,VLCY,VELACHEERY,3
41020,VLCY,VELACHEERY,MSB,CHENNAI BEAC,3
41021,MSB,CHENNAI BEAC,VLCY,VELACHEERY,3
41022,VLCY,VELACHEERY,MSB,CHENNAI BEAC,3
41023,MSB,CHENNAI BEAC,VLCY,VELACHEERY,3
41024,VLCY,VELACHEERY,MSB,CHENNAI BEAC,3
41028,VLCY,VELACHEERY,MSB,CHENNAI BEAC,3
41029,MSB,CHENNAI BEAC,VLCY,VELACHEERY,3
41033,MSB,CHENNAI BEAC,VLCY,VELACHEERY,3
41035,MSB,CHENNAI BEAC,VLCY,VELACHEERY,3
41036,VLCY,VELACHEERY,MSB,CHENNAI BEAC,3
41038,VLCY,VELACHEERY,MSB,CHENNAI BEAC,3
41040,VLCY,VELACHEERY,MSB,CHENNAI BEAC,3
41042,VLCY,VELACHEERY,MSB,CHENNAI BEAC,3
41043,MSB,CHENNAI BEAC,VLCY,VELACHEERY,3
41046,VLCY,VELACHEERY,MSB,CHENNAI BEAC,3
41048,VLCY,VELACHEERY,MSB,CHENNAI BEAC,3
41050,VLCY,VELACHEERY,MSB,CHENNAI BEAC,3
41051,MSB,CHENNAI BEAC,VLCY,VELACHEERY,3
41055,MSB,CHENNAI BEAC,VLCY,VELACHEERY,3
41056,VLCY,VELACHEERY,MSB,CHENNAI BEAC,3
41057,MSB,CHENNAI BEAC,VLCY,VELACHEERY,3
41060,VLCY,VELACHEERY,MSB,CHENNAI BEAC,3
41061,MSB,CHENNAI BEAC,VLCY,VELACHEERY,3
41063,MSB,CHENNAI BEAC,VLCY,VELACHEERY,3
41064,VLCY,VELACHEERY,MSB,CHENNAI BEAC,3
41065,MSB,CHENNAI BEAC,VLCY,VELACHEERY,3
41069,MSB,CHENNAI BEAC,VLCY,VELACHEERY,3
41070,VLCY,VELACHEERY,MSB,CHENNAI BEAC,3
41073,MSB,CHENNAI BEAC,VLCY,VELACHEERY,3
41076,VLCY,VELACHEERY,MSB,CHENNAI BEAC,3
41077,MSB,CHENNAI BEAC,VLCY,VELACHEERY,3
41078,VLCY,VELACHEERY,MSB,CHENNAI BEAC,3
41079,MSB,CHENNAI BEAC,VLCY,VELACHEERY,3
41080,VLCY,VELACHEERY,MSB,CHENNAI BEAC,3
41081,MSB,CHENNAI BEAC,VLCY,VELACHEERY,3
41082,VLCY,VELACHEERY,MSB,CHENNAI BEAC,3
41084,VLCY,VELACHEERY,MSB,CHENNAI BEAC,3
41085,MSB,CHENNAI BEAC,VLCY,VELACHEERY,3
41086,VLCY,VELACHEERY,MSB,CHENNAI BEAC,2
41089,MSB,CHENNAI BEAC,VLCY,VELACHEERY,3
41091,MSB,CHENNAI BEAC,VLCY,VELACHEERY,3
41092,VLCY,VELACHEERY,MSB,CHENNAI BEAC,3
41093,MSB,CHENNAI BEAC,VLCY,VELACHEERY,3
41095,MSB,CHENNAI BEAC,VLCY,VELACHEERY,3
41096,VLCY,VELACHEERY,MSB,CHENNAI BEAC,3
41097,MSB,CHENNAI BEAC,VLCY,VELACHEERY,3
41102,VLCY,VELACHEERY,MSB,CHENNAI BEAC,3
41103,MSB,CHENNAI BEAC,VLCY,VELACHEERY,3
41104,VLCY,VELACHEERY,MSB,CHENNAI BEAC,3
41105,MSB,CHENNAI BEAC,VLCY,VELACHEERY,3
41108,VLCY,VELACHEERY,MSB,CHENNAI BEAC,3
41110,VLCY,VELACHEERY,MSB,CHENNAI BEAC,3
41111,MSB,CHENNAI BEAC,VLCY,VELACHEERY,3
41113,MSB,CHENNAI BEAC,VLCY,VELACHEERY,3
41116,VLCY,VELACHEERY,MSB,CHENNAI BEAC,3
41117,MSB,CHENNAI BEAC,VLCY,VELACHEERY,3
41119,MSB,CHENNAI BEAC,VLCY,VELACHEERY,3
41120,VLCY,VELACHEERY,MSB,CHENNAI BEAC,3
41122,VLCY,VELACHEERY,MSB,CHENNAI BEAC,3
41127,MSB,CHENNAI BEAC,VLCY,VELACHEERY,3
41128,VLCY,VELACHEERY,MSB,CHENNAI BEAC,3
41129,MSB,CHENNAI BEAC,VLCY,VELACHEERY,3
41130,VLCY,VELACHEERY,MSB,CHENNAI BEAC,3
41131,MSB,CHENNAI BEAC,VLCY,VELACHEERY,3
41132,VLCY,VELACHEERY,MSB,CHENNAI BEAC,3
41134,VLCY,VELACHEERY,MSB,CHENNAI BEAC,3
41135,MSB,CHENNAI BEAC,VLCY,VELACHEERY,3
41138,VLCY,VELACHEERY,MSB,CHENNAI BEAC,3
41140,VLCY,VELACHEERY,MSB,CHENNAI BEAC,3
41501,MSB,CHENNAI BEAC,VLCY,VELACHEERY,3
41502,VLCY,VELACHEERY,MSB,CHENNAI BEAC,3
41503,MSB,CHENNAI BEAC,VLCY,VELACHEERY,3
41504,VLCY,VELACHEERY,MSB,CHENNAI BEAC,3
41505,MSB,CHENNAI BEAC,VLCY,VELACHEERY,3
41506,VLCY,VELACHEERY,MSB,CHENNAI BEAC,3
41507,MSB,CHENNAI BEAC,VLCY,VELACHEERY,3
41508,VLCY,VELACHEERY,MSB,CHENNAI BEAC,3
41509,MSB,CHENNAI BEAC,VLCY,VELACHEERY,3
41510,VLCY,VELACHEERY,MSB,CHENNAI BEAC,3
41511,MSB,CHENNAI BEAC,VLCY,VELACHEERY,2
41512,VLCY,VELACHEERY,MSB,CHENNAI BEAC,3
41513,MSB,CHENNAI BEAC,VLCY,VELACHEERY,3
41514,VLCY,VELACHEERY,MSB,CHENNAI BEAC,3
41515,MSB,CHENNAI BEAC,VLCY,VELACHEERY,3
41516,VLCY,VELACHEERY,MSB,CHENNAI BEAC,3
41517,MSB,CHENNAI BEAC,VLCY,VELACHEERY,3
41518,VLCY,VELACHEERY,MSB,CHENNAI BEAC,3
41519,MSB,CHENNAI BEAC,VLCY,VELACHEERY,3
41520,VLCY,VELACHEERY,MSB,CHENNAI BEAC,3
41521,MSB,CHENNAI BEAC,VLCY,VELACHEERY,3
41522,VLCY,VELACHEERY,MSB,CHENNAI BEAC,3
41523,MSB,CHENNAI BEAC,VLCY,VELACHEERY,3
41524,VLCY,VELACHEERY,MSB,CHENNAI BEAC,3
41525,MSB,CHENNAI BEAC,VLCY,VELACHEERY,3
41526,VLCY,VELACHEERY,MSB,CHENNAI BEAC,3
41527,MSB,CHENNAI BEAC,VLCY,VELACHEERY,3
41528,VLCY,VELACHEERY,MSB,CHENNAI BEAC,3
41529,MSB,CHENNAI BEAC,VLCY,VELACHEERY,3
41530,VLCY,VELACHEERY,MSB,CHENNAI BEAC,3
41531,MSB,CHENNAI BEAC,VLCY,VELACHEERY,2
41532,VLCY,VELACHEERY,MSB,CHENNAI BEAC,3
41533,MSB,CHENNAI BEAC,VLCY,VELACHEERY,3
41534,VLCY,VELACHEERY,MSB,CHENNAI BEAC,3
41535,MSB,CHENNAI BEAC,VLCY,VELACHEERY,3
41536,VLCY,VELACHEERY,MSB,CHENNAI BEAC,3
41537,MSB,CHENNAI BEAC,VLCY,VELACHEERY,3
41538,VLCY,VELACHEERY,MSB,CHENNAI BEAC,3
41539,MSB,CHENNAI BEAC,VLCY,VELACHEERY,3
41540,VLCY,VELACHEERY,MSB,CHENNAI BEAC,3
41541,MSB,CHENNAI BEAC,VLCY,VELACHEERY,3
41542,VLCY,VELACHEERY,MSB,CHENNAI BEAC,3
41543,MSB,CHENNAI BEAC,VLCY,VELACHEERY,3
41544,VLCY,VELACHEERY,MSB,CHENNAI BEAC,3
41545,MSB,CHENNAI BEAC,VLCY,VELACHEERY,3
41546,VLCY,VELACHEERY,MSB,CHENNAI BEAC,3
41547,MSB,CHENNAI BEAC,VLCY,VELACHEERY,3
41548,VLCY,VELACHEERY,MSB,CHENNAI BEAC,3
41549,MSB,CHENNAI BEAC,VLCY,VELACHEERY,3
41550,VLCY,VELACHEERY,MSB,CHENNAI BEAC,3
41551,MSB,CHENNAI BEAC,VLCY,VELACHEERY,3
41552,VLCY,VELACHEERY,MSB,CHENNAI BEAC,3
41553,MSB,CHENNAI BEAC,VLCY,VELACHEERY,3
41554,VLCY,VELACHEERY,MSB,CHENNAI BEAC,3
41555,MSB,CHENNAI BEAC,VLCY,VELACHEERY,3
41556,VLCY,VELACHEERY,MSB,CHENNAI BEAC,3
41557,MSB,CHENNAI BEAC,VLCY,VELACHEERY,3
41558,VLCY,VELACHEERY,MSB,CHENNAI BEAC,3
41559,MSB,CHENNAI BEAC,VLCY,VELACHEERY,3
41560,VLCY,VELACHEERY,MSB,CHENNAI BEAC,3
41561,MSB,CHENNAI BEAC,VLCY,VELACHEERY,3
41562,VLCY,VELACHEERY,MSB,CHENNAI BEAC,3
41563,MSB,CHENNAI BEAC,VLCY,VELACHEERY,3
41564,VLCY,VELACHEERY,MSB,CHENNAI BEAC,3
41565,MSB,CHENNAI BEAC,VLCY,VELACHEERY,3
41566,VLCY,VELACHEERY,MSB,CHENNAI BEAC,3
41567,MSB,CHENNAI BEAC,VLCY,VELACHEERY,3
41568,VLCY,VELACHEERY,MSB,CHENNAI BEAC,3
41569,MSB,CHENNAI BEAC,VLCY,VELACHEERY,3
41570,VLCY,VELACHEERY,MSB,CHENNAI BEAC,3
41571,MSB,CHENNAI BEAC,VLCY,VELACHEERY,3
41572,VLCY,VELACHEERY,MSB,CHENNAI BEAC,3
41573,MSB,CHENNAI BEAC,VLCY,VELACHEERY,3
41574,VLCY,VELACHEERY,MSB,CHENNAI BEAC,3
41575,MSB,CHENNAI BEAC,VLCY,VELACHEERY,3
41576,VLCY,VELACHEERY,MSB,CHENNAI BEAC,3
41577,MSB,CHENNAI BEAC,VLCY,VELACHEERY,3
41578,VLCY,VELACHEERY,MSB,CHENNAI BEAC,3
41579,MSB,CHENNAI BEAC,VLCY,VELACHEERY,3
41580,VLCY,VELACHEERY,MSB,CHENNAI BEAC,3
41581,MSB,CHENNAI BEAC,VLCY,VELACHEERY,3
41582,VLCY,VELACHEERY,MSB,CHENNAI BEAC,3
41583,MSB,CHENNAI BEAC,VLCY,VELACHEERY,3
41584,VLCY,VELACHEERY,MSB,CHENNAI BEAC,3
41585,MSB,CHENNAI BEAC,VLCY,VELACHEERY,3
41586,VLCY,VELACHEERY,MSB,CHENNAI BEAC,3
41587,MSB,CHENNAI BEAC,VLCY,VELACHEERY,3
41588,VLCY,VELACHEERY,MSB,CHENNAI BEAC,3
41589,MSB,CHENNAI BEAC,VLCY,VELACHEERY,3
41590,VLCY,VELACHEERY,MSB,CHENNAI BEAC,3
41593,MSB,CHENNAI BEAC,VLCY,VELACHEERY,3
41594,VLCY,VELACHEERY,MSB,CHENNAI BEAC,3
41597,MSB,CHENNAI BEAC,VLCY,VELACHEERY,3
41598,VLCY,VELACHEERY,MSB,CHENNAI BEAC,3
41599,MSB,CHENNAI BEAC,VLCY,VELACHEERY,3
41600,VLCY,VELACHEERY,MSB,CHENNAI BEAC,3
42001,MMCC,MOOR MARKET,GPD,GUMMIDIPUNDI,16
42002,GPD,GUMMIDIPUNDI,MMCC,MOOR MARKET,15
42003,MMCC,MOOR MARKET,GPD,GUMMIDIPUNDI,16
42004,GPD,GUMMIDIPUNDI,MMCC,MOOR MARKET,16
42005,MMCC,MOOR MARKET,GPD,GUMMIDIPUNDI,16
42006,GPD,GUMMIDIPUNDI,MMCC,MOOR MARKET,16
42007,MMCC,MOOR MARKET,GPD,GUMMIDIPUNDI,12
42008,GPD,GUMMIDIPUNDI,MMCC,MOOR MARKET,16
42009,MMCC,MOOR MARKET,GPD,GUMMIDIPUNDI,16
42010,GPD,GUMMIDIPUNDI,MMCC,MOOR MARKET,16
42011,MMCC,MOOR MARKET,GPD,GUMMIDIPUNDI,16
42012,GPD,GUMMIDIPUNDI,MMCC,MOOR MARKET,15
42013,MMCC,MOOR MARKET,GPD,GUMMIDIPUNDI,16
42014,GPD,GUMMIDIPUNDI,MMCC,MOOR MARKET,16
42015,MMCC,MOOR MARKET,GPD,GUMMIDIPUNDI,16
42016,GPD,GUMMIDIPUNDI,MMCC,MOOR MARKET,16
42017,MMCC,MOOR MARKET,GPD,GUMMIDIPUNDI,16
42018,GPD,GUMMIDIPUNDI,MMCC,MOOR MARKET,16
42019,MMCC,MOOR MARKET,GPD,GUMMIDIPUNDI,16
42020,GPD,GUMMIDIPUNDI,MMCC,MOOR MARKET,16
42021,MMCC,MOOR MARKET,GPD,GUMMIDIPUNDI,16
42022,GPD,GUMMIDIPUNDI,MMCC,MOOR MARKET,16
42023,MMCC,MOOR MARKET,GPD,GUMMIDIPUNDI,16
42024,GPD,GUMMIDIPUNDI,MMCC,MOOR MARKET,12
42025,MMCC,MOOR MARKET,GPD,GUMMIDIPUNDI,16
42026,GPD,GUMMIDIPUNDI,MMCC,MOOR MARKET,12
42027,MMCC,MOOR MARKET,GPD,GUMMIDIPUNDI,16
42028,GPD,GUMMIDIPUNDI,MMCC,MOOR MARKET,16
42029,MMCC,MOOR MARKET,GPD,GUMMIDIPUNDI,16
42030,GPD,GUMMIDIPUNDI,MMCC,MOOR MARKET,12
42031,MMCC,MOOR MARKET,GPD,GUMMIDIPUNDI,16
42032,GPD,GUMMIDIPUNDI,MMCC,MOOR MARKET,16
42033,MMCC,MOOR MARKET,GPD,GUMMIDIPUNDI,16
42034,GPD,GUMMIDIPUNDI,MMCC,MOOR MARKET,16
42035,MMCC,MOOR MARKET,GPD,GUMMIDIPUNDI,16
42036,GPD,GUMMIDIPUNDI,MMCC,MOOR MARKET,16
42037,MMCC,MOOR MARKET,GPD,GUMMIDIPUNDI,16
42038,GPD,GUMMIDIPUNDI,MMCC,MOOR MARKET,16
42039,MMCC,MOOR MARKET,GPD,GUMMIDIPUNDI,16
42040,GPD,GUMMIDIPUNDI,MMCC,MOOR MARKET,16
42041,MMCC,MOOR MARKET,GPD,GUMMIDIPUNDI,16
42042,GPD,GUMMIDIPUNDI,MMCC,MOOR MARKET,16
42043,MMCC,MOOR MARKET,GPD,GUMMIDIPUNDI,16
42044,GPD,GUMMIDIPUNDI,MMCC,MOOR MARKET,16
42045,MMCC,MOOR MARKET,GPD,GUMMIDIPUNDI,16
42046,GPD,GUMMIDIPUNDI,MMCC,MOOR MARKET,16
421,LKO,LUCKNOW JN.,SVDK,SHRI MATA VA,5
422,SVDK,SHRI MATA VA,LKO,LUCKNOW JN.,5
42301,MMCC,MOOR MARKET,PON,PONNERI,14
42302,PON,PONNERI,MMCC,MOOR MARKET,14
42401,MMCC,MOOR MARKET,SPE,SULLURUPETTA,21
42402,SPE,SULLURUPETTA,MMCC,MOOR MARKET,21
42403,MMCC,MOOR MARKET,SPE,SULLURUPETTA,21
42404,SPE,SULLURUPETTA,MMCC,MOOR MARKET,16
42406,SPE,SULLURUPETTA,MMCC,MOOR MARKET,21
42407,MMCC,MOOR MARKET,SPE,SULLURUPETTA,21
42408,SPE,SULLURUPETTA,MMCC,MOOR MARKET,21
42409,MMCC,MOOR MARKET,SPE,SULLURUPETTA,21
42411,MMCC,MOOR MARKET,SPE,SULLURUPETTA,21
42412,SPE,SULLURUPETTA,MMCC,MOOR MARKET,21
42413,MMCC,MOOR MARKET,SPE,SULLURUPETTA,21
42414,SPE,SULLURUPETTA,MMCC,MOOR MARKET,21
42416,SPE,SULLURUPETTA,MMCC,MOOR MARKET,21
42417,MMCC,MOOR MARKET,SPE,SULLURUPETTA,21
42419,MMCC,MOOR MARKET,SPE,SULLURUPETTA,21
42420,SPE,SULLURUPETTA,MMCC,MOOR MARKET,21
42421,MMCC,MOOR MARKET,SPE,SULLURUPETTA,20
42422,SPE,SULLURUPETTA,MMCC,MOOR MARKET,21
42423,MMCC,MOOR MARKET,SPE,SULLURUPETTA,21
42451,GPD,GUMMIDIPUNDI,SPE,SULLURUPETTA,2
42452,SPE,SULLURUPETTA,GPD,GUMMIDIPUNDI,6
42601,MSB,CHENNAI BEAC,GPD,GUMMIDIPUNDI,17
42602,GPD,GUMMIDIPUNDI,MSB,CHENNAI BEAC,17
42603,MSB,CHENNAI BEAC,GPD,GUMMIDIPUNDI,17
42604,GPD,GUMMIDIPUNDI,MSB,CHENNAI BEAC,17
42605,MSB,CHENNAI BEAC,GPD,GUMMIDIPUNDI,17
42606,GPD,GUMMIDIPUNDI,MSB,CHENNAI BEAC,17
42607,MSB,CHENNAI BEAC,GPD,GUMMIDIPUNDI,17
42608,GPD,GUMMIDIPUNDI,MSB,CHENNAI BEAC,17
42651,VLCY,VELACHEERY,GPD,GUMMIDIPUNDI,15
42652,GPD,GUMMIDIPUNDI,VLCY,VELACHEERY,15
42653,VLCY,VELACHEERY,GPD,GUMMIDIPUNDI,15
42654,GPD,GUMMIDIPUNDI,VLCY,VELACHEERY,15
42655,VLCY,VELACHEERY,GPD,GUMMIDIPUNDI,15
42656,GPD,GUMMIDIPUNDI,VLCY,VELACHEERY,15
42657,VLCY,VELACHEERY,GPD,GUMMIDIPUNDI,15
42701,MSB,CHENNAI BEAC,PON,PONNERI,11
42702,PON,PONNERI,MSB,CHENNAI BEAC,15
42751,VLCY,VELACHEERY,PON,PONNERI,13
42752,PON,PONNERI,VLCY,VELACHEERY,13
42801,MSB,CHENNAI BEAC,SPE,SULLURUPETTA,22
42802,SPE,SULLURUPETTA,MSB,CHENNAI BEAC,22
42804,SPE,SULLURUPETTA,MSB,CHENNAI BEAC,22
42851,VLCY,VELACHEERY,SPE,SULLURUPETTA,19
42852,SPE,SULLURUPETTA,VLCY,VELACHEERY,19
42854,SPE,SULLURUPETTA,VLCY,VELACHEERY,19
42901,MMCC,MOOR MARKET,ENR,ENNORE,8
43001,MMCC,MOOR MARKET,AVD,AVADI,11
43002,AVD,AVADI,MMCC,MOOR MARKET,11
43003,MMCC,MOOR MARKET,AVD,AVADI,11
43005,MMCC,MOOR MARKET,AVD,AVADI,11
43006,AVD,AVADI,MMCC,MOOR MARKET,11
43007,MMCC,MOOR MARKET,AVD,AVADI,11
43008,AVD,AVADI,MMCC,MOOR MARKET,11
43009,MMCC,MOOR MARKET,AVD,AVADI,11
43011,MMCC,MOOR MARKET,AVD,AVADI,11
43013,MMCC,MOOR MARKET,AVD,AVADI,11
43014,AVD,AVADI,MMCC,MOOR MARKET,11
43015,MMCC,MOOR MARKET,AVD,AVADI,11
43016,AVD,AVADI,MMCC,MOOR MARKET,11
43017,MMCC,MOOR MARKET,AVD,AVADI,11
43018,AVD,AVADI,MMCC,MOOR MARKET,11
43019,MMCC,MOOR MARKET,AVD,AVADI,11
43020,AVD,AVADI,MMCC,MOOR MARKET,11
43021,MMCC,MOOR MARKET,AVD,AVADI,7
43022,AVD,AVADI,MMCC,MOOR MARKET,11
43023,MMCC,MOOR MARKET,AVD,AVADI,11
43025,MMCC,MOOR MARKET,AVD,AVADI,7
43029,MMCC,MOOR MARKET,AVD,AVADI,7
43101,MMCC,MOOR MARKET,PTMS,PATTABIRAM E,14
43102,PTMS,PATTABIRAM E,MMCC,MOOR MARKET,14
43103,MMCC,MOOR MARKET,PTMS,PATTABIRAM E,14
43104,PTMS,PATTABIRAM E,MMCC,MOOR MARKET,14
43105,MMCC,MOOR MARKET,PTMS,PATTABIRAM E,14
43106,PTMS,PATTABIRAM E,MMCC,MOOR MARKET,14
43107,MMCC,MOOR MARKET,PTMS,PATTABIRAM E,14
43108,PTMS,PATTABIRAM E,MMCC,MOOR MARKET,14
43109,MMCC,MOOR MARKET,PTMS,PATTABIRAM E,14
43110,PTMS,PATTABIRAM E,MMCC,MOOR MARKET,14
43111,MMCC,MOOR MARKET,PTMS,PATTABIRAM E,14
43112,PTMS,PATTABIRAM E,MMCC,MOOR MARKET,14
43113,MMCC,MOOR MARKET,PTMS,PATTABIRAM E,14
43114,PTMS,PATTABIRAM E,MMCC,MOOR MARKET,14
43115,MMCC,MOOR MARKET,PTMS,PATTABIRAM E,14
43116,PTMS,PATTABIRAM E,MMCC,MOOR MARKET,14
43117,MMCC,MOOR MARKET,PTMS,PATTABIRAM E,14
43118,PTMS,PATTABIRAM E,MMCC,MOOR MARKET,14
43119,MMCC,MOOR MARKET,PTMS,PATTABIRAM E,14
43120,PTMS,PATTABIRAM E,MMCC,MOOR MARKET,14
43121,MMCC,MOOR MARKET,PTMS,PATTABIRAM E,14
43122,PTMS,PATTABIRAM E,MMCC,MOOR MARKET,14
43123,MMCC,MOOR MARKET,PTMS,PATTABIRAM E,9
43124,PTMS,PATTABIRAM E,MMCC,MOOR MARKET,14
43125,MMCC,MOOR MARKET,PTMS,PATTABIRAM E,8
43126,PTMS,PATTABIRAM E,MMCC,MOOR MARKET,14
43127,MMCC,MOOR MARKET,PTMS,PATTABIRAM E,8
43128,PTMS,PATTABIRAM E,MMCC,MOOR MARKET,14
43130,PTMS,PATTABIRAM E,MMCC,MOOR MARKET,14
43132,PTMS,PATTABIRAM E,MMCC,MOOR MARKET,14
43201,MMCC,MOOR MARKET,TRL,TIRUVALLUR,18
43202,TRL,TIRUVALLUR,MMCC,MOOR MARKET,19
43203,MMCC,MOOR MARKET,TRL,TIRUVALLUR,19
43204,TRL,TIRUVALLUR,MMCC,MOOR MARKET,19
43205,MMCC,MOOR MARKET,TRL,TIRUVALLUR,19
43206,TRL,TIRUVALLUR,MMCC,MOOR MARKET,19
43207,MMCC,MOOR MARKET,TRL,TIRUVALLUR,19
43208,TRL,TIRUVALLUR,MMCC,MOOR MARKET,19
43209,MMCC,MOOR MARKET,TRL,TIRUVALLUR,19
43210,TRL,TIRUVALLUR,MMCC,MOOR MARKET,19
43211,MMCC,MOOR MARKET,TRL,TIRUVALLUR,19
43212,TRL,TIRUVALLUR,MMCC,MOOR MARKET,19
43213,MMCC,MOOR MARKET,TRL,TIRUVALLUR,19
43214,TRL,TIRUVALLUR,MMCC,MOOR MARKET,19
43215,MMCC,MOOR MARKET,TRL,TIRUVALLUR,19
43216,TRL,TIRUVALLUR,MMCC,MOOR MARKET,6
43217,MMCC,MOOR MARKET,TRL,TIRUVALLUR,19
43218,TRL,TIRUVALLUR,MMCC,MOOR MARKET,19
43219,MMCC,MOOR MARKET,TRL,TIRUVALLUR,19
43220,TRL,TIRUVALLUR,MMCC,MOOR MARKET,19
43221,MMCC,MOOR MARKET,TRL,TIRUVALLUR,19
43222,TRL,TIRUVALLUR,MMCC,MOOR MARKET,6
43223,MMCC,MOOR MARKET,TRL,TIRUVALLUR,19
43224,TRL,TIRUVALLUR,MMCC,MOOR MARKET,19
43225,MMCC,MOOR MARKET,TRL,TIRUVALLUR,19
43226,TRL,TIRUVALLUR,MMCC,MOOR MARKET,19
43227,MMCC,MOOR MARKET,TRL,TIRUVALLUR,18
43228,TRL,TIRUVALLUR,MMCC,MOOR MARKET,19
43229,MMCC,MOOR MARKET,TRL,TIRUVALLUR,19
43230,TRL,TIRUVALLUR,MMCC,MOOR MARKET,19
43231,MMCC,MOOR MARKET,TRL,TIRUVALLUR,19
43232,TRL,TIRUVALLUR,MMCC,MOOR MARKET,19
43233,MMCC,MOOR MARKET,TRL,TIRUVALLUR,19
43234,TRL,TIRUVALLUR,MMCC,MOOR MARKET,19
43235,MMCC,MOOR MARKET,TRL,TIRUVALLUR,19
43236,TRL,TIRUVALLUR,MMCC,MOOR MARKET,19
43237,MMCC,MOOR MARKET,TRL,TIRUVALLUR,19
43238,TRL,TIRUVALLUR,MMCC,MOOR MARKET,19
43239,MMCC,MOOR MARKET,TRL,TIRUVALLUR,19
43240,TRL,TIRUVALLUR,MMCC,MOOR MARKET,18
43241,MMCC,MOOR MARKET,TRL,TIRUVALLUR,19
43242,TRL,TIRUVALLUR,MMCC,MOOR MARKET,19
43243,MMCC,MOOR MARKET,TRL,TIRUVALLUR,19
43244,TRL,TIRUVALLUR,MMCC,MOOR MARKET,19
43245,MMCC,MOOR MARKET,TRL,TIRUVALLUR,19
43246,TRL,TIRUVALLUR,MMCC,MOOR MARKET,19
43247,MMCC,MOOR MARKET,TRL,TIRUVALLUR,10
43248,TRL,TIRUVALLUR,MMCC,MOOR MARKET,19
43250,TRL,TIRUVALLUR,MMCC,MOOR MARKET,19
43251,MMCC,MOOR MARKET,TRL,TIRUVALLUR,9
43252,TRL,TIRUVALLUR,MMCC,MOOR MARKET,19
43253,MMCC,MOOR MARKET,TRL,TIRUVALLUR,9
43254,TRL,TIRUVALLUR,MMCC,MOOR MARKET,19
43255,MMCC,MOOR MARKET,TRL,TIRUVALLUR,9
43256,TRL,TIRUVALLUR,MMCC,MOOR MARKET,19
43257,MMCC,MOOR MARKET,TRL,TIRUVALLUR,11
43258,TRL,TIRUVALLUR,MMCC,MOOR MARKET,19
43260,TRL,TIRUVALLUR,MMCC,MOOR MARKET,19
43401,MMCC,MOOR MARKET,AJJ,ARAKKONAM JN,11
43402,AJJ,ARAKKONAM JN,MMCC,MOOR MARKET,27
43403,MMCC,MOOR MARKET,AJJ,ARAKKONAM JN,27
43404,AJJ,ARAKKONAM JN,MMCC,MOOR MARKET,27
43405,MMCC,MOOR MARKET,AJJ,ARAKKONAM JN,27
43406,AJJ,ARAKKONAM JN,MMCC,MOOR MARKET,27
43407,MMCC,MOOR MARKET,AJJ,ARAKKONAM JN,27
43408,AJJ,ARAKKONAM JN,MMCC,MOOR MARKET,7
43409,MMCC,MOOR MARKET,AJJ,ARAKKONAM JN,27
43410,AJJ,ARAKKONAM JN,MMCC,MOOR MARKET,10
43411,MMCC,MOOR MARKET,AJJ,ARAKKONAM JN,27
43412,AJJ,ARAKKONAM JN,MMCC,MOOR MARKET,27
43413,MMCC,MOOR MARKET,AJJ,ARAKKONAM JN,27
43414,AJJ,ARAKKONAM JN,MMCC,MOOR MARKET,27
43415,MMCC,MOOR MARKET,AJJ,ARAKKONAM JN,27
43418,AJJ,ARAKKONAM JN,MMCC,MOOR MARKET,27
43419,MMCC,MOOR MARKET,AJJ,ARAKKONAM JN,27
43420,AJJ,ARAKKONAM JN,MMCC,MOOR MARKET,27
43421,MMCC,MOOR MARKET,AJJ,ARAKKONAM JN,27
43422,AJJ,ARAKKONAM JN,MMCC,MOOR MARKET,27
43423,MMCC,MOOR MARKET,AJJ,ARAKKONAM JN,14
43424,AJJ,ARAKKONAM JN,MMCC,MOOR MARKET,14
43425,MMCC,MOOR MARKET,AJJ,ARAKKONAM JN,27
43426,AJJ,ARAKKONAM JN,MMCC,MOOR MARKET,12
43427,MMCC,MOOR MARKET,AJJ,ARAKKONAM JN,27
43428,AJJ,ARAKKONAM JN,MMCC,MOOR MARKET,27
43429,MMCC,MOOR MARKET,AJJ,ARAKKONAM JN,12
43430,AJJ,ARAKKONAM JN,MMCC,MOOR MARKET,27
43431,MMCC,MOOR MARKET,AJJ,ARAKKONAM JN,10
43433,MMCC,MOOR MARKET,AJJ,ARAKKONAM JN,12
43434,AJJ,ARAKKONAM JN,MMCC,MOOR MARKET,24
43435,MMCC,MOOR MARKET,AJJ,ARAKKONAM JN,10
43436,AJJ,ARAKKONAM JN,MMCC,MOOR MARKET,27
43437,MMCC,MOOR MARKET,AJJ,ARAKKONAM JN,12
43438,AJJ,ARAKKONAM JN,MMCC,MOOR MARKET,27
43439,MMCC,MOOR MARKET,AJJ,ARAKKONAM JN,14
43501,MMCC,MOOR MARKET,TRT,TIRUTTANI,28
43502,TRT,TIRUTTANI,MMCC,MOOR MARKET,29
43503,MMCC,MOOR MARKET,TRT,TIRUTTANI,29
43504,TRT,TIRUTTANI,MMCC,MOOR MARKET,29
43505,MMCC,MOOR MARKET,TRT,TIRUTTANI,28
43506,TRT,TIRUTTANI,MMCC,MOOR MARKET,28
43507,MMCC,MOOR MARKET,TRT,TIRUTTANI,28
43508,TRT,TIRUTTANI,MMCC,MOOR MARKET,28
43509,MMCC,MOOR MARKET,TRT,TIRUTTANI,29
43510,TRT,TIRUTTANI,MMCC,MOOR MARKET,28
43511,MMCC,MOOR MARKET,TRT,TIRUTTANI,29
43512,TRT,TIRUTTANI,MMCC,MOOR MARKET,28
43513,MMCC,MOOR MARKET,TRT,TIRUTTANI,28
43514,TRT,TIRUTTANI,MMCC,MOOR MARKET,28
43515,MMCC,MOOR MARKET,TRT,TIRUTTANI,29
43516,TRT,TIRUTTANI,MMCC,MOOR MARKET,28
43517,MMCC,MOOR MARKET,TRT,TIRUTTANI,13
43518,TRT,TIRUTTANI,MMCC,MOOR MARKET,14
43520,TRT,TIRUTTANI,MMCC,MOOR MARKET,15
43551,AJJ,ARAKKONAM JN,TRT,TIRUTTANI,2
43552,TRT,TIRUTTANI,AJJ,ARAKKONAM JN,2
43553,AJJ,ARAKKONAM JN,TRT,TIRUTTANI,3
43554,TRT,TIRUTTANI,AJJ,ARAKKONAM JN,2
43556,TRT,TIRUTTANI,AJJ,ARAKKONAM JN,2
43601,MSB,CHENNAI BEAC,AVD,AVADI,12
43602,AVD,AVADI,MSB,CHENNAI BEAC,12
43603,MSB,CHENNAI BEAC,AVD,AVADI,12
43604,AVD,AVADI,MSB,CHENNAI BEAC,12
43605,MSB,CHENNAI BEAC,AVD,AVADI,12
43606,AVD,AVADI,MSB,CHENNAI BEAC,12
43607,MSB,CHENNAI BEAC,AVD,AVADI,12
43608,AVD,AVADI,MSB,CHENNAI BEAC,12
43610,AVD,AVADI,MSB,CHENNAI BEAC,12
43611,MSB,CHENNAI BEAC,AVD,AVADI,2
43612,AVD,AVADI,MSB,CHENNAI BEAC,12
43613,MSB,CHENNAI BEAC,AVD,AVADI,8
43614,AVD,AVADI,MSB,CHENNAI BEAC,12
43615,MSB,CHENNAI BEAC,AVD,AVADI,8
43616,AVD,AVADI,MSB,CHENNAI BEAC,12
43618,AVD,AVADI,MSB,CHENNAI BEAC,12
43620,AVD,AVADI,MSB,CHENNAI BEAC,12
43622,AVD,AVADI,MSB,CHENNAI BEAC,12
43650,AVD,AVADI,MSB,CHENNAI BEAC,8
43651,VLCY,VELACHEERY,AVD,AVADI,10
43652,AVD,AVADI,VLCY,VELACHEERY,10
43653,VLCY,VELACHEERY,AVD,AVADI,10
43654,AVD,AVADI,VLCY,VELACHEERY,10
43655,VLCY,VELACHEERY,AVD,AVADI,10
43656,AVD,AVADI,VLCY,VELACHEERY,10
43657,VLCY,VELACHEERY,AVD,AVADI,10
43658,AVD,AVADI,VLCY,VELACHEERY,10
43659,VLCY,VELACHEERY,AVD,AVADI,10
43660,AVD,AVADI,VLCY,VELACHEERY,10
43661,VLCY,VELACHEERY,AVD,AVADI,10
43662,AVD,AVADI,VLCY,VELACHEERY,10
43663,VLCY,VELACHEERY,AVD,AVADI,10
43664,AVD,AVADI,VLCY,VELACHEERY,10
43666,AVD,AVADI,VLCY,VELACHEERY,10
43668,AVD,AVADI,VLCY,VELACHEERY,10
43670,AVD,AVADI,VLCY,VELACHEERY,10
43672,AVD,AVADI,VLCY,VELACHEERY,10
43674,AVD,AVADI,VLCY,VELACHEERY,10
43701,MSB,CHENNAI BEAC,TRL,TIRUVALLUR,20
43702,TRL,TIRUVALLUR,MSB,CHENNAI BEAC,20
43703,MSB,CHENNAI BEAC,TRL,TIRUVALLUR,20
43704,TRL,TIRUVALLUR,MSB,CHENNAI BEAC,20
43705,MSB,CHENNAI BEAC,TRL,TIRUVALLUR,20
43706,TRL,TIRUVALLUR,MSB,CHENNAI BEAC,20
43707,MSB,CHENNAI BEAC,TRL,TIRUVALLUR,20
43708,TRL,TIRUVALLUR,MSB,CHENNAI BEAC,20
43709,MSB,CHENNAI BEAC,TRL,TIRUVALLUR,20
43710,TRL,TIRUVALLUR,MSB,CHENNAI BEAC,20
43711,MSB,CHENNAI BEAC,TRL,TIRUVALLUR,20
43713,MSB,CHENNAI BEAC,TRL,TIRUVALLUR,10
43715,MSB,CHENNAI BEAC,TRL,TIRUVALLUR,20
43751,MSB,CHENNAI BEAC,PTMS,PATTABIRAM E,15
43752,PTMS,PATTABIRAM E,MSB,CHENNAI BEAC,15
43753,MSB,CHENNAI BEAC,PTMS,PATTABIRAM E,15
43754,PTMS,PATTABIRAM E,MSB,CHENNAI BEAC,15
43755,MSB,CHENNAI BEAC,PTMS,PATTABIRAM E,15
43757,MSB,CHENNAI BEAC,PTMS,PATTABIRAM E,15
43761,VLCY,VELACHEERY,TRL,TIRUVALLUR,14
43762,TRL,TIRUVALLUR,VLCY,VELACHEERY,14
43763,VLCY,VELACHEERY,TRL,TIRUVALLUR,14
43764,TRL,TIRUVALLUR,VLCY,VELACHEERY,14
43765,VLCY,VELACHEERY,TRL,TIRUVALLUR,14
43766,TRL,TIRUVALLUR,VLCY,VELACHEERY,14
43767,VLCY,VELACHEERY,TRL,TIRUVALLUR,14
43768,TRL,TIRUVALLUR,VLCY,VELACHEERY,14
43769,VLCY,VELACHEERY,TRL,TIRUVALLUR,14
43770,TRL,TIRUVALLUR,VLCY,VELACHEERY,14
43771,VLCY,VELACHEERY,TRL,TIRUVALLUR,14
43773,VLCY,VELACHEERY,TRL,TIRUVALLUR,14
43791,VLCY,VELACHEERY,PTMS,PATTABIRAM E,13
43792,PTMS,PATTABIRAM E,VLCY,VELACHEERY,17
43793,VLCY,VELACHEERY,PTMS,PATTABIRAM E,13
43794,PTMS,PATTABIRAM E,VLCY,VELACHEERY,12
43795,VLCY,VELACHEERY,PTMS,PATTABIRAM E,13
43797,VLCY,VELACHEERY,PTMS,PATTABIRAM E,13
43801,MSB,CHENNAI BEAC,AJJ,ARAKKONAM JN,28
43802,AJJ,ARAKKONAM JN,MSB,CHENNAI BEAC,28
43803,MSB,CHENNAI BEAC,AJJ,ARAKKONAM JN,28
43804,AJJ,ARAKKONAM JN,MSB,CHENNAI BEAC,9
43805,MSB,CHENNAI BEAC,AJJ,ARAKKONAM JN,28
43806,AJJ,ARAKKONAM JN,MSB,CHENNAI BEAC,15
43820,TRT,TIRUTTANI,MSB,CHENNAI BEAC,14
43821,MSB,CHENNAI BEAC,TRT,TIRUTTANI,16
43823,MSB,CHENNAI BEAC,TRT,TIRUTTANI,13
43831,AVD,AVADI,TRL,TIRUVALLUR,5
43832,TRL,TIRUVALLUR,AVD,AVADI,8
43841,AVD,AVADI,AJJ,ARAKKONAM JN,17
43842,AJJ,ARAKKONAM JN,AVD,AVADI,16
43844,AJJ,ARAKKONAM JN,AVD,AVADI,2
43847,AVD,AVADI,TRT,TIRUTTANI,18
43851,PON,PONNERI,TRL,TIRUVALLUR,17
43852,TRL,TIRUVALLUR,PON,PONNERI,29
43861,ENR,ENNORE,TRL,TIRUVALLUR,13
43872,PRES,PATTABIRAM E,MMCC,MOOR MARKET,13
43882,TI,TIRUNINRAVUR,MMCC,MOOR MARKET,13
43891,AVD,AVADI,PTMS,PATTABIRAM E,3
43892,PTMS,PATTABIRAM E,AVD,AVADI,4
43901,MMCC,MOOR MARKET,KBT,KADAMBATTUR,21
43902,KBT,KADAMBATTUR,MMCC,MOOR MARKET,21
43903,MMCC,MOOR MARKET,KBT,KADAMBATTUR,21
43904,KBT,KADAMBATTUR,MMCC,MOOR MARKET,21
43912,KBT,KADAMBATTUR,MSB,CHENNAI BEAC,22
43921,TRL,TIRUVALLUR,KBT,KADAMBATTUR,2
43932,AJJ,ARAKKONAM JN,VLCY,VELACHEERY,17
43934,AJJ,ARAKKONAM JN,VLCY,VELACHEERY,16
43936,AJJ,ARAKKONAM JN,VLCY,VELACHEERY,11
43938,AJJ,ARAKKONAM JN,VLCY,VELACHEERY,17
43941,VLCY,VELACHEERY,TRT,TIRUTTANI,17
43942,TRT,TIRUTTANI,VLCY,VELACHEERY,18
43943,VLCY,VELACHEERY,TRT,TIRUTTANI,15
43952,KBT,KADAMBATTUR,VLCY,VELACHEERY,15
4401,ANVT,ANAND VIHAR,SVDK,SHRI MATA VA,13
4402,SVDK,SHRI MATA VA,ANVT,ANAND VIHAR,13
4409,DLI,DELHI JN.,SVDK,SHRI MATA VA,7
4410,SVDK,SHRI MATA VA,DLI,DELHI JN.,7
4419,MAO,MADGOAN JN.,NZM,HAZRAT NIZAM,13
4420,NZM,HAZRAT NIZAM,MAO,MADGOAN JN.,13
47100,HYB,HYDERABAD DE,LPI,LINGAMPALLI,13
47101,HYB,HYDERABAD DE,LPI,LINGAMPALLI,13
47102,HYB,HYDERABAD DE,LPI,LINGAMPALLI,13
47103,HYB,HYDERABAD DE,LPI,LINGAMPALLI,13
47104,HYB,HYDERABAD DE,LPI,LINGAMPALLI,13
47105,HYB,HYDERABAD DE,LPI,LINGAMPALLI,13
47106,HYB,HYDERABAD DE,LPI,LINGAMPALLI,13
47107,HYB,HYDERABAD DE,LPI,LINGAMPALLI,13
47108,HYB,HYDERABAD DE,LPI,LINGAMPALLI,13
47109,HYB,HYDERABAD DE,LPI,LINGAMPALLI,13
47110,HYB,HYDERABAD DE,LPI,LINGAMPALLI,13
47111,HYB,HYDERABAD DE,LPI,LINGAMPALLI,13
47112,HYB,HYDERABAD DE,LPI,LINGAMPALLI,13
47113,HYB,HYDERABAD DE,LPI,LINGAMPALLI,13
47114,HYB,HYDERABAD DE,LPI,LINGAMPALLI,13
47115,HYB,HYDERABAD DE,LPI,LINGAMPALLI,13
47116,HYB,HYDERABAD DE,LPI,LINGAMPALLI,13
47117,HYB,HYDERABAD DE,LPI,LINGAMPALLI,13
47118,HYB,HYDERABAD DE,LPI,LINGAMPALLI,13
47119,HYB,HYDERABAD DE,LPI,LINGAMPALLI,13
47120,HYB,HYDERABAD DE,LPI,LINGAMPALLI,13
47121,HYB,HYDERABAD DE,LPI,LINGAMPALLI,13
47122,HYB,HYDERABAD DE,LPI,LINGAMPALLI,13
47123,HYB,HYDERABAD DE,LPI,LINGAMPALLI,13
47124,HYB,HYDERABAD DE,LPI,LINGAMPALLI,13
47125,HYB,HYDERABAD DE,LPI,LINGAMPALLI,13
47126,LPI,LINGAMPALLI,HYB,HYDERABAD DE,13
47127,LPI,LINGAMPALLI,HYB,HYDERABAD DE,13
47128,LPI,LINGAMPALLI,HYB,HYDERABAD DE,13
47129,LPI,LINGAMPALLI,HYB,HYDERABAD DE,13
47130,LPI,LINGAMPALLI,HYB,HYDERABAD DE,13
47131,LPI,LINGAMPALLI,HYB,HYDERABAD DE,13
47132,LPI,LINGAMPALLI,HYB,HYDERABAD DE,13
47133,LPI,LINGAMPALLI,HYB,HYDERABAD DE,13
47134,LPI,LINGAMPALLI,HYB,HYDERABAD DE,13
47135,LPI,LINGAMPALLI,HYB,HYDERABAD DE,13
47136,LPI,LINGAMPALLI,HYB,HYDERABAD DE,13
47137,LPI,LINGAMPALLI,HYB,HYDERABAD DE,13
47138,LPI,LINGAMPALLI,HYB,HYDERABAD DE,13
47139,LPI,LINGAMPALLI,HYB,HYDERABAD DE,13
47140,LPI,LINGAMPALLI,HYB,HYDERABAD DE,13
47141,LPI,LINGAMPALLI,HYB,HYDERABAD DE,13
47142,LPI,LINGAMPALLI,HYB,HYDERABAD DE,13
47143,LPI,LINGAMPALLI,HYB,HYDERABAD DE,13
47144,LPI,LINGAMPALLI,HYB,HYDERABAD DE,13
47145,LPI,LINGAMPALLI,HYB,HYDERABAD DE,13
47146,LPI,LINGAMPALLI,HYB,HYDERABAD DE,13
47147,LPI,LINGAMPALLI,HYB,HYDERABAD DE,13
47148,LPI,LINGAMPALLI,HYB,HYDERABAD DE,13
47149,FM,FALAKNUMA,LPI,LINGAMPALLI,22
47150,FM,FALAKNUMA,LPI,LINGAMPALLI,22
47151,FM,FALAKNUMA,LPI,LINGAMPALLI,22
47152,FM,FALAKNUMA,LPI,LINGAMPALLI,22
47153,FM,FALAKNUMA,LPI,LINGAMPALLI,22
47154,FM,FALAKNUMA,LPI,LINGAMPALLI,22
47155,FM,FALAKNUMA,LPI,LINGAMPALLI,22
47156,FM,FALAKNUMA,LPI,LINGAMPALLI,22
47157,FM,FALAKNUMA,LPI,LINGAMPALLI,22
47158,FM,FALAKNUMA,LPI,LINGAMPALLI,22
47159,LPI,LINGAMPALLI,FM,FALAKNUMA,22
47160,FM,FALAKNUMA,LPI,LINGAMPALLI,22
47161,FM,FALAKNUMA,LPI,LINGAMPALLI,22
47162,FM,FALAKNUMA,LPI,LINGAMPALLI,22
47163,FM,FALAKNUMA,LPI,LINGAMPALLI,22
47164,FM,FALAKNUMA,LPI,LINGAMPALLI,22
47165,FM,FALAKNUMA,LPI,LINGAMPALLI,22
47166,FM,FALAKNUMA,LPI,LINGAMPALLI,22
47167,FM,FALAKNUMA,LPI,LINGAMPALLI,22
47168,FM,FALAKNUMA,SC,SECUNDERABAD,11
47169,FM,FALAKNUMA,LPI,LINGAMPALLI,22
47170,FM,FALAKNUMA,LPI,LINGAMPALLI,22
47171,LPI,LINGAMPALLI,FM,FALAKNUMA,22
47172,SC,SECUNDERABAD,FM,FALAKNUMA,11
47173,LPI,LINGAMPALLI,FM,FALAKNUMA,22
47174,LPI,LINGAMPALLI,FM,FALAKNUMA,22
47175,LPI,LINGAMPALLI,FM,FALAKNUMA,22
47176,LPI,LINGAMPALLI,FM,FALAKNUMA,22
47177,LPI,LINGAMPALLI,FM,FALAKNUMA,22
47178,LPI,LINGAMPALLI,FM,FALAKNUMA,22
47179,LPI,LINGAMPALLI,FM,FALAKNUMA,22
47180,LPI,LINGAMPALLI,FM,FALAKNUMA,22
47181,LPI,LINGAMPALLI,FM,FALAKNUMA,22
47182,LPI,LINGAMPALLI,FM,FALAKNUMA,22
47183,LPI,LINGAMPALLI,FM,FALAKNUMA,22
47184,LPI,LINGAMPALLI,FM,FALAKNUMA,22
47185,LPI,LINGAMPALLI,FM,FALAKNUMA,22
47186,LPI,LINGAMPALLI,FM,FALAKNUMA,22
47187,LPI,LINGAMPALLI,FM,FALAKNUMA,22
47188,LPI,LINGAMPALLI,FM,FALAKNUMA,22
47189,LPI,LINGAMPALLI,FM,FALAKNUMA,22
47190,LPI,LINGAMPALLI,FM,FALAKNUMA,22
47191,LPI,LINGAMPALLI,FM,FALAKNUMA,22
47192,LPI,LINGAMPALLI,FM,FALAKNUMA,22
47193,LPI,LINGAMPALLI,FM,FALAKNUMA,22
47194,LPI,LINGAMPALLI,FM,FALAKNUMA,22
47195,LPI,LINGAMPALLI,SC,SECUNDERABAD,12
47196,SC,SECUNDERABAD,HYB,HYDERABAD DE,7
47197,FM,FALAKNUMA,HYB,HYDERABAD DE,17
47198,FM,FALAKNUMA,LPI,LINGAMPALLI,22
47199,FM,FALAKNUMA,HYB,HYDERABAD DE,17
47200,FM,FALAKNUMA,HYB,HYDERABAD DE,17
47201,FM,FALAKNUMA,HYB,HYDERABAD DE,17
47202,FM,FALAKNUMA,HYB,HYDERABAD DE,17
47203,FM,FALAKNUMA,LPI,LINGAMPALLI,22
47204,FM,FALAKNUMA,SC,SECUNDERABAD,11
47205,SC,SECUNDERABAD,FM,FALAKNUMA,11
47206,HYB,HYDERABAD DE,FM,FALAKNUMA,17
47207,FM,FALAKNUMA,LPI,LINGAMPALLI,22
47208,HYB,HYDERABAD DE,FM,FALAKNUMA,17
47209,HYB,HYDERABAD DE,FM,FALAKNUMA,17
47210,LPI,LINGAMPALLI,FM,FALAKNUMA,22
47211,FM,FALAKNUMA,LPI,LINGAMPALLI,22
47212,LPI,LINGAMPALLI,FM,FALAKNUMA,22
47213,LPI,LINGAMPALLI,FM,FALAKNUMA,22
47214,FM,FALAKNUMA,LPI,LINGAMPALLI,22
47215,LPI,LINGAMPALLI,FM,FALAKNUMA,22
47216,FM,FALAKNUMA,LPI,LINGAMPALLI,22
47217,LPI,LINGAMPALLI,FM,FALAKNUMA,22
47218,FM,FALAKNUMA,LPI,LINGAMPALLI,22
47219,LPI,LINGAMPALLI,FM,FALAKNUMA,22
47220,FM,FALAKNUMA,LPI,LINGAMPALLI,22
4735,BKN,BIKANER JN.,HW,HARIDWAR JN,17
4736,HW,HARIDWAR JN,BKN,BIKANER JN.,17
4767,HMH,HANUMANGARH,SGNR,SHRI GANGANA,10
4768,SGNR,SHRI GANGANA,HMH,HANUMANGARH,10
4769,HMH,HANUMANGARH,SGNR,SHRI GANGANA,10
477,SSA,SIRSA,SSA,SIRSA,14
4770,SGNR,SHRI GANGANA,HMH,HANUMANGARH,10
4771,SDLP,SADULPUR JN,SGNR,SHRI GANGANA,24
4772,SGNR,SHRI GANGANA,SDLP,SADULPUR JN,24
4773,SGNR,SHRI GANGANA,SOG,SURATGARH JN,16
4774,SOG,SURATGARH JN,SGNR,SHRI GANGANA,10
4801,PBC,PARVATSAR CI,MKN,MAKRANA JN.,3
4802,MKN,MAKRANA JN.,PBC,PARVATSAR CI,3
4831,JU,JODHPUR JN.,HW,HARIDWAR JN,22
4832,HW,HARIDWAR JN,JU,JODHPUR JN.,22
4851,MTD,MERTA ROAD J,RTGH,RATANAGARH J,21
4852,RTGH,RATANAGARH J,MTD,MERTA ROAD J,21
4853,RTGH,RATANAGARH J,CUR,CHURU,6
4854,CUR,CHURU,RTGH,RATANAGARH J,6
4921,SRE,SAHARANPUR J,UMB,AMBALA CANTT,13
4922,UMB,AMBALA CANTT,SRE,SAHARANPUR J,13
4991,PTK,PATHANKOT JN,JAT,JAMMU TAWI,14
4992,JAT,JAMMU TAWI,PTK,PATHANKOT JN,14
50101,RN,RATNAGIRI,MAO,MADGOAN JN.,22
50102,MAO,MADGOAN JN.,RN,RATNAGIRI,22
50103,DR,DADAR,RN,RATNAGIRI,38
50104,RN,RATNAGIRI,DR,DADAR,38
50105,DIVA,DIVA JN,SWV,SAWANTWADI R,49
50106,SWV,SAWANTWADI R,DIVA,DIVA JN,49
50107,SWV,SAWANTWADI R,MAO,MADGOAN JN.,9
50108,MAO,MADGOAN JN.,SWV,SAWANTWADI R,9
50119,DIVA,DIVA JN,PNVL,PANVEL,6
50120,PNVL,PANVEL,DIVA,DIVA JN,7
502,RJPB,RAJENDRANAGA,UMB,AMBALA CANTT,9
504,PNBE,PATNA JN.,BTI,BATHINDA JN,3
506,PNBE,PATNA JN.,PTA,PATIALA,3
5061,GKP,GORAKHPUR JN,BNY,BARHNI,5
5062,BNY,BARHNI,GKP,GORAKHPUR JN,5
5065,CPR,CHHAPRA JN.,LJN,LUCKNOW JN.,15
5066,LJN,LUCKNOW JN.,CPR,CHHAPRA JN.,15
51027,CSMT,CST-MUMBAI,PVR,PANDHARPUR,26
51028,PVR,PANDHARPUR,CSMT,CST-MUMBAI,29
51029,CSMT,CST-MUMBAI,BJP,BIJAPUR JN,31
51030,BJP,BIJAPUR JN,CSMT,CST-MUMBAI,34
51033,DD,DAUND JN.,SNSI,SAI NAGAR SH,8
51034,SNSI,SAI NAGAR SH,DD,DAUND JN.,7
5105,GKP,GORAKHPUR JN,BST,BASTI,4
5106,BST,BASTI,GKP,GORAKHPUR JN,4
51111,CSN,CHALISGAON J,DHI,DHULE,9
51112,DHI,DHULE,CSN,CHALISGAON J,9
51113,CSN,CHALISGAON J,DHI,DHULE,9
51114,DHI,DHULE,CSN,CHALISGAON J,9
51115,CSN,CHALISGAON J,DHI,DHULE,9
51116,DHI,DHULE,CSN,CHALISGAON J,9
51135,BD,BADNERA JN.,AMI,AMRAVATI,2
51136,AMI,AMRAVATI,BD,BADNERA JN.,2
51137,BD,BADNERA JN.,AMI,AMRAVATI,2
51138,AMI,AMRAVATI,BD,BADNERA JN.,2
51139,BD,BADNERA JN.,AMI,AMRAVATI,2
51140,AMI,AMRAVATI,BD,BADNERA JN.,2
51141,BD,BADNERA JN.,AMI,AMRAVATI,2
51142,AMI,AMRAVATI,BD,BADNERA JN.,2
51145,BD,BADNERA JN.,AMI,AMRAVATI,2
51146,AMI,AMRAVATI,BD,BADNERA JN.,2
51147,BD,BADNERA JN.,AMI,AMRAVATI,2
51148,AMI,AMRAVATI,BD,BADNERA JN.,2
51149,BD,BADNERA JN.,AMI,AMRAVATI,2
51150,AMI,AMRAVATI,BD,BADNERA JN.,2
51151,NAVI,NEW AMRAVATI,NRKR,NARKHER,8
51152,NRKR,NARKHER,NAVI,NEW AMRAVATI,11
51153,CSMT,CST-MUMBAI,BSL,BHUSAVAL JN.,48
51154,BSL,BHUSAVAL JN.,CSMT,CST-MUMBAI,47
51157,BSL,BHUSAVAL JN.,ET,ITARSI,37
51158,ET,ITARSI,BSL,BHUSAVAL JN.,37
51181,DVL,DEVLALI,BSL,BHUSAVAL JN.,30
51182,BSL,BHUSAVAL JN.,DVL,DEVLALI,30
51183,BSL,BHUSAVAL JN.,NRKR,NARKHER,36
51184,NRKR,NARKHER,BSL,BHUSAVAL JN.,37
51187,BSL,BHUSAVAL JN.,KTE,KATNI,71
51188,KTE,KATNI,BSL,BHUSAVAL JN.,71
51189,ET,ITARSI,ACOI,CHHEOKI,64
51190,ACOI,CHHEOKI,ET,ITARSI,64
51195,WR,WARDHA JN.,BPQ,BALHARSHAH,15
51196,BPQ,BALHARSHAH,WR,WARDHA JN.,16
51197,BSL,BHUSAVAL JN.,WR,WARDHA JN.,35
51198,WR,WARDHA JN.,BSL,BHUSAVAL JN.,36
51239,AMLA,AMLA JN.,BZU,BETUL,4
51240,BZU,BETUL,AMLA,AMLA JN.,4
51253,AMLA,AMLA JN.,CWA,CHHINWARA JN,16
51254,CWA,CHHINWARA JN,AMLA,AMLA JN.,12
51255,BXY,BORDHAI,CWA,CHHINWARA JN,12
51256,CWA,CHHINWARA JN,BXY,BORDHAI,12
51259,WR,WARDHA JN.,NGP,NAGPUR JN.(C,12
51260,NGP,NAGPUR JN.(C,WR,WARDHA JN.,11
51261,AMI,AMRAVATI,WR,WARDHA JN.,11
51262,WR,WARDHA JN.,AMI,AMRAVATI,12
51285,BSL,BHUSAVAL JN.,NGP,NAGPUR JN.(C,46
51286,NGP,NAGPUR JN.(C,BSL,BHUSAVAL JN.,47
51293,NGP,NAGPUR JN.(C,AMLA,AMLA JN.,20
51294,AMLA,AMLA JN.,NGP,NAGPUR JN.(C,18
51317,KJT,KARJAT,PUNE,PUNE JN.,19
51318,PUNE,PUNE JN.,KJT,KARJAT,20
51347,PUNE,PUNE JN.,BRMT,BARAMATI,16
51348,BRMT,BARAMATI,DD,DAUND JN.,6
51350,DD,DAUND JN.,PUNE,PUNE JN.,11
51401,PUNE,PUNE JN.,MMR,MANMAD JN.,34
51402,MMR,MANMAD JN.,PUNE,PUNE JN.,34
51405,MRJ,MIRAJ JN.,CLR,CASTLE ROCK,24
51406,CLR,CASTLE ROCK,MRJ,MIRAJ JN.,24
51407,MRJ,MIRAJ JN.,KOP,CHHATRAPATI,8
51408,KOP,CHHATRAPATI,MRJ,MIRAJ JN.,6
51409,PUNE,PUNE JN.,KOP,CHHATRAPATI,42
51410,KOP,CHHATRAPATI,PUNE,PUNE JN.,41
51411,BAY,BELLARY JN.,DWR,DHARWAD,29
51412,UBL,HUBLI JN.,BAY,BELLARY JN.,24
51419,MRJ,MIRAJ JN.,UBL,HUBLI JN.,35
51420,UBL,HUBLI JN.,MRJ,MIRAJ JN.,33
51421,PUNE,PUNE JN.,NZB,NIZAMABAD,83
51422,NZB,NIZAMABAD,PUNE,PUNE JN.,76
51423,IGP,IGATPURI,MMR,MANMAD JN.,15
51424,MMR,MANMAD JN.,IGP,IGATPURI,15
51425,PRLI,PARLI VAIJNA,MRJ,MIRAJ JN.,36
51426,MRJ,MIRAJ JN.,PRLI,PARLI VAIJNA,35
51427,MRJ,MIRAJ JN.,KOP,CHHATRAPATI,7
51428,KOP,CHHATRAPATI,MRJ,MIRAJ JN.,7
51429,SLI,SANGLI,KOP,CHHATRAPATI,8
51430,KOP,CHHATRAPATI,SLI,SANGLI,9
51431,MRJ,MIRAJ JN.,LD,LONDA JN.,22
51432,LD,LONDA JN.,MRJ,MIRAJ JN.,21
51433,NZB,NIZAMABAD,PVR,PANDHARPUR,52
51434,PVR,PANDHARPUR,NZB,NIZAMABAD,52
51435,PUNE,PUNE JN.,STR,SATARA,19
51436,STR,SATARA,PUNE,PUNE JN.,19
51437,KWV,KURDUVADI JN,MRJ,MIRAJ JN.,17
51438,MRJ,MIRAJ JN.,KWV,KURDUVADI JN,17
51441,STR,SATARA,KOP,CHHATRAPATI,24
51442,KOP,CHHATRAPATI,STR,SATARA,24
51451,PUNE,PUNE JN.,BRMT,BARAMATI,16
51452,BRMT,BARAMATI,PUNE,PUNE JN.,16
51458,DWR,DHARWAD,UBL,HUBLI JN.,2
51461,MRJ,MIRAJ JN.,BGM,BELGAUM,17
51462,BGM,BELGAUM,MRJ,MIRAJ JN.,16
51463,MRJ,MIRAJ JN.,BGM,BELGAUM,16
51464,BGM,BELGAUM,MRJ,MIRAJ JN.,16
51601,BINA,BINA,KMZ,KATNI MURWAR,31
51602,KMZ,KATNI MURWAR,BINA,BINA,31
51603,BINA,BINA,KTE,KATNI,32
51604,KTE,KATNI,BINA,BINA,32
51605,KMZ,KATNI MURWAR,CHRM,CHIRMIRI,28
51606,CHRM,CHIRMIRI,KMZ,KATNI MURWAR,28
51607,BINA,BINA,GUNA,GUNA,17
51608,GUNA,GUNA,BINA,BINA,17
51609,BINA,BINA,GUNA,GUNA,17
51610,GUNA,GUNA,BINA,BINA,17
51611,KOTA,KOTA,BINA,BINA,38
51612,BINA,BINA,KOTA,KOTA,38
51671,ET,ITARSI,STA,SATNA,44
51672,STA,SATNA,ET,ITARSI,44
51673,ET,ITARSI,STA,SATNA,40
51674,STA,SATNA,ET,ITARSI,40
51675,KTE,KATNI,CPU,CHOPAN,34
51676,CPU,CHOPAN,KTE,KATNI,34
51678,SKTN,SHAKTINAGAR,CPU,CHOPAN,11
51679,KTE,KATNI,CPU,CHOPAN,36
51680,CPU,CHOPAN,KTE,KATNI,36
51685,KNW,KHANDWA JN.,BIR,BIR,5
51686,BIR,BIR,KNW,KHANDWA JN.,5
51687,KNW,KHANDWA JN.,BIR,BIR,5
51688,BIR,BIR,KNW,KHANDWA JN.,5
51701,JBP,JABALPUR,REWA,REWA,26
51702,REWA,REWA,JBP,JABALPUR,26
51703,JBP,JABALPUR,NIR,NAINPUR JN.,18
51704,NIR,NAINPUR JN.,MML,MADANMAHAL,17
51705,MML,MADANMAHAL,NIR,NAINPUR JN.,17
51706,NIR,NAINPUR JN.,MML,MADANMAHAL,17
51708,NIR,NAINPUR JN.,JBP,JABALPUR,18
51753,REWA,REWA,CHRM,CHIRMIRI,30
51754,CHRM,CHIRMIRI,REWA,REWA,30
51755,CHRM,CHIRMIRI,APR,ANUPPUR JN.,11
51756,APR,ANUPPUR JN.,CHRM,CHIRMIRI,11
51763,STA,SATNA,MKP,MANIKPUR JN.,10
51764,MKP,MANIKPUR JN.,STA,SATNA,10
51765,STA,SATNA,MKP,MANIKPUR JN.,10
51766,MKP,MANIKPUR JN.,STA,SATNA,10
51803,JHS,JHANSI JN,CNB,KANPUR CENTR,26
51804,CNB,KANPUR CENTR,JHS,JHANSI JN,26
51805,JHS,JHANSI JN,MKP,MANIKPUR JN.,31
51806,MKP,MANIKPUR JN.,JHS,JHANSI JN,31
51807,JHS,JHANSI JN,BNDA,BANDA JN,20
51811,BINA,BINA,JHS,JHANSI JN,20
51812,JHS,JHANSI JN,BINA,BINA,20
51813,JHS,JHANSI JN,LKO,LUCKNOW JN.,38
51814,LKO,LUCKNOW JN.,JHS,JHANSI JN,39
51815,JHS,JHANSI JN,AGC,AGRA CANTT,25
51816,AGC,AGRA CANTT,JHS,JHANSI JN,25
51817,KURJ,KHAJAURAHO,JHS,JHANSI JN,26
51818,JHS,JHANSI JN,KURJ,KHAJAURAHO,27
51821,MBA,MAHOBA,KURJ,KHAJAURAHO,6
51822,KURJ,KHAJAURAHO,MBA,MAHOBA,6
51827,ET,ITARSI,JHS,JHANSI JN,44
51828,JHS,JHANSI JN,ET,ITARSI,44
51829,NGP,NAGPUR JN.(C,ET,ITARSI,35
51830,ET,ITARSI,NGP,NAGPUR JN.(C,30
51831,JHS,JHANSI JN,AGC,AGRA CANTT,25
51832,AGC,AGRA CANTT,JHS,JHANSI JN,25
51861,AIT,AIT JN,KNH,KONCH,2
51862,KNH,KONCH,AIT,AIT JN,2
51863,AIT,AIT JN,KNH,KONCH,2
51864,KNH,KONCH,AIT,AIT JN,2
51865,AIT,AIT JN,KNH,KONCH,2
51866,KNH,KONCH,AIT,AIT JN,2
51867,AIT,AIT JN,KNH,KONCH,2
51868,KNH,KONCH,AIT,AIT JN,2
51869,AIT,AIT JN,KNH,KONCH,2
51870,KNH,KONCH,AIT,AIT JN,2
51881,GWL,GWALIOR JN,AGC,AGRA CANTT,14
51882,AGC,AGRA CANTT,GWL,GWALIOR JN,14
51883,BINA,BINA,GWL,GWALIOR JN,31
51884,GWL,GWALIOR JN,BINA,BINA,31
51885,BINA,BINA,DMO,DAMOH,18
51886,DMO,DAMOH,BINA,BINA,18
51901,AGC,AGRA CANTT,DLI,DELHI JN.,31
51902,DLI,DELHI JN.,AGC,AGRA CANTT,32
51905,DLI,DELHI JN.,SMQL,SHAMLI,24
51906,SMQL,SHAMLI,DLI,DELHI JN.,16
51907,SMQL,SHAMLI,SRE,SAHARANPUR J,13
51908,SRE,SAHARANPUR J,SMQL,SHAMLI,13
51909,DLI,DELHI JN.,SRE,SAHARANPUR J,36
51910,SRE,SAHARANPUR J,DLI,DELHI JN.,36
51911,DLI,DELHI JN.,SRE,SAHARANPUR J,36
51912,SRE,SAHARANPUR J,DLI,DELHI JN.,36
51913,DLI,DELHI JN.,SRE,SAHARANPUR J,32
51914,SRE,SAHARANPUR J,DLI,DELHI JN.,28
51915,DLI,DELHI JN.,FN,FARUKHNAGAR,12
51916,FN,FARUKHNAGAR,DLI,DELHI JN.,12
51971,MTJ,MATHURA JN.,AWR,ALWAR JN.,13
51972,AWR,ALWAR JN.,MTJ,MATHURA JN.,13
51973,MTJ,MATHURA JN.,JP,JAIPUR JN.,34
51974,JP,JAIPUR JN.,MTJ,MATHURA JN.,34
52073,MJ,MARWAR JN.,MVJ,MAVLI JN.,15
52074,MVJ,MAVLI JN.,MJ,MARWAR JN.,15
52075,MJ,MARWAR JN.,MVJ,MAVLI JN.,16
52076,MVJ,MAVLI JN.,MJ,MARWAR JN.,16
52171,GWO,GWALIOR (NG),SOE,SHEOPUR KALA,28
52172,SOE,SHEOPUR KALA,GWO,GWALIOR (NG),28
52173,GWO,GWALIOR (NG),SBL,SABALGARH,15
52174,SBL,SABALGARH,GWO,GWALIOR (NG),15
52175,GWO,GWALIOR (NG),SBL,SABALGARH,8
52176,SBL,SABALGARH,GWO,GWALIOR (NG),7
52177,SBL,SABALGARH,SOE,SHEOPUR KALA,14
52178,SOE,SHEOPUR KALA,SBL,SABALGARH,14
52179,DHOA,DHOLPUR (NG),SRMT,SIRMUTTRA,9
52180,SRMT,SIRMUTTRA,DHOA,DHOLPUR (NG),9
52181,DHOA,DHOLPUR (NG),TPO,TANTPUR,9
52182,TPO,TANTPUR,BARI,BARI,5
52183,BARI,BARI,SRMT,SIRMUTTRA,5
52184,SRMT,SIRMUTTRA,DHOA,DHOLPUR (NG),9
52205,PBE,PILIBHIT JN.,MLN,MAILANI JN.,13
52206,MLN,MAILANI JN.,PBE,PILIBHIT JN.,8
52207,PBE,PILIBHIT JN.,MLN,MAILANI JN.,13
52208,MLN,MAILANI JN.,PBE,PILIBHIT JN.,13
52221,PBE,PILIBHIT JN.,MLN,MAILANI JN.,13
52222,MLN,MAILANI JN.,PBE,PILIBHIT JN.,13
52223,PBE,PILIBHIT JN.,MLN,MAILANI JN.,13
52224,MLN,MAILANI JN.,PBE,PILIBHIT JN.,13
52225,PBE,PILIBHIT JN.,MLN,MAILANI JN.,8
52226,MLN,MAILANI JN.,PBE,PILIBHIT JN.,13
52229,SZP,SHAHJAHANPUR,PBE,PILIBHIT JN.,15
52230,PBE,PILIBHIT JN.,SZP,SHAHJAHANPUR,16
52231,PBE,PILIBHIT JN.,SZP,SHAHJAHANPUR,15
52232,SZP,SHAHJAHANPUR,PBE,PILIBHIT JN.,15
52233,PBE,PILIBHIT JN.,SZP,SHAHJAHANPUR,15
52234,SZP,SHAHJAHANPUR,PBE,PILIBHIT JN.,16
52235,PBE,PILIBHIT JN.,SZP,SHAHJAHANPUR,14
52236,SZP,SHAHJAHANPUR,PBE,PILIBHIT JN.,13
52239,TQN,TIKUNIA,MLN,MAILANI JN.,6
52240,MLN,MAILANI JN.,TQN,TIKUNIA,6
52241,BRK,BAHRAICH,MLN,MAILANI JN.,18
52242,MLN,MAILANI JN.,BRK,BAHRAICH,18
52251,BRK,BAHRAICH,MLN,MAILANI JN.,18
52252,MLN,MAILANI JN.,BRK,BAHRAICH,19
52253,BRK,BAHRAICH,MLN,MAILANI JN.,18
52254,MLN,MAILANI JN.,BRK,BAHRAICH,18
52255,BRK,BAHRAICH,MLN,MAILANI JN.,19
52256,MLN,MAILANI JN.,BRK,BAHRAICH,18
52257,BRK,BAHRAICH,MLN,MAILANI JN.,16
52258,MLN,MAILANI JN.,BRK,BAHRAICH,16
52259,BRK,BAHRAICH,MLN,MAILANI JN.,16
52260,MLN,MAILANI JN.,BRK,BAHRAICH,16
52263,BRK,BAHRAICH,NPR,NEPALGANJ RO,6
52264,NPR,NEPALGANJ RO,BRK,BAHRAICH,6
52265,BRK,BAHRAICH,NPR,NEPALGANJ RO,6
52266,NPR,NEPALGANJ RO,BRK,BAHRAICH,6
52267,BRK,BAHRAICH,NPR,NEPALGANJ RO,6
52268,NPR,NEPALGANJ RO,BRK,BAHRAICH,6
52297,PBE,PILIBHIT JN.,SZP,SHAHJAHANPUR,6
52298,SZP,SHAHJAHANPUR,PBE,PILIBHIT JN.,6
52451,KLK,KALKA,SML,SHIMLA,3
52452,SML,SHIMLA,KLK,KALKA,3
52453,KLK,KALKA,SML,SHIMLA,12
52454,SML,SHIMLA,KLK,KALKA,14
52455,KLK,KALKA,SML,SHIMLA,11
52456,SML,SHIMLA,KLK,KALKA,10
52457,KLK,KALKA,SML,SHIMLA,18
52458,SML,SHIMLA,KLK,KALKA,18
52461,PTK,PATHANKOT JN,JMKR,JAWALAMUKHI,17
52462,JMKR,JAWALAMUKHI,PTK,PATHANKOT JN,17
52463,PTK,PATHANKOT JN,BJPL,BAIJNATH PAP,28
52464,BJPL,BAIJNATH PAP,PTK,PATHANKOT JN,27
52465,PTK,PATHANKOT JN,BJPL,BAIJNATH PAP,30
52466,BJPL,BAIJNATH PAP,PTK,PATHANKOT JN,30
52467,PTK,PATHANKOT JN,BJPL,BAIJNATH PAP,30
52468,BJPL,BAIJNATH PAP,PTK,PATHANKOT JN,30
52469,PTK,PATHANKOT JN,BJPL,BAIJNATH PAP,25
52470,BJPL,BAIJNATH PAP,PTK,PATHANKOT JN,23
52471,PTK,PATHANKOT JN,JDNX,JOGINDER NAG,30
52472,JDNX,JOGINDER NAG,PTK,PATHANKOT JN,34
52473,PTK,PATHANKOT JN,JDNX,JOGINDER NAG,34
52474,JDNX,JOGINDER NAG,PTK,PATHANKOT JN,33
52540,DJ,DARJEELING,NJP,NEW JALPAIGU,12
52541,NJP,NEW JALPAIGU,DJ,DARJEELING,12
52570,DJ,DARJEELING,KGN,KURSEONG,5
52571,KGN,KURSEONG,DJ,DARJEELING,5
52587,KGN,KURSEONG,DJ,DARJEELING,5
52588,DJ,DARJEELING,KGN,KURSEONG,5
52591,DJ,DARJEELING,DJ,DARJEELING,3
52592,DJ,DARJEELING,DJ,DARJEELING,3
52593,DJ,DARJEELING,DJ,DARJEELING,3
52594,DJ,DARJEELING,DJ,DARJEELING,3
52595,DJ,DARJEELING,DJ,DARJEELING,3
52596,DJ,DARJEELING,DJ,DARJEELING,3
52597,DJ,DARJEELING,DJ,DARJEELING,3
52598,DJ,DARJEELING,DJ,DARJEELING,3
52599,DJ,DARJEELING,DJ,DARJEELING,3
52911,RUJ,RANUJ,ADIJ,AHMEDABAD JN,14
52912,ADIJ,AHMEDABAD JN,RUJ,RANUJ,14
52913,RUJ,RANUJ,ADIJ,AHMEDABAD JN,14
52914,ADIJ,AHMEDABAD JN,RUJ,RANUJ,14
52929,VRLF,VERAVAL MG,DASF,DHASA JN (MG,17
52930,DASF,DHASA JN (MG,VRLF,VERAVAL MG,17
52931,JLRF,JETALSAR JN,DASF,DHASA JN (MG,11
52932,DASF,DHASA JN (MG,JLRF,JETALSAR JN,11
52933,VRLF,VERAVAL MG,DASF,DHASA JN (MG,17
52934,BTDF,BOTAD JN (MG,GG,GANDHIGRAM,21
52935,GG,GANDHIGRAM,BTDF,BOTAD JN (MG,20
52938,BTDF,BOTAD JN (MG,ADIJ,AHMEDABAD JN,14
52939,ADIJ,AHMEDABAD JN,BTDF,BOTAD JN (MG,14
52940,BTDF,BOTAD JN (MG,GG,GANDHIGRAM,20
52941,GG,GANDHIGRAM,BTDF,BOTAD JN (MG,20
52942,BTDF,BOTAD JN (MG,GG,GANDHIGRAM,12
52943,GG,GANDHIGRAM,BTDF,BOTAD JN (MG,12
52944,BTDF,BOTAD JN (MG,GG,GANDHIGRAM,17
52945,GG,GANDHIGRAM,BTDF,BOTAD JN (MG,17
52946,DASF,DHASA JN (MG,VRLF,VERAVAL MG,17
52947,JLRF,JETALSAR JN,DASF,DHASA JN (MG,11
52948,DASF,DHASA JN (MG,JLRF,JETALSAR JN,11
52949,VRLF,VERAVAL MG,DVA,DELVADA,12
52950,DVA,DELVADA,VRLF,VERAVAL MG,12
52951,DVA,DELVADA,JND,JUNAGADH JN,19
52952,JND,JUNAGADH JN,DVA,DELVADA,19
52953,KODR,KODINAR,VRLF,VERAVAL MG,7
52954,VRLF,VERAVAL MG,KODR,KODINAR,7
52955,KJV,KHIJADIYA JN,JND,JUNAGADH JN,12
52956,JND,JUNAGADH JN,KJV,KHIJADIYA JN,12
52963,DADN,MHOW,SWD,SANAWAD,8
52964,SWD,SANAWAD,DADN,MHOW,8
52973,DADN,MHOW,SWD,SANAWAD,8
52974,SWD,SANAWAD,DADN,MHOW,8
52975,DADN,MHOW,SWD,SANAWAD,8
52976,SWD,SANAWAD,DADN,MHOW,8
52987,DADN,MHOW,SWD,SANAWAD,8
52988,SWD,SANAWAD,DADN,MHOW,8
53001,HWH,HOWRAH JN.,AZ,AZIMGANJ JN.,42
53002,AZ,AZIMGANJ JN.,HWH,HOWRAH JN.,36
53005,KWAE,KATWA JN.,AZ,AZIMGANJ JN.,17
53006,AZ,AZIMGANJ JN.,KWAE,KATWA JN.,16
53007,KWAE,KATWA JN.,RPH,RAMPUR HAT,28
53008,RPH,RAMPUR HAT,KWAE,KATWA JN.,29
53009,KWAE,KATWA JN.,AZ,AZIMGANJ JN.,18
53010,AZ,AZIMGANJ JN.,KWAE,KATWA JN.,19
53011,KWAE,KATWA JN.,AZ,AZIMGANJ JN.,15
53012,AZ,AZIMGANJ JN.,KWAE,KATWA JN.,20
53013,KWAE,KATWA JN.,AZ,AZIMGANJ JN.,17
53014,AZ,AZIMGANJ JN.,KWAE,KATWA JN.,17
53015,KWAE,KATWA JN.,AZ,AZIMGANJ JN.,16
53016,AZ,AZIMGANJ JN.,KWAE,KATWA JN.,16
53017,KWAE,KATWA JN.,AZ,AZIMGANJ JN.,17
53018,AZ,AZIMGANJ JN.,KWAE,KATWA JN.,20
53019,KWAE,KATWA JN.,AZ,AZIMGANJ JN.,13
53020,AZ,AZIMGANJ JN.,KWAE,KATWA JN.,15
53021,AZ,AZIMGANJ JN.,SBG,SAHIBGANJ,25
53022,SBG,SAHIBGANJ,AZ,AZIMGANJ JN.,25
53023,AZ,AZIMGANJ JN.,RPH,RAMPUR HAT,11
53024,RPH,RAMPUR HAT,AZ,AZIMGANJ JN.,10
53025,AZ,AZIMGANJ JN.,RPH,RAMPUR HAT,11
53026,RPH,RAMPUR HAT,AZ,AZIMGANJ JN.,11
53027,AZ,AZIMGANJ JN.,MLDT,MALDA TOWN,22
53028,MLDT,MALDA TOWN,AZ,AZIMGANJ JN.,22
53029,AZ,AZIMGANJ JN.,BGP,BHAGALPUR,42
53030,BGP,BHAGALPUR,AZ,AZIMGANJ JN.,41
53031,AZ,AZIMGANJ JN.,RPH,RAMPUR HAT,11
53034,RPH,RAMPUR HAT,AZ,AZIMGANJ JN.,11
53035,AZ,AZIMGANJ JN.,BHW,BARHARWA JN.,18
53036,BHW,BARHARWA JN.,AZ,AZIMGANJ JN.,20
53037,SBG,SAHIBGANJ,BGP,BHAGALPUR,14
53038,BGP,BHAGALPUR,SBG,SAHIBGANJ,14
53041,HWH,HOWRAH JN.,JYG,JAYNAGAR,118
53042,JYG,JAYNAGAR,HWH,HOWRAH JN.,107
53043,HWH,HOWRAH JN.,RGD,RAJGIR,83
53044,RGD,RAJGIR,HWH,HOWRAH JN.,73
53045,HWH,HOWRAH JN.,RPH,RAMPUR HAT,21
53046,RPH,RAMPUR HAT,HWH,HOWRAH JN.,20
53047,HWH,HOWRAH JN.,RPH,RAMPUR HAT,23
53048,RPH,RAMPUR HAT,HWH,HOWRAH JN.,23
53049,HWH,HOWRAH JN.,MKA,MOKAMA JN.,53
5305,CPA,KANPUR ANWAR,FBD,FARRUKHABAD,11
53050,MKA,MOKAMA JN.,HWH,HOWRAH JN.,50
5306,FBD,FARRUKHABAD,CPA,KANPUR ANWAR,11
53061,BWN,BARDDHAMAN J,HTE,HATIA,50
53062,HTE,HATIA,BWN,BARDDHAMAN J,50
53063,BWN,BARDDHAMAN J,BHW,BARHARWA JN.,31
53064,BHW,BARHARWA JN.,BWN,BARDDHAMAN J,31
53068,RPH,RAMPUR HAT,BWN,BARDDHAMAN J,19
53069,BWN,BARDDHAMAN J,RPH,RAMPUR HAT,19
53073,RPH,RAMPUR HAT,SBG,SAHIBGANJ,22
53074,SBG,SAHIBGANJ,RPH,RAMPUR HAT,22
53075,RPH,RAMPUR HAT,BHW,BARHARWA JN.,13
53076,BHW,BARHARWA JN.,RPH,RAMPUR HAT,13
53081,RPH,RAMPUR HAT,DUMK,DUMKA,8
5309,BC,BAREILLY CIT,LKU,LALKUA JN.,6
5310,LKU,LALKUA JN.,BC,BAREILLY CIT,6
53131,SDAH,SEALDAH,MFP,MUZAFFARPUR,70
53132,MFP,MUZAFFARPUR,SDAH,SEALDAH,70
53137,RPH,RAMPUR HAT,BHW,BARHARWA JN.,13
53138,BHW,BARHARWA JN.,RPH,RAMPUR HAT,13
53139,KOAA,KOLKATA,JSME,JASIDIH JN.,18
53140,JSME,JASIDIH JN.,KOAA,KOLKATA,18
53171,SDAH,SEALDAH,LGL,LALGOLA,40
53172,LGL,LALGOLA,SDAH,SEALDAH,38
53175,SDAH,SEALDAH,LGL,LALGOLA,35
53176,LGL,LALGOLA,SDAH,SEALDAH,36
53177,SDAH,SEALDAH,LGL,LALGOLA,29
53178,LGL,LALGOLA,SDAH,SEALDAH,36
53179,KOAA,KOLKATA,LGL,LALGOLA,35
53180,LGL,LALGOLA,KOAA,KOLKATA,39
53181,SDAH,SEALDAH,LGL,LALGOLA,34
53186,LGL,LALGOLA,SDAH,SEALDAH,33
53207,IPR,ISLAMPUR,FUT,FATUHA,5
53208,FUT,FATUHA,IPR,ISLAMPUR,5
53209,RGD,RAJGIR,FUT,FATUHA,8
53210,FUT,FATUHA,RGD,RAJGIR,8
53211,PNBE,PATNA JN.,SSM,SASARAM,13
53212,SSM,SASARAM,PNBE,PATNA JN.,13
53213,PNBE,PATNA JN.,GAYA,GAYA JN.,26
53214,GAYA,GAYA JN.,PNBE,PATNA JN.,25
53221,RGD,RAJGIR,BKP,BAKHTIYARPUR,8
53222,BKP,BAKHTIYARPUR,RGD,RAJGIR,8
53223,RGD,RAJGIR,BKP,BAKHTIYARPUR,8
53224,BKP,BAKHTIYARPUR,RGD,RAJGIR,7
53225,BKP,BAKHTIYARPUR,GAYA,GAYA JN.,13
53226,GAYA,GAYA JN.,BKP,BAKHTIYARPUR,13
53229,RGD,RAJGIR,DNR,DANAPUR,19
53230,DNR,DANAPUR,RGD,RAJGIR,18
53231,TIA,TILAIYA,DNR,DANAPUR,20
53232,DNR,DANAPUR,TIA,TILAIYA,20
53323,SNDT,SINDRI TOWN,DHN,DHANBAD JN.,7
53324,DHN,DHANBAD JN.,SNDT,SINDRI TOWN,7
53327,SNDT,SINDRI TOWN,GMO,NSC BOSE J G,12
53328,GMO,NSC BOSE J G,SNDT,SINDRI TOWN,12
53333,SNDT,SINDRI TOWN,DHN,DHANBAD JN.,6
53334,DHN,DHANBAD JN.,SNDT,SINDRI TOWN,6
53343,GMO,NSC BOSE J G,CPU,CHOPAN,59
53344,CPU,CHOPAN,GMO,NSC BOSE J G,58
53345,CPU,CHOPAN,ALD,ALLAHABAD JN,23
53346,ALD,ALLAHABAD JN,CPU,CHOPAN,23
53347,GMO,NSC BOSE J G,BRWD,BARWADIH JN,36
53348,BRWD,BARWADIH JN,GMO,NSC BOSE J G,35
53349,BRWD,BARWADIH JN,DOS,DEHRI-ON-SON,24
53350,DOS,DEHRI-ON-SON,BRWD,BARWADIH JN,24
53351,BRWD,BARWADIH JN,CAR,CHUNAR JN.,31
53352,CAR,CHUNAR JN.,BRWD,BARWADIH JN,31
53357,BRKA,BARKAKANA,DOS,DEHRI-ON-SON,43
53358,DOS,DEHRI-ON-SON,BRKA,BARKAKANA,42
53363,GAYA,GAYA JN.,DOS,DEHRI-ON-SON,14
53364,DOS,DEHRI-ON-SON,GAYA,GAYA JN.,14
53365,KWAR,KAWAR,KQR,KODERMA,9
53366,KQR,KODERMA,KWAR,KAWAR,9
53369,KWAR,KAWAR,KQR,KODERMA,9
53370,KQR,KODERMA,KWAR,KAWAR,9
53371,KQR,KODERMA,BRKA,BARKAKANA,16
53372,BRKA,BARKAKANA,KQR,KODERMA,16
53373,KQR,KODERMA,BRKA,BARKAKANA,16
53374,BRKA,BARKAKANA,KQR,KODERMA,16
53401,SBG,SAHIBGANJ,MLDT,MALDA TOWN,19
53402,MLDT,MALDA TOWN,SBG,SAHIBGANJ,19
53403,RPH,RAMPUR HAT,GAYA,GAYA JN.,66
53404,GAYA,GAYA JN.,JMP,JAMALPUR JN.,21
53405,RPH,RAMPUR HAT,SBG,SAHIBGANJ,22
53406,SBG,SAHIBGANJ,RPH,RAMPUR HAT,22
53408,JMP,JAMALPUR JN.,RPH,RAMPUR HAT,46
53411,BHW,BARHARWA JN.,SBG,SAHIBGANJ,10
53412,SBG,SAHIBGANJ,BHW,BARHARWA JN.,10
53415,SBG,SAHIBGANJ,JMP,JAMALPUR JN.,31
53416,JMP,JAMALPUR JN.,SBG,SAHIBGANJ,31
53417,BWN,BARDDHAMAN J,MLDT,MALDA TOWN,39
53418,MLDT,MALDA TOWN,BWN,BARDDHAMAN J,39
53423,JMP,JAMALPUR JN.,KIUL,KIUL JN.,13
53424,KIUL,KIUL JN.,JMP,JAMALPUR JN.,13
53431,SBG,SAHIBGANJ,JMP,JAMALPUR JN.,31
53432,JMP,JAMALPUR JN.,SBG,SAHIBGANJ,31
53433,AZ,AZIMGANJ JN.,BHW,BARHARWA JN.,19
53434,BHW,BARHARWA JN.,AZ,AZIMGANJ JN.,19
53435,KWAE,KATWA JN.,AZ,AZIMGANJ JN.,19
53436,AZ,AZIMGANJ JN.,KWAE,KATWA JN.,18
53441,HSDA,HANSDIHA,BGP,BHAGALPUR,16
53442,BGP,BHAGALPUR,HSDA,HANSDIHA,16
53443,HSDA,HANSDIHA,BGP,BHAGALPUR,16
53444,BGP,BHAGALPUR,HSDA,HANSDIHA,18
53445,HSDA,HANSDIHA,BGP,BHAGALPUR,16
53446,BGP,BHAGALPUR,HSDA,HANSDIHA,16
53447,BAKA,BANKA,BGP,BHAGALPUR,15
53448,BGP,BHAGALPUR,BAKA,BANKA,15
53449,BAKA,BANKA,BGP,BHAGALPUR,15
53450,BGP,BHAGALPUR,BAKA,BANKA,15
53451,DUMK,DUMKA,HSDA,HANSDIHA,6
53452,HSDA,HANSDIHA,DUMK,DUMKA,6
53479,JMP,JAMALPUR JN.,KIUL,KIUL JN.,13
53480,KIUL,KIUL JN.,JMP,JAMALPUR JN.,13
53481,TPH,TINPAHAR JN.,RJL,RAJMAHAL,2
53482,RJL,RAJMAHAL,TPH,TINPAHAR JN.,2
53483,TPH,TINPAHAR JN.,RJL,RAJMAHAL,2
53484,RJL,RAJMAHAL,TPH,TINPAHAR JN.,2
53485,TPH,TINPAHAR JN.,RJL,RAJMAHAL,2
53486,RJL,RAJMAHAL,TPH,TINPAHAR JN.,2
53487,TPH,TINPAHAR JN.,RJL,RAJMAHAL,2
53488,RJL,RAJMAHAL,TPH,TINPAHAR JN.,2
53489,TPH,TINPAHAR JN.,RJL,RAJMAHAL,2
53490,RJL,RAJMAHAL,TPH,TINPAHAR JN.,2
53491,TPH,TINPAHAR JN.,RJL,RAJMAHAL,2
53492,RJL,RAJMAHAL,TPH,TINPAHAR JN.,2
53493,TPH,TINPAHAR JN.,RJL,RAJMAHAL,2
53494,RJL,RAJMAHAL,TPH,TINPAHAR JN.,2
53495,TPH,TINPAHAR JN.,RJL,RAJMAHAL,2
53496,RJL,RAJMAHAL,TPH,TINPAHAR JN.,2
53497,BGP,BHAGALPUR,JMP,JAMALPUR JN.,18
53498,JMP,JAMALPUR JN.,BGP,BHAGALPUR,18
53511,MDP,MADHUPUR JN.,GRD,GIRDIH,7
53512,GRD,GIRDIH,MDP,MADHUPUR JN.,7
53513,MDP,MADHUPUR JN.,GRD,GIRDIH,7
53514,GRD,GIRDIH,MDP,MADHUPUR JN.,7
53515,MDP,MADHUPUR JN.,GRD,GIRDIH,7
53516,GRD,GIRDIH,MDP,MADHUPUR JN.,7
53517,MDP,MADHUPUR JN.,GRD,GIRDIH,7
53518,GRD,GIRDIH,MDP,MADHUPUR JN.,7
53519,MDP,MADHUPUR JN.,GRD,GIRDIH,7
53520,GRD,GIRDIH,MDP,MADHUPUR JN.,7
53523,ASN,ASANSOL MAIN,BRKA,BARKAKANA,35
53524,BRKA,BARKAKANA,ASN,ASANSOL MAIN,35
53525,BRKA,BARKAKANA,BSB,VARANASI JN.,63
53526,BSB,VARANASI JN.,BRKA,BARKAKANA,62
53551,DUMK,DUMKA,JSME,JASIDIH JN.,9
53552,JSME,JASIDIH JN.,DUMK,DUMKA,9
53553,DUMK,DUMKA,JSME,JASIDIH JN.,9
53554,JSME,JASIDIH JN.,DUMK,DUMKA,9
53555,DUMK,DUMKA,JSME,JASIDIH JN.,9
53556,JSME,JASIDIH JN.,DUMK,DUMKA,9
53611,BRWD,BARWADIH JN,DOS,DEHRI-ON-SON,24
53612,DOS,DEHRI-ON-SON,BRWD,BARWADIH JN,24
53615,JMP,JAMALPUR JN.,GAYA,GAYA JN.,19
53616,GAYA,GAYA JN.,JMP,JAMALPUR JN.,19
53623,JAJ,JHAJHA,GAYA,GAYA JN.,20
53624,GAYA,GAYA JN.,JAJ,JHAJHA,21
53625,KIUL,KIUL JN.,GAYA,GAYA JN.,13
53626,GAYA,GAYA JN.,KIUL,KIUL JN.,13
53627,KIUL,KIUL JN.,GAYA,GAYA JN.,12
53628,GAYA,GAYA JN.,KIUL,KIUL JN.,12
53629,KIUL,KIUL JN.,GAYA,GAYA JN.,12
53630,GAYA,GAYA JN.,KIUL,KIUL JN.,13
53631,KIUL,KIUL JN.,GAYA,GAYA JN.,12
53632,GAYA,GAYA JN.,KIUL,KIUL JN.,12
53641,DLN,DILDARNAGAR,MGS,MUGHAL SARAI,9
53642,MGS,MUGHAL SARAI,DLN,DILDARNAGAR,9
53643,DLN,DILDARNAGAR,TRG,TARIGHAT,4
53644,TRG,TARIGHAT,DLN,DILDARNAGAR,4
53645,DLN,DILDARNAGAR,TRG,TARIGHAT,4
53646,TRG,TARIGHAT,DLN,DILDARNAGAR,4
53647,DLN,DILDARNAGAR,TRG,TARIGHAT,4
53648,TRG,TARIGHAT,DLN,DILDARNAGAR,4
54001,TKJ,TILAK BRIDGE,ROK,ROHTAK JN.,20
54002,ROK,ROHTAK JN.,TKJ,TILAK BRIDGE,20
54005,DLI,DELHI JN.,BNW,BHIWANI JN.,23
54006,JIND,JIND JN,ROK,ROHTAK JN.,25
54007,ROK,ROHTAK JN.,JIND,JIND JN,25
54008,JIND,JIND JN,ROK,ROHTAK JN.,25
54009,ROK,ROHTAK JN.,JIND,JIND JN,25
54010,NRW,NARWANA JN.,JIND,JIND JN,5
54011,TKJ,TILAK BRIDGE,SDLP,SADULPUR JN,39
54012,SDLP,SADULPUR JN,TKJ,TILAK BRIDGE,39
54013,ROK,ROHTAK JN.,BNW,BHIWANI JN.,7
54014,BNW,BHIWANI JN.,ROK,ROHTAK JN.,7
54015,ROK,ROHTAK JN.,BNW,BHIWANI JN.,7
54016,BNW,BHIWANI JN.,ROK,ROHTAK JN.,7
54018,BNW,BHIWANI JN.,ROK,ROHTAK JN.,7
54019,RE,REWARI JN.,ROK,ROHTAK JN.,8
54023,ROK,ROHTAK JN.,JIND,JIND JN,9
54024,JIND,JIND JN,DLI,DELHI JN.,25
54025,ROK,ROHTAK JN.,PNP,PANIPAT JN.,6
54026,PNP,PANIPAT JN.,ROK,ROHTAK JN.,6
54031,DLI,DELHI JN.,JIND,JIND JN,25
54032,JIND,JIND JN,DLI,DELHI JN.,25
54033,DLI,DELHI JN.,NRW,NARWANA JN.,29
54034,JIND,JIND JN,DLI,DELHI JN.,25
54035,DLI,DELHI JN.,JHL,JAKHAL JN.,35
54036,JHL,JAKHAL JN.,DLI,DELHI JN.,35
54037,KKDE,KURUKSHETRA,JIND,JIND JN,17
54038,JIND,JIND JN,KKDE,KURUKSHETRA,17
54039,KKDE,KURUKSHETRA,JIND,JIND JN,17
54040,JIND,JIND JN,KKDE,KURUKSHETRA,17
54041,KKDE,KURUKSHETRA,JIND,JIND JN,17
54042,JIND,JIND JN,KKDE,KURUKSHETRA,17
54043,JIND,JIND JN,HSR,HISAR JN,40
54044,HSR,HISAR JN,JIND,JIND JN,40
54045,JIND,JIND JN,FZR,FIROZPUR CAN,34
54046,FZR,FIROZPUR CAN,JIND,JIND JN,36
54047,KKDE,KURUKSHETRA,JIND,JIND JN,10
54048,JIND,JIND JN,KKDE,KURUKSHETRA,17
54049,ROK,ROHTAK JN.,JIND,JIND JN,25
54050,JIND,JIND JN,ROK,ROHTAK JN.,25
54051,LDH,LUDHIANA JN.,FZR,FIROZPUR CAN,14
54052,FZR,FIROZPUR CAN,LDH,LUDHIANA JN.,14
54053,JHL,JAKHAL JN.,LDH,LUDHIANA JN.,19
54054,LDH,LUDHIANA JN.,JHL,JAKHAL JN.,19
54055,MB,MORADABAD JN,DLI,DELHI JN.,26
54056,DLI,DELHI JN.,MB,MORADABAD JN,26
54057,DLI,DELHI JN.,SMQL,SHAMLI,24
54058,SMQL,SHAMLI,DLI,DELHI JN.,24
54059,DLI,DELHI JN.,SMQL,SHAMLI,16
54060,SMQL,SHAMLI,DLI,DELHI JN.,24
54075,SPC,SITAPUR CITY,DLI,DELHI JN.,40
54076,DLI,DELHI JN.,SPC,SITAPUR CITY,44
54077,BE,BAREILLY JN.,MB,MORADABAD JN,18
54078,MB,MORADABAD JN,BE,BAREILLY JN.,19
54085,DLI,DELHI JN.,RE,REWARI JN.,18
54086,RE,REWARI JN.,DLI,DELHI JN.,18
54091,NBD,NAJIBABAD JN,KTW,KOTDWARA,3
54092,KTW,KOTDWARA,NBD,NAJIBABAD JN,3
54101,PRG,PRAYAG JN.,CNB,KANPUR CENTR,34
54102,CNB,KANPUR CENTR,PRG,PRAYAG JN.,34
54103,CAR,CHUNAR JN.,ALD,ALLAHABAD JN,16
54104,ALD,ALLAHABAD JN,CAR,CHUNAR JN.,16
54107,ALD,ALLAHABAD JN,JNU,JAUNPUR JN.,19
54108,JNU,JAUNPUR JN.,ALD,ALLAHABAD JN,19
54109,MGS,MUGHAL SARAI,FD,FAIZABAD JN.,33
54110,FD,FAIZABAD JN.,MGS,MUGHAL SARAI,33
54152,CNB,KANPUR CENTR,FTP,FATEHPUR,13
54153,RBL,RAE BARELI J,CNB,KANPUR CENTR,27
54154,CNB,KANPUR CENTR,RBL,RAE BARELI J,27
54155,CNB,KANPUR CENTR,FBD,FARRUKHABAD,27
54156,FBD,FARRUKHABAD,CNB,KANPUR CENTR,27
54158,FBD,FARRUKHABAD,CPA,KANPUR ANWAR,26
54159,JHS,JHANSI JN,ALD,ALLAHABAD JN,44
54161,KURJ,KHAJAURAHO,CNB,KANPUR CENTR,27
54162,CNB,KANPUR CENTR,KURJ,KHAJAURAHO,28
54201,LKO,LUCKNOW JN.,RBD,RAHIMABAD,7
54211,RBL,RAE BARELI J,CNB,KANPUR CENTR,23
54212,CNB,KANPUR CENTR,RBL,RAE BARELI J,23
54221,RBL,RAE BARELI J,RRS,RAGHURAJ SIN,10
54222,RRS,RAGHURAJ SIN,RBL,RAE BARELI J,10
54223,RBL,RAE BARELI J,RRS,RAGHURAJ SIN,10
54224,RRS,RAGHURAJ SIN,RBL,RAE BARELI J,10
54225,UCR,UNCHAHAR JN.,RBL,RAE BARELI J,5
54226,RBL,RAE BARELI J,UCR,UNCHAHAR JN.,5
54227,UCR,UNCHAHAR JN.,RBL,RAE BARELI J,5
54228,RBL,RAE BARELI J,UCR,UNCHAHAR JN.,5
54231,FD,FAIZABAD JN.,LKO,LUCKNOW JN.,18
54232,LKO,LUCKNOW JN.,FD,FAIZABAD JN.,18
54233,FD,FAIZABAD JN.,LKO,LUCKNOW JN.,18
54234,LKO,LUCKNOW JN.,FD,FAIZABAD JN.,18
54237,MUR,MANKAPUR JN.,FD,FAIZABAD JN.,7
54238,FD,FAIZABAD JN.,MUR,MANKAPUR JN.,7
54239,MUR,MANKAPUR JN.,AY,AYODHYA,5
54240,AY,AYODHYA,MUR,MANKAPUR JN.,5
54243,MUR,MANKAPUR JN.,AY,AYODHYA,5
54244,AY,AYODHYA,MUR,MANKAPUR JN.,5
54251,LKO,LUCKNOW JN.,SRE,SAHARANPUR J,74
54252,SRE,SAHARANPUR J,LKO,LUCKNOW JN.,75
54253,PRG,PRAYAG JN.,LKO,LUCKNOW JN.,32
54254,LKO,LUCKNOW JN.,PRG,PRAYAG JN.,32
54255,BSB,VARANASI JN.,LKO,LUCKNOW JN.,43
54256,LKO,LUCKNOW JN.,BSB,VARANASI JN.,42
54261,MGS,MUGHAL SARAI,JNU,JAUNPUR JN.,14
54262,JNU,JAUNPUR JN.,BSB,VARANASI JN.,11
54263,BSB,VARANASI JN.,SLN,SULTANPUR JN,21
54264,SLN,SULTANPUR JN,BSB,VARANASI JN.,21
54265,BSB,VARANASI JN.,SLN,SULTANPUR JN,21
54266,SLN,SULTANPUR JN,BSB,VARANASI JN.,21
54267,MGS,MUGHAL SARAI,BSB,VARANASI JN.,4
54268,BSB,VARANASI JN.,MGS,MUGHAL SARAI,4
54270,BSB,VARANASI JN.,MGS,MUGHAL SARAI,4
54271,ARA,ARA,MGS,MUGHAL SARAI,31
54272,MGS,MUGHAL SARAI,ARA,ARA,31
54273,ARA,ARA,SSM,SASARAM,17
54274,SSM,SASARAM,ARA,ARA,17
54281,SLN,SULTANPUR JN,LKO,LUCKNOW JN.,19
54282,LKO,LUCKNOW JN.,SLN,SULTANPUR JN,18
54283,SLN,SULTANPUR JN,LKO,LUCKNOW JN.,18
54284,LKO,LUCKNOW JN.,SLN,SULTANPUR JN,18
54291,BSB,VARANASI JN.,PBH,PARTAPGARH J,18
54292,PBH,PARTAPGARH J,BSB,VARANASI JN.,18
54293,PBH,PARTAPGARH J,LKO,LUCKNOW JN.,25
54294,LKO,LUCKNOW JN.,PBH,PARTAPGARH J,27
54303,DLI,DELHI JN.,KLK,KALKA,41
54304,KLK,KALKA,DLI,DELHI JN.,47
54307,MB,MORADABAD JN,DLI,DELHI JN.,23
54308,DLI,DELHI JN.,MB,MORADABAD JN,23
54309,DLI,DELHI JN.,RE,REWARI JN.,18
54310,RE,REWARI JN.,DLI,DELHI JN.,18
54311,BE,BAREILLY JN.,MB,MORADABAD JN,20
54312,MB,MORADABAD JN,BE,BAREILLY JN.,20
54313,CH,CHANDAUSI JN,MB,MORADABAD JN,9
54314,MB,MORADABAD JN,CH,CHANDAUSI JN,9
54321,BLM,BALAMAU JN.,SCC,SITAPUR CANT,13
54322,SCC,SITAPUR CANT,BLM,BALAMAU JN.,13
54323,BUW,BURHWAL JN.,SCC,SITAPUR CANT,11
54324,SCC,SITAPUR CANT,BUW,BURHWAL JN.,14
54325,SPC,SITAPUR CITY,CNB,KANPUR CENTR,30
54326,CNB,KANPUR CENTR,SPC,SITAPUR CITY,30
54327,SPC,SITAPUR CITY,SPN,SHAHJAHANPUR,11
54328,SPN,SHAHJAHANPUR,SPC,SITAPUR CITY,11
54329,BLM,BALAMAU JN.,SPN,SHAHJAHANPUR,16
54330,SPN,SHAHJAHANPUR,BLM,BALAMAU JN.,16
54331,LKO,LUCKNOW JN.,BLM,BALAMAU JN.,11
54332,BLM,BALAMAU JN.,LKO,LUCKNOW JN.,10
54333,BSB,VARANASI JN.,LKO,LUCKNOW JN.,46
54334,LKO,LUCKNOW JN.,BSB,VARANASI JN.,46
54335,BLM,BALAMAU JN.,CNB,KANPUR CENTR,20
54336,CNB,KANPUR CENTR,BLM,BALAMAU JN.,20
54341,SRE,SAHARANPUR J,DDN,DEHRA DUN,21
54342,DDN,DEHRA DUN,SRE,SAHARANPUR J,21
54351,ALJN,ALIGARH JN.,BE,BAREILLY JN.,27
54352,BE,BAREILLY JN.,ALJN,ALIGARH JN.,27
54353,ALJN,ALIGARH JN.,BE,BAREILLY JN.,22
54354,BE,BAREILLY JN.,ALJN,ALIGARH JN.,27
54355,ROZA,ROZA JN,BE,BAREILLY JN.,13
54356,BE,BAREILLY JN.,ROZA,ROZA JN,13
54371,PRG,PRAYAG JN.,FD,FAIZABAD JN.,21
54372,FD,FAIZABAD JN.,PRG,PRAYAG JN.,21
54373,PRG,PRAYAG JN.,FD,FAIZABAD JN.,21
54374,FD,FAIZABAD JN.,PRG,PRAYAG JN.,21
54375,PRG,PRAYAG JN.,JNU,JAUNPUR JN.,18
54376,JNU,JAUNPUR JN.,PRG,PRAYAG JN.,18
54377,PRG,PRAYAG JN.,BE,BAREILLY JN.,62
54378,BE,BAREILLY JN.,PRG,PRAYAG JN.,62
54381,GJL,GAJRAULA JN.,NBD,NAJIBABAD JN,17
54382,NBD,NAJIBABAD JN,GJL,GAJRAULA JN.,18
54383,GJL,GAJRAULA JN.,NBD,NAJIBABAD JN,18
54384,NBD,NAJIBABAD JN,GJL,GAJRAULA JN.,17
54385,NBD,NAJIBABAD JN,KTW,KOTDWARA,3
54386,KTW,KOTDWARA,NBD,NAJIBABAD JN,3
54387,NBD,NAJIBABAD JN,KTW,KOTDWARA,3
54388,KTW,KOTDWARA,NBD,NAJIBABAD JN,3
54389,NBD,NAJIBABAD JN,KTW,KOTDWARA,3
54390,KTW,KOTDWARA,NBD,NAJIBABAD JN,3
54391,ALJN,ALIGARH JN.,MB,MORADABAD JN,24
54392,MB,MORADABAD JN,ALJN,ALIGARH JN.,24
54393,MB,MORADABAD JN,GJL,GAJRAULA JN.,9
54394,GJL,GAJRAULA JN.,MB,MORADABAD JN,9
54395,MB,MORADABAD JN,NBD,NAJIBABAD JN,23
54396,NBD,NAJIBABAD JN,MB,MORADABAD JN,23
54397,SHTS,SAMBAHAL HAT,MB,MORADABAD JN,9
54398,MB,MORADABAD JN,SHTS,SAMBAHAL HAT,9
54401,KRJ,KHURJA JN,MTC,MEERUT CITY,14
54402,MTC,MEERUT CITY,KRJ,KHURJA JN,14
54403,KRJ,KHURJA JN,MTC,MEERUT CITY,14
54404,MTC,MEERUT CITY,KRJ,KHURJA JN,14
54405,KRJ,KHURJA JN,MTC,MEERUT CITY,14
54406,MTC,MEERUT CITY,KRJ,KHURJA JN,13
54411,RE,REWARI JN.,MUT,MEERUT CANT,37
54412,MUT,MEERUT CANT,RE,REWARI JN.,37
54413,DLI,DELHI JN.,RE,REWARI JN.,18
54414,RE,REWARI JN.,DLI,DELHI JN.,18
54416,RE,REWARI JN.,DLI,DELHI JN.,18
54417,DLI,DELHI JN.,RE,REWARI JN.,18
54420,RE,REWARI JN.,DLI,DELHI JN.,18
54421,DLI,DELHI JN.,RE,REWARI JN.,18
54423,DLI,DELHI JN.,BNW,BHIWANI JN.,23
54424,BNW,BHIWANI JN.,DLI,DELHI JN.,23
54461,BKI,BANDIKUI JN.,BE,BAREILLY JN.,55
54462,BE,BAREILLY JN.,BKI,BANDIKUI JN.,56
54463,CH,CHANDAUSI JN,RKSH,RISHIKESH,38
54464,RKSH,RISHIKESH,CH,CHANDAUSI JN,36
54465,FBD,FARRUKHABAD,TDL,TUNDLA JN,21
54466,TDL,TUNDLA JN,FBD,FARRUKHABAD,21
54467,TDL,TUNDLA JN,ETAH,ETAH,10
54468,ETAH,ETAH,TDL,TUNDLA JN,10
54469,TDL,TUNDLA JN,ETAH,ETAH,10
54470,ETAH,ETAH,TDL,TUNDLA JN,10
54471,DLI,DELHI JN.,RKSH,RISHIKESH,45
54472,RKSH,RISHIKESH,DLI,DELHI JN.,46
54473,DLI,DELHI JN.,SRE,SAHARANPUR J,33
54474,SRE,SAHARANPUR J,DLI,DELHI JN.,28
54475,DLI,DELHI JN.,HW,HARIDWAR JN,50
54476,HW,HARIDWAR JN,DLI,DELHI JN.,50
54481,HW,HARIDWAR JN,RKSH,RISHIKESH,5
54482,RKSH,RISHIKESH,HW,HARIDWAR JN,5
54483,HW,HARIDWAR JN,RKSH,RISHIKESH,5
54484,RKSH,RISHIKESH,HW,HARIDWAR JN,5
54485,HW,HARIDWAR JN,RKSH,RISHIKESH,5
54486,RKSH,RISHIKESH,HW,HARIDWAR JN,5
54531,UMB,AMBALA CANTT,KLK,KALKA,8
54532,KLK,KALKA,UMB,AMBALA CANTT,8
54539,NZM,HAZRAT NIZAM,UMB,AMBALA CANTT,42
54540,UMB,AMBALA CANTT,NZM,HAZRAT NIZAM,40
54541,MTC,MEERUT CITY,UMB,AMBALA CANTT,28
54542,UMB,AMBALA CANTT,MTC,MEERUT CITY,28
54551,UMB,AMBALA CANTT,BTI,BATHINDA JN,26
54552,BTI,BATHINDA JN,UMB,AMBALA CANTT,26
54553,UMB,AMBALA CANTT,DUI,DHURI JN.,14
54555,DUI,DHURI JN.,BTI,BATHINDA JN,13
54556,BTI,BATHINDA JN,UMB,AMBALA CANTT,24
54557,UMB,AMBALA CANTT,PTA,PATIALA,7
54558,PTA,PATIALA,UMB,AMBALA CANTT,7
54559,BTI,BATHINDA JN,FKA,FAZILKA JN.,12
54560,FKA,FAZILKA JN.,BTI,BATHINDA JN,12
54561,BTI,BATHINDA JN,FZR,FIROZPUR CAN,13
54562,FZR,FIROZPUR CAN,BTI,BATHINDA JN,13
54563,BTI,BATHINDA JN,FZR,FIROZPUR CAN,13
54564,FZR,FIROZPUR CAN,BTI,BATHINDA JN,13
54571,LDH,LUDHIANA JN.,FZR,FIROZPUR CAN,20
54572,FZR,FIROZPUR CAN,LDH,LUDHIANA JN.,20
54575,LDH,LUDHIANA JN.,LNK,LOHIAN KHAS,15
54576,LNK,LOHIAN KHAS,LDH,LUDHIANA JN.,15
54581,NLDM,NANGAL DAM,AADR,AMB  ANDAURA,7
54582,AADR,AMB  ANDAURA,NLDM,NANGAL DAM,7
54601,HSR,HISAR JN,ASR,AMRITSAR JN.,38
54602,ASR,AMRITSAR JN.,SDLP,SADULPUR JN,39
54603,HSR,HISAR JN,LDH,LUDHIANA JN.,29
54604,LDH,LUDHIANA JN.,HSR,HISAR JN,29
54605,SDLP,SADULPUR JN,LDH,LUDHIANA JN.,35
54606,LDH,LUDHIANA JN.,HSR,HISAR JN,29
54611,ASR,AMRITSAR JN.,PTK,PATHANKOT JN,16
54612,PTK,PATHANKOT JN,ASR,AMRITSAR JN.,17
54613,ASR,AMRITSAR JN.,PTK,PATHANKOT JN,17
54614,PTK,PATHANKOT JN,ASR,AMRITSAR JN.,17
54615,ASR,AMRITSAR JN.,PTK,PATHANKOT JN,17
54616,PTK,PATHANKOT JN,ASR,AMRITSAR JN.,17
54621,JUC,JALANDHAR CI,PTK,PATHANKOT JN,18
54622,PTK,PATHANKOT JN,JUC,JALANDHAR CI,18
54625,JJJ,JAIJON DOABA,JUC,JALANDHAR CI,17
54626,JUC,JALANDHAR CI,JJJ,JAIJON DOABA,17
54631,BNW,BHIWANI JN.,DUI,DHURI JN.,24
54632,DUI,DHURI JN.,SSA,SIRSA,27
54633,SSA,SIRSA,LDH,LUDHIANA JN.,36
54634,LDH,LUDHIANA JN.,BNW,BHIWANI JN.,34
54635,HSR,HISAR JN,LDH,LUDHIANA JN.,28
54636,LDH,LUDHIANA JN.,HSR,HISAR JN,29
54637,HSX,HOSHIARPUR,JUC,JALANDHAR CI,7
54638,JUC,JALANDHAR CI,HSX,HOSHIARPUR,7
54641,DLI,DELHI JN.,FZR,FIROZPUR CAN,60
54642,FZR,FIROZPUR CAN,DLI,DELHI JN.,59
54643,JUC,JALANDHAR CI,FZR,FIROZPUR CAN,18
54644,FZR,FIROZPUR CAN,JUC,JALANDHAR CI,18
54645,LDH,LUDHIANA JN.,FZR,FIROZPUR CAN,14
54646,FZR,FIROZPUR CAN,LDH,LUDHIANA JN.,20
54651,JAT,JAMMU TAWI,UHP,UDHAMPUR,6
54654,UHP,UDHAMPUR,JAT,JAMMU TAWI,6
54701,BTI,BATHINDA JN,LGH,LALGARH JN.,31
54702,LGH,LALGARH JN.,ABS,ABOHAR,39
54703,ABS,ABOHAR,JU,JODHPUR JN.,60
54704,JU,JODHPUR JN.,BTI,BATHINDA JN,56
54751,RE,REWARI JN.,SGNR,SHRI GANGANA,48
54752,SGNR,SHRI GANGANA,RE,REWARI JN.,48
54753,BTI,BATHINDA JN,SGNR,SHRI GANGANA,18
54754,SGNR,SHRI GANGANA,BTI,BATHINDA JN,18
54755,BTI,BATHINDA JN,SGNR,SHRI GANGANA,18
54756,SGNR,SHRI GANGANA,BTI,BATHINDA JN,18
54757,UMB,AMBALA CANTT,SGNR,SHRI GANGANA,43
54758,SGNR,SHRI GANGANA,UMB,AMBALA CANTT,43
54759,SGNR,SHRI GANGANA,SOG,SURATGARH JN,17
54760,SOG,SURATGARH JN,SGNR,SHRI GANGANA,16
54761,SGNR,SHRI GANGANA,SOG,SURATGARH JN,16
54762,SOG,SURATGARH JN,SGNR,SHRI GANGANA,16
54763,SDLP,SADULPUR JN,SGNR,SHRI GANGANA,31
54764,SGNR,SHRI GANGANA,SDLP,SADULPUR JN,26
54765,DUI,DHURI JN.,BTI,BATHINDA JN,11
54766,BTI,BATHINDA JN,DUI,DHURI JN.,11
54781,BTI,BATHINDA JN,RE,REWARI JN.,38
54782,RE,REWARI JN.,BTI,BATHINDA JN,42
54783,FKA,FAZILKA JN.,RE,REWARI JN.,60
54784,RE,REWARI JN.,FKA,FAZILKA JN.,60
54785,FZR,FIROZPUR CAN,FKA,FAZILKA JN.,14
54786,FKA,FAZILKA JN.,FZR,FIROZPUR CAN,14
54787,BNW,BHIWANI JN.,RE,REWARI JN.,13
54788,RE,REWARI JN.,BNW,BHIWANI JN.,10
54789,RE,REWARI JN.,BKN,BIKANER JN.,45
54790,BKN,BIKANER JN.,RE,REWARI JN.,45
54791,MTJ,MATHURA JN.,BNW,BHIWANI JN.,32
54792,BNW,BHIWANI JN.,MTJ,MATHURA JN.,34
54793,SWM,SAWAI MADHOP,MTJ,MATHURA JN.,22
54794,MTJ,MATHURA JN.,SWM,SAWAI MADHOP,23
54803,JU,JODHPUR JN.,ADI,AHMEDABAD,58
54804,ADI,AHMEDABAD,JU,JODHPUR JN.,58
54805,ADI,AHMEDABAD,JP,JAIPUR JN.,86
54806,JP,JAIPUR JN.,ADI,AHMEDABAD,81
54809,RE,REWARI JN.,JU,JODHPUR JN.,64
54810,JU,JODHPUR JN.,RE,REWARI JN.,64
54813,JU,JODHPUR JN.,BME,BARMER,24
54819,JSM,JAISALMER,JU,JODHPUR JN.,22
54820,JU,JODHPUR JN.,JSM,JAISALMER,22
54822,MKN,MAKRANA JN.,PBC,PARVATSAR CI,2
54825,JU,JODHPUR JN.,BARA,BILARA,12
54826,BARA,BILARA,JU,JODHPUR JN.,12
54833,JP,JAIPUR JN.,HSR,HISAR JN,41
54834,HSR,HISAR JN,JP,JAIPUR JN.,41
54835,HSR,HISAR JN,RE,REWARI JN.,21
54836,RE,REWARI JN.,HSR,HISAR JN,21
54881,BME,BARMER,MBF,MUNABAO,8
54882,MBF,MUNABAO,BME,BARMER,8
55001,GKP,GORAKHPUR JN,AY,AYODHYA,26
55002,AY,AYODHYA,GKP,GORAKHPUR JN,24
55007,PPTA,PATLIPUTRA,GKP,GORAKHPUR JN,50
55008,GKP,GORAKHPUR JN,PPTA,PATLIPUTRA,50
55009,CPR,CHHAPRA JN.,BTT,BHATNI JN.,17
55010,BTT,BHATNI JN.,CPR,CHHAPRA JN.,17
55011,SV,SIWAN JN.,GKP,GORAKHPUR JN,18
55012,GKP,GORAKHPUR JN,SV,SIWAN JN.,18
55013,CPR,CHHAPRA JN.,BCY,VARANASI CIT,33
55014,BCY,VARANASI CIT,CPR,CHHAPRA JN.,33
55017,CPR,CHHAPRA JN.,MAU,MAU JN.,23
55018,MAU,MAU JN.,CPR,CHHAPRA JN.,23
55019,CPR,CHHAPRA JN.,GKP,GORAKHPUR JN,27
55020,GKP,GORAKHPUR JN,CPR,CHHAPRA JN.,27
55021,SPJ,SAMASTIPUR J,SV,SIWAN JN.,40
55022,SV,SIWAN JN.,SPJ,SAMASTIPUR J,40
55025,GKP,GORAKHPUR JN,GD,GONDA JN.,25
55026,GD,GONDA JN.,GKP,GORAKHPUR JN,25
55027,GKP,GORAKHPUR JN,GD,GONDA JN.,25
55028,GD,GONDA JN.,GKP,GORAKHPUR JN,25
55029,NKE,NARKATIAGANJ,GKP,GORAKHPUR JN,21
55030,GKP,GORAKHPUR JN,NKE,NARKATIAGANJ,21
55031,JEA,NAKAHA JUNGL,LJN,LUCKNOW JN.,58
55032,DAL,DALIGANJ JN,JEA,NAKAHA JUNGL,55
55033,GD,GONDA JN.,SCC,SITAPUR CANT,24
55034,SPC,SITAPUR CITY,GD,GONDA JN.,25
55035,GD,GONDA JN.,SCC,SITAPUR CANT,22
55036,SCC,SITAPUR CANT,GD,GONDA JN.,22
55037,BUW,BURHWAL JN.,SPC,SITAPUR CITY,16
55038,SCC,SITAPUR CANT,BUW,BURHWAL JN.,14
55041,NKE,NARKATIAGANJ,GKP,GORAKHPUR JN,16
55042,GKP,GORAKHPUR JN,BTH,BETTIAH,26
55043,GKP,GORAKHPUR JN,NTV,NAUTANWA,19
55044,NTV,NAUTANWA,GKP,GORAKHPUR JN,19
55045,SCC,SITAPUR CANT,SPN,SHAHJAHANPUR,14
55046,SPN,SHAHJAHANPUR,SCC,SITAPUR CANT,13
55049,JEA,NAKAHA JUNGL,DAL,DALIGANJ JN,55
55050,LJN,LUCKNOW JN.,JEA,NAKAHA JUNGL,58
55051,GKP,GORAKHPUR JN,NTV,NAUTANWA,19
55052,NTV,NAUTANWA,GKP,GORAKHPUR JN,19
55055,CPJ,KAPTANGANJ J,GKP,GORAKHPUR JN,6
55056,GKP,GORAKHPUR JN,CPJ,KAPTANGANJ J,6
55071,NKE,NARKATIAGANJ,GKP,GORAKHPUR JN,21
55072,GKP,GORAKHPUR JN,NKE,NARKATIAGANJ,21
55073,NKE,NARKATIAGANJ,GKP,GORAKHPUR JN,21
55074,GKP,GORAKHPUR JN,NKE,NARKATIAGANJ,14
55075,SV,SIWAN JN.,GKP,GORAKHPUR JN,28
55076,GKP,GORAKHPUR JN,SV,SIWAN JN.,28
55077,GKP,GORAKHPUR JN,BNY,BARHNI,22
55078,BNY,BARHNI,GKP,GORAKHPUR JN,22
55079,BTH,BETTIAH,GKP,GORAKHPUR JN,28
55080,GKP,GORAKHPUR JN,NKE,NARKATIAGANJ,21
55081,NKE,NARKATIAGANJ,GKP,GORAKHPUR JN,16
55082,GKP,GORAKHPUR JN,NKE,NARKATIAGANJ,21
55101,BTT,BHATNI JN.,BHJ,BARHAJ BAZAR,7
55102,BHJ,BARHAJ BAZAR,BTT,BHATNI JN.,7
55103,BTT,BHATNI JN.,BHJ,BARHAJ BAZAR,7
55104,BHJ,BARHAJ BAZAR,BTT,BHATNI JN.,7
55105,SRU,SALEMPUR JN.,BHJ,BARHAJ BAZAR,5
55106,BHJ,BARHAJ BAZAR,SRU,SALEMPUR JN.,5
55107,SV,SIWAN JN.,THE,THAWE JN.,5
55108,THE,THAWE JN.,SV,SIWAN JN.,5
55109,SV,SIWAN JN.,THE,THAWE JN.,5
55110,THE,THAWE JN.,SV,SIWAN JN.,5
55111,SV,SIWAN JN.,THE,THAWE JN.,5
55112,THE,THAWE JN.,SV,SIWAN JN.,5
55113,SV,SIWAN JN.,THE,THAWE JN.,5
55114,THE,THAWE JN.,SV,SIWAN JN.,5
55115,CPR,CHHAPRA JN.,BTT,BHATNI JN.,17
55116,BTT,BHATNI JN.,CPR,CHHAPRA JN.,17
55119,GKP,GORAKHPUR JN,BCY,VARANASI CIT,34
55120,BCY,VARANASI CIT,GKP,GORAKHPUR JN,34
55122,MUV,MANDUADIH,BTT,BHATNI JN.,26
55123,BTT,BHATNI JN.,BCY,VARANASI CIT,24
55125,MUV,MANDUADIH,ALY,ALLAHABAD CI,22
55126,ALY,ALLAHABAD CI,MUV,MANDUADIH,22
55127,MUV,MANDUADIH,ALY,ALLAHABAD CI,22
55128,ALY,ALLAHABAD CI,MUV,MANDUADIH,22
55129,MUV,MANDUADIH,ALY,ALLAHABAD CI,22
55130,ALY,ALLAHABAD CI,MUV,MANDUADIH,22
55131,CPR,CHHAPRA JN.,BCY,VARANASI CIT,33
55132,BCY,VARANASI CIT,CPR,CHHAPRA JN.,33
55133,BUI,BALLIA,BCY,VARANASI CIT,22
55134,BCY,VARANASI CIT,BUI,BALLIA,22
55135,AMH,AZAMGARH,BCY,VARANASI CIT,20
55136,BCY,VARANASI CIT,AMH,AZAMGARH,20
55137,BUI,BALLIA,SHG,SHAHGANJ JN.,26
55138,SHG,SHAHGANJ JN.,BUI,BALLIA,26
55139,BUI,BALLIA,SHG,SHAHGANJ JN.,26
55140,SHG,SHAHGANJ JN.,BUI,BALLIA,26
55141,GKP,GORAKHPUR JN,NTV,NAUTANWA,19
55142,NTV,NAUTANWA,GKP,GORAKHPUR JN,19
55143,ARJ,AUNRIHAR JN.,JNU,JAUNPUR JN.,9
55144,JNU,JAUNPUR JN.,ARJ,AUNRIHAR JN.,9
55145,SRU,SALEMPUR JN.,BHJ,BARHAJ BAZAR,5
55146,BHJ,BARHAJ BAZAR,SRU,SALEMPUR JN.,5
55149,GKP,GORAKHPUR JN,BCY,VARANASI CIT,27
55150,BCY,VARANASI CIT,GKP,GORAKHPUR JN,28
55159,ARJ,AUNRIHAR JN.,JNU,JAUNPUR JN.,9
55160,JNU,JAUNPUR JN.,ARJ,AUNRIHAR JN.,9
55163,SHG,SHAHGANJ JN.,ARJ,AUNRIHAR JN.,24
55164,ARJ,AUNRIHAR JN.,SHG,SHAHGANJ JN.,24
55165,CPR,CHHAPRA JN.,DDA,DURAUNDHA JN,8
55166,DDA,DURAUNDHA JN,CPR,CHHAPRA JN.,8
55167,DDA,DURAUNDHA JN,SV,SIWAN JN.,3
55168,SV,SIWAN JN.,DDA,DURAUNDHA JN,3
55169,DDA,DURAUNDHA JN,SV,SIWAN JN.,3
55170,SV,SIWAN JN.,DDA,DURAUNDHA JN,3
55171,DDA,DURAUNDHA JN,MGZ,MAHARAJGANJ,2
55172,MGZ,MAHARAJGANJ,DDA,DURAUNDHA JN,2
55173,DDA,DURAUNDHA JN,MGZ,MAHARAJGANJ,2
55174,MGZ,MAHARAJGANJ,DDA,DURAUNDHA JN,2
55175,DDA,DURAUNDHA JN,MGZ,MAHARAJGANJ,2
55176,MGZ,MAHARAJGANJ,DDA,DURAUNDHA JN,2
55177,DDA,DURAUNDHA JN,MGZ,MAHARAJGANJ,2
55178,MGZ,MAHARAJGANJ,DDA,DURAUNDHA JN,2
55179,DDA,DURAUNDHA JN,MGZ,MAHARAJGANJ,2
55180,MGZ,MAHARAJGANJ,DDA,DURAUNDHA JN,2
55181,THE,THAWE JN.,CI,CHHAPRA KACH,27
55182,CI,CHHAPRA KACH,THE,THAWE JN.,27
55183,THE,THAWE JN.,CI,CHHAPRA KACH,27
55184,CI,CHHAPRA KACH,THE,THAWE JN.,27
55207,MFP,MUZAFFARPUR,NKE,NARKATIAGANJ,19
55208,NKE,NARKATIAGANJ,MFP,MUZAFFARPUR,24
55209,MFP,MUZAFFARPUR,NKE,NARKATIAGANJ,18
5521,JMP,JAMALPUR JN.,SHC,SAHARSA JN.,12
55211,MFP,MUZAFFARPUR,RXL,RAXAUL JN.,22
55212,RXL,RAXAUL JN.,MFP,MUZAFFARPUR,15
55213,MFP,MUZAFFARPUR,NKE,NARKATIAGANJ,19
55214,NKE,NARKATIAGANJ,MFP,MUZAFFARPUR,19
55215,MFP,MUZAFFARPUR,PPTA,PATLIPUTRA,15
55216,PPTA,PATLIPUTRA,MFP,MUZAFFARPUR,15
55217,MFP,MUZAFFARPUR,PPTA,PATLIPUTRA,14
55218,PPTA,PATLIPUTRA,MFP,MUZAFFARPUR,14
5522,SHC,SAHARSA JN.,JMP,JAMALPUR JN.,12
55220,NKE,NARKATIAGANJ,MFP,MUZAFFARPUR,19
55221,KIR,KATIHAR JN.,BJU,BARAUNI JN.,24
55222,BJU,BARAUNI JN.,KIR,KATIHAR JN.,25
55223,KIR,KATIHAR JN.,DBG,DARBHANGA JN,41
55224,DBG,DARBHANGA JN,KIR,KATIHAR JN.,41
55225,MFP,MUZAFFARPUR,RXL,RAXAUL JN.,21
55226,RXL,RAXAUL JN.,MFP,MUZAFFARPUR,20
55227,SPJ,SAMASTIPUR J,MFP,MUZAFFARPUR,10
55228,MFP,MUZAFFARPUR,SPJ,SAMASTIPUR J,9
55229,BJU,BARAUNI JN.,PPTA,PATLIPUTRA,22
55230,PPTA,PATLIPUTRA,BJU,BARAUNI JN.,22
55231,PPTA,PATLIPUTRA,PNBE,PATNA JN.,4
55232,PNBE,PATNA JN.,PPTA,PATLIPUTRA,4
55237,BJU,BARAUNI JN.,SPJ,SAMASTIPUR J,9
55238,SPJ,SAMASTIPUR J,BJU,BARAUNI JN.,9
55239,SPJ,SAMASTIPUR J,MFP,MUZAFFARPUR,9
55240,MFP,MUZAFFARPUR,SPJ,SAMASTIPUR J,10
55301,MB,MORADABAD JN,KGM,KATHGODAM,13
55302,KGM,KATHGODAM,MB,MORADABAD JN,13
55303,MB,MORADABAD JN,KGM,KATHGODAM,14
55304,KGM,KATHGODAM,MB,MORADABAD JN,13
55305,MB,MORADABAD JN,RMR,RAMNAGAR,7
55306,RMR,RAMNAGAR,MB,MORADABAD JN,12
55307,MB,MORADABAD JN,RMR,RAMNAGAR,8
55308,RMR,RAMNAGAR,MB,MORADABAD JN,12
55309,MB,MORADABAD JN,RMR,RAMNAGAR,12
55310,RMR,RAMNAGAR,MB,MORADABAD JN,8
55311,MB,MORADABAD JN,KPV,KASHIPUR JN,9
55312,KPV,KASHIPUR JN,MB,MORADABAD JN,9
55313,KPV,KASHIPUR JN,RMR,RAMNAGAR,4
55314,RMR,RAMNAGAR,KPV,KASHIPUR JN,4
55315,LKU,LALKUA JN.,KPV,KASHIPUR JN,7
55316,KPV,KASHIPUR JN,LKU,LALKUA JN.,7
55317,LKU,LALKUA JN.,KPV,KASHIPUR JN,7
55318,KPV,KASHIPUR JN,LKU,LALKUA JN.,7
55319,LKU,LALKUA JN.,KPV,KASHIPUR JN,6
55320,KPV,KASHIPUR JN,LKU,LALKUA JN.,6
55321,MB,MORADABAD JN,RMR,RAMNAGAR,12
55322,RMR,RAMNAGAR,MB,MORADABAD JN,7
55323,MB,MORADABAD JN,RMR,RAMNAGAR,6
55324,RMR,RAMNAGAR,MB,MORADABAD JN,6
55325,LJN,LUCKNOW JN.,KSJ,KASGANJ JN.,55
55326,KSJ,KASGANJ JN.,LJN,LUCKNOW JN.,55
55327,CNB,KANPUR CENTR,FBD,FARRUKHABAD,27
55328,FBD,FARRUKHABAD,CNB,KANPUR CENTR,27
55329,SKB,SHIKOHABAD J,KSJ,KASGANJ JN.,33
55330,KSJ,KASGANJ JN.,SKB,SHIKOHABAD J,33
55331,FBD,FARRUKHABAD,KSJ,KASGANJ JN.,17
55332,KSJ,KASGANJ JN.,FBD,FARRUKHABAD,17
55333,KSJ,KASGANJ JN.,AF,AGRA  FORT,22
55334,AF,AGRA  FORT,KSJ,KASGANJ JN.,22
55335,BC,BAREILLY CIT,LKU,LALKUA JN.,10
55336,LKU,LALKUA JN.,BC,BAREILLY CIT,10
55337,KSJ,KASGANJ JN.,AH,ACHHNERA JN.,18
55338,AH,ACHHNERA JN.,KSJ,KASGANJ JN.,18
55339,KSJ,KASGANJ JN.,MTJ,MATHURA JN.,14
55340,MTJ,MATHURA JN.,KSJ,KASGANJ JN.,7
55341,KSJ,KASGANJ JN.,BTE,BHARATPUR JN,22
55342,BTE,BHARATPUR JN,KSJ,KASGANJ JN.,22
55343,KSJ,KASGANJ JN.,BC,BAREILLY CIT,19
55344,BC,BAREILLY CIT,KSJ,KASGANJ JN.,19
55345,KSJ,KASGANJ JN.,BC,BAREILLY CIT,19
55346,BC,BAREILLY CIT,KSJ,KASGANJ JN.,19
55347,BC,BAREILLY CIT,LKU,LALKUA JN.,10
55348,LKU,LALKUA JN.,BC,BAREILLY CIT,10
55349,BC,BAREILLY CIT,LKU,LALKUA JN.,10
55350,LKU,LALKUA JN.,BC,BAREILLY CIT,10
55351,BC,BAREILLY CIT,LKU,LALKUA JN.,10
55352,LKU,LALKUA JN.,BC,BAREILLY CIT,10
55353,KSJ,KASGANJ JN.,MTJ,MATHURA JN.,7
55354,MTJ,MATHURA JN.,KSJ,KASGANJ JN.,14
55355,KSJ,KASGANJ JN.,BC,BAREILLY CIT,19
55356,BC,BAREILLY CIT,KSJ,KASGANJ JN.,19
55357,KSJ,KASGANJ JN.,BC,BAREILLY CIT,19
55358,BC,BAREILLY CIT,KSJ,KASGANJ JN.,19
55359,KSJ,KASGANJ JN.,BC,BAREILLY CIT,8
55360,BC,BAREILLY CIT,KSJ,KASGANJ JN.,8
55361,BC,BAREILLY CIT,PBE,PILIBHIT JN.,9
55362,PBE,PILIBHIT JN.,BC,BAREILLY CIT,9
55363,BC,BAREILLY CIT,PBE,PILIBHIT JN.,9
55364,PBE,PILIBHIT JN.,BC,BAREILLY CIT,9
55365,BC,BAREILLY CIT,PBE,PILIBHIT JN.,9
55366,PBE,PILIBHIT JN.,BC,BAREILLY CIT,9
55367,BC,BAREILLY CIT,PBE,PILIBHIT JN.,9
55368,PBE,PILIBHIT JN.,BC,BAREILLY CIT,9
55369,BC,BAREILLY CIT,PBE,PILIBHIT JN.,7
55370,PBE,PILIBHIT JN.,BC,BAREILLY CIT,7
55371,PBE,PILIBHIT JN.,MJZ,MAJHOLA PAKA,3
55372,MJZ,MAJHOLA PAKA,PBE,PILIBHIT JN.,3
55373,PBE,PILIBHIT JN.,MJZ,MAJHOLA PAKA,3
55374,MJZ,MAJHOLA PAKA,PBE,PILIBHIT JN.,3
55375,PBE,PILIBHIT JN.,MJZ,MAJHOLA PAKA,3
55376,MJZ,MAJHOLA PAKA,PBE,PILIBHIT JN.,3
55421,MLDT,MALDA TOWN,BLGT,BALURGHAT,14
55422,BLGT,BALURGHAT,MLDT,MALDA TOWN,14
55465,APDJ,ALIPUR DUAR,BXT,BAMANHAT,14
55466,BXT,BAMANHAT,APDJ,ALIPUR DUAR,14
55467,SGUJ,SILIGURI JN.,BXT,BAMANHAT,34
55468,BXT,BAMANHAT,SGUJ,SILIGURI JN.,34
55513,SPJ,SAMASTIPUR J,JYG,JAYNAGAR,16
55514,JYG,JAYNAGAR,SPJ,SAMASTIPUR J,23
55517,DBG,DARBHANGA JN,JYG,JAYNAGAR,9
55518,JYG,JAYNAGAR,DBG,DARBHANGA JN,9
55519,SPJ,SAMASTIPUR J,JYG,JAYNAGAR,16
55520,JYG,JAYNAGAR,SPJ,SAMASTIPUR J,16
55525,BJU,BARAUNI JN.,SPJ,SAMASTIPUR J,10
55526,SPJ,SAMASTIPUR J,BJU,BARAUNI JN.,10
55527,JYG,JAYNAGAR,PNBE,PATNA JN.,37
55528,PNBE,PATNA JN.,JYG,JAYNAGAR,37
55533,SHC,SAHARSA JN.,SPJ,SAMASTIPUR J,23
55534,SPJ,SAMASTIPUR J,SHC,SAHARSA JN.,23
55537,KIR,KATIHAR JN.,SPJ,SAMASTIPUR J,34
55538,SPJ,SAMASTIPUR J,KIR,KATIHAR JN.,35
55539,KIR,KATIHAR JN.,HJP,HAJIPUR JN.,44
55540,HJP,HAJIPUR JN.,KIR,KATIHAR JN.,43
55541,HJP,HAJIPUR JN.,BHBR,BATHUA BAZAR,28
55542,BHBR,BATHUA BAZAR,HJP,HAJIPUR JN.,28
55549,BJU,BARAUNI JN.,HJP,HAJIPUR JN.,17
55550,HJP,HAJIPUR JN.,BJU,BARAUNI JN.,18
55553,SHC,SAHARSA JN.,SPJ,SAMASTIPUR J,23
55554,SPJ,SAMASTIPUR J,SHC,SAHARSA JN.,23
55555,SHC,SAHARSA JN.,SPJ,SAMASTIPUR J,20
55556,SPJ,SAMASTIPUR J,SHC,SAHARSA JN.,23
55559,SHC,SAHARSA JN.,SPJ,SAMASTIPUR J,19
55560,SPJ,SAMASTIPUR J,SHC,SAHARSA JN.,23
55563,PRNA,PURNEA JN.,SHC,SAHARSA JN.,13
55564,SHC,SAHARSA JN.,PRNA,PURNEA JN.,13
55565,SHC,SAHARSA JN.,SPJ,SAMASTIPUR J,19
55566,SPJ,SAMASTIPUR J,SHC,SAHARSA JN.,19
55567,SHC,SAHARSA JN.,SPJ,SAMASTIPUR J,19
55568,SPJ,SAMASTIPUR J,SHC,SAHARSA JN.,19
55569,DMH,DAURAM MADHE,SHC,SAHARSA JN.,3
55570,SHC,SAHARSA JN.,DMH,DAURAM MADHE,3
55571,PRNA,PURNEA JN.,SHC,SAHARSA JN.,13
55572,SHC,SAHARSA JN.,PRNA,PURNEA JN.,13
55575,DBG,DARBHANGA JN,BIRL,BIRAUL,5
55576,BIRL,BIRAUL,DBG,DARBHANGA JN,5
55577,DBG,DARBHANGA JN,BIRL,BIRAUL,5
55578,BIRL,BIRAUL,DBG,DARBHANGA JN,5
55583,PRNA,PURNEA JN.,SHC,SAHARSA JN.,13
55584,SHC,SAHARSA JN.,PRNA,PURNEA JN.,13
55601,GHY,GUWAHATI,LMG,LUMDING JN.,26
55602,LMG,LUMDING JN.,GHY,GUWAHATI,26
55603,GHY,GUWAHATI,MBO,MAIRABARI,29
55604,MBO,MAIRABARI,GHY,GUWAHATI,29
55615,GHY,GUWAHATI,SCL,SILCHAR,33
55616,SCL,SILCHAR,GHY,GUWAHATI,33
55661,MSSN,MAISHASHAN,SCL,SILCHAR,12
55662,SCL,SILCHAR,MSSN,MAISHASHAN,12
55663,AGTL,AGARTALA,SCL,SILCHAR,35
55664,SCL,SILCHAR,AGTL,AGARTALA,35
55665,SCL,SILCHAR,VNGP,VANGAICHUNGP,10
55666,JRBM,JIRIBAM,SCL,SILCHAR,9
55667,SCL,SILCHAR,BHRB,BHAIRABI,14
55668,BHRB,BHAIRABI,SCL,SILCHAR,14
55675,AGTL,AGARTALA,DMR,DHARMANAGAR,14
55676,DMR,DHARMANAGAR,AGTL,AGARTALA,14
55677,SCL,SILCHAR,DMR,DHARMANAGAR,22
55678,DMR,DHARMANAGAR,SCL,SILCHAR,22
55679,AGTL,AGARTALA,DMR,DHARMANAGAR,14
55680,DMR,DHARMANAGAR,AGTL,AGARTALA,14
55681,UDPU,UDAIPUR,AGTL,AGARTALA,5
55682,AGTL,AGARTALA,UDPU,UDAIPUR,5
55683,UDPU,UDAIPUR,AGTL,AGARTALA,5
55684,AGTL,AGARTALA,UDPU,UDAIPUR,5
55685,MSSN,MAISHASHAN,SCL,SILCHAR,12
55686,SCL,SILCHAR,MSSN,MAISHASHAN,12
55687,DLCR,DULLABCHERRA,SCL,SILCHAR,10
55688,SCL,SILCHAR,DLCR,DULLABCHERRA,10
55689,DLCR,DULLABCHERRA,BPB,BADARPUR JN.,15
55690,BPB,BADARPUR JN.,DLCR,DULLABCHERRA,15
557,URK,URKURA,PJP,PANJIPARA,2
55701,MLDT,MALDA TOWN,KIR,KATIHAR JN.,20
55702,KIR,KATIHAR JN.,MLDT,MALDA TOWN,20
55703,MLFC,MALDA COURT,KIR,KATIHAR JN.,20
55704,KIR,KATIHAR JN.,MLFC,MALDA COURT,20
55707,RDP,RADHIKAPUR,KIR,KATIHAR JN.,24
55708,KIR,KATIHAR JN.,RDP,RADHIKAPUR,24
55709,SQB,SINGHABAD,OMLF,OLD MALDA,4
55710,OMLF,OLD MALDA,SQB,SINGHABAD,4
55711,MLDT,MALDA TOWN,NJP,NEW JALPAIGU,41
55712,NJP,NEW JALPAIGU,MLDT,MALDA TOWN,41
55713,NJP,NEW JALPAIGU,RNY,RANGIYA JN.,45
55714,RNY,RANGIYA JN.,NJP,NEW JALPAIGU,45
55719,DKGN,DEKARGAON,BHNG,BHALUKPONG,8
55720,BHNG,BHALUKPONG,DKGN,DEKARGAON,8
55721,RNY,RANGIYA JN.,DKGN,DEKARGAON,18
55722,DKGN,DEKARGAON,RNY,RANGIYA JN.,18
55725,NJP,NEW JALPAIGU,APDJ,ALIPUR DUAR,23
55726,APDJ,ALIPUR DUAR,NJP,NEW JALPAIGU,23
55727,KIR,KATIHAR JN.,RDP,RADHIKAPUR,20
55728,RDP,RADHIKAPUR,KIR,KATIHAR JN.,20
55729,KIR,KATIHAR JN.,RDP,RADHIKAPUR,20
55730,RDP,RADHIKAPUR,KIR,KATIHAR JN.,20
55733,KIR,KATIHAR JN.,JBN,JOGBANI,15
55734,JBN,JOGBANI,KIR,KATIHAR JN.,19
55735,KIR,KATIHAR JN.,JBN,JOGBANI,19
55736,JBN,JOGBANI,KIR,KATIHAR JN.,19
55740,JBN,JOGBANI,KIR,KATIHAR JN.,19
55741,KIR,KATIHAR JN.,JBN,JOGBANI,15
55742,JBN,JOGBANI,KIR,KATIHAR JN.,15
55743,KIR,KATIHAR JN.,JBN,JOGBANI,19
55744,JBN,JOGBANI,KIR,KATIHAR JN.,15
55749,NJP,NEW JALPAIGU,HDB,HALDIBARI,10
55750,HDB,HALDIBARI,NJP,NEW JALPAIGU,10
55751,NJP,NEW JALPAIGU,HDB,HALDIBARI,10
55752,HDB,HALDIBARI,NJP,NEW JALPAIGU,10
55753,APDJ,ALIPUR DUAR,GHY,GUWAHATI,34
55754,GHY,GUWAHATI,APDJ,ALIPUR DUAR,34
55755,KIR,KATIHAR JN.,JBN,JOGBANI,19
55756,JBN,JOGBANI,KIR,KATIHAR JN.,19
55763,KIR,KATIHAR JN.,JBN,JOGBANI,19
55764,JBN,JOGBANI,KIR,KATIHAR JN.,15
55769,MLFC,MALDA COURT,KIR,KATIHAR JN.,20
55770,KIR,KATIHAR JN.,MLFC,MALDA COURT,20
55771,MLFC,MALDA COURT,BNDP,BUNIYADPUR,9
55772,BNDP,BUNIYADPUR,MLFC,MALDA COURT,9
55801,NBQ,NEW BONGAIGA,GHY,GUWAHATI,22
55802,GHY,GUWAHATI,NBQ,NEW BONGAIGA,22
55803,NBQ,NEW BONGAIGA,GHY,GUWAHATI,19
55804,GHY,GUWAHATI,NBQ,NEW BONGAIGA,19
55809,NBQ,NEW BONGAIGA,GHY,GUWAHATI,22
55810,GHY,GUWAHATI,NBQ,NEW BONGAIGA,22
55811,DBB,DHUBRI,KYQ,KAMAKHYA JN,21
55812,KYQ,KAMAKHYA JN,DBB,DHUBRI,21
55813,DKGN,DEKARGAON,MZS,MURKEONG SEL,42
55814,MZS,MURKEONG SEL,DKGN,DEKARGAON,42
55817,NBQ,NEW BONGAIGA,GHY,GUWAHATI,17
55818,GHY,GUWAHATI,NBQ,NEW BONGAIGA,17
55819,MNDP,MENDIPATHAR,GHY,GUWAHATI,14
55820,GHY,GUWAHATI,MNDP,MENDIPATHAR,14
55823,RPAN,RANGAPARA NO,DKGN,DEKARGAON,4
55824,DKGN,DEKARGAON,RPAN,RANGAPARA NO,4
55861,RNY,RANGIYA JN.,DKGN,DEKARGAON,18
55862,DKGN,DEKARGAON,RNY,RANGIYA JN.,18
55893,RNY,RANGIYA JN.,RPAN,RANGAPARA NO,15
55894,RPAN,RANGAPARA NO,RNY,RANGIYA JN.,15
55895,RNY,RANGIYA JN.,MZS,MURKEONG SEL,53
55896,MZS,MURKEONG SEL,RNY,RANGIYA JN.,53
55901,LMG,LUMDING JN.,TSK,TINSUKIA JN.,49
55902,TSK,TINSUKIA JN.,LMG,LUMDING JN.,49
55903,DMV,DIMAPUR,MXN,MARIANI JN.,23
55904,MXN,MARIANI JN.,DMV,DIMAPUR,23
55909,SLGR,SIMALUGURI J,DBRT,DIBRUGARH TO,13
55910,DBRT,DIBRUGARH TO,SLGR,SIMALUGURI J,13
55913,JTTN,JORHAT TOWN,TSK,TINSUKIA JN.,27
55914,TSK,TINSUKIA JN.,JTTN,JORHAT TOWN,27
56001,MAS,CHENNAI CENT,AJJ,ARAKKONAM JN,6
56002,AJJ,ARAKKONAM JN,MAS,CHENNAI CENT,5
56003,AJJ,ARAKKONAM JN,CGL,CHENGALPATTU,6
56004,CGL,CHENGALPATTU,AJJ,ARAKKONAM JN,3
56005,AJJ,ARAKKONAM JN,CGL,CHENGALPATTU,6
56006,CGL,CHENGALPATTU,AJJ,ARAKKONAM JN,6
56007,AJJ,ARAKKONAM JN,KPD,KATPADI JN,8
56008,KPD,KATPADI JN,AJJ,ARAKKONAM JN,10
56009,AJJ,ARAKKONAM JN,VLR,VELLORE CANT,13
56010,VLR,VELLORE CANT,AJJ,ARAKKONAM JN,13
56011,AJJ,ARAKKONAM JN,HX,CUDDAPAH,27
56012,HX,CUDDAPAH,AJJ,ARAKKONAM JN,27
56013,AJJ,ARAKKONAM JN,VLR,VELLORE CANT,14
56014,VLR,VELLORE CANT,AJJ,ARAKKONAM JN,14
56033,MV,MAYILADUTURA,MQ,MANNARGUDI,11
56034,MQ,MANNARGUDI,MV,MAYILADUTURA,11
56035,TCN,TIRUCHENDUR,TEN,TIRUNELVELI,12
56036,TEN,TIRUNELVELI,TCN,TIRUCHENDUR,12
56037,MS,CHENNAI EGMO,PDY,PONDICHERRY,18
56038,PDY,PONDICHERRY,MS,CHENNAI EGMO,17
56041,TPTY,TIRUPATI,PDY,PONDICHERRY,33
56042,PDY,PONDICHERRY,TPTY,TIRUPATI,31
56043,GUV,GURUVAYUR,TCR,TRICHUR,3
56044,TCR,TRICHUR,GUV,GURUVAYUR,3
56100,ED,ERODE JN.,MTDM,METTUR DAM,11
56101,MTDM,METTUR DAM,ED,ERODE JN.,11
56102,SA,SALEM JN.,MTDM,METTUR DAM,4
56103,MTDM,METTUR DAM,SA,SALEM JN.,4
56105,SA,SALEM JN.,KRR,KARUR JN.,9
56106,KRR,KARUR JN.,SA,SALEM JN.,7
56107,SA,SALEM JN.,KRR,KARUR JN.,7
56108,KRR,KARUR JN.,SA,SALEM JN.,7
56109,TPJ,TIRUCHIRAPPA,ED,ERODE JN.,25
56110,ED,ERODE JN.,TPJ,TIRUCHIRAPPA,22
56111,JTJ,JOLARPETTAI,ED,ERODE JN.,23
56112,ED,ERODE JN.,JTJ,JOLARPETTAI,23
56113,MV,MAYILADUTURA,TPJ,TIRUCHIRAPPA,26
56114,TPJ,TIRUCHIRAPPA,MV,MAYILADUTURA,26
56115,MV,MAYILADUTURA,TJ,THANJAVUR JN,17
56116,TJ,THANJAVUR JN,MV,MAYILADUTURA,17
5613,JLWC,JHALAWAR CIT,KOTA,KOTA,11
56136,MTP,METTUPALAIYA,UAM,UDHAGAMANDAL,7
56137,UAM,UDHAGAMANDAL,MTP,METTUPALAIYA,7
56138,ONR,COONOOR,UAM,UDHAGAMANDAL,6
56139,UAM,UDHAGAMANDAL,ONR,COONOOR,6
5614,KOTA,KOTA,JLWC,JHALAWAR CIT,9
56140,UAM,UDHAGAMANDAL,ONR,COONOOR,6
56141,ONR,COONOOR,UAM,UDHAGAMANDAL,6
56142,UAM,UDHAGAMANDAL,ONR,COONOOR,6
56143,ONR,COONOOR,UAM,UDHAGAMANDAL,6
56144,CBE,COIMBATORE,MTP,METTUPALAIYA,4
56145,MTP,METTUPALAIYA,CBE,COIMBATORE,4
56146,CBE,COIMBATORE,MTP,METTUPALAIYA,4
56147,MTP,METTUPALAIYA,CBE,COIMBATORE,4
56148,CBE,COIMBATORE,MTP,METTUPALAIYA,4
56149,MTP,METTUPALAIYA,CBE,COIMBATORE,4
56150,CBE,COIMBATORE,MTP,METTUPALAIYA,4
56151,MTP,METTUPALAIYA,CBE,COIMBATORE,4
5619,NLP,NORTH LAKHIM,MZS,MURKEONG SEL,20
5620,MZS,MURKEONG SEL,NLP,NORTH LAKHIM,20
56201,CMNR,CHAMRAJANAGA,MYS,MYSORE JN.,13
56202,MYS,MYSORE JN.,CMNR,CHAMRAJANAGA,13
56203,CMNR,CHAMRAJANAGA,MYS,MYSORE JN.,13
56204,MYS,MYSORE JN.,CMNR,CHAMRAJANAGA,13
56205,NTW,NANJANGUD TO,MYS,MYSORE JN.,7
56206,MYS,MYSORE JN.,NTW,NANJANGUD TO,7
56207,CMNR,CHAMRAJANAGA,MYS,MYSORE JN.,13
56208,MYS,MYSORE JN.,CMNR,CHAMRAJANAGA,13
56209,CMNR,CHAMRAJANAGA,MYS,MYSORE JN.,13
56210,MYS,MYSORE JN.,CMNR,CHAMRAJANAGA,13
56215,YPR,YESVANTPUR J,MYS,MYSORE JN.,34
56216,MYS,MYSORE JN.,YPR,YESVANTPUR J,34
56217,TLGP,TALGUPPA,SMET,SHIMOGA TOWN,7
56218,SMET,SHIMOGA TOWN,TLGP,TALGUPPA,7
56221,SBC,KRANTIVIRA S,TK,TUMKUR,14
56222,TK,TUMKUR,SBC,KRANTIVIRA S,14
56223,SBC,KRANTIVIRA S,ASK,ARSIKERE JN.,29
56224,ASK,ARSIKERE JN.,SBC,KRANTIVIRA S,29
56225,SBC,KRANTIVIRA S,TK,TUMKUR,14
56226,TK,TUMKUR,SBC,KRANTIVIRA S,14
56227,SBC,KRANTIVIRA S,SMET,SHIMOGA TOWN,41
56228,SMET,SHIMOGA TOWN,SBC,KRANTIVIRA S,41
56231,MYS,MYSORE JN.,SBC,KRANTIVIRA S,20
56232,SBC,KRANTIVIRA S,MYS,MYSORE JN.,22
56237,MYS,MYSORE JN.,SBC,KRANTIVIRA S,22
56238,SBC,KRANTIVIRA S,MYS,MYSORE JN.,21
56241,SA,SALEM JN.,YPR,YESVANTPUR J,22
56242,YPR,YESVANTPUR J,SA,SALEM JN.,22
56261,AJJ,ARAKKONAM JN,SBC,KRANTIVIRA S,43
56262,SBC,KRANTIVIRA S,AJJ,ARAKKONAM JN,41
56263,MYS,MYSORE JN.,SBC,KRANTIVIRA S,17
56264,SBC,KRANTIVIRA S,MYS,MYSORE JN.,17
56265,ASK,ARSIKERE JN.,MYS,MYSORE JN.,21
56266,MYS,MYSORE JN.,ASK,ARSIKERE JN.,21
56267,ASK,ARSIKERE JN.,MYS,MYSORE JN.,21
56268,MYS,MYSORE JN.,ASK,ARSIKERE JN.,21
56269,SMET,SHIMOGA TOWN,MYS,MYSORE JN.,16
56270,MYS,MYSORE JN.,SMET,SHIMOGA TOWN,16
56271,SMET,SHIMOGA TOWN,CMGR,CHIKMAGALURU,11
56272,CMGR,CHIKMAGALURU,SMET,SHIMOGA TOWN,11
56273,ASK,ARSIKERE JN.,UBL,HUBLI JN.,36
56274,UBL,HUBLI JN.,ASK,ARSIKERE JN.,36
56275,TLGP,TALGUPPA,MYS,MYSORE JN.,32
56276,MYS,MYSORE JN.,TLGP,TALGUPPA,31
56277,CMGR,CHIKMAGALURU,YPR,YESVANTPUR J,20
56278,YPR,YESVANTPUR J,CMGR,CHIKMAGALURU,20
56281,CMNR,CHAMRAJANAGA,SBC,KRANTIVIRA S,27
56282,SBC,KRANTIVIRA S,CMNR,CHAMRAJANAGA,27
56300,QLN,QUILON,ALLP,ALLEPPEY,14
56301,ALLP,ALLEPPEY,QLN,QUILON,14
56302,ALLP,ALLEPPEY,ERS,ERNAKULAM. J,12
56303,ERS,ERNAKULAM. J,ALLP,ALLEPPEY,12
56304,NCJ,NAGERCOIL JN,KTYM,KOTTAYAM,44
56305,KTYM,KOTTAYAM,QLN,QUILON,14
56307,QLN,QUILON,TVC,TRIVANDRUM C,18
56308,TVC,TRIVANDRUM C,QLN,QUILON,18
56309,QLN,QUILON,TVC,TRIVANDRUM C,18
5631,GHY,GUWAHATI,SCL,SILCHAR,10
56310,NCJ,NAGERCOIL JN,TVC,TRIVANDRUM C,14
56311,TVC,TRIVANDRUM C,NCJ,NAGERCOIL JN,14
56313,TVC,TRIVANDRUM C,NCJ,NAGERCOIL JN,14
56315,TVC,TRIVANDRUM C,NCJ,NAGERCOIL JN,14
56316,NCJ,NAGERCOIL JN,TVC,TRIVANDRUM C,14
56317,KCVL,KOCHUVELI,NCJ,NAGERCOIL JN,16
56318,NCJ,NAGERCOIL JN,KCVL,KOCHUVELI,16
56319,NCJ,NAGERCOIL JN,CBE,COIMBATORE,39
5632,SCL,SILCHAR,GHY,GUWAHATI,10
56320,CBE,COIMBATORE,NCJ,NAGERCOIL JN,46
56323,CBE,COIMBATORE,MAQ,MANGALORE CE,54
56324,MAQ,MANGALORE CE,CBE,COIMBATORE,54
56331,PUU,PUNALUR,QLN,QUILON,10
56332,QLN,QUILON,PUU,PUNALUR,10
56333,EDN,EDAMANN,QLN,QUILON,11
56334,QLN,QUILON,EDN,EDAMANN,11
56335,EDN,EDAMANN,QLN,QUILON,11
56336,QLN,QUILON,EDN,EDAMANN,11
56337,PUU,PUNALUR,QLN,QUILON,10
56338,QLN,QUILON,PUU,PUNALUR,10
56361,SRR,SHORANUR JN.,ERS,ERNAKULAM. J,22
56362,ERS,ERNAKULAM. J,NIL,NILAMBUR ROA,33
56363,NIL,NILAMBUR ROA,ERS,ERNAKULAM. J,33
56364,ERS,ERNAKULAM. J,SRR,SHORANUR JN.,22
56365,GUV,GURUVAYUR,EDN,EDAMANN,43
56366,EDN,EDAMANN,GUV,GURUVAYUR,43
56370,ERS,ERNAKULAM. J,GUV,GURUVAYUR,18
56371,GUV,GURUVAYUR,ERS,ERNAKULAM. J,17
56373,GUV,GURUVAYUR,TCR,TRICHUR,3
56374,TCR,TRICHUR,GUV,GURUVAYUR,3
56375,GUV,GURUVAYUR,ERS,ERNAKULAM. J,18
56376,ERS,ERNAKULAM. J,GUV,GURUVAYUR,17
56377,ALLP,ALLEPPEY,KYJ,KAYANKULAM J,8
56378,KYJ,KAYANKULAM J,ALLP,ALLEPPEY,6
56379,ERS,ERNAKULAM. J,ALLP,ALLEPPEY,12
56380,KYJ,KAYANKULAM J,ERS,ERNAKULAM. J,19
56381,ERS,ERNAKULAM. J,KYJ,KAYANKULAM J,11
56382,KYJ,KAYANKULAM J,ERS,ERNAKULAM. J,12
56383,ERS,ERNAKULAM. J,KYJ,KAYANKULAM J,19
56384,ALLP,ALLEPPEY,ERS,ERNAKULAM. J,12
56385,ERS,ERNAKULAM. J,KTYM,KOTTAYAM,12
56386,KTYM,KOTTAYAM,ERS,ERNAKULAM. J,9
56387,ERS,ERNAKULAM. J,KYJ,KAYANKULAM J,14
56388,KYJ,KAYANKULAM J,ERS,ERNAKULAM. J,17
56389,ERS,ERNAKULAM. J,KTYM,KOTTAYAM,10
56390,KTYM,KOTTAYAM,ERS,ERNAKULAM. J,9
56391,ERS,ERNAKULAM. J,QLN,QUILON,25
56392,QLN,QUILON,ERS,ERNAKULAM. J,25
56393,KTYM,KOTTAYAM,QLN,QUILON,14
56394,QLN,QUILON,KTYM,KOTTAYAM,14
56501,BZA,VIJAYWADA JN,UBL,HUBLI JN.,66
56502,UBL,HUBLI JN.,BZA,VIJAYWADA JN,68
56503,BNC,BANGALORE CA,BZA,VIJAYWADA JN,78
56504,BZA,VIJAYWADA JN,BNC,BANGALORE CA,79
56505,BWT,BANGARPET JN,MKM,MARIKUPPAM,6
56506,MKM,MARIKUPPAM,BWT,BANGARPET JN,6
56507,MKM,MARIKUPPAM,SBC,KRANTIVIRA S,17
56508,SBC,KRANTIVIRA S,MKM,MARIKUPPAM,17
56509,MKM,MARIKUPPAM,SBC,KRANTIVIRA S,17
56510,SBC,KRANTIVIRA S,MKM,MARIKUPPAM,17
56511,BWT,BANGARPET JN,MKM,MARIKUPPAM,6
56512,MKM,MARIKUPPAM,BWT,BANGARPET JN,6
56513,KIK,KARAIKAL,SBC,KRANTIVIRA S,57
56514,SBC,KRANTIVIRA S,KIK,KARAIKAL,58
56515,SBC,KRANTIVIRA S,UBL,HUBLI JN.,63
56516,UBL,HUBLI JN.,SBC,KRANTIVIRA S,63
56517,CTA,CHITRADURG,HRR,HARIHAR JN.,13
56518,HRR,HARIHAR JN.,CTA,CHITRADURG,12
56519,JRU,CHIKJAJUR JN,CTA,CHITRADURG,5
56520,CTA,CHITRADURG,JRU,CHIKJAJUR JN,5
56600,CLT,CALICUT,SRR,SHORANUR JN.,16
56601,SRR,SHORANUR JN.,CLT,CALICUT,16
56602,CAN,KANNUR,SRR,SHORANUR JN.,35
56603,TCR,TRICHUR,CAN,KANNUR,41
56604,SRR,SHORANUR JN.,CBE,COIMBATORE,14
56605,CBE,COIMBATORE,TCR,TRICHUR,20
56610,NIL,NILAMBUR ROA,PGT,PALAKKAD JN,19
56611,PGT,PALAKKAD JN,NIL,NILAMBUR ROA,19
56612,NIL,NILAMBUR ROA,SRR,SHORANUR JN.,12
56613,SRR,SHORANUR JN.,NIL,NILAMBUR ROA,12
56614,NIL,NILAMBUR ROA,SRR,SHORANUR JN.,12
56616,NIL,NILAMBUR ROA,SRR,SHORANUR JN.,12
56617,SRR,SHORANUR JN.,NIL,NILAMBUR ROA,12
56619,SRR,SHORANUR JN.,NIL,NILAMBUR ROA,12
56620,NIL,NILAMBUR ROA,SRR,SHORANUR JN.,12
56621,SRR,SHORANUR JN.,NIL,NILAMBUR ROA,12
56640,MAQ,MANGALORE CE,MAO,MADGOAN JN.,30
56641,MAO,MADGOAN JN.,MAQ,MANGALORE CE,30
56642,KBPR,KABAKA PUTTU,MAQ,MANGALORE CE,5
56643,MAQ,MANGALORE CE,KBPR,KABAKA PUTTU,5
56644,KBPR,KABAKA PUTTU,MAQ,MANGALORE CE,4
56645,MAQ,MANGALORE CE,KBPR,KABAKA PUTTU,4
56646,SBHR,SUBRAHMANYA,MAQ,MANGALORE CE,11
56647,MAQ,MANGALORE CE,SBHR,SUBRAHMANYA,11
56650,CAN,KANNUR,CBE,COIMBATORE,40
56651,CBE,COIMBATORE,CAN,KANNUR,40
56652,CAN,KANNUR,CLT,CALICUT,20
56653,CLT,CALICUT,CAN,KANNUR,20
56654,MAQ,MANGALORE CE,CLT,CALICUT,40
56655,CAN,KANNUR,MAQ,MANGALORE CE,22
56656,MAQ,MANGALORE CE,CAN,KANNUR,23
56657,CLT,CALICUT,CAN,KANNUR,20
56659,CAN,KANNUR,CHV,CHERVATTUR,11
56661,CHV,CHERVATTUR,MAQ,MANGALORE CE,13
56663,TCR,TRICHUR,CLT,CALICUT,22
56664,CLT,CALICUT,TCR,TRICHUR,22
56665,KGQ,KASARAGOD,BYNR,BYNDOOR,20
56666,BYNR,BYNDOOR,KGQ,KASARAGOD,20
56700,MDU,MADURAI JN,PUU,PUNALUR,46
56701,PUU,PUNALUR,MDU,MADURAI JN,49
56703,TPJ,TIRUCHIRAPPA,DG,DINDIGUL JN,12
56704,DG,DINDIGUL JN,TPJ,TIRUCHIRAPPA,11
56705,VM,VILLUPURAM J,MDU,MADURAI JN,43
56706,MDU,MADURAI JN,VM,VILLUPURAM J,42
56707,DG,DINDIGUL JN,MDU,MADURAI JN,8
56708,MDU,MADURAI JN,DG,DINDIGUL JN,8
56709,PLNI,PALANI,MDU,MADURAI JN,12
56710,MDU,MADURAI JN,PLNI,PALANI,12
56711,KIK,KARAIKAL,TPJ,TIRUCHIRAPPA,26
56714,TPJ,TIRUCHIRAPPA,KIK,KARAIKAL,18
56715,PUU,PUNALUR,CAPE,KANNIYAKUMAR,19
56716,CAPE,KANNIYAKUMAR,PUU,PUNALUR,19
56717,CAPE,KANNIYAKUMAR,TEN,TIRUNELVELI,9
56718,TEN,TIRUNELVELI,NCJ,NAGERCOIL JN,8
56719,NCJ,NAGERCOIL JN,CAPE,KANNIYAKUMAR,2
56721,MDU,MADURAI JN,RMM,RAMESWARAM,17
56722,RMM,RAMESWARAM,MDU,MADURAI JN,17
56723,MDU,MADURAI JN,RMM,RAMESWARAM,17
56724,RMM,RAMESWARAM,MDU,MADURAI JN,17
56725,MDU,MADURAI JN,RMM,RAMESWARAM,17
56726,RMM,RAMESWARAM,MDU,MADURAI JN,17
56731,MDU,MADURAI JN,SCT,SENGOTTAI JN,14
56732,SCT,SENGOTTAI JN,MDU,MADURAI JN,14
56733,MDU,MADURAI JN,SCT,SENGOTTAI JN,14
56734,SCT,SENGOTTAI JN,MDU,MADURAI JN,14
56735,MDU,MADURAI JN,SCT,SENGOTTAI JN,14
56736,SCT,SENGOTTAI JN,MDU,MADURAI JN,14
56741,TN,TUTICORIN,TEN,TIRUNELVELI,10
56742,TEN,TIRUNELVELI,TN,TUTICORIN,10
56761,TEN,TIRUNELVELI,TCN,TIRUCHENDUR,12
56762,TCN,TIRUCHENDUR,TEN,TIRUNELVELI,12
56763,TEN,TIRUNELVELI,TCN,TIRUCHENDUR,12
56764,TCN,TIRUCHENDUR,TEN,TIRUNELVELI,12
56765,TEN,TIRUNELVELI,TCN,TIRUCHENDUR,12
56766,TCN,TIRUCHENDUR,TEN,TIRUNELVELI,12
56767,TN,TUTICORIN,TCN,TIRUCHENDUR,20
56768,TCN,TIRUCHENDUR,TN,TUTICORIN,20
56769,PGT,PALAKKAD JN,TCN,TIRUCHENDUR,43
56770,TCN,TIRUCHENDUR,PGT,PALAKKAD JN,43
56796,SCT,SENGOTTAI JN,TEN,TIRUNELVELI,17
56797,TEN,TIRUNELVELI,BJM,BAGAVATHIPUR,18
56798,BJM,BAGAVATHIPUR,TEN,TIRUNELVELI,18
56799,TEN,TIRUNELVELI,SCT,SENGOTTAI JN,17
56800,SCT,SENGOTTAI JN,TEN,TIRUNELVELI,17
56801,TEN,TIRUNELVELI,SCT,SENGOTTAI JN,17
56802,SCT,SENGOTTAI JN,TEN,TIRUNELVELI,17
56803,TEN,TIRUNELVELI,SCT,SENGOTTAI JN,17
56811,MV,MAYILADUTURA,TPJ,TIRUCHIRAPPA,25
56812,TPJ,TIRUCHIRAPPA,MV,MAYILADUTURA,25
56819,KMU,KUMBAKONAM,TJ,THANJAVUR JN,10
56820,TJ,THANJAVUR JN,KMU,KUMBAKONAM,10
56821,MV,MAYILADUTURA,DG,DINDIGUL JN,20
56822,DG,DINDIGUL JN,MV,MAYILADUTURA,20
56823,MV,MAYILADUTURA,TPJ,TIRUCHIRAPPA,24
56824,TPJ,TIRUCHIRAPPA,MV,MAYILADUTURA,24
56825,ED,ERODE JN.,TEN,TIRUNELVELI,28
56826,TEN,TIRUNELVELI,ED,ERODE JN.,28
56829,TPJ,TIRUCHIRAPPA,RMM,RAMESWARAM,25
56830,RMM,RAMESWARAM,TPJ,TIRUCHIRAPPA,25
56839,JTJ,JOLARPETTAI,ED,ERODE JN.,23
56840,ED,ERODE JN.,JTJ,JOLARPETTAI,23
56841,TPJ,TIRUCHIRAPPA,ED,ERODE JN.,25
56842,ED,ERODE JN.,TPJ,TIRUCHIRAPPA,25
56843,TPJ,TIRUCHIRAPPA,ED,ERODE JN.,22
56844,ED,ERODE JN.,TPJ,TIRUCHIRAPPA,22
56845,JTJ,JOLARPETTAI,ED,ERODE JN.,23
56846,ED,ERODE JN.,JTJ,JOLARPETTAI,23
56859,TBM,TAMBARAM,VM,VILLUPURAM J,11
56860,VM,VILLUPURAM J,TBM,TAMBARAM,11
56861,VM,VILLUPURAM J,PDY,PONDICHERRY,5
56862,PDY,PONDICHERRY,VM,VILLUPURAM J,5
56863,VM,VILLUPURAM J,PDY,PONDICHERRY,5
56864,PDY,PONDICHERRY,VM,VILLUPURAM J,5
56865,VM,VILLUPURAM J,PDY,PONDICHERRY,5
56866,PDY,PONDICHERRY,VM,VILLUPURAM J,5
56871,MV,MAYILADUTURA,TVR,THIRUVARUR J,6
56872,TVR,THIRUVARUR J,MV,MAYILADUTURA,6
56873,VM,VILLUPURAM J,MV,MAYILADUTURA,22
56874,MV,MAYILADUTURA,VM,VILLUPURAM J,22
56875,VM,VILLUPURAM J,MV,MAYILADUTURA,22
56876,MV,MAYILADUTURA,VM,VILLUPURAM J,22
56877,VM,VILLUPURAM J,MV,MAYILADUTURA,22
56878,MV,MAYILADUTURA,VM,VILLUPURAM J,22
56879,MV,MAYILADUTURA,TVR,THIRUVARUR J,6
56880,TVR,THIRUVARUR J,MV,MAYILADUTURA,6
56881,KPD,KATPADI JN,VM,VILLUPURAM J,14
56882,VM,VILLUPURAM J,TPTY,TIRUPATI,30
56883,KPD,KATPADI JN,VM,VILLUPURAM J,14
56884,VM,VILLUPURAM J,TPTY,TIRUPATI,27
56885,TPTY,TIRUPATI,VM,VILLUPURAM J,27
56886,VM,VILLUPURAM J,KPD,KATPADI JN,15
56889,TPTY,TIRUPATI,KPD,KATPADI JN,13
56902,DWR,DHARWAD,UBL,HUBLI JN.,5
56903,SUR,SOLAPUR,DWR,DHARWAD,33
56904,DWR,DHARWAD,SUR,SOLAPUR,34
56905,SUR,SOLAPUR,UBL,HUBLI JN.,40
56906,UBL,HUBLI JN.,SUR,SOLAPUR,40
56907,UBL,HUBLI JN.,DWR,DHARWAD,5
56909,SBC,KRANTIVIRA S,HPT,HOSPET JN.,36
56910,HPT,HOSPET JN.,SBC,KRANTIVIRA S,35
56911,JRU,CHIKJAJUR JN,UBL,HUBLI JN.,19
56912,UBL,HUBLI JN.,JRU,CHIKJAJUR JN,19
56913,SBC,KRANTIVIRA S,UBL,HUBLI JN.,44
56914,UBL,HUBLI JN.,SBC,KRANTIVIRA S,44
56915,JRU,CHIKJAJUR JN,UBL,HUBLI JN.,22
56916,UBL,HUBLI JN.,JRU,CHIKJAJUR JN,22
56917,RRB,BIRUR JN.,SMET,SHIMOGA TOWN,5
56918,SMET,SHIMOGA TOWN,RRB,BIRUR JN.,5
56921,UBL,HUBLI JN.,BGM,BELGAUM,12
56922,BGM,BELGAUM,UBL,HUBLI JN.,10
56925,SBC,KRANTIVIRA S,TK,TUMKUR,7
56926,TK,TUMKUR,SBC,KRANTIVIRA S,6
56961,QLM,KULEM,VSG,VASCO-DA-GAM,11
56962,VSG,VASCO-DA-GAM,QLM,KULEM,11
56963,QLM,KULEM,VSG,VASCO-DA-GAM,12
56964,VSG,VASCO-DA-GAM,QLM,KULEM,12
56965,QLM,KULEM,VSG,VASCO-DA-GAM,12
56966,VSG,VASCO-DA-GAM,QLM,KULEM,12
57121,KZJ,KAZIPET JN.,BPQ,BALHARSHAH,26
57122,SRUR,SIRPUR TOWN,KZJ,KAZIPET JN.,21
57123,BDCR,BHADRACHALAM,SRUR,SIRPUR TOWN,39
57124,BPQ,BALHARSHAH,BDCR,BHADRACHALAM,44
57129,BJP,BIJAPUR JN,BMO,BOLARUM,63
57130,HYB,HYDERABAD DE,BJP,BIJAPUR JN,53
57131,BMO,BOLARUM,HYB,HYDERABAD DE,12
57133,BJP,BIJAPUR JN,RC,RAICHUR,42
57134,RC,RAICHUR,BJP,BIJAPUR JN,38
57135,AJNI,AJNI,KZJ,KAZIPET JN.,47
57136,KZJ,KAZIPET JN.,AJNI,AJNI,48
57145,DKJ,DORNAKAL JN.,BDCR,BHADRACHALAM,8
57146,BDCR,BHADRACHALAM,DKJ,DORNAKAL JN.,8
5715,NJP,NEW JALPAIGU,KNE,KISHANGANJ,2
57155,GR,GULBARGA,HYB,HYDERABAD DE,29
57156,HYB,HYDERABAD DE,GR,GULBARGA,29
5716,KNE,KISHANGANJ,NJP,NEW JALPAIGU,2
5719,KIR,KATIHAR JN.,SGUJ,SILIGURI JN.,11
5720,SGUJ,SILIGURI JN.,KIR,KATIHAR JN.,11
57225,BZA,VIJAYWADA JN,VSKP,VISAKHAPATNA,58
57226,VSKP,VISAKHAPATNA,BZA,VIJAYWADA JN,55
57229,MTM,MACHILIPATNA,VSKP,VISAKHAPATNA,35
57230,VSKP,VISAKHAPATNA,MTM,MACHILIPATNA,36
57231,BZA,VIJAYWADA JN,COA,KAKINADA POR,27
57232,COA,KAKINADA POR,BZA,VIJAYWADA JN,27
57237,KZJ,KAZIPET JN.,BZA,VIJAYWADA JN,28
57238,BZA,VIJAYWADA JN,KZJ,KAZIPET JN.,29
57239,MAS,CHENNAI CENT,GDR,GUDUR JN.,21
57240,BTTR,BITRAGUNTA,MAS,CHENNAI CENT,31
57241,BTTR,BITRAGUNTA,BZA,VIJAYWADA JN,35
57242,BZA,VIJAYWADA JN,BTTR,BITRAGUNTA,35
57255,COA,KAKINADA POR,VSKP,VISAKHAPATNA,23
57256,VSKP,VISAKHAPATNA,COA,KAKINADA POR,23
57257,TPTY,TIRUPATI,COA,KAKINADA POR,92
57258,COA,KAKINADA POR,TPTY,TIRUPATI,90
57264,NS,NARASAPUR,BVRM,BHIMAVARAM J,7
57265,BVRM,BHIMAVARAM J,NS,NARASAPUR,7
57271,BZA,VIJAYWADA JN,RGDA,RAYAGADA JN.,68
57272,RGDA,RAYAGADA JN.,BZA,VIJAYWADA JN,71
57273,UBL,HUBLI JN.,TPTY,TIRUPATI,59
57274,TPTY,TIRUPATI,UBL,HUBLI JN.,60
57277,GDR,GUDUR JN.,BZA,VIJAYWADA JN,45
57278,BZA,VIJAYWADA JN,BTTR,BITRAGUNTA,34
57305,KCG,KACHEGUDA,GNT,GUNTUR JN.,78
57306,GNT,GUNTUR JN.,KCG,KACHEGUDA,56
57307,KCG,KACHEGUDA,MED,MEDCHAL,18
57308,MED,MEDCHAL,KCG,KACHEGUDA,18
57317,GNT,GUNTUR JN.,MCLA,MACHERLA,17
57320,MCLA,MACHERLA,GNT,GUNTUR JN.,17
57323,NDKD,NADIKUDE JN.,MCLA,MACHERLA,4
57324,MCLA,MACHERLA,NDKD,NADIKUDE JN.,4
57325,KCG,KACHEGUDA,GNT,GUNTUR JN.,77
57326,GNT,GUNTUR JN.,KCG,KACHEGUDA,79
57327,DHNE,DHONE JN,GNT,GUNTUR JN.,36
57328,GNT,GUNTUR JN.,DHNE,DHONE JN,36
57329,TPTY,TIRUPATI,GNT,GUNTUR JN.,49
57330,GNT,GUNTUR JN.,TPTY,TIRUPATI,49
57381,GNT,GUNTUR JN.,NS,NARASAPUR,31
57382,NS,NARASAPUR,GNT,GUNTUR JN.,26
57401,TPTY,TIRUPATI,KPD,KATPADI JN,13
57402,KPD,KATPADI JN,TPTY,TIRUPATI,13
57403,TPTY,TIRUPATI,KPD,KATPADI JN,14
57404,KPD,KATPADI JN,TPTY,TIRUPATI,14
57405,TPTY,TIRUPATI,KPD,KATPADI JN,13
57406,KPD,KATPADI JN,TPTY,TIRUPATI,13
57411,RU,RENIGUNTA JN,GDR,GUDUR JN.,7
57412,GDR,GUDUR JN.,RU,RENIGUNTA JN,7
57425,KCG,KACHEGUDA,GTL,GUNTAKAL JN.,50
57426,GTL,GUNTAKAL JN.,KCG,KACHEGUDA,49
57429,TPTY,TIRUPATI,GDR,GUDUR JN.,12
57430,GDR,GUDUR JN.,TPTY,TIRUPATI,12
57435,KCG,KACHEGUDA,KRNT,KURNOOL TOWN,24
57436,KRNT,KURNOOL TOWN,KCG,KACHEGUDA,41
57447,KCG,KACHEGUDA,MBNR,MAHBUBNAGAR,15
57448,MBNR,MAHBUBNAGAR,MZL,MIRZAPALI,43
57451,JRU,CHIKJAJUR JN,GTL,GUNTAKAL JN.,22
57452,GTL,GUNTAKAL JN.,JRU,CHIKJAJUR JN,22
57456,MBNR,MAHBUBNAGAR,KCG,KACHEGUDA,20
57473,KCG,KACHEGUDA,BDHN,BODHAN,40
57474,BDHN,BODHAN,MBNR,MAHBUBNAGAR,62
57475,TPTY,TIRUPATI,GTL,GUNTAKAL JN.,39
57476,GTL,GUNTAKAL JN.,TPTY,TIRUPATI,40
57477,TPTY,TIRUPATI,RDG,RAYA DRUG,42
57478,RDG,RAYA DRUG,TPTY,TIRUPATI,42
57486,MZL,MIRZAPALI,KCG,KACHEGUDA,27
57501,NZB,NIZAMABAD,BDHN,BODHAN,5
57502,BDHN,BODHAN,MZL,MIRZAPALI,16
57503,MZL,MIRZAPALI,BDHN,BODHAN,16
57504,BDHN,BODHAN,NZB,NIZAMABAD,5
57512,PBN,PARBHANI JN.,NED,NANDED,8
57515,DD,DAUND JN.,NED,NANDED,57
57516,NED,NANDED,DD,DAUND JN.,58
57517,HYB,HYDERABAD DE,TDU,TANDUR,15
57518,TDU,TANDUR,HYB,HYDERABAD DE,15
57521,PRLI,PARLI VAIJNA,PAU,PURNA  JN.,11
57522,PAU,PURNA  JN.,PRLI,PARLI VAIJNA,11
57539,AK,AKOLA JN.,PRLI,PARLI VAIJNA,36
57540,PRLI,PARLI VAIJNA,AK,AKOLA JN.,36
57541,NSL,NAGARSOL,NED,NANDED,34
57542,NED,NANDED,MMR,MANMAD JN.,36
57547,HYB,HYDERABAD DE,PAU,PURNA  JN.,48
57548,PAU,PURNA  JN.,HYB,HYDERABAD DE,47
57549,HYB,HYDERABAD DE,AWB,AURANGABAD,59
57550,AWB,AURANGABAD,HYB,HYDERABAD DE,57
57551,PAU,PURNA  JN.,ADB,ADILABAD,30
57552,ADB,ADILABAD,PAU,PURNA  JN.,30
57553,PRLI,PARLI VAIJNA,ADB,ADILABAD,41
57554,ADB,ADILABAD,PRLI,PARLI VAIJNA,41
57557,NZB,NIZAMABAD,NED,NANDED,16
57558,NED,NANDED,NZB,NIZAMABAD,16
57561,KCG,KACHEGUDA,MMR,MANMAD JN.,88
57562,MMR,MANMAD JN.,KCG,KACHEGUDA,87
57563,HYB,HYDERABAD DE,PBN,PARBHANI JN.,45
57564,NED,NANDED,HYB,HYDERABAD DE,29
57581,AK,AKOLA JN.,PAU,PURNA  JN.,26
57582,PAU,PURNA  JN.,AK,AKOLA JN.,26
57583,AK,AKOLA JN.,PAU,PURNA  JN.,26
57584,PAU,PURNA  JN.,AK,AKOLA JN.,26
57590,MMR,MANMAD JN.,NSL,NAGARSOL,3
57593,MED,MEDCHAL,NED,NANDED,36
57594,NED,NANDED,MED,MEDCHAL,36
57601,KCG,KACHEGUDA,NZB,NIZAMABAD,23
57602,NZB,NIZAMABAD,KCG,KACHEGUDA,21
57605,SC,SECUNDERABAD,VKB,VIKRABAD JN.,11
57606,VKB,VIKRABAD JN.,KCG,KACHEGUDA,12
57625,SC,SECUNDERABAD,MUGR,MANUGURU,37
57626,MUGR,MANUGURU,SC,SECUNDERABAD,37
57628,GR,GULBARGA,SUR,SOLAPUR,15
57631,SUR,SOLAPUR,GTL,GUNTAKAL JN.,37
57632,GTL,GUNTAKAL JN.,GR,GULBARGA,31
57641,SUR,SOLAPUR,GDG,GADAG JN.,37
57642,GDG,GADAG JN.,SUR,SOLAPUR,25
57649,GR,GULBARGA,WADI,WADI JN.,5
57650,WADI,WADI JN.,SUR,SOLAPUR,19
57651,SC,SECUNDERABAD,RAL,REPALLE,40
57652,RAL,REPALLE,SC,SECUNDERABAD,40
57657,MUGR,MANUGURU,KZJ,KAZIPET JN.,23
57658,KZJ,KAZIPET JN.,MUGR,MANUGURU,23
57659,SUR,SOLAPUR,FM,FALAKNUMA,52
57660,FM,FALAKNUMA,GR,GULBARGA,38
57685,SUR,SOLAPUR,BJP,BIJAPUR JN,10
57686,BJP,BIJAPUR JN,SUR,SOLAPUR,8
57687,NZB,NIZAMABAD,KCG,KACHEGUDA,14
57688,KCG,KACHEGUDA,NZB,NIZAMABAD,11
57689,NZB,NIZAMABAD,KCG,KACHEGUDA,12
57690,KCG,KACHEGUDA,NZB,NIZAMABAD,16
58001,HWH,HOWRAH JN.,PURI,PURI,91
58002,PURI,PURI,SRC,SANTRAGACHI,90
58003,HWH,HOWRAH JN.,BHC,BHADRAKH,38
58004,BHC,BHADRAKH,HWH,HOWRAH JN.,39
58005,KGP,KHARAGPUR,KUR,KHURDA ROAD,32
58006,KUR,KHURDA ROAD,KGP,KHARAGPUR,32
58007,KGP,KHARAGPUR,BHC,BHADRAKH,28
58008,BHC,BHADRAKH,KGP,KHARAGPUR,28
58009,KGP,KHARAGPUR,JJKR,JAJPUR KEONJ,36
58010,JJKR,JAJPUR KEONJ,KGP,KHARAGPUR,36
58011,HWH,HOWRAH JN.,CKP,CHAKARADHARP,45
58012,CKP,CHAKARADHARP,HWH,HOWRAH JN.,45
58013,ADRA,ADRA,BKSC,BOKARO STEEL,12
58014,BKSC,BOKARO STEEL,ADRA,ADRA,12
58015,HWH,HOWRAH JN.,ADRA,ADRA,28
58016,ADRA,ADRA,HWH,HOWRAH JN.,28
58017,KGP,KHARAGPUR,ASN,ASANSOL MAIN,31
58018,ASN,ASANSOL MAIN,KGP,KHARAGPUR,31
58019,ADRA,ADRA,ASN,ASANSOL MAIN,9
58020,ASN,ASANSOL MAIN,ADRA,ADRA,9
58021,KGP,KHARAGPUR,TATA,TATANAGAR JN,18
58022,TATA,TATANAGAR JN,KGP,KHARAGPUR,19
58023,TATA,TATANAGAR JN,BRKA,BARKAKANA,26
58024,BRKA,BARKAKANA,TATA,TATANAGAR JN,26
58025,KGP,KHARAGPUR,HTE,HATIA,44
58026,HTE,HATIA,KGP,KHARAGPUR,44
58029,BLS,BALASORE,BHC,BHADRAKH,10
58030,BHC,BHADRAKH,BLS,BALASORE,10
58031,CKU,CHAKULIA,TATA,TATANAGAR JN,9
58032,TATA,TATANAGAR JN,CKU,CHAKULIA,9
58033,BKSC,BOKARO STEEL,RNC,RANCHI,15
58034,RNC,RANCHI,BKSC,BOKARO STEEL,15
58103,TATA,TATANAGAR JN,BBN,BARBIL,18
58104,BBN,BARBIL,TATA,TATANAGAR JN,18
58109,TATA,TATANAGAR JN,GUA,GUA,19
58110,GUA,GUA,TATA,TATANAGAR JN,19
58111,TATA,TATANAGAR JN,ITR,ITWARI JN.,102
58112,ITR,ITWARI JN.,TATA,TATANAGAR JN,109
58113,TATA,TATANAGAR JN,BSP,BILASPUR JN.,60
58114,BSP,BILASPUR JN.,TATA,TATANAGAR JN,61
58117,JSG,JHARSUGUDA J,G,GONDIA JN.,65
58118,G,GONDIA JN.,JSG,JHARSUGUDA J,64
58131,ROU,ROURKELA,PURI,PURI,78
58132,PURI,PURI,ROU,ROURKELA,78
58133,ROU,ROURKELA,JSG,JHARSUGUDA J,15
58134,JSG,JHARSUGUDA J,ROU,ROURKELA,15
58135,JSG,JHARSUGUDA J,SBP,SAMBALPUR JN,9
58136,SBP,SAMBALPUR JN,JSG,JHARSUGUDA J,9
58137,JSG,JHARSUGUDA J,SBP,SAMBALPUR JN,9
58138,SBP,SAMBALPUR JN,JSG,JHARSUGUDA J,9
58143,TATA,TATANAGAR JN,HTE,HATIA,26
58151,BRMP,BIRMITRAPUR,BXF,BARSUAN,12
58152,BXF,BARSUAN,BRMP,BIRMITRAPUR,12
58161,HTE,HATIA,JSG,JHARSUGUDA J,35
58162,JSG,JHARSUGUDA J,HTE,HATIA,34
58163,GBA,GARBETA,RNC,RANCHI,23
58164,RNC,RANCHI,GBA,GARBETA,23
58201,BSP,BILASPUR JN.,R,RAIPUR JN.,15
58202,R,RAIPUR JN.,BSP,BILASPUR JN.,15
58203,GAD,GEVRA-ROAD,R,RAIPUR JN.,29
58204,R,RAIPUR JN.,GAD,GEVRA-ROAD,29
58205,R,RAIPUR JN.,ITR,ITWARI JN.,42
58206,ITR,ITWARI JN.,R,RAIPUR JN.,43
58207,R,RAIPUR JN.,JNRD,JUNAGARH ROA,30
58208,JNRD,JUNAGARH ROA,R,RAIPUR JN.,30
58209,GAD,GEVRA-ROAD,BSP,BILASPUR JN.,12
58210,BSP,BILASPUR JN.,GAD,GEVRA-ROAD,15
58212,BSP,BILASPUR JN.,GAD,GEVRA-ROAD,15
58213,TIG,TITLA GARH J,BSP,BILASPUR JN.,48
58214,BSP,BILASPUR JN.,TIG,TITLA GARH J,48
58217,TIG,TITLA GARH J,R,RAIPUR JN.,13
58218,R,RAIPUR JN.,TIG,TITLA GARH J,14
58219,BSP,BILASPUR JN.,CHRM,CHIRMIRI,29
58220,CHRM,CHIRMIRI,BSP,BILASPUR JN.,29
58221,CHRM,CHIRMIRI,CHD,CHANDIA ROAD,20
58222,CHD,CHANDIA ROAD,CHRM,CHIRMIRI,20
58223,MDGR,MANENDRAGARH,ABKP,AMBIKAPUR,15
58224,ABKP,AMBIKAPUR,APR,ANUPPUR JN.,20
58227,APR,ANUPPUR JN.,MDGR,MANENDRAGARH,9
58301,SBP,SAMBALPUR JN,KRPU,KORAPUT JN.,41
58302,KRPU,KORAPUT JN.,SBP,SAMBALPUR JN,41
58303,LJR,LANJI GARH R,JNRD,JUNAGARH ROA,6
58304,JNRD,JUNAGARH ROA,LJR,LANJI GARH R,6
58401,CTC,CUTTACK JN.,PRDP,PARADEEP,14
58402,PRDP,PARADEEP,CTC,CUTTACK JN.,14
58403,KUR,KHURDA ROAD,PURI,PURI,11
58404,PURI,PURI,KUR,KHURDA ROAD,11
58405,CTC,CUTTACK JN.,PRDP,PARADEEP,11
58406,PRDP,PARADEEP,CTC,CUTTACK JN.,11
58408,BBS,BHUBANESWAR,BHC,BHADRAKH,30
58409,KUR,KHURDA ROAD,PURI,PURI,11
58410,PURI,PURI,KUR,KHURDA ROAD,11
58411,BBS,BHUBANESWAR,BAM,BERHAMPUR,27
58412,BAM,BERHAMPUR,BBS,BHUBANESWAR,27
58413,TLHR,TALCHER,PURI,PURI,42
58414,PURI,PURI,TLHR,TALCHER,43
58415,CTC,CUTTACK JN.,PURI,PURI,21
58416,PURI,PURI,CTC,CUTTACK JN.,21
58417,PURI,PURI,GNPR,GUNUPUR,59
58418,GNPR,GUNUPUR,PURI,PURI,59
58419,BBS,BHUBANESWAR,PSA,PALASA,36
58420,PSA,PALASA,BBS,BHUBANESWAR,36
58421,ANGL,ANGUL,PURI,PURI,30
58422,PURI,PURI,ANGL,ANGUL,30
58423,BHC,BHADRAKH,CTC,CUTTACK JN.,23
58424,CTC,CUTTACK JN.,BHC,BHADRAKH,23
58425,KDJR,KENDUJHAR,BBS,BHUBANESWAR,22
58426,BBS,BHUBANESWAR,KDJR,KENDUJHAR,22
58427,PSA,PALASA,GNPR,GUNUPUR,9
58428,GNPR,GUNUPUR,PSA,PALASA,8
58429,KUR,KHURDA ROAD,NYGT,NAYAGARHTOWN,7
58430,NYGT,NAYAGARHTOWN,KUR,KHURDA ROAD,7
58431,KUR,KHURDA ROAD,NYGT,NAYAGARHTOWN,7
58432,NYGT,NAYAGARHTOWN,KUR,KHURDA ROAD,7
58433,CTC,CUTTACK JN.,BAM,BERHAMPUR,18
58434,BAM,BERHAMPUR,CTC,CUTTACK JN.,17
58435,BHC,BHADRAKH,CTC,CUTTACK JN.,23
58436,CTC,CUTTACK JN.,BHC,BHADRAKH,23
58501,VSKP,VISAKHAPATNA,KRDL,KIRANDUL,53
58502,KRDL,KIRANDUL,VSKP,VISAKHAPATNA,53
58503,RGDA,RAYAGADA JN.,VSKP,VISAKHAPATNA,25
58504,VSKP,VISAKHAPATNA,RGDA,RAYAGADA JN.,25
58505,GNPR,GUNUPUR,VSKP,VISAKHAPATNA,28
58506,VSKP,VISAKHAPATNA,GNPR,GUNUPUR,28
58525,PSA,PALASA,VSKP,VISAKHAPATNA,27
58526,VSKP,VISAKHAPATNA,PSA,PALASA,26
58527,R,RAIPUR JN.,VSKP,VISAKHAPATNA,56
58528,VSKP,VISAKHAPATNA,R,RAIPUR JN.,56
58529,DURG,DURG,VSKP,VISAKHAPATNA,64
58530,VSKP,VISAKHAPATNA,DURG,DURG,64
58531,PSA,PALASA,VSKP,VISAKHAPATNA,27
58532,VSKP,VISAKHAPATNA,PSA,PALASA,27
58533,CTC,CUTTACK JN.,PSA,PALASA,43
58534,PSA,PALASA,CTC,CUTTACK JN.,43
58535,CTC,CUTTACK JN.,PRDP,PARADEEP,14
58536,PRDP,PARADEEP,CTC,CUTTACK JN.,14
58537,KRPU,KORAPUT JN.,VSKP,VISAKHAPATNA,39
58538,VSKP,VISAKHAPATNA,KRPU,KORAPUT JN.,39
58601,KGP,KHARAGPUR,ADRA,ADRA,22
58602,ADRA,ADRA,KGP,KHARAGPUR,22
58603,KGP,KHARAGPUR,GMO,NSC BOSE J G,40
58604,GMO,NSC BOSE J G,KGP,KHARAGPUR,40
58621,ADRA,ADRA,BRKA,BARKAKANA,22
58622,BRKA,BARKAKANA,ADRA,ADRA,22
5863,RNY,RANGIYA JN.,RPAN,RANGAPARA NO,15
5864,RPAN,RANGAPARA NO,RNY,RANGIYA JN.,15
5865,RNY,RANGIYA JN.,MZS,MURKEONG SEL,53
58651,RNC,RANCHI,LAD,LOHARDAGA  B,10
58652,LAD,LOHARDAGA  B,RNC,RANCHI,10
58653,RNC,RANCHI,TORI,TORI,12
58654,TORI,TORI,RNC,RANCHI,12
58655,RNC,RANCHI,LAD,LOHARDAGA  B,10
58656,LAD,LOHARDAGA  B,RNC,RANCHI,10
58657,RNC,RANCHI,LAD,LOHARDAGA  B,10
58658,LAD,LOHARDAGA  B,RNC,RANCHI,7
58659,HTE,HATIA,ROU,ROURKELA,21
5866,MZS,MURKEONG SEL,RNY,RANGIYA JN.,53
58660,ROU,ROURKELA,HTE,HATIA,21
58661,TATA,TATANAGAR JN,HTE,HATIA,29
58662,HTE,HATIA,TATA,TATANAGAR JN,29
58701,SDL,SHAHDOL,ABKP,AMBIKAPUR,24
58702,ABKP,AMBIKAPUR,SDL,SHAHDOL,24
58711,KDRI,KENDRI,DTR,DHAMTARI,8
58712,DTR,DHAMTARI,KDRI,KENDRI,8
58713,KDRI,KENDRI,DTR,DHAMTARI,8
58714,DTR,DHAMTARI,KDRI,KENDRI,8
58715,KDRI,KENDRI,DTR,DHAMTARI,8
58716,DTR,DHAMTARI,KDRI,KENDRI,8
58717,KDRI,KENDRI,RIM,RAJIM,4
58718,RIM,RAJIM,KDRI,KENDRI,4
58719,AVP,ABHANPUR JN.,RIM,RAJIM,3
58720,RIM,RAJIM,AVP,ABHANPUR JN.,3
58721,AVP,ABHANPUR JN.,RIM,RAJIM,3
58722,RIM,RAJIM,AVP,ABHANPUR JN.,3
58801,BPQ,BALHARSHAH,G,GONDIA JN.,28
58802,G,GONDIA JN.,BPQ,BALHARSHAH,28
58803,BPQ,BALHARSHAH,G,GONDIA JN.,28
58804,G,GONDIA JN.,BPQ,BALHARSHAH,28
58805,CAF,CHANDAFORT,G,GONDIA JN.,27
58806,G,GONDIA JN.,WSA,WADSA,14
58808,WSA,WADSA,CAF,CHANDAFORT,14
58809,RTK,RAMTEK,ITR,ITWARI JN.,7
58810,NGP,NAGPUR JN.(C,RTK,RAMTEK,8
58811,RTK,RAMTEK,NGP,NAGPUR JN.(C,8
58812,ITR,ITWARI JN.,RTK,RAMTEK,7
58813,RTK,RAMTEK,ITR,ITWARI JN.,7
58814,ITR,ITWARI JN.,RTK,RAMTEK,7
58815,ITR,ITWARI JN.,TRDI,TIRODI,20
58816,TRDI,TIRODI,ITR,ITWARI JN.,20
58817,TMR,TUMSAR RD,TRDI,TIRODI,9
58818,TRDI,TIRODI,TMR,TUMSAR RD,9
58843,ITRN,ITWARI JN.,NABN,NAGBHIR JN.,17
58844,NABN,NAGBHIR JN.,ITRN,ITWARI JN.,17
58845,ITRN,ITWARI JN.,NABN,NAGBHIR JN.,17
58846,NABN,NAGBHIR JN.,ITRN,ITWARI JN.,17
58847,ITRN,ITWARI JN.,NABN,NAGBHIR JN.,17
58848,NABN,NAGBHIR JN.,ITRN,ITWARI JN.,17
58877,ITRN,ITWARI JN.,NABN,NAGBHIR JN.,17
58878,NABN,NAGBHIR JN.,ITRN,ITWARI JN.,17
59013,ST,SURAT,BSL,BHUSAVAL JN.,31
59014,BSL,BHUSAVAL JN.,ST,SURAT,31
59023,BCT,MUMBAI CENTR,BL,VALSAD,20
59024,BL,VALSAD,BCT,MUMBAI CENTR,21
59037,VR,VIRAR,ST,SURAT,30
59038,ST,SURAT,VR,VIRAR,31
59039,VR,VIRAR,BL,VALSAD,18
59040,VAPI,VAPI,VR,VIRAR,14
59045,BDTS,BANDRA TERMI,VAPI,VAPI,20
59046,BL,VALSAD,BDTS,BANDRA TERMI,23
59048,ST,SURAT,BL,VALSAD,13
59049,BL,VALSAD,VG,VIRAMGAM JN,62
59050,VG,VIRAMGAM JN,BL,VALSAD,62
59075,ST,SURAT,BSL,BHUSAVAL JN.,44
59076,BSL,BHUSAVAL JN.,ST,SURAT,44
59077,ST,SURAT,BSL,BHUSAVAL JN.,30
59078,BSL,BHUSAVAL JN.,ST,SURAT,31
59101,BRC,VADODARA JN.,KTNA,KATHANA,11
59102,KTNA,KATHANA,BRC,VADODARA JN.,11
59103,BRC,VADODARA JN.,KTNA,KATHANA,11
59104,KTNA,KATHANA,BRC,VADODARA JN.,11
59117,PRTN,PRATAP NAGAR,CTD,CHHOTA UDEPU,18
59118,CTD,CHHOTA UDEPU,BRC,VADODARA JN.,19
59119,BRC,VADODARA JN.,CTD,CHHOTA UDEPU,19
59120,CTD,CHHOTA UDEPU,PRTN,PRATAP NAGAR,18
59121,BRC,VADODARA JN.,CTD,CHHOTA UDEPU,19
59122,CTD,CHHOTA UDEPU,BRC,VADODARA JN.,19
59151,ND,NADIAD JN.,MDSA,MODASA,10
59152,MDSA,MODASA,ND,NADIAD JN.,10
59153,ND,NADIAD JN.,MDSA,MODASA,10
59154,MDSA,MODASA,ND,NADIAD JN.,10
59161,BH,BHARUCH JN.,ANND,ANAND JN.,20
59162,ANND,ANAND JN.,BH,BHARUCH JN.,20
59163,ANND,ANAND JN.,VTL,VADTAL SWAMI,3
59164,VTL,VADTAL SWAMI,ANND,ANAND JN.,3
59167,AKV,ANKLESHWAR J,RAJ,RAJPIPLA,14
59168,RAJ,RAJPIPLA,AKV,ANKLESHWAR J,14
59169,ANND,ANAND JN.,VTL,VADTAL SWAMI,3
59170,VTL,VADTAL SWAMI,ANND,ANAND JN.,3
59201,PIT,PALITANA,BVC,BHAVNAGAR TE,8
59202,BVC,BHAVNAGAR TE,PIT,PALITANA,8
59203,SUNR,SURENDRANAGA,BVC,BHAVNAGAR TE,22
59204,BVC,BHAVNAGAR TE,SUNR,SURENDRANAGA,22
59205,KNLS,KANALUS,PBR,PORBANDAR,11
59206,PBR,PORBANDAR,KNLS,KANALUS,11
59207,BVC,BHAVNAGAR TE,OKHA,OKHA,60
59208,OKHA,OKHA,BVC,BHAVNAGAR TE,59
59211,RJT,RAJKOT,PBR,PORBANDAR,21
59212,PBR,PORBANDAR,RJT,RAJKOT,21
59213,BNVD,BHANVAD,PBR,PORBANDAR,8
59214,PBR,PORBANDAR,BNVD,BHANVAD,7
59215,BNVD,BHANVAD,PBR,PORBANDAR,7
59216,PBR,PORBANDAR,BNVD,BHANVAD,8
59225,BVC,BHAVNAGAR TE,MHV,MAHUVA,25
59226,MHV,MAHUVA,BVC,BHAVNAGAR TE,25
59227,BTD,BOTAD,BVC,BHAVNAGAR TE,12
59228,BVC,BHAVNAGAR TE,BTD,BOTAD,12
59229,DHG,DHRANGADHRA,BVC,BHAVNAGAR TE,23
59230,BVC,BHAVNAGAR TE,DHG,DHRANGADHRA,24
59231,SUNR,SURENDRANAGA,BTD,BOTAD,10
59232,BTD,BOTAD,SUNR,SURENDRANAGA,10
59233,SUNR,SURENDRANAGA,BVC,BHAVNAGAR TE,20
59234,BVC,BHAVNAGAR TE,SUNR,SURENDRANAGA,20
59235,DLJ,DHOLA JN,MHV,MAHUVA,22
59236,MHV,MAHUVA,DLJ,DHOLA JN,22
59243,RJU,RAJULA CITY,MHV,MAHUVA,7
59244,MHV,MAHUVA,RJU,RAJULA CITY,7
59267,PIT,PALITANA,BVC,BHAVNAGAR TE,8
59268,BVC,BHAVNAGAR TE,PIT,PALITANA,8
59269,PIT,PALITANA,BVC,BHAVNAGAR TE,8
59270,BVC,BHAVNAGAR TE,PIT,PALITANA,8
59271,SUNR,SURENDRANAGA,BVC,BHAVNAGAR TE,18
59272,BVC,BHAVNAGAR TE,SUNR,SURENDRANAGA,18
59295,PIT,PALITANA,BVC,BHAVNAGAR TE,8
59296,BVC,BHAVNAGAR TE,PIT,PALITANA,8
59297,PBR,PORBANDAR,SMNH,SOMNATH,23
59298,SMNH,SOMNATH,PBR,PORBANDAR,23
59306,UJN,UJJAIN JN,INDB,INDORE BG,10
59307,INDB,INDORE BG,UJN,UJJAIN JN,10
59317,NAD,NAGDA JN,UJN,UJJAIN JN,8
59318,UJN,UJJAIN JN,NAD,NAGDA JN,8
59319,UJN,UJJAIN JN,BPL,BHOPAL,25
59320,BPL,BHOPAL,UJN,UJJAIN JN,25
59341,NAD,NAGDA JN,BINA,BINA,44
59342,BINA,BINA,NAD,NAGDA JN,44
59345,RTM,RATLAM JN,NAD,NAGDA JN,6
59346,NAD,NAGDA JN,RTM,RATLAM JN,6
59353,NAD,NAGDA JN,UJN,UJJAIN JN,8
59354,UJN,UJJAIN JN,NAD,NAGDA JN,8
59355,RTM,RATLAM JN,MTJ,MATHURA JN.,65
59356,MTJ,MATHURA JN.,RTM,RATLAM JN,65
59357,BXN,BAYANA,JAB,YAMUNA BRIDG,16
59358,JAB,YAMUNA BRIDG,BXN,BAYANA,16
59359,BXN,BAYANA,MTJ,MATHURA JN.,9
59360,MTJ,MATHURA JN.,BXN,BAYANA,9
59379,INDB,INDORE BG,MKC,MAKSI JN,7
59380,MKC,MAKSI JN,INDB,INDORE BG,7
59385,INDB,INDORE BG,CWA,CHHINWARA JN,49
59386,CWA,CHHINWARA JN,INDB,INDORE BG,48
59387,NAD,NAGDA JN,INDB,INDORE BG,17
59388,INDB,INDORE BG,NAD,NAGDA JN,17
59393,DHD,DAHOD,BPL,BHOPAL,50
59394,BPL,BHOPAL,DHD,DAHOD,50
59395,BZU,BETUL,CWA,CHHINWARA JN,13
59396,CWA,CHHINWARA JN,BZU,BETUL,15
59421,RJT,RAJKOT,VRL,VERAVAL,21
59422,SMNH,SOMNATH,RJT,RAJKOT,22
59423,RJT,RAJKOT,SMNH,SOMNATH,22
59424,VRL,VERAVAL,RJT,RAJKOT,21
59425,BHUJ,NEW BHUJ,PNU,PALANPUR JN,38
59426,PNU,PALANPUR JN,BHUJ,NEW BHUJ,38
59439,BCT,MUMBAI CENTR,ADI,AHMEDABAD,72
59440,ADI,AHMEDABAD,BCT,MUMBAI CENTR,66
59441,BCT,MUMBAI CENTR,ADI,AHMEDABAD,74
59442,ADI,AHMEDABAD,BCT,MUMBAI CENTR,74
59473,ADI,AHMEDABAD,PTN,PATAN,15
59474,PTN,PATAN,ADI,AHMEDABAD,15
59475,MSH,MAHESANA JN,PTN,PATAN,6
59476,PTN,PATAN,MSH,MAHESANA JN,6
59477,MSH,MAHESANA JN,PTN,PATAN,6
59478,PTN,PATAN,MSH,MAHESANA JN,6
59481,MSH,MAHESANA JN,PTN,PATAN,6
59482,PTN,PATAN,MSH,MAHESANA JN,6
59483,MSH,MAHESANA JN,PTN,PATAN,6
59484,PTN,PATAN,MSH,MAHESANA JN,6
59503,VG,VIRAMGAM JN,OKHA,OKHA,48
59504,OKHA,OKHA,VG,VIRAMGAM JN,48
59507,RJT,RAJKOT,SMNH,SOMNATH,18
59508,SMNH,SOMNATH,RJT,RAJKOT,18
59509,MSH,MAHESANA JN,VG,VIRAMGAM JN,8
59510,VG,VIRAMGAM JN,MSH,MAHESANA JN,8
59511,MSH,MAHESANA JN,VG,VIRAMGAM JN,8
59512,VG,VIRAMGAM JN,MSH,MAHESANA JN,8
59547,ADI,AHMEDABAD,OKHA,OKHA,49
59548,OKHA,OKHA,ADI,AHMEDABAD,45
59549,BRC,VADODARA JN.,ADI,AHMEDABAD,8
59550,ADI,AHMEDABAD,BRC,VADODARA JN.,8
59601,MJ,MARWAR JN.,AII,AJMER JN.,19
59602,AII,AJMER JN.,MJ,MARWAR JN.,19
59603,MDJN,MADAR JN,UDZ,UDAIPUR CITY,39
59604,UDZ,UDAIPUR CITY,MDJN,MADAR JN,39
59605,COR,CHITTAURGARH,UDZ,UDAIPUR CITY,13
59606,UDZ,UDAIPUR CITY,COR,CHITTAURGARH,13
59607,AII,AJMER JN.,PUHT,PUSHKAR TERM,5
59608,PUHT,PUSHKAR TERM,AII,AJMER JN.,5
59705,SOG,SURATGARH JN,JP,JAIPUR JN.,55
59706,JP,JAIPUR JN.,SOG,SURATGARH JN,55
59707,APH,ANUPGARH,SOG,SURATGARH JN,10
59708,SOG,SURATGARH JN,APH,ANUPGARH,9
59709,APH,ANUPGARH,SOG,SURATGARH JN,10
59710,SOG,SURATGARH JN,APH,ANUPGARH,11
59711,BTI,BATHINDA JN,SOG,SURATGARH JN,17
59712,SOG,SURATGARH JN,BTI,BATHINDA JN,17
59713,FL,PHULERA JN.,JP,JAIPUR JN.,10
59714,JP,JAIPUR JN.,FL,PHULERA JN.,10
59715,FL,PHULERA JN.,RE,REWARI JN.,28
59716,RE,REWARI JN.,FL,PHULERA JN.,28
59717,FL,PHULERA JN.,RE,REWARI JN.,28
59718,RE,REWARI JN.,FL,PHULERA JN.,28
59719,FL,PHULERA JN.,RE,REWARI JN.,28
59720,RE,REWARI JN.,FL,PHULERA JN.,28
59721,JP,JAIPUR JN.,HSR,HISAR JN,42
59722,HSR,HISAR JN,JP,JAIPUR JN.,42
59727,SIKR,SIKAR JN.,RE,REWARI JN.,25
59728,RE,REWARI JN.,SIKR,SIKAR JN.,17
59729,SIKR,SIKAR JN.,RE,REWARI JN.,17
59730,RE,REWARI JN.,SIKR,SIKAR JN.,25
59731,APH,ANUPGARH,SOG,SURATGARH JN,10
59732,SOG,SURATGARH JN,APH,ANUPGARH,10
59733,APH,ANUPGARH,SOG,SURATGARH JN,9
59734,SOG,SURATGARH JN,APH,ANUPGARH,9
59735,FPS,FATEHPUR-SHE,SIKR,SIKAR JN.,4
59736,SIKR,SIKAR JN.,FPS,FATEHPUR-SHE,4
59803,RTM,RATLAM JN,KOTA,KOTA,24
59804,KOTA,KOTA,RTM,RATLAM JN,24
59805,JP,JAIPUR JN.,BXN,BAYANA,23
59806,BXN,BAYANA,JP,JAIPUR JN.,22
59811,RTM,RATLAM JN,AF,AGRA  FORT,71
59812,JAB,YAMUNA BRIDG,RTM,RATLAM JN,71
59813,KOTA,KOTA,JAB,YAMUNA BRIDG,42
59814,AF,AGRA  FORT,KOTA,KOTA,41
59821,KOTA,KOTA,BIX,BHIND,42
59822,BIX,BHIND,KOTA,KOTA,47
59823,GWL,GWALIOR JN,BIX,BHIND,14
59824,BIX,BHIND,GWL,GWALIOR JN,14
59825,GWL,GWALIOR JN,BIX,BHIND,14
59826,BIX,BHIND,GWL,GWALIOR JN,14
59827,BIX,BHIND,ETW,ETAWAH,3
59828,ETW,ETAWAH,BIX,BHIND,3
59831,BRC,VADODARA JN.,KOTA,KOTA,64
59832,KOTA,KOTA,BRC,VADODARA JN.,63
59833,KOTA,KOTA,NMH,NIMACH,15
59834,NMH,NIMACH,KOTA,KOTA,15
59835,NMH,NIMACH,UDZ,UDAIPUR CITY,20
59836,UDZ,UDAIPUR CITY,NMH,NIMACH,20
59837,JLWC,JHALAWAR CIT,KOTA,KOTA,11
59838,KOTA,KOTA,JLWC,JHALAWAR CIT,11
59839,JLWC,JHALAWAR CIT,KOTA,KOTA,11
59840,KOTA,KOTA,JLWC,JHALAWAR CIT,11
6001,MS,CHENNAI EGMO,TEN,TIRUNELVELI,14
6002,TEN,TIRUNELVELI,MS,CHENNAI EGMO,15
6006,ERS,ERNAKULAM. J,MAS,CHENNAI CENT,14
6009,SRC,SANTRAGACHI,PDY,PONDICHERRY,27
6010,PDY,PONDICHERRY,SRC,SANTRAGACHI,27
604,PNBE,PATNA JN.,ASR,AMRITSAR JN.,3
6041,MAS,CHENNAI CENT,QLN,QUILON,19
6042,QLN,QUILON,MAS,CHENNAI CENT,20
6043,MAS,CHENNAI CENT,QLN,QUILON,18
6044,QLN,QUILON,MAS,CHENNAI CENT,19
6046,QLN,QUILON,MAS,CHENNAI CENT,19
6047,MAS,CHENNAI CENT,QLN,QUILON,19
6048,QLN,QUILON,MAS,CHENNAI CENT,20
6049,MS,CHENNAI EGMO,QLN,QUILON,19
6050,QLN,QUILON,MS,CHENNAI EGMO,20
6053,KCVL,KOCHUVELI,MAJN,MANGALORE JN,14
6054,MAJN,MANGALORE JN,KCVL,KOCHUVELI,14
6057,SRC,SANTRAGACHI,MAS,CHENNAI CENT,19
6058,MAS,CHENNAI CENT,SRC,SANTRAGACHI,19
6065,CGL,CHENGALPATTU,MDU,MADURAI JN,13
6066,MDU,MADURAI JN,CGL,CHENGALPATTU,13
6067,CGL,CHENGALPATTU,CBE,COIMBATORE,9
6068,CBE,COIMBATORE,CGL,CHENGALPATTU,9
6081,CBE,COIMBATORE,POY,POLLACHI,4
6082,POY,POLLACHI,CBE,COIMBATORE,4
61631,BPL,BHOPAL,BINA,BINA,16
61632,BINA,BINA,BPL,BHOPAL,16
63105,SDAH,SEALDAH,LGL,LALGOLA,31
63108,LGL,LALGOLA,SDAH,SEALDAH,34
63141,SDAH,SEALDAH,RPH,RAMPUR HAT,30
63142,RPH,RAMPUR HAT,SDAH,SEALDAH,36
63151,JSME,JASIDIH JN.,BDME,BAIDYANATHDH,3
63153,JSME,JASIDIH JN.,BDME,BAIDYANATHDH,3
63154,BDME,BAIDYANATHDH,JSME,JASIDIH JN.,3
63155,JSME,JASIDIH JN.,BDME,BAIDYANATHDH,3
63156,BDME,BAIDYANATHDH,JSME,JASIDIH JN.,3
63157,JSME,JASIDIH JN.,BDME,BAIDYANATHDH,3
63158,BDME,BAIDYANATHDH,JSME,JASIDIH JN.,3
63159,JSME,JASIDIH JN.,BDME,BAIDYANATHDH,3
63160,BDME,BAIDYANATHDH,JSME,JASIDIH JN.,3
63161,JSME,JASIDIH JN.,BDME,BAIDYANATHDH,3
63162,BDME,BAIDYANATHDH,JSME,JASIDIH JN.,3
63163,JSME,JASIDIH JN.,BDME,BAIDYANATHDH,3
63164,BDME,BAIDYANATHDH,JSME,JASIDIH JN.,3
63165,JSME,JASIDIH JN.,BDME,BAIDYANATHDH,3
63166,BDME,BAIDYANATHDH,JSME,JASIDIH JN.,3
63167,JSME,JASIDIH JN.,BDME,BAIDYANATHDH,2
63168,BDME,BAIDYANATHDH,JSME,JASIDIH JN.,2
63169,JSME,JASIDIH JN.,BDME,BAIDYANATHDH,3
63203,KIUL,KIUL JN.,MKA,MOKAMA JN.,8
63204,MKA,MOKAMA JN.,KIUL,KIUL JN.,8
63205,KIUL,KIUL JN.,PNBE,PATNA JN.,25
63206,PNBE,PATNA JN.,KIUL,KIUL JN.,22
63207,JAJ,JHAJHA,PNBE,PATNA JN.,30
63208,PNBE,PATNA JN.,JSME,JASIDIH JN.,34
63209,JAJ,JHAJHA,PNBE,PATNA JN.,29
63210,PNBE,PATNA JN.,JAJ,JHAJHA,30
63211,JSME,JASIDIH JN.,PNBE,PATNA JN.,34
63212,PNBE,PATNA JN.,JAJ,JHAJHA,29
63213,PNBE,PATNA JN.,ARA,ARA,11
63214,ARA,ARA,PNBE,PATNA JN.,13
63217,MKA,MOKAMA JN.,DNR,DANAPUR,18
63218,DNR,DANAPUR,MKA,MOKAMA JN.,18
63219,DNR,DANAPUR,RPR,RAGHUNATHPUR,14
63220,RPR,RAGHUNATHPUR,PNBE,PATNA JN.,17
63221,MKA,MOKAMA JN.,PNBE,PATNA JN.,7
63222,PNBE,PATNA JN.,MKA,MOKAMA JN.,7
63223,PNBE,PATNA JN.,ARA,ARA,10
63224,ARA,ARA,PNBE,PATNA JN.,10
63225,PNBE,PATNA JN.,MGS,MUGHAL SARAI,34
63226,BSB,VARANASI JN.,PNBE,PATNA JN.,39
63227,PNBE,PATNA JN.,MGS,MUGHAL SARAI,37
63228,MGS,MUGHAL SARAI,PNBE,PATNA JN.,31
63231,PNBE,PATNA JN.,MGS,MUGHAL SARAI,33
63232,BXR,BUXAR,PNBE,PATNA JN.,18
63233,PNBE,PATNA JN.,BSB,VARANASI JN.,35
63234,MGS,MUGHAL SARAI,PNBE,PATNA JN.,29
63235,BXR,BUXAR,MGS,MUGHAL SARAI,11
63237,MGS,MUGHAL SARAI,ALD,ALLAHABAD JN,21
63238,ALD,ALLAHABAD JN,MGS,MUGHAL SARAI,20
63240,MGS,MUGHAL SARAI,BXR,BUXAR,11
63241,PNBE,PATNA JN.,GAYA,GAYA JN.,26
63242,GAYA,GAYA JN.,PNBE,PATNA JN.,13
63243,PNBE,PATNA JN.,GAYA,GAYA JN.,26
63244,GAYA,GAYA JN.,PNBE,PATNA JN.,26
63245,PNBE,PATNA JN.,GAYA,GAYA JN.,17
63246,GAYA,GAYA JN.,PNBE,PATNA JN.,17
63247,PNBE,PATNA JN.,GAYA,GAYA JN.,13
63248,GAYA,GAYA JN.,PNBE,PATNA JN.,26
63249,PNBE,PATNA JN.,GAYA,GAYA JN.,16
63250,GAYA,GAYA JN.,PNBE,PATNA JN.,14
63251,PNBE,PATNA JN.,GAYA,GAYA JN.,18
63252,GAYA,GAYA JN.,PNBE,PATNA JN.,17
63253,PNBE,PATNA JN.,GAYA,GAYA JN.,15
63254,GAYA,GAYA JN.,PNBE,PATNA JN.,24
63255,PNBE,PATNA JN.,GAYA,GAYA JN.,13
63256,GAYA,GAYA JN.,PNBE,PATNA JN.,13
63257,PNBE,PATNA JN.,GAYA,GAYA JN.,26
63258,GAYA,GAYA JN.,PNBE,PATNA JN.,26
63259,PNBE,PATNA JN.,GAYA,GAYA JN.,18
63260,GAYA,GAYA JN.,PNBE,PATNA JN.,21
63261,FUT,FATUHA,BXR,BUXAR,27
63262,BXR,BUXAR,FUT,FATUHA,24
63263,PNBE,PATNA JN.,BXR,BUXAR,20
63264,MGS,MUGHAL SARAI,PNBE,PATNA JN.,31
63271,MKA,MOKAMA JN.,PNBE,PATNA JN.,15
63272,PNBE,PATNA JN.,MKA,MOKAMA JN.,15
63273,BJU,BARAUNI JN.,MKA,MOKAMA JN.,6
63274,MKA,MOKAMA JN.,BJU,BARAUNI JN.,7
63275,BJU,BARAUNI JN.,MKA,MOKAMA JN.,6
63276,MKA,MOKAMA JN.,BJU,BARAUNI JN.,7
63279,BJU,BARAUNI JN.,SEE,SONPUR JN.,20
63280,PNBE,PATNA JN.,BJU,BARAUNI JN.,25
63283,BJU,BARAUNI JN.,PNBE,PATNA JN.,25
63284,PNBE,PATNA JN.,BJU,BARAUNI JN.,25
63285,BJU,BARAUNI JN.,PNBE,PATNA JN.,24
63286,SEE,SONPUR JN.,BJU,BARAUNI JN.,20
63289,GAYA,GAYA JN.,DOS,DEHRI-ON-SON,14
63290,DOS,DEHRI-ON-SON,GAYA,GAYA JN.,14
63291,GAYA,GAYA JN.,DOS,DEHRI-ON-SON,14
63292,DOS,DEHRI-ON-SON,GAYA,GAYA JN.,14
63293,DOS,DEHRI-ON-SON,MGS,MUGHAL SARAI,18
63294,MGS,MUGHAL SARAI,DOS,DEHRI-ON-SON,18
63295,GAYA,GAYA JN.,MGS,MUGHAL SARAI,28
63296,MGS,MUGHAL SARAI,GAYA,GAYA JN.,28
63501,HWH,HOWRAH JN.,BWN,BARDDHAMAN J,3
63502,BWN,BARDDHAMAN J,HWH,HOWRAH JN.,34
63505,BWN,BARDDHAMAN J,ASN,ASANSOL MAIN,14
63506,ASN,ASANSOL MAIN,BWN,BARDDHAMAN J,14
63507,BWN,BARDDHAMAN J,ASN,ASANSOL MAIN,14
63508,ASN,ASANSOL MAIN,BWN,BARDDHAMAN J,14
63509,BWN,BARDDHAMAN J,ASN,ASANSOL MAIN,14
63510,ASN,ASANSOL MAIN,BWN,BARDDHAMAN J,14
63511,BWN,BARDDHAMAN J,ASN,ASANSOL MAIN,14
63512,ASN,ASANSOL MAIN,BWN,BARDDHAMAN J,14
63513,BWN,BARDDHAMAN J,ASN,ASANSOL MAIN,14
63514,ASN,ASANSOL MAIN,BWN,BARDDHAMAN J,14
63515,BWN,BARDDHAMAN J,ASN,ASANSOL MAIN,14
63516,ASN,ASANSOL MAIN,BWN,BARDDHAMAN J,14
63517,BWN,BARDDHAMAN J,ASN,ASANSOL MAIN,14
63518,ASN,ASANSOL MAIN,BWN,BARDDHAMAN J,14
63519,BWN,BARDDHAMAN J,ASN,ASANSOL MAIN,14
63520,ASN,ASANSOL MAIN,BWN,BARDDHAMAN J,14
63521,BWN,BARDDHAMAN J,ASN,ASANSOL MAIN,14
63522,ASN,ASANSOL MAIN,BWN,BARDDHAMAN J,14
63523,BWN,BARDDHAMAN J,ASN,ASANSOL MAIN,14
63524,ASN,ASANSOL MAIN,BWN,BARDDHAMAN J,14
63525,BWN,BARDDHAMAN J,ASN,ASANSOL MAIN,14
63526,ASN,ASANSOL MAIN,BWN,BARDDHAMAN J,14
63527,DGR,DURGAPUR,ASN,ASANSOL MAIN,6
63528,ASN,ASANSOL MAIN,DGR,DURGAPUR,6
63529,UDL,ANDAL JN.,RPH,RAMPUR HAT,18
63530,RPH,RAMPUR HAT,UDL,ANDAL JN.,17
63531,UDL,ANDAL JN.,SNT,SAINTHIA JN.,14
63532,SNT,SAINTHIA JN.,UDL,ANDAL JN.,14
63533,UDL,ANDAL JN.,SNT,SAINTHIA JN.,14
63534,SNT,SAINTHIA JN.,UDL,ANDAL JN.,14
63535,UDL,ANDAL JN.,SNT,SAINTHIA JN.,13
63536,SNT,SAINTHIA JN.,UDL,ANDAL JN.,14
63537,UDL,ANDAL JN.,SNT,SAINTHIA JN.,14
63538,SNT,SAINTHIA JN.,UDL,ANDAL JN.,14
63541,ASN,ASANSOL MAIN,GMO,NSC BOSE J G,18
63542,GMO,NSC BOSE J G,ASN,ASANSOL MAIN,18
63543,ASN,ASANSOL MAIN,GMO,NSC BOSE J G,18
63544,GMO,NSC BOSE J G,ASN,ASANSOL MAIN,17
63545,ASN,ASANSOL MAIN,DHN,DHANBAD JN.,13
63546,DHN,DHANBAD JN.,ASN,ASANSOL MAIN,12
63547,DHN,DHANBAD JN.,HZD,HAZARIBAGH R,15
63548,GAYA,GAYA JN.,KQR,KODERMA,14
63549,HZD,HAZARIBAGH R,GAYA,GAYA JN.,22
63550,KQR,KODERMA,DHN,DHANBAD JN.,23
63551,ASN,ASANSOL MAIN,DHN,DHANBAD JN.,13
63552,DHN,DHANBAD JN.,ASN,ASANSOL MAIN,13
63553,ASN,ASANSOL MAIN,BSB,VARANASI JN.,83
63554,BSB,VARANASI JN.,ASN,ASANSOL MAIN,83
63561,ASN,ASANSOL MAIN,JSME,JASIDIH JN.,16
63562,BDME,BAIDYANATHDH,ASN,ASANSOL MAIN,16
63563,ASN,ASANSOL MAIN,JSME,JASIDIH JN.,16
63564,JSME,JASIDIH JN.,ASN,ASANSOL MAIN,16
63565,JSME,JASIDIH JN.,JAJ,JHAJHA,5
63566,JAJ,JHAJHA,JSME,JASIDIH JN.,5
63567,ASN,ASANSOL MAIN,JAJ,JHAJHA,20
63568,JAJ,JHAJHA,ASN,ASANSOL MAIN,20
63569,ASN,ASANSOL MAIN,JSME,JASIDIH JN.,14
63570,BDME,BAIDYANATHDH,ASN,ASANSOL MAIN,16
63571,JSME,JASIDIH JN.,MKA,MOKAMA JN.,20
63572,MKA,MOKAMA JN.,JSME,JASIDIH JN.,20
63573,JSME,JASIDIH JN.,KIUL,KIUL JN.,13
63574,KIUL,KIUL JN.,JSME,JASIDIH JN.,13
63581,BWN,BARDDHAMAN J,RPH,RAMPUR HAT,19
63582,RPH,RAMPUR HAT,BWN,BARDDHAMAN J,19
63583,BWN,BARDDHAMAN J,RPH,RAMPUR HAT,19
63584,RPH,RAMPUR HAT,BWN,BARDDHAMAN J,19
63591,BKSC,BOKARO STEEL,ASN,ASANSOL MAIN,21
63592,ASN,ASANSOL MAIN,BKSC,BOKARO STEEL,21
63593,PRR,PURULIA JN.,ASN,ASANSOL MAIN,15
63594,ASN,ASANSOL MAIN,PRR,PURULIA JN.,15
63595,BKSC,BOKARO STEEL,ASN,ASANSOL MAIN,26
63596,ASN,ASANSOL MAIN,BKSC,BOKARO STEEL,26
63597,RNC,RANCHI,ASN,ASANSOL MAIN,29
63598,ASN,ASANSOL MAIN,RNC,RANCHI,29
64001,DLI,DELHI JN.,PNP,PANIPAT JN.,18
64002,PNP,PANIPAT JN.,DLI,DELHI JN.,18
64003,NDLS,NEW DELHI,SNP,SONIPAT,10
64004,SNP,SONIPAT,SBB,SAHIBABAD,14
64011,PWL,PALWAL,SSB,SHAKUR BASTI,16
64012,SSB,SHAKUR BASTI,PWL,PALWAL,16
64013,PWL,PALWAL,SSB,SHAKUR BASTI,16
64014,SSB,SHAKUR BASTI,PWL,PALWAL,16
64015,PWL,PALWAL,SSB,SHAKUR BASTI,16
64016,SSB,SHAKUR BASTI,PWL,PALWAL,16
64017,PWL,PALWAL,SSB,SHAKUR BASTI,16
64018,SSB,SHAKUR BASTI,NDLS,NEW DELHI,6
64019,PWL,PALWAL,SSB,SHAKUR BASTI,15
64031,GZB,GHAZIABAD JN,SSB,SHAKUR BASTI,13
64032,SSB,SHAKUR BASTI,GZB,GHAZIABAD JN,12
64034,SSB,SHAKUR BASTI,GZB,GHAZIABAD JN,12
64036,SSB,SHAKUR BASTI,GZB,GHAZIABAD JN,10
64051,PWL,PALWAL,GZB,GHAZIABAD JN,16
64052,GZB,GHAZIABAD JN,PWL,PALWAL,17
64053,PWL,PALWAL,GZB,GHAZIABAD JN,17
64055,PWL,PALWAL,GZB,GHAZIABAD JN,18
64057,PWL,PALWAL,GZB,GHAZIABAD JN,17
64061,PWL,PALWAL,DLI,DELHI JN.,13
64062,DLI,DELHI JN.,PWL,PALWAL,13
64064,DLI,DELHI JN.,PWL,PALWAL,13
64071,BVH,BALLABGARH,SSB,SHAKUR BASTI,14
64073,KSV,KOSI KALAN,NDLS,NEW DELHI,16
64074,NDLS,NEW DELHI,KSV,KOSI KALAN,16
64075,PWL,PALWAL,NDLS,NEW DELHI,11
64076,NDLS,NEW DELHI,PWL,PALWAL,11
64077,PWL,PALWAL,NDLS,NEW DELHI,11
64078,NDLS,NEW DELHI,PWL,PALWAL,11
64080,NDLS,NEW DELHI,PWL,PALWAL,11
64082,NDLS,NEW DELHI,PWL,PALWAL,11
64084,NDLS,NEW DELHI,PWL,PALWAL,11
64087,NZM,HAZRAT NIZAM,NDLS,NEW DELHI,17
64088,NZM,HAZRAT NIZAM,NDLS,NEW DELHI,4
64089,NZM,HAZRAT NIZAM,NZM,HAZRAT NIZAM,21
64090,NZM,HAZRAT NIZAM,NZM,HAZRAT NIZAM,21
64091,NZM,HAZRAT NIZAM,NZM,HAZRAT NIZAM,23
64092,NZM,HAZRAT NIZAM,NZM,HAZRAT NIZAM,21
64093,NZM,HAZRAT NIZAM,SSB,SHAKUR BASTI,14
64094,SSB,SHAKUR BASTI,NZM,HAZRAT NIZAM,14
64095,NDLS,NEW DELHI,SSB,SHAKUR BASTI,18
64096,SSB,SHAKUR BASTI,NZM,HAZRAT NIZAM,14
64097,NDLS,NEW DELHI,SSB,SHAKUR BASTI,6
64098,SSB,SHAKUR BASTI,NZM,HAZRAT NIZAM,14
64101,ALJN,ALIGARH JN.,DLI,DELHI JN.,21
64102,DLI,DELHI JN.,ALJN,ALIGARH JN.,21
64103,ALJN,ALIGARH JN.,DLI,DELHI JN.,21
64104,DLI,DELHI JN.,DKDE,DANKAUR,10
64105,ALJN,ALIGARH JN.,NDLS,NEW DELHI,24
64106,DLI,DELHI JN.,KRJ,KHURJA JN,15
64107,DKDE,DANKAUR,DLI,DELHI JN.,10
64108,DLI,DELHI JN.,KRJ,KHURJA JN,15
64109,DKDE,DANKAUR,SSB,SHAKUR BASTI,18
64110,NDLS,NEW DELHI,ALJN,ALIGARH JN.,24
64111,KRJ,KHURJA JN,SSB,SHAKUR BASTI,19
64112,SSB,SHAKUR BASTI,DKDE,DANKAUR,14
64113,KRJ,KHURJA JN,SSB,SHAKUR BASTI,22
64114,NDLS,NEW DELHI,ALJN,ALIGARH JN.,24
6412,DSJ,DELHI-SAFDAR,PAY,PAYYANUR,21
64151,ALJN,ALIGARH JN.,DLI,DELHI JN.,21
64152,DLI,DELHI JN.,ALJN,ALIGARH JN.,21
64153,CNB,KANPUR CENTR,ETW,ETAWAH,16
64154,ALJN,ALIGARH JN.,TDL,TUNDLA JN,11
64155,ETW,ETAWAH,TDL,TUNDLA JN,11
64156,ETW,ETAWAH,CNB,KANPUR CENTR,16
64157,ETW,ETAWAH,AGC,AGRA CANTT,16
64158,TDL,TUNDLA JN,ETW,ETAWAH,11
64159,CNB,KANPUR CENTR,PHD,PHAPHUND,10
64160,AGC,AGRA CANTT,ETW,ETAWAH,18
64161,PHD,PHAPHUND,SKB,SHIKOHABAD J,13
64162,PHD,PHAPHUND,CNB,KANPUR CENTR,12
64163,CNB,KANPUR CENTR,PNK,PANKI,3
64164,SKB,SHIKOHABAD J,PHD,PHAPHUND,13
64165,TDL,TUNDLA JN,ALJN,ALIGARH JN.,11
64167,PWL,PALWAL,ALJN,ALIGARH JN.,32
64168,ALJN,ALIGARH JN.,PWL,PALWAL,32
64201,LKO,LUCKNOW JN.,CNB,KANPUR CENTR,13
64202,CNB,KANPUR CENTR,LKO,LUCKNOW JN.,13
64203,LKO,LUCKNOW JN.,CNB,KANPUR CENTR,13
64204,CNB,KANPUR CENTR,LKO,LUCKNOW JN.,13
64205,LKO,LUCKNOW JN.,CNB,KANPUR CENTR,13
64206,CNB,KANPUR CENTR,LKO,LUCKNOW JN.,13
64207,LKO,LUCKNOW JN.,CNB,KANPUR CENTR,13
64208,CNB,KANPUR CENTR,LKO,LUCKNOW JN.,13
64209,LKO,LUCKNOW JN.,CNB,KANPUR CENTR,14
64210,CNB,KANPUR CENTR,LKO,LUCKNOW JN.,13
64211,LKO,LUCKNOW JN.,CNB,KANPUR CENTR,13
64212,CNB,KANPUR CENTR,LKO,LUCKNOW JN.,13
64213,LKO,LUCKNOW JN.,CNB,KANPUR CENTR,13
64214,KAP,KALIANPUR,LKO,LUCKNOW JN.,16
64216,KAP,KALIANPUR,LKO,LUCKNOW JN.,16
64221,LKO,LUCKNOW JN.,SPN,SHAHJAHANPUR,22
64222,SPN,SHAHJAHANPUR,LKO,LUCKNOW JN.,22
64231,BBK,BARA BANKI J,LKO,LUCKNOW JN.,5
64232,LKO,LUCKNOW JN.,BBK,BARA BANKI J,5
64234,LKO,LUCKNOW JN.,BBK,BARA BANKI J,5
64235,BBK,BARA BANKI J,CNB,KANPUR CENTR,17
64236,CNB,KANPUR CENTR,BBK,BARA BANKI J,17
64251,LJN,LUCKNOW JN.,CNB,KANPUR CENTR,13
64252,CNB,KANPUR CENTR,LJN,LUCKNOW JN.,13
64253,LJN,LUCKNOW JN.,KAP,KALIANPUR,16
64254,CNB,KANPUR CENTR,LJN,LUCKNOW JN.,13
64255,LJN,LUCKNOW JN.,KAP,KALIANPUR,16
64257,LJN,LUCKNOW JN.,CNB,KANPUR CENTR,13
64260,PNK,PANKI,LJN,LUCKNOW JN.,15
64271,BBK,BARA BANKI J,LJN,LUCKNOW JN.,10
64272,LJN,LUCKNOW JN.,BBK,BARA BANKI J,10
64273,BBK,BARA BANKI J,LJN,LUCKNOW JN.,10
64274,LJN,LUCKNOW JN.,BBK,BARA BANKI J,10
64275,BBK,BARA BANKI J,LJN,LUCKNOW JN.,10
64281,SLN,SULTANPUR JN,LKO,LUCKNOW JN.,18
64282,LKO,LUCKNOW JN.,SLN,SULTANPUR JN,18
64401,GZB,GHAZIABAD JN,DLI,DELHI JN.,5
64402,DLI,DELHI JN.,GZB,GHAZIABAD JN,5
64403,GZB,GHAZIABAD JN,DLI,DELHI JN.,5
64404,DLI,DELHI JN.,GZB,GHAZIABAD JN,5
64406,DLI,DELHI JN.,GZB,GHAZIABAD JN,5
64407,GZB,GHAZIABAD JN,DLI,DELHI JN.,5
64408,DLI,DELHI JN.,GZB,GHAZIABAD JN,5
64409,GZB,GHAZIABAD JN,NDLS,NEW DELHI,7
64410,NDLS,NEW DELHI,GZB,GHAZIABAD JN,8
64411,SBB,SAHIBABAD,DLI,DELHI JN.,8
64412,DLI,DELHI JN.,GZB,GHAZIABAD JN,5
64414,DLI,DELHI JN.,GZB,GHAZIABAD JN,5
64415,GZB,GHAZIABAD JN,NDLS,NEW DELHI,6
64417,GZB,GHAZIABAD JN,DLI,DELHI JN.,10
64418,DLI,DELHI JN.,GZB,GHAZIABAD JN,10
64419,NZM,HAZRAT NIZAM,GZB,GHAZIABAD JN,10
64420,GZB,GHAZIABAD JN,NZM,HAZRAT NIZAM,9
64421,GZB,GHAZIABAD JN,NDLS,NEW DELHI,6
64422,NDLS,NEW DELHI,GZB,GHAZIABAD JN,6
64423,GZB,GHAZIABAD JN,NDLS,NEW DELHI,7
64424,NDLS,NEW DELHI,GZB,GHAZIABAD JN,7
64425,GZB,GHAZIABAD JN,NDLS,NEW DELHI,8
64426,NDLS,NEW DELHI,GZB,GHAZIABAD JN,8
64427,GZB,GHAZIABAD JN,NDLS,NEW DELHI,8
64428,NDLS,NEW DELHI,GZB,GHAZIABAD JN,7
64429,GZB,GHAZIABAD JN,NDLS,NEW DELHI,8
64430,NDLS,NEW DELHI,GZB,GHAZIABAD JN,7
64431,GZB,GHAZIABAD JN,NDLS,NEW DELHI,7
64432,NDLS,NEW DELHI,GZB,GHAZIABAD JN,7
64433,GZB,GHAZIABAD JN,NDLS,NEW DELHI,8
64434,DLI,DELHI JN.,GZB,GHAZIABAD JN,10
64437,GZB,GHAZIABAD JN,DLI,DELHI JN.,9
64439,GZB,GHAZIABAD JN,DLI,DELHI JN.,9
64441,GZB,GHAZIABAD JN,NDLS,NEW DELHI,7
64443,GZB,GHAZIABAD JN,DLI,DELHI JN.,10
64445,GZB,GHAZIABAD JN,DLI,DELHI JN.,5
64449,GZB,GHAZIABAD JN,NDLS,NEW DELHI,8
64450,NDLS,NEW DELHI,GZB,GHAZIABAD JN,8
64451,DLI,DELHI JN.,PNP,PANIPAT JN.,18
64452,KKDE,KURUKSHETRA,DLI,DELHI JN.,28
64453,DLI,DELHI JN.,PNP,PANIPAT JN.,18
64454,KKDE,KURUKSHETRA,DLI,DELHI JN.,28
64461,NZM,HAZRAT NIZAM,KKDE,KURUKSHETRA,32
64462,KKDE,KURUKSHETRA,NZM,HAZRAT NIZAM,32
64463,NDLS,NEW DELHI,KKDE,KURUKSHETRA,18
64464,PNP,PANIPAT JN.,NDLS,NEW DELHI,19
64465,NDLS,NEW DELHI,KKDE,KURUKSHETRA,29
64466,PNP,PANIPAT JN.,NDLS,NEW DELHI,19
64470,PNP,PANIPAT JN.,NDLS,NEW DELHI,19
64471,GZB,GHAZIABAD JN,PNP,PANIPAT JN.,26
64472,PNP,PANIPAT JN.,GZB,GHAZIABAD JN,26
64481,PNP,PANIPAT JN.,UMB,AMBALA CANTT,17
64482,UMB,AMBALA CANTT,KKDE,KURUKSHETRA,7
64483,KKDE,KURUKSHETRA,UMB,AMBALA CANTT,7
64491,PWL,PALWAL,NDLS,NEW DELHI,11
64492,NDLS,NEW DELHI,PWL,PALWAL,11
64493,PWL,PALWAL,NZM,HAZRAT NIZAM,8
64494,NZM,HAZRAT NIZAM,PWL,PALWAL,8
64496,NZM,HAZRAT NIZAM,KSV,KOSI KALAN,14
64501,SRE,SAHARANPUR J,UMB,AMBALA CANTT,13
64502,UMB,AMBALA CANTT,SRE,SAHARANPUR J,13
64504,UMB,AMBALA CANTT,SRE,SAHARANPUR J,13
64511,SRE,SAHARANPUR J,NLDM,NANGAL DAM,32
64512,NLDM,NANGAL DAM,SRE,SAHARANPUR J,32
64513,SRE,SAHARANPUR J,NLDM,NANGAL DAM,32
64514,NLDM,NANGAL DAM,UMB,AMBALA CANTT,20
64515,UMB,AMBALA CANTT,NLDM,NANGAL DAM,20
64516,NLDM,NANGAL DAM,UMB,AMBALA CANTT,20
64517,UMB,AMBALA CANTT,NLDM,NANGAL DAM,20
64518,NLDM,NANGAL DAM,UMB,AMBALA CANTT,20
64521,UMB,AMBALA CANTT,LDH,LUDHIANA JN.,14
64522,LDH,LUDHIANA JN.,UMB,AMBALA CANTT,14
64523,UMB,AMBALA CANTT,LDH,LUDHIANA JN.,14
64524,LDH,LUDHIANA JN.,UMB,AMBALA CANTT,14
64531,DLI,DELHI JN.,PNP,PANIPAT JN.,17
64532,UMB,AMBALA CANTT,PNP,PANIPAT JN.,17
64533,DLI,DELHI JN.,PNP,PANIPAT JN.,18
64534,PNP,PANIPAT JN.,GZB,GHAZIABAD JN,26
64536,PNP,PANIPAT JN.,DLI,DELHI JN.,18
64541,PNP,PANIPAT JN.,UMB,AMBALA CANTT,17
64542,UMB,AMBALA CANTT,PNP,PANIPAT JN.,17
64543,PNP,PANIPAT JN.,UMB,AMBALA CANTT,17
64545,KKDE,KURUKSHETRA,UMB,AMBALA CANTT,7
64546,UMB,AMBALA CANTT,KKDE,KURUKSHETRA,7
64547,KKDE,KURUKSHETRA,UMB,AMBALA CANTT,7
64548,UMB,AMBALA CANTT,KKDE,KURUKSHETRA,7
64551,LDH,LUDHIANA JN.,ASR,AMRITSAR JN.,21
64552,ASR,AMRITSAR JN.,LDH,LUDHIANA JN.,19
64553,MB,MORADABAD JN,ANVT,ANAND VIHAR,24
64554,ANVT,ANAND VIHAR,MB,MORADABAD JN,24
64555,ANVT,ANAND VIHAR,MTC,MEERUT CITY,11
64556,MTC,MEERUT CITY,ANVT,ANAND VIHAR,11
64557,DLI,DELHI JN.,SRE,SAHARANPUR J,28
64558,SRE,SAHARANPUR J,DLI,DELHI JN.,28
64559,DLI,DELHI JN.,SRE,SAHARANPUR J,28
64560,SRE,SAHARANPUR J,DLI,DELHI JN.,28
64561,DLI,DELHI JN.,UMB,AMBALA CANTT,40
64562,UMB,AMBALA CANTT,DLI,DELHI JN.,40
64563,UMB,AMBALA CANTT,AADR,AMB  ANDAURA,23
64564,AADR,AMB  ANDAURA,UMB,AMBALA CANTT,23
64565,MB,MORADABAD JN,SRE,SAHARANPUR J,30
64566,SRE,SAHARANPUR J,MB,MORADABAD JN,30
64567,BSC,BULANDSHAHR,TKJ,TILAK BRIDGE,20
64568,TKJ,TILAK BRIDGE,BSC,BULANDSHAHR,20
64569,KSV,KOSI KALAN,NZM,HAZRAT NIZAM,13
64570,NZM,HAZRAT NIZAM,KSV,KOSI KALAN,13
64581,HRF,HATHRAS QILA,DLI,DELHI JN.,26
64582,DLI,DELHI JN.,HRF,HATHRAS QILA,26
64583,TDL,TUNDLA JN,DLI,DELHI JN.,31
64584,DLI,DELHI JN.,TDL,TUNDLA JN,32
64585,HRF,HATHRAS QILA,HRS,HATHRAS JN.,2
64586,HRS,HATHRAS JN.,HRF,HATHRAS QILA,2
64587,CNB,KANPUR CENTR,TDL,TUNDLA JN,29
64588,TDL,TUNDLA JN,CNB,KANPUR CENTR,29
64589,CNB,KANPUR CENTR,PHD,PHAPHUND,12
64590,PHD,PHAPHUND,CNB,KANPUR CENTR,12
64591,ALD,ALLAHABAD JN,CNB,KANPUR CENTR,31
64592,CNB,KANPUR CENTR,ALD,ALLAHABAD JN,31
64593,FTP,FATEHPUR,CNB,KANPUR CENTR,13
64594,CNB,KANPUR CENTR,FTP,FATEHPUR,13
64595,MGS,MUGHAL SARAI,ALD,ALLAHABAD JN,20
64596,ALD,ALLAHABAD JN,MGS,MUGHAL SARAI,20
64901,KSV,KOSI KALAN,GZB,GHAZIABAD JN,22
64902,GZB,GHAZIABAD JN,KSV,KOSI KALAN,22
64903,MTJ,MATHURA JN.,GZB,GHAZIABAD JN,27
64904,GZB,GHAZIABAD JN,MTJ,MATHURA JN.,27
64905,MTJ,MATHURA JN.,NDLS,NEW DELHI,21
64906,GZB,GHAZIABAD JN,PWL,PALWAL,17
64908,SSB,SHAKUR BASTI,BVH,BALLABGARH,14
64910,SSB,SHAKUR BASTI,MTJ,MATHURA JN.,26
64911,NDLS,NEW DELHI,ROK,ROHTAK JN.,17
64912,ROK,ROHTAK JN.,NDLS,NEW DELHI,17
64913,DLI,DELHI JN.,ROK,ROHTAK JN.,17
64914,ROK,ROHTAK JN.,DLI,DELHI JN.,17
64915,DLI,DELHI JN.,ROK,ROHTAK JN.,17
64916,ROK,ROHTAK JN.,DLI,DELHI JN.,17
64931,DLI,DELHI JN.,ROK,ROHTAK JN.,17
64932,ROK,ROHTAK JN.,DLI,DELHI JN.,17
64951,BXN,BAYANA,AGC,AGRA CANTT,15
64952,AGC,AGRA CANTT,BXN,BAYANA,15
64953,AGC,AGRA CANTT,NZM,HAZRAT NIZAM,26
64955,AGC,AGRA CANTT,TDL,TUNDLA JN,8
64956,TDL,TUNDLA JN,AGC,AGRA CANTT,8
64957,AGC,AGRA CANTT,PWL,PALWAL,19
64958,PWL,PALWAL,AGC,AGRA CANTT,19
64959,KSV,KOSI KALAN,AGC,AGRA CANTT,14
6512,MKM,MARIKUPPAM,BAND,BANASWADI,14
6513,BWT,BANGARPET JN,MKM,MARIKUPPAM,6
6541,YPR,YESVANTPUR J,PVR,PANDHARPUR,14
6542,PVR,PANDHARPUR,YPR,YESVANTPUR J,14
6547,YPR,YESVANTPUR J,ERS,ERNAKULAM. J,14
6548,ERS,ERNAKULAM. J,YPR,YESVANTPUR J,13
6579,YPR,YESVANTPUR J,VSKP,VISAKHAPATNA,21
6580,VSKP,VISAKHAPATNA,YPR,YESVANTPUR J,21
6581,YPR,YESVANTPUR J,BGM,BELGAUM,85
6582,BGM,BELGAUM,YPR,YESVANTPUR J,85
6591,YPR,YESVANTPUR J,HSRA,HOSUR,9
6592,HSRA,HOSUR,YPR,YESVANTPUR J,9
6593,WFD,WHITE FIELD,BYPL,BAIYYAPPANAH,4
6594,BYPL,BAIYYAPPANAH,WFD,WHITE FIELD,4
6595,YPR,YESVANTPUR J,DHL,DEVANHALLI,7
6596,DHL,DEVANHALLI,YPR,YESVANTPUR J,7
66000,AVD,AVADI,MMCC,MOOR MARKET,7
66001,MMCC,MOOR MARKET,TRL,TIRUVALLUR,11
66002,AVD,AVADI,MMCC,MOOR MARKET,7
66003,MMCC,MOOR MARKET,AVD,AVADI,7
66004,AVD,AVADI,MMCC,MOOR MARKET,7
66005,MMCC,MOOR MARKET,AVD,AVADI,7
66006,AVD,AVADI,MMCC,MOOR MARKET,11
66007,MMCC,MOOR MARKET,AVD,AVADI,7
66008,AJJ,ARAKKONAM JN,MMCC,MOOR MARKET,14
66009,MMCC,MOOR MARKET,AJJ,ARAKKONAM JN,14
66010,AJJ,ARAKKONAM JN,MMCC,MOOR MARKET,14
66011,MMCC,MOOR MARKET,AJJ,ARAKKONAM JN,14
66012,TRL,TIRUVALLUR,MMCC,MOOR MARKET,11
66013,MMCC,MOOR MARKET,AJJ,ARAKKONAM JN,9
66014,TPTY,TIRUPATI,AJJ,ARAKKONAM JN,11
66015,MMCC,MOOR MARKET,AJJ,ARAKKONAM JN,14
66016,AJJ,ARAKKONAM JN,MSB,CHENNAI BEAC,12
66017,MSB,CHENNAI BEAC,VLR,VELLORE CANT,18
66018,VLR,VELLORE CANT,MSB,CHENNAI BEAC,18
66019,KPD,KATPADI JN,SA,SALEM JN.,27
66020,SA,SALEM JN.,KPD,KATPADI JN,27
66021,MMCC,MOOR MARKET,AJJ,ARAKKONAM JN,6
66022,AJJ,ARAKKONAM JN,MMCC,MOOR MARKET,13
66025,MMCC,MOOR MARKET,SPE,SULLURUPETTA,16
66026,SPE,SULLURUPETTA,MMCC,MOOR MARKET,21
66027,MMCC,MOOR MARKET,SPE,SULLURUPETTA,16
66028,SPE,SULLURUPETTA,MMCC,MOOR MARKET,21
66029,SPE,SULLURUPETTA,NLR,NELLORE,12
66030,NLR,NELLORE,SPE,SULLURUPETTA,12
66031,SPE,SULLURUPETTA,NLR,NELLORE,12
66032,NLR,NELLORE,SPE,SULLURUPETTA,12
66033,TPTY,TIRUPATI,NLR,NELLORE,16
66034,NLR,NELLORE,TPTY,TIRUPATI,16
66035,MMCC,MOOR MARKET,SPE,SULLURUPETTA,16
66036,SPE,SULLURUPETTA,MMCC,MOOR MARKET,21
66037,SPE,SULLURUPETTA,NLR,NELLORE,10
66038,NLR,NELLORE,SPE,SULLURUPETTA,12
66039,AJJ,ARAKKONAM JN,TPTY,TIRUPATI,12
66040,AJJ,ARAKKONAM JN,MMCC,MOOR MARKET,14
66041,MSB,CHENNAI BEAC,TMLP,TIRUMALPUR,15
66042,TMLP,TIRUMALPUR,MSB,CHENNAI BEAC,11
66043,MSB,CHENNAI BEAC,MLMR,MELMARUVATHU,11
66044,MLMR,MELMARUVATHU,MSB,CHENNAI BEAC,14
66045,MLMR,MELMARUVATHU,VM,VILLUPURAM J,5
66046,VM,VILLUPURAM J,MLMR,MELMARUVATHU,5
66047,MMCC,MOOR MARKET,TPTY,TIRUPATI,14
66048,TPTY,TIRUPATI,MMCC,MOOR MARKET,15
66049,AJJ,ARAKKONAM JN,TPTY,TIRUPATI,12
66050,TPTY,TIRUPATI,AJJ,ARAKKONAM JN,12
66051,MMCC,MOOR MARKET,AVD,AVADI,7
66052,AVD,AVADI,MMCC,MOOR MARKET,7
66053,MSB,CHENNAI BEAC,TRL,TIRUVALLUR,12
66054,TRL,TIRUVALLUR,AVD,AVADI,5
66300,QLN,QUILON,ERS,ERNAKULAM. J,25
66301,ERS,ERNAKULAM. J,QLN,QUILON,25
66302,QLN,QUILON,ERS,ERNAKULAM. J,25
66303,ERS,ERNAKULAM. J,QLN,QUILON,25
66304,QLN,QUILON,CAPE,KANNIYAKUMAR,32
66305,CAPE,KANNIYAKUMAR,QLN,QUILON,32
66307,ERS,ERNAKULAM. J,QLN,QUILON,25
66308,QLN,QUILON,ERS,ERNAKULAM. J,25
66309,ERS,ERNAKULAM. J,QLN,QUILON,17
66310,QLN,QUILON,ERS,ERNAKULAM. J,17
6647,KRBA,KORBA,BSP,BILASPUR JN.,8
6648,BSP,BILASPUR JN.,KRBA,KORBA,8
66511,SBC,KRANTIVIRA S,MKM,MARIKUPPAM,17
66512,MKM,MARIKUPPAM,SBC,KRANTIVIRA S,16
66513,BWT,BANGARPET JN,MKM,MARIKUPPAM,6
66514,MKM,MARIKUPPAM,BYPL,BAIYYAPPANAH,15
66515,BYPL,BAIYYAPPANAH,MKM,MARIKUPPAM,14
66516,MKM,MARIKUPPAM,BWT,BANGARPET JN,6
66517,MKM,MARIKUPPAM,BWT,BANGARPET JN,6
66518,BWT,BANGARPET JN,MKM,MARIKUPPAM,6
66519,MKM,MARIKUPPAM,SBC,KRANTIVIRA S,11
66520,SBC,KRANTIVIRA S,MKM,MARIKUPPAM,11
66523,SBC,KRANTIVIRA S,HUP,HINDUPUR,16
66524,HUP,HINDUPUR,SBC,KRANTIVIRA S,16
66527,KPN,KUPPAM,BWT,BANGARPET JN,5
66528,BWT,BANGARPET JN,KPN,KUPPAM,5
66529,KPN,KUPPAM,SBC,KRANTIVIRA S,16
66530,SBC,KRANTIVIRA S,BWT,BANGARPET JN,12
66531,BWT,BANGARPET JN,SBC,KRANTIVIRA S,12
66532,SBC,KRANTIVIRA S,MKM,MARIKUPPAM,17
66533,MKM,MARIKUPPAM,BYPL,BAIYYAPPANAH,14
66534,BYPL,BAIYYAPPANAH,KPN,KUPPAM,13
66535,SBC,KRANTIVIRA S,RMGM,RAMANAGARAM,8
66536,RMGM,RAMANAGARAM,SBC,KRANTIVIRA S,9
66537,SBC,KRANTIVIRA S,RMGM,RAMANAGARAM,9
66538,RMGM,RAMANAGARAM,SBC,KRANTIVIRA S,9
66539,SBC,KRANTIVIRA S,RMGM,RAMANAGARAM,9
66540,RMGM,RAMANAGARAM,SBC,KRANTIVIRA S,9
66541,WFD,WHITE FIELD,SBC,KRANTIVIRA S,7
66542,SBC,KRANTIVIRA S,WFD,WHITE FIELD,7
66543,KPN,KUPPAM,SBC,KRANTIVIRA S,17
66544,SBC,KRANTIVIRA S,KPN,KUPPAM,16
66600,CBE,COIMBATORE,ED,ERODE JN.,15
66601,ED,ERODE JN.,CBE,COIMBATORE,15
66602,CBE,COIMBATORE,SA,SALEM JN.,22
66603,SA,SALEM JN.,CBE,COIMBATORE,22
66604,SRR,SHORANUR JN.,CBE,COIMBATORE,14
66605,CBE,COIMBATORE,SRR,SHORANUR JN.,14
66606,PGTN,PALGHAT TOWN,CBE,COIMBATORE,8
66607,CBE,COIMBATORE,PGTN,PALGHAT TOWN,8
66608,PGTN,PALGHAT TOWN,ED,ERODE JN.,22
66609,ED,ERODE JN.,PGTN,PALGHAT TOWN,22
66611,PGT,PALAKKAD JN,ERS,ERNAKULAM. J,28
66612,ERS,ERNAKULAM. J,PGT,PALAKKAD JN,28
67247,RVD,RAVIKAMPADU,VSKP,VISAKHAPATNA,17
67248,TUNI,TUNI,RJY,RAJAHMUNDRY,18
67249,TDU,TANDUR,SC,SECUNDERABAD,16
67250,SC,SECUNDERABAD,TDU,TANDUR,16
67251,BZA,VIJAYWADA JN,TEL,TENALI JN.,7
67253,TEL,TENALI JN.,BZA,VIJAYWADA JN,7
67254,BZA,VIJAYWADA JN,GNT,GUNTUR JN.,6
67255,GNT,GUNTUR JN.,TEL,TENALI JN.,5
67256,TEL,TENALI JN.,OGL,ONGOLE,20
67257,OGL,ONGOLE,TEL,TENALI JN.,20
67258,TEL,TENALI JN.,GNT,GUNTUR JN.,5
67259,GNT,GUNTUR JN.,BZA,VIJAYWADA JN,6
67260,OGL,ONGOLE,BZA,VIJAYWADA JN,27
67261,BZA,VIJAYWADA JN,RJY,RAJAHMUNDRY,26
67262,RJY,RAJAHMUNDRY,BZA,VIJAYWADA JN,24
67263,BZA,VIJAYWADA JN,OGL,ONGOLE,27
67264,HYB,HYDERABAD DE,WL,WARANGAL,18
67265,WL,WARANGAL,HYB,HYDERABAD DE,18
67266,HYB,HYDERABAD DE,KZJ,KAZIPET JN.,17
67267,WL,WARANGAL,HYB,HYDERABAD DE,18
67269,KZJ,KAZIPET JN.,DKJ,DORNAKAL JN.,12
67270,DKJ,DORNAKAL JN.,KZJ,KAZIPET JN.,12
67271,DKJ,DORNAKAL JN.,BZA,VIJAYWADA JN,16
67272,BZA,VIJAYWADA JN,DKJ,DORNAKAL JN.,18
67273,BZA,VIJAYWADA JN,GNT,GUNTUR JN.,6
67274,GNT,GUNTUR JN.,BZA,VIJAYWADA JN,6
67275,FM,FALAKNUMA,BG,BHONGIR,16
67276,BG,BHONGIR,FM,FALAKNUMA,16
67277,FM,FALAKNUMA,ZN,JANGAON,21
67278,ZN,JANGAON,FM,FALAKNUMA,21
67279,GDR,GUDUR JN.,OGL,ONGOLE,19
67280,OGL,ONGOLE,GDR,GUDUR JN.,19
67282,PSA,PALASA,VZM,VIZIANAGARAM,18
67291,VZM,VIZIANAGARAM,VSKP,VISAKHAPATNA,10
67292,VSKP,VISAKHAPATNA,VZM,VIZIANAGARAM,10
67293,VZM,VIZIANAGARAM,VSKP,VISAKHAPATNA,10
67294,VSKP,VISAKHAPATNA,CHE,SRIKAKULAM R,18
67295,RJY,RAJAHMUNDRY,RVD,RAVIKAMPADU,15
67296,VSKP,VISAKHAPATNA,TUNI,TUNI,11
67297,OGL,ONGOLE,BZA,VIJAYWADA JN,25
67298,BZA,VIJAYWADA JN,OGL,ONGOLE,25
67299,RJY,RAJAHMUNDRY,BZA,VIJAYWADA JN,27
67300,BZA,VIJAYWADA JN,RJY,RAJAHMUNDRY,28
6769,PGTN,PALGHAT TOWN,PLNI,PALANI,11
6770,PLNI,PALANI,PGTN,PALGHAT TOWN,11
68001,SRC,SANTRAGACHI,JGM,JHARGRAM,14
68003,HWH,HOWRAH JN.,GTS,GHATSILA,23
68004,GTS,GHATSILA,HWH,HOWRAH JN.,23
68005,KGP,KHARAGPUR,TATA,TATANAGAR JN,18
68006,TATA,TATANAGAR JN,KGP,KHARAGPUR,19
68007,HWH,HOWRAH JN.,JER,JALESWAR,43
68008,JGM,JHARGRAM,SRC,SANTRAGACHI,14
68009,TATA,TATANAGAR JN,CKP,CHAKARADHARP,9
68010,CKP,CHAKARADHARP,TATA,TATANAGAR JN,9
68011,KGP,KHARAGPUR,TATA,TATANAGAR JN,18
68012,TATA,TATANAGAR JN,KGP,KHARAGPUR,18
68013,KGP,KHARAGPUR,TATA,TATANAGAR JN,19
68014,TATA,TATANAGAR JN,KGP,KHARAGPUR,18
68015,KGP,KHARAGPUR,TATA,TATANAGAR JN,18
68016,TATA,TATANAGAR JN,KGP,KHARAGPUR,18
68017,GMO,NSC BOSE J G,CKP,CHAKARADHARP,39
68018,CKP,CHAKARADHARP,GMO,NSC BOSE J G,39
68019,JGM,JHARGRAM,PLJE,PHULWARTANR,40
68020,PLJE,PHULWARTANR,JGM,JHARGRAM,41
68021,KGP,KHARAGPUR,BLS,BALASORE,18
68022,BLS,BALASORE,KGP,KHARAGPUR,18
68023,JGM,JHARGRAM,PRR,PURULIA JN.,27
68024,PRR,PURULIA JN.,JGM,JHARGRAM,27
68047,KGP,KHARAGPUR,BLDA,BELDA,6
68048,BLDA,BELDA,KGP,KHARAGPUR,6
68053,ADRA,ADRA,BBM,BARABHUM,11
68054,BBM,BARABHUM,ADRA,ADRA,11
68055,ASN,ASANSOL MAIN,TATA,TATANAGAR JN,29
68056,TATA,TATANAGAR JN,ASN,ASANSOL MAIN,29
68057,ADRA,ADRA,PRR,PURULIA JN.,7
68058,PRR,PURULIA JN.,ADRA,ADRA,7
68059,BBM,BARABHUM,ASN,ASANSOL MAIN,19
68060,ASN,ASANSOL MAIN,BBM,BARABHUM,19
68063,ADRA,ADRA,ASN,ASANSOL MAIN,9
68069,ADRA,ADRA,ASN,ASANSOL MAIN,9
68070,ASN,ASANSOL MAIN,ADRA,ADRA,9
68071,ADRA,ADRA,KNF,KHANODIH,16
68072,VAA,BHAGA JN,ADRA,ADRA,9
68073,BJE,BHOJUDIH JN.,VAA,BHAGA JN,5
68074,KNF,KHANODIH,BJE,BHOJUDIH JN.,12
68075,ADRA,ADRA,BJE,BHOJUDIH JN.,5
68076,BJE,BHOJUDIH JN.,ADRA,ADRA,5
68077,ADRA,ADRA,VAA,BHAGA JN,9
68078,VAA,BHAGA JN,ADRA,ADRA,9
68079,BJE,BHOJUDIH JN.,CRP,CHANDRAPURA,7
68080,CRP,CHANDRAPURA,BJE,BHOJUDIH JN.,7
68081,BQA,BANKURA,ADRA,ADRA,8
68082,ADRA,ADRA,VSU,BISHNUPUR,13
68088,DHN,DHANBAD JN.,BQA,BANKURA,19
68089,MDN,MIDNAPORE,ADRA,ADRA,20
68090,ADRA,ADRA,MDN,MIDNAPORE,20
68091,MDN,MIDNAPORE,JGM,JHARGRAM,9
68092,JGM,JHARGRAM,MDN,MIDNAPORE,7
68093,MDN,MIDNAPORE,JGM,JHARGRAM,10
68094,JGM,JHARGRAM,MDN,MIDNAPORE,10
68097,GBA,GARBETA,ADRA,ADRA,15
68098,ADRA,ADRA,GBA,GARBETA,15
6851,KIK,KARAIKAL,NCR,NAGORE,3
6852,NCR,NAGORE,KIK,KARAIKAL,3
6853,KIK,KARAIKAL,NCR,NAGORE,3
6854,NCR,NAGORE,KIK,KARAIKAL,3
68643,KGP,KHARAGPUR,HIJ,HIJLI,2
68644,HIJ,HIJLI,KGP,KHARAGPUR,2
68645,KGP,KHARAGPUR,HIJ,HIJLI,2
68646,HIJ,HIJLI,KGP,KHARAGPUR,2
68685,MCA,MECHEDA,DGHA,DIGHA FS,22
68686,DGHA,DIGHA FS,PKU,PANSKURA,18
68688,DGHA,DIGHA FS,PKU,PANSKURA,18
68689,PKU,PANSKURA,DGHA,DIGHA FS,18
68690,DGHA,DIGHA FS,MCA,MECHEDA,22
68701,R,RAIPUR JN.,DURG,DURG,10
68702,DURG,DURG,R,RAIPUR JN.,11
68703,R,RAIPUR JN.,DURG,DURG,10
68704,DURG,DURG,R,RAIPUR JN.,11
68705,R,RAIPUR JN.,DGG,DONGAR GARH,18
68706,DGG,DONGAR GARH,BSP,BILASPUR JN.,33
68707,R,RAIPUR JN.,DURG,DURG,10
68708,DURG,DURG,R,RAIPUR JN.,11
68709,R,RAIPUR JN.,DGG,DONGAR GARH,18
68710,DGG,DONGAR GARH,R,RAIPUR JN.,19
68711,DGG,DONGAR GARH,G,GONDIA JN.,9
68712,G,GONDIA JN.,DGG,DONGAR GARH,9
68713,G,GONDIA JN.,ITR,ITWARI JN.,17
68714,ITR,ITWARI JN.,G,GONDIA JN.,17
68715,G,GONDIA JN.,ITR,ITWARI JN.,17
68716,ITR,ITWARI JN.,G,GONDIA JN.,17
68717,R,RAIPUR JN.,DURG,DURG,10
68718,DURG,DURG,R,RAIPUR JN.,7
68719,BSP,BILASPUR JN.,R,RAIPUR JN.,15
68721,R,RAIPUR JN.,DGG,DONGAR GARH,18
68723,DGG,DONGAR GARH,G,GONDIA JN.,9
68724,G,GONDIA JN.,R,RAIPUR JN.,27
68725,R,RAIPUR JN.,DURG,DURG,10
68726,DURG,DURG,R,RAIPUR JN.,10
68727,BSP,BILASPUR JN.,R,RAIPUR JN.,15
68728,R,RAIPUR JN.,BSP,BILASPUR JN.,15
68729,R,RAIPUR JN.,DGG,DONGAR GARH,18
68730,DGG,DONGAR GARH,R,RAIPUR JN.,19
68731,GAD,GEVRA-ROAD,BSP,BILASPUR JN.,15
68732,BSP,BILASPUR JN.,GAD,GEVRA-ROAD,15
68733,GAD,GEVRA-ROAD,BSP,BILASPUR JN.,15
68734,BSP,BILASPUR JN.,GAD,GEVRA-ROAD,15
68735,RIG,RAIGARH,BSP,BILASPUR JN.,18
68736,BSP,BILASPUR JN.,RIG,RAIGARH,17
68737,RIG,RAIGARH,BSP,BILASPUR JN.,18
68738,BSP,BILASPUR JN.,RIG,RAIGARH,15
68739,PND,PENDRA ROAD,BSP,BILASPUR JN.,13
68740,BSP,BILASPUR JN.,PND,PENDRA ROAD,13
68741,DURG,DURG,G,GONDIA JN.,17
68742,G,GONDIA JN.,DURG,DURG,17
68743,G,GONDIA JN.,ITR,ITWARI JN.,17
68744,ITR,ITWARI JN.,G,GONDIA JN.,17
68745,GAD,GEVRA-ROAD,R,RAIPUR JN.,29
68746,R,RAIPUR JN.,GAD,GEVRA-ROAD,28
68747,BSP,BILASPUR JN.,KTE,KATNI,37
68748,KTE,KATNI,BSP,BILASPUR JN.,37
68749,SDL,SHAHDOL,ABKP,AMBIKAPUR,25
68750,ABKP,AMBIKAPUR,SDL,SHAHDOL,25
69101,BRC,VADODARA JN.,ADI,AHMEDABAD,20
69102,ADI,AHMEDABAD,BRC,VADODARA JN.,20
69104,ANND,ANAND JN.,BRC,VADODARA JN.,9
69105,ANND,ANAND JN.,ADI,AHMEDABAD,13
69106,ADI,AHMEDABAD,ANND,ANAND JN.,13
69107,BRC,VADODARA JN.,ADI,AHMEDABAD,20
69108,ADI,AHMEDABAD,BRC,VADODARA JN.,20
69109,ST,SURAT,BRC,VADODARA JN.,23
69110,BRC,VADODARA JN.,ST,SURAT,24
69111,ST,SURAT,BRC,VADODARA JN.,23
69112,BRC,VADODARA JN.,ST,SURAT,23
69113,BRC,VADODARA JN.,ADI,AHMEDABAD,20
69114,ADI,AHMEDABAD,BRC,VADODARA JN.,20
69115,BRC,VADODARA JN.,ADI,AHMEDABAD,20
69116,ADI,AHMEDABAD,ANND,ANAND JN.,7
69117,BRC,VADODARA JN.,DHD,DAHOD,21
69118,DHD,DAHOD,BRC,VADODARA JN.,21
69119,BRC,VADODARA JN.,DHD,DAHOD,21
69120,DHD,DAHOD,BRC,VADODARA JN.,21
69121,BRC,VADODARA JN.,GDA,GODHRA JN.,11
69122,GDA,GODHRA JN.,BRC,VADODARA JN.,11
69123,ANND,ANAND JN.,GDA,GODHRA JN.,13
69124,GDA,GODHRA JN.,ANND,ANAND JN.,13
69125,ANND,ANAND JN.,GDA,GODHRA JN.,13
69126,GDA,GODHRA JN.,ANND,ANAND JN.,13
69127,ANND,ANAND JN.,ADI,AHMEDABAD,13
69128,ADI,AHMEDABAD,ANND,ANAND JN.,13
69129,ANND,ANAND JN.,ADI,AHMEDABAD,13
69130,ADI,AHMEDABAD,ANND,ANAND JN.,13
69131,ADI,AHMEDABAD,GNC,GANDHINAGAR,5
69132,GNC,GANDHINAGAR,ADI,AHMEDABAD,5
69133,ANND,ANAND JN.,DK,DAKOR,6
69134,DK,DAKOR,ANND,ANAND JN.,6
69135,ANND,ANAND JN.,DK,DAKOR,6
69136,DK,DAKOR,ANND,ANAND JN.,6
69137,BRC,VADODARA JN.,ANND,ANAND JN.,8
69138,ANND,ANAND JN.,BRC,VADODARA JN.,8
69139,BVI,BORIVLI,ST,SURAT,34
69140,ST,SURAT,VR,VIRAR,30
69141,SJN,SANJAN,ST,SURAT,22
69142,ST,SURAT,SJN,SANJAN,22
69143,VR,VIRAR,SJN,SANJAN,12
69144,SJN,SANJAN,VR,VIRAR,12
69145,ANND,ANAND JN.,GDA,GODHRA JN.,13
69146,GDA,GODHRA JN.,ANND,ANAND JN.,13
69147,ANND,ANAND JN.,GDA,GODHRA JN.,13
69149,VR,VIRAR,BH,BHARUCH JN.,41
69150,BH,BHARUCH JN.,VR,VIRAR,42
69151,BL,VALSAD,ST,SURAT,13
69152,ST,SURAT,BL,VALSAD,13
69153,UBR,UMBERGAON RO,BL,VALSAD,9
69154,BL,VALSAD,UBR,UMBERGAON RO,9
69161,PNVL,PANVEL,DRD,DAHANU ROAD,20
69164,DRD,DAHANU ROAD,PNVL,PANVEL,19
69165,PNVL,PANVEL,BSR,VASAI ROAD,11
69166,BSR,VASAI ROAD,PNVL,PANVEL,11
69167,PNVL,PANVEL,BSR,VASAI ROAD,9
69168,BSR,VASAI ROAD,PNVL,PANVEL,11
69169,ST,SURAT,NDB,NANDURBAR,23
69171,ST,SURAT,BH,BHARUCH JN.,11
69172,BH,BHARUCH JN.,ST,SURAT,12
69173,VR,VIRAR,DRD,DAHANU ROAD,8
69174,DRD,DAHANU ROAD,BVI,BORIVLI,10
69181,DHD,DAHOD,RTM,RATLAM JN,14
69182,RTM,RATLAM JN,DHD,DAHOD,14
69183,RTM,RATLAM JN,NAD,NAGDA JN,6
69184,NAD,NAGDA JN,RTM,RATLAM JN,6
69185,NAD,NAGDA JN,UJN,UJJAIN JN,8
69186,UJN,UJJAIN JN,NAD,NAGDA JN,8
69187,DHD,DAHOD,RTM,RATLAM JN,14
69188,RTM,RATLAM JN,DHD,DAHOD,14
69189,ANND,ANAND JN.,DHD,DAHOD,23
6919,UBL,HUBLI JN.,BJP,BIJAPUR JN,36
69190,DHD,DAHOD,ANND,ANAND JN.,23
69191,ANND,ANAND JN.,GNC,GANDHINAGAR,17
69192,GNC,GANDHINAGAR,ANND,ANAND JN.,17
69195,BH,BHARUCH JN.,DGFJ,DAHEJ,6
69196,DGFJ,DAHEJ,BH,BHARUCH JN.,6
6920,BJP,BIJAPUR JN,UBL,HUBLI JN.,36
7005,HYB,HYDERABAD DE,RXL,RAXAUL JN.,34
7006,RXL,RAXAUL JN.,HYB,HYDERABAD DE,34
7007,SC,SECUNDERABAD,DBG,DARBHANGA JN,27
7008,DBG,DARBHANGA JN,SC,SECUNDERABAD,28
70101,PERN,PERNEM,KAWR,KAWR,12
70102,KAWR,KAWR,PERN,PERNEM,12
70103,PERN,PERNEM,KAWR,KAWR,12
70104,KAWR,KAWR,PERN,PERNEM,12
70105,MAO,MADGOAN JN.,MAQ,MANGALORE CE,30
70106,MAQ,MANGALORE CE,MAO,MADGOAN JN.,30
7016,KCG,KACHEGUDA,VSKP,VISAKHAPATNA,18
7044,TPTY,TIRUPATI,VSKP,VISAKHAPATNA,11
7061,COA,KAKINADA POR,BZA,VIJAYWADA JN,8
7062,VLNK,VELANKANNI,TPTY,TIRUPATI,14
7075,SC,SECUNDERABAD,CCT,KAKINADA TOW,17
7076,CCT,KAKINADA TOW,SC,SECUNDERABAD,17
71081,BSR,VASAI ROAD,DIVA,DIVA JN,6
71082,DDCL,DOMBIVLI CTL,BOR,BOISAR,13
71083,BSR,VASAI ROAD,DIVA,DIVA JN,6
71084,DIVA,DIVA JN,BSR,VASAI ROAD,6
71085,BSR,VASAI ROAD,DIVA,DIVA JN,6
71086,DIVA,DIVA JN,BSR,VASAI ROAD,6
71088,BOR,BOISAR,BSR,VASAI ROAD,8
71089,DIVA,DIVA JN,ROHA,ROHA,13
7109,HYB,HYDERABAD DE,QLN,QUILON,40
71092,ROHA,ROHA,DIVA,DIVA JN,17
71093,BSR,VASAI ROAD,DIVA,DIVA JN,6
71094,DIVA,DIVA JN,BSR,VASAI ROAD,6
71095,DIVA,DIVA JN,ROHA,ROHA,13
71096,ROHA,ROHA,DIVA,DIVA JN,13
7110,QLN,QUILON,HYB,HYDERABAD DE,40
7113,KRMR,KARIM NAGAR,QLN,QUILON,37
7133,HYB,HYDERABAD DE,QLN,QUILON,39
7134,QLN,QUILON,HYB,HYDERABAD DE,39
71401,DD,DAUND JN.,BRMT,BARAMATI,6
71402,BRMT,BARAMATI,PUNE,PUNE JN.,16
71403,PUNE,PUNE JN.,DD,DAUND JN.,11
71404,BRMT,BARAMATI,PUNE,PUNE JN.,16
71405,DD,DAUND JN.,BRMT,BARAMATI,6
71407,PUNE,PUNE JN.,DD,DAUND JN.,11
71408,DD,DAUND JN.,PUNE,PUNE JN.,11
71409,PUNE,PUNE JN.,DD,DAUND JN.,11
7141,HYB,HYDERABAD DE,QLN,QUILON,39
71410,DD,DAUND JN.,PUNE,PUNE JN.,11
71411,PUNE,PUNE JN.,DD,DAUND JN.,11
71413,PUNE,PUNE JN.,SUR,SOLAPUR,32
71414,SUR,SOLAPUR,PUNE,PUNE JN.,33
71415,PUNE,PUNE JN.,SUR,SOLAPUR,33
71416,SUR,SOLAPUR,PUNE,PUNE JN.,31
7142,QLN,QUILON,HYB,HYDERABAD DE,39
7146,TPTY,TIRUPATI,KCG,KACHEGUDA,16
7149,SC,SECUNDERABAD,GHY,GUWAHATI,37
71901,IDH,IDGAH,BTE,BHARATPUR JN,8
71902,BTE,BHARATPUR JN,IDH,IDGAH,8
71903,IDH,IDGAH,BKI,BANDIKUI JN.,22
71904,BKI,BANDIKUI JN.,IDH,IDGAH,22
71905,IDH,IDGAH,BTE,BHARATPUR JN,8
71906,BTE,BHARATPUR JN,IDH,IDGAH,8
71907,IDH,IDGAH,BKI,BANDIKUI JN.,22
71908,BKI,BANDIKUI JN.,IDH,IDGAH,22
71909,AGC,AGRA CANTT,ETW,ETAWAH,15
71910,ETW,ETAWAH,AGC,AGRA CANTT,15
7211,CCT,KAKINADA TOW,QLN,QUILON,36
7212,QLN,QUILON,CCT,KAKINADA TOW,36
7213,BZA,VIJAYWADA JN,QLN,QUILON,29
7214,QLN,QUILON,BZA,VIJAYWADA JN,30
7217,NS,NARASAPUR,QLN,QUILON,37
72171,MTJ,MATHURA JN.,BDB,VRINDAVAN,4
72172,BDB,VRINDAVAN,MTJ,MATHURA JN.,4
72173,MTJ,MATHURA JN.,BDB,VRINDAVAN,4
72174,BDB,VRINDAVAN,MTJ,MATHURA JN.,4
72175,MTJ,MATHURA JN.,BDB,VRINDAVAN,4
72176,BDB,VRINDAVAN,MTJ,MATHURA JN.,4
72177,MTJ,MATHURA JN.,BDB,VRINDAVAN,4
72178,BDB,VRINDAVAN,MTJ,MATHURA JN.,4
72179,MTJ,MATHURA JN.,BDB,VRINDAVAN,4
7218,QLN,QUILON,NS,NARASAPUR,37
72180,BDB,VRINDAVAN,MTJ,MATHURA JN.,4
72203,IAA,INDARA JN.,DIT,DOHRIGHAT,6
72204,DIT,DOHRIGHAT,IAA,INDARA JN.,6
72205,IAA,INDARA JN.,DIT,DOHRIGHAT,6
72206,DIT,DOHRIGHAT,IAA,INDARA JN.,6
72207,IAA,INDARA JN.,DIT,DOHRIGHAT,6
72208,DIT,DOHRIGHAT,IAA,INDARA JN.,6
72209,IAA,INDARA JN.,DIT,DOHRIGHAT,6
72210,DIT,DOHRIGHAT,IAA,INDARA JN.,6
72451,KLK,KALKA,SML,SHIMLA,3
72452,SML,SHIMLA,KLK,KALKA,3
73011,BWN,BARDDHAMAN J,RPH,RAMPUR HAT,19
73012,RPH,RAMPUR HAT,BWN,BARDDHAMAN J,19
73021,AZ,AZIMGANJ JN.,RPH,RAMPUR HAT,11
73022,RPH,RAMPUR HAT,AZ,AZIMGANJ JN.,11
73031,KWAE,KATWA JN.,AZ,AZIMGANJ JN.,13
73032,AZ,AZIMGANJ JN.,KWAE,KATWA JN.,13
73033,AZ,AZIMGANJ JN.,NHT,NALHATI JN.,9
73034,NHT,NALHATI JN.,AZ,AZIMGANJ JN.,9
73035,KWAE,KATWA JN.,NILE,NIMTITA,23
73036,NILE,NIMTITA,KWAE,KATWA JN.,23
73037,AZ,AZIMGANJ JN.,NILE,NIMTITA,10
73038,NILE,NIMTITA,AZ,AZIMGANJ JN.,10
73151,SDAH,SEALDAH,JRLE,JANGIPUR ROA,48
73152,JRLE,JANGIPUR ROA,SDAH,SEALDAH,48
73211,PTG,PATNA GHAT,PNBE,PATNA JN.,5
73212,PNBE,PATNA JN.,PTG,PATNA GHAT,5
73213,PTG,PATNA GHAT,DDG,DIGHA GHAT,12
73214,DDG,DIGHA GHAT,PTG,PATNA GHAT,12
73215,DDG,DIGHA GHAT,RBHT,R BLOCK HALT,7
73216,RBHT,R BLOCK HALT,DDG,DIGHA GHAT,7
73261,IPR,ISLAMPUR,PNBE,PATNA JN.,12
73262,PNBE,PATNA JN.,IPR,ISLAMPUR,12
73263,IPR,ISLAMPUR,PNBE,PATNA JN.,12
73264,PNBE,PATNA JN.,IPR,ISLAMPUR,12
73421,JMP,JAMALPUR JN.,KIUL,KIUL JN.,13
73422,KIUL,KIUL JN.,JMP,JAMALPUR JN.,13
73425,JMP,JAMALPUR JN.,KIUL,KIUL JN.,10
73426,KIUL,KIUL JN.,JMP,JAMALPUR JN.,10
73427,JMP,JAMALPUR JN.,KIUL,KIUL JN.,11
73428,KIUL,KIUL JN.,JMP,JAMALPUR JN.,11
73429,BGP,BHAGALPUR,JMP,JAMALPUR JN.,13
73430,JMP,JAMALPUR JN.,BGP,BHAGALPUR,14
73451,TIL,TILRATH,JMP,JAMALPUR JN.,10
73452,JMP,JAMALPUR JN.,TIL,TILRATH,10
73453,TIL,TILRATH,JMP,JAMALPUR JN.,10
73454,JMP,JAMALPUR JN.,TIL,TILRATH,10
73461,KGG,KHAGARIA JN.,JMP,JAMALPUR JN.,5
73462,JMP,JAMALPUR JN.,KGG,KHAGARIA JN.,5
73463,KGG,KHAGARIA JN.,JMP,JAMALPUR JN.,5
73464,JMP,JAMALPUR JN.,KGG,KHAGARIA JN.,5
73538,JSME,JASIDIH JN.,UDL,ANDAL JN.,18
73539,UDL,ANDAL JN.,JSME,JASIDIH JN.,18
73581,JSME,JASIDIH JN.,BAKA,BANKA,9
73582,BAKA,BANKA,JSME,JASIDIH JN.,9
73901,JMP,JAMALPUR JN.,DNRE,DHANAURI,2
73902,DNRE,DHANAURI,JMP,JAMALPUR JN.,2
73903,JMP,JAMALPUR JN.,DNRE,DHANAURI,2
73904,DNRE,DHANAURI,JMP,JAMALPUR JN.,2
73905,JMP,JAMALPUR JN.,DNRE,DHANAURI,2
73911,SGG,SULTANGANJ,JMP,JAMALPUR JN.,6
73912,JMP,JAMALPUR JN.,SGG,SULTANGANJ,2
73913,SGG,SULTANGANJ,JMP,JAMALPUR JN.,2
73914,JMP,JAMALPUR JN.,SGG,SULTANGANJ,6
73916,JMP,JAMALPUR JN.,SGG,SULTANGANJ,2
74001,DLI,DELHI JN.,RE,REWARI JN.,18
74002,RE,REWARI JN.,DLI,DELHI JN.,18
74003,DLI,DELHI JN.,RE,REWARI JN.,18
74004,RE,REWARI JN.,DLI,DELHI JN.,18
74011,DLI,DELHI JN.,ROK,ROHTAK JN.,17
74012,ROK,ROHTAK JN.,DLI,DELHI JN.,17
74013,DLI,DELHI JN.,KKDE,KURUKSHETRA,41
74014,KKDE,KURUKSHETRA,DLI,DELHI JN.,41
74015,RE,REWARI JN.,JIND,JIND JN,16
74016,JIND,JIND JN,RE,REWARI JN.,16
74017,RE,REWARI JN.,ROK,ROHTAK JN.,8
74018,ROK,ROHTAK JN.,RE,REWARI JN.,8
74019,SNP,SONIPAT,JIND,JIND JN,14
74020,JIND,JIND JN,SNP,SONIPAT,14
74021,DLI,DELHI JN.,SRE,SAHARANPUR J,36
74022,SMQL,SHAMLI,DLI,DELHI JN.,24
74023,DLI,DELHI JN.,SMQL,SHAMLI,24
74024,SRE,SAHARANPUR J,DLI,DELHI JN.,36
74025,DLI,DELHI JN.,SMQL,SHAMLI,24
74026,SMQL,SHAMLI,DLI,DELHI JN.,24
74027,DLI,DELHI JN.,BTU,BARAUT,15
74028,BTU,BARAUT,DLI,DELHI JN.,15
74029,SNP,SONIPAT,JIND,JIND JN,14
74030,JIND,JIND JN,SNP,SONIPAT,14
74031,GHH,GARHI HARSAR,FN,FARUKHNAGAR,3
74032,FN,FARUKHNAGAR,DEE,DELHI-SARAI,11
74033,DEE,DELHI-SARAI,FN,FARUKHNAGAR,11
74034,FN,FARUKHNAGAR,GHH,GARHI HARSAR,3
74035,GHH,GARHI HARSAR,FN,FARUKHNAGAR,3
74036,FN,FARUKHNAGAR,DEE,DELHI-SARAI,11
74037,DEE,DELHI-SARAI,FN,FARUKHNAGAR,11
74038,FN,FARUKHNAGAR,GHH,GARHI HARSAR,3
7410,TPTY,TIRUPATI,AWB,AURANGABAD,29
7417,TPTY,TIRUPATI,NSL,NAGARSOL,33
7418,NSL,NAGARSOL,TPTY,TIRUPATI,33
74201,PBH,PARTAPGARH J,LKO,LUCKNOW JN.,25
74202,LKO,LUCKNOW JN.,PBH,PARTAPGARH J,25
7425,KCG,KACHEGUDA,COA,KAKINADA POR,15
7426,COA,KAKINADA POR,KCG,KACHEGUDA,15
7429,SC,SECUNDERABAD,TPTY,TIRUPATI,11
7430,TPTY,TIRUPATI,SC,SECUNDERABAD,11
74301,SHTS,SAMBAHAL HAT,MB,MORADABAD JN,9
74302,MB,MORADABAD JN,SHTS,SAMBAHAL HAT,8
74303,SHTS,SAMBAHAL HAT,MB,MORADABAD JN,9
74304,MB,MORADABAD JN,SHTS,SAMBAHAL HAT,9
74305,SHTS,SAMBAHAL HAT,MB,MORADABAD JN,9
74306,MB,MORADABAD JN,SHTS,SAMBAHAL HAT,9
7431,CCT,KAKINADA TOW,TPTY,TIRUPATI,13
7432,TPTY,TIRUPATI,CCT,KAKINADA TOW,14
7435,CCT,KAKINADA TOW,SC,SECUNDERABAD,14
7436,SC,SECUNDERABAD,CCT,KAKINADA TOW,15
7438,KCG,KACHEGUDA,TATA,TATANAGAR JN,28
7439,TATA,TATANAGAR JN,KCG,KACHEGUDA,28
74601,BEAS,BEAS JN,TTO,TARN TARAN,6
74602,TTO,TARN TARAN,BEAS,BEAS JN,6
74603,BEAS,BEAS JN,TTO,TARN TARAN,6
74604,TTO,TARN TARAN,BEAS,BEAS JN,6
74605,BEAS,BEAS JN,TTO,TARN TARAN,6
74606,TTO,TARN TARAN,BEAS,BEAS JN,6
74607,BEAS,BEAS JN,TTO,TARN TARAN,6
74608,TTO,TARN TARAN,BEAS,BEAS JN,6
74611,BAHL,BANIHAL,BDGM,BUDGAM,12
74612,BDGM,BUDGAM,BAHL,BANIHAL,12
74613,BDGM,BUDGAM,BRML,BARAMULLA,6
74614,BRML,BARAMULLA,BAHL,BANIHAL,17
74615,BAHL,BANIHAL,BRML,BARAMULLA,17
74616,BRML,BARAMULLA,BDGM,BUDGAM,6
74617,BDGM,BUDGAM,BRML,BARAMULLA,6
74618,BRML,BARAMULLA,BDGM,BUDGAM,6
74619,BAHL,BANIHAL,BRML,BARAMULLA,9
74620,BRML,BARAMULLA,BAHL,BANIHAL,9
74621,BDGM,BUDGAM,BRML,BARAMULLA,6
74622,BRML,BARAMULLA,BDGM,BUDGAM,6
74623,BDGM,BUDGAM,BRML,BARAMULLA,6
74624,BRML,BARAMULLA,BDGM,BUDGAM,6
74625,BAHL,BANIHAL,BRML,BARAMULLA,17
74626,BRML,BARAMULLA,BAHL,BANIHAL,17
74627,BAHL,BANIHAL,BRML,BARAMULLA,17
74628,BRML,BARAMULLA,BAHL,BANIHAL,17
74629,BAHL,BANIHAL,BRML,BARAMULLA,17
74630,BRML,BARAMULLA,BAHL,BANIHAL,17
74631,BAHL,BANIHAL,BDGM,BUDGAM,12
74632,BDGM,BUDGAM,BAHL,BANIHAL,12
74633,BAHL,BANIHAL,BDGM,BUDGAM,12
74634,BDGM,BUDGAM,BAHL,BANIHAL,12
74635,BAHL,BANIHAL,BDGM,BUDGAM,12
74636,BDGM,BUDGAM,BAHL,BANIHAL,12
74637,BAHL,BANIHAL,BDGM,BUDGAM,12
74638,BDGM,BUDGAM,BAHL,BANIHAL,12
74639,BAHL,BANIHAL,BDGM,BUDGAM,12
74640,BDGM,BUDGAM,BAHL,BANIHAL,12
74641,JUC,JALANDHAR CI,MOW,MANANWALA,10
74642,ASR,AMRITSAR JN.,JUC,JALANDHAR CI,12
74643,JUC,JALANDHAR CI,ASR,AMRITSAR JN.,12
74644,ASR,AMRITSAR JN.,JUC,JALANDHAR CI,11
74645,UMB,AMBALA CANTT,JUC,JALANDHAR CI,22
74646,JUC,JALANDHAR CI,UMB,AMBALA CANTT,21
74647,LDH,LUDHIANA JN.,JUC,JALANDHAR CI,8
74648,JUC,JALANDHAR CI,LDH,LUDHIANA JN.,10
74651,ASR,AMRITSAR JN.,DBNK,DERABABA NAN,9
74652,DBNK,DERABABA NAN,VKA,VERKA JN.,8
74653,VKA,VERKA JN.,DBNK,DERABABA NAN,8
74654,DBNK,DERABABA NAN,VKA,VERKA JN.,8
74655,VKA,VERKA JN.,DBNK,DERABABA NAN,8
74656,DBNK,DERABABA NAN,VKA,VERKA JN.,8
74657,VKA,VERKA JN.,DBNK,DERABABA NAN,8
74658,DBNK,DERABABA NAN,ASR,AMRITSAR JN.,9
74661,ASR,AMRITSAR JN.,ATT,ATARI JN,4
74662,ATT,ATARI JN,ASR,AMRITSAR JN.,4
74663,ASR,AMRITSAR JN.,ATT,ATARI JN,4
74664,ATT,ATARI JN,ASR,AMRITSAR JN.,4
74671,ASR,AMRITSAR JN.,PTK,PATHANKOT JN,17
74672,PTK,PATHANKOT JN,ASR,AMRITSAR JN.,17
74673,VKA,VERKA JN.,PTK,PATHANKOT JN,16
74674,PTK,PATHANKOT JN,VKA,VERKA JN.,16
74675,ASR,AMRITSAR JN.,PTK,PATHANKOT JN,16
74676,PTK,PATHANKOT JN,ASR,AMRITSAR JN.,16
74681,KEMK,KHEM KARAN,ASR,AMRITSAR JN.,5
74682,ASR,AMRITSAR JN.,KEMK,KHEM KARAN,5
74683,KEMK,KHEM KARAN,BGTN,BHAGTANWALA,4
74684,ASR,AMRITSAR JN.,KEMK,KHEM KARAN,5
74685,KEMK,KHEM KARAN,BGTN,BHAGTANWALA,4
74686,BGTN,BHAGTANWALA,KEMK,KHEM KARAN,4
74687,KEMK,KHEM KARAN,ASR,AMRITSAR JN.,5
74688,BGTN,BHAGTANWALA,KEMK,KHEM KARAN,4
74691,ASR,AMRITSAR JN.,QDN,QADIAN,6
74692,QDN,QADIAN,ASR,AMRITSAR JN.,6
74801,MEC,MERTA CITY,MTD,MERTA ROAD J,2
74802,MTD,MERTA ROAD J,MEC,MERTA CITY,2
74803,MEC,MERTA CITY,MTD,MERTA ROAD J,2
74804,MTD,MERTA ROAD J,MEC,MERTA CITY,2
74805,MEC,MERTA CITY,MTD,MERTA ROAD J,2
74806,MTD,MERTA ROAD J,MEC,MERTA CITY,2
74807,MEC,MERTA CITY,MTD,MERTA ROAD J,2
74808,MTD,MERTA ROAD J,MEC,MERTA CITY,2
74809,MEC,MERTA CITY,MTD,MERTA ROAD J,2
74810,MTD,MERTA ROAD J,MEC,MERTA CITY,2
74811,MEC,MERTA CITY,MTD,MERTA ROAD J,2
74812,MTD,MERTA ROAD J,MEC,MERTA CITY,2
74813,MEC,MERTA CITY,MTD,MERTA ROAD J,2
74814,MTD,MERTA ROAD J,MEC,MERTA CITY,2
74815,MEC,MERTA CITY,MTD,MERTA ROAD J,2
74816,MTD,MERTA ROAD J,MEC,MERTA CITY,2
74817,MEC,MERTA CITY,MTD,MERTA ROAD J,2
74818,MTD,MERTA ROAD J,MEC,MERTA CITY,2
74831,BKN,BIKANER JN.,CUR,CHURU,19
74832,CUR,CHURU,BKN,BIKANER JN.,19
74833,BKN,BIKANER JN.,HSR,HISAR JN,29
74834,HSR,HISAR JN,BKN,BIKANER JN.,29
74835,JU,JODHPUR JN.,HSR,HISAR JN,49
74836,HSR,HISAR JN,JU,JODHPUR JN.,49
74837,JU,JODHPUR JN.,PNU,PALANPUR JN,39
74838,PNU,PALANPUR JN,JU,JODHPUR JN.,39
74839,JU,JODHPUR JN.,BME,BARMER,24
74840,BME,BARMER,JU,JODHPUR JN.,24
74841,JU,JODHPUR JN.,BLDI,BHILDI JN,35
74842,BLDI,BHILDI JN,JU,JODHPUR JN.,35
74843,JU,JODHPUR JN.,BME,BARMER,24
74844,BME,BARMER,JU,JODHPUR JN.,24
74845,RE,REWARI JN.,HSR,HISAR JN,28
74846,HSR,HISAR JN,RE,REWARI JN.,28
74847,RE,REWARI JN.,HSR,HISAR JN,28
74848,HSR,HISAR JN,RE,REWARI JN.,28
74849,RTGH,RATANAGARH J,SRDR,SARDARSAHAR,8
74850,SRDR,SARDARSAHAR,RTGH,RATANAGARH J,8
74851,RTGH,RATANAGARH J,SRDR,SARDARSAHAR,8
74852,SRDR,SARDARSAHAR,RTGH,RATANAGARH J,8
74853,RTGH,RATANAGARH J,SRDR,SARDARSAHAR,8
74854,SRDR,SARDARSAHAR,RTGH,RATANAGARH J,8
74855,BKN,BIKANER JN.,RTGH,RATANAGARH J,14
74856,RTGH,RATANAGARH J,BKN,BIKANER JN.,14
74857,SIKR,SIKAR JN.,CUR,CHURU,9
74858,CUR,CHURU,SIKR,SIKAR JN.,9
7487,TPTY,TIRUPATI,VSKP,VISAKHAPATNA,11
74901,JUC,JALANDHAR CI,PTK,PATHANKOT JN,18
74902,PTK,PATHANKOT JN,JUC,JALANDHAR CI,18
74903,JUC,JALANDHAR CI,PTK,PATHANKOT JN,18
74904,PTK,PATHANKOT JN,JUC,JALANDHAR CI,18
74906,UHP,UDHAMPUR,JAT,JAMMU TAWI,6
74907,JAT,JAMMU TAWI,UHP,UDHAMPUR,6
74909,PTK,PATHANKOT JN,UHP,UDHAMPUR,19
74910,UHP,UDHAMPUR,PTK,PATHANKOT JN,19
74911,HSX,HOSHIARPUR,JUC,JALANDHAR CI,7
74912,JUC,JALANDHAR CI,HSX,HOSHIARPUR,7
74913,HSX,HOSHIARPUR,JUC,JALANDHAR CI,7
74914,JUC,JALANDHAR CI,HSX,HOSHIARPUR,7
74915,HSX,HOSHIARPUR,JUC,JALANDHAR CI,7
74916,JUC,JALANDHAR CI,HSX,HOSHIARPUR,7
74917,HSX,HOSHIARPUR,JUC,JALANDHAR CI,7
74918,JUC,JALANDHAR CI,HSX,HOSHIARPUR,7
74919,HSX,HOSHIARPUR,JUC,JALANDHAR CI,7
74920,JUC,JALANDHAR CI,HSX,HOSHIARPUR,7
74923,HSX,HOSHIARPUR,ASR,AMRITSAR JN.,18
74924,MOW,MANANWALA,HSX,HOSHIARPUR,16
74931,JUC,JALANDHAR CI,FZR,FIROZPUR CAN,18
74932,FZR,FIROZPUR CAN,JUC,JALANDHAR CI,15
74933,JUC,JALANDHAR CI,FZR,FIROZPUR CAN,18
74934,FZR,FIROZPUR CAN,JUC,JALANDHAR CI,18
74935,JUC,JALANDHAR CI,FZR,FIROZPUR CAN,18
74936,FZR,FIROZPUR CAN,JUC,JALANDHAR CI,18
74937,JUC,JALANDHAR CI,FZR,FIROZPUR CAN,18
74938,FZR,FIROZPUR CAN,JUC,JALANDHAR CI,18
74939,JUC,JALANDHAR CI,FZR,FIROZPUR CAN,14
74940,FZR,FIROZPUR CAN,JUC,JALANDHAR CI,18
74941,NRO,NAKODAR JN.,JUC,JALANDHAR CI,2
74942,JUC,JALANDHAR CI,NRO,NAKODAR JN.,2
74943,NRO,NAKODAR JN.,JUC,JALANDHAR CI,2
74944,JUC,JALANDHAR CI,NRO,NAKODAR JN.,2
74945,NRO,NAKODAR JN.,JUC,JALANDHAR CI,2
74946,JUC,JALANDHAR CI,NRO,NAKODAR JN.,2
74947,NRO,NAKODAR JN.,JUC,JALANDHAR CI,2
74948,JUC,JALANDHAR CI,NRO,NAKODAR JN.,2
74951,JJJ,JAIJON DOABA,JUC,JALANDHAR CI,17
74952,JUC,JALANDHAR CI,JJJ,JAIJON DOABA,17
74953,JJJ,JAIJON DOABA,JUC,JALANDHAR CI,17
74954,JUC,JALANDHAR CI,JJJ,JAIJON DOABA,17
74961,LDH,LUDHIANA JN.,FZR,FIROZPUR CAN,20
74962,FZR,FIROZPUR CAN,LDH,LUDHIANA JN.,20
74963,LDH,LUDHIANA JN.,FZR,FIROZPUR CAN,20
74964,FZR,FIROZPUR CAN,LDH,LUDHIANA JN.,20
74965,LDH,LUDHIANA JN.,LNK,LOHIAN KHAS,15
74966,LNK,LOHIAN KHAS,LDH,LUDHIANA JN.,15
74967,LDH,LUDHIANA JN.,LNK,LOHIAN KHAS,15
74968,LNK,LOHIAN KHAS,LDH,LUDHIANA JN.,15
74969,LDH,LUDHIANA JN.,LNK,LOHIAN KHAS,15
74970,LNK,LOHIAN KHAS,LDH,LUDHIANA JN.,15
74971,FZR,FIROZPUR CAN,FKA,FAZILKA JN.,14
74972,FKA,FAZILKA JN.,FZR,FIROZPUR CAN,14
74973,FZR,FIROZPUR CAN,FKA,FAZILKA JN.,14
74974,FKA,FAZILKA JN.,FZR,FIROZPUR CAN,14
74975,FZR,FIROZPUR CAN,FKA,FAZILKA JN.,14
74976,FKA,FAZILKA JN.,FZR,FIROZPUR CAN,14
74977,FZR,FIROZPUR CAN,FKA,FAZILKA JN.,14
74978,FKA,FAZILKA JN.,FZR,FIROZPUR CAN,14
74981,KKP,KOT KAPURA J,FKA,FAZILKA JN.,13
74982,FKA,FAZILKA JN.,KKP,KOT KAPURA J,13
74983,KKP,KOT KAPURA J,FKA,FAZILKA JN.,13
74984,FKA,FAZILKA JN.,KKP,KOT KAPURA J,13
74985,BTI,BATHINDA JN,FKA,FAZILKA JN.,19
74986,FKA,FAZILKA JN.,BTI,BATHINDA JN,18
74987,BTI,BATHINDA JN,FKA,FAZILKA JN.,14
74988,FKA,FAZILKA JN.,BTI,BATHINDA JN,19
74991,UMB,AMBALA CANTT,AADR,AMB  ANDAURA,23
74992,AADR,AMB  ANDAURA,UMB,AMBALA CANTT,23
74993,KKDE,KURUKSHETRA,UMB,AMBALA CANTT,7
74994,UMB,AMBALA CANTT,KKDE,KURUKSHETRA,7
75002,GD,GONDA JN.,GKP,GORAKHPUR JN,36
75003,GKP,GORAKHPUR JN,BNY,BARHNI,22
75004,BNY,BARHNI,GKP,GORAKHPUR JN,22
75005,GKP,GORAKHPUR JN,GD,GONDA JN.,36
75007,GKP,GORAKHPUR JN,GD,GONDA JN.,24
75008,GD,GONDA JN.,GKP,GORAKHPUR JN,24
75009,SV,SIWAN JN.,CPJ,KAPTANGANJ J,22
75010,CPJ,KAPTANGANJ J,THE,THAWE JN.,18
75011,THE,THAWE JN.,GKP,GORAKHPUR JN,24
75012,GKP,GORAKHPUR JN,SV,SIWAN JN.,27
75013,GKP,GORAKHPUR JN,NTV,NAUTANWA,19
75014,NTV,NAUTANWA,GKP,GORAKHPUR JN,19
75015,GKP,GORAKHPUR JN,NTV,NAUTANWA,19
75016,NTV,NAUTANWA,GKP,GORAKHPUR JN,19
7505,AWB,AURANGABAD,QLN,QUILON,49
7509,ADB,ADILABAD,QLN,QUILON,47
75101,BUI,BALLIA,BCY,VARANASI CIT,22
75102,BCY,VARANASI CIT,BUI,BALLIA,22
75103,PEP,PHEPHNA JN.,BCY,VARANASI CIT,20
75104,BCY,VARANASI CIT,PEP,PHEPHNA JN.,20
75105,MAU,MAU JN.,ALY,ALLAHABAD CI,37
75106,ALY,ALLAHABAD CI,MAU,MAU JN.,37
75107,MUV,MANDUADIH,ALY,ALLAHABAD CI,22
75109,MAU,MAU JN.,BCY,VARANASI CIT,14
75111,GCT,GHAZIPUR CIT,BSB,VARANASI JN.,25
75112,BSB,VARANASI JN.,GCT,GHAZIPUR CIT,25
75113,BTT,BHATNI JN.,BCY,VARANASI CIT,24
75114,BCY,VARANASI CIT,BTT,BHATNI JN.,24
75115,GCT,GHAZIPUR CIT,PRG,PRAYAG JN.,30
75116,PRG,PRAYAG JN.,GCT,GHAZIPUR CIT,30
7517,BIDR,BIDAR,PVR,PANDHARPUR,9
75201,SEE,SONPUR JN.,CPR,CHHAPRA JN.,13
75202,CPR,CHHAPRA JN.,SEE,SONPUR JN.,12
75207,SPJ,SAMASTIPUR J,MFP,MUZAFFARPUR,23
75208,MFP,MUZAFFARPUR,SPJ,SAMASTIPUR J,22
75209,SPJ,SAMASTIPUR J,JYG,JAYNAGAR,16
75210,JYG,JAYNAGAR,SPJ,SAMASTIPUR J,16
75211,SPJ,SAMASTIPUR J,SEE,SONPUR JN.,19
75212,SEE,SONPUR JN.,SPJ,SAMASTIPUR J,19
75213,RXL,RAXAUL JN.,SGL,SAGAULI JN.,5
75214,SGL,SAGAULI JN.,RXL,RAXAUL JN.,5
75221,SEE,SONPUR JN.,CPR,CHHAPRA JN.,12
75222,CPR,CHHAPRA JN.,SEE,SONPUR JN.,13
75225,SPJ,SAMASTIPUR J,RXL,RAXAUL JN.,23
75226,RXL,RAXAUL JN.,SPJ,SAMASTIPUR J,23
75227,SPJ,SAMASTIPUR J,RXL,RAXAUL JN.,29
75228,RXL,RAXAUL JN.,DBG,DARBHANGA JN,16
75229,DBG,DARBHANGA JN,RXL,RAXAUL JN.,16
75230,RXL,RAXAUL JN.,SPJ,SAMASTIPUR J,31
75231,MFP,MUZAFFARPUR,RXL,RAXAUL JN.,18
75232,RXL,RAXAUL JN.,MFP,MUZAFFARPUR,20
75233,RXL,RAXAUL JN.,SMI,SITAMARHI,9
75234,SMI,SITAMARHI,RXL,RAXAUL JN.,9
75235,RXL,RAXAUL JN.,NKE,NARKATIAGANJ,13
75236,NKE,NARKATIAGANJ,RXL,RAXAUL JN.,13
75237,MFP,MUZAFFARPUR,NKE,NARKATIAGANJ,20
75238,NKE,NARKATIAGANJ,MFP,MUZAFFARPUR,19
7525,SGUJ,SILIGURI JN.,NBQ,NEW BONGAIGA,33
75253,SPJ,SAMASTIPUR J,DBG,DARBHANGA JN,8
75254,DBG,DARBHANGA JN,SPJ,SAMASTIPUR J,8
75255,DBG,DARBHANGA JN,MFP,MUZAFFARPUR,14
75256,MFP,MUZAFFARPUR,DBG,DARBHANGA JN,14
7526,NBQ,NEW BONGAIGA,SGUJ,SILIGURI JN.,33
75271,ARA,ARA,SSM,SASARAM,17
75272,SSM,SASARAM,ARA,ARA,17
75273,ARA,ARA,SSM,SASARAM,17
75274,SSM,SASARAM,ARA,ARA,17
75279,DBG,DARBHANGA JN,BIRL,BIRAUL,7
75280,BIRL,BIRAUL,DBG,DARBHANGA JN,5
75707,RDP,RADHIKAPUR,SGUJ,SILIGURI JN.,28
75708,SGUJ,SILIGURI JN.,RDP,RADHIKAPUR,28
75713,SGUJ,SILIGURI JN.,NCB,NEW COOCH BE,20
75714,NCB,NEW COOCH BE,SGUJ,SILIGURI JN.,20
75715,SGUJ,SILIGURI JN.,DHH,DINHATA,30
75716,DHH,DINHATA,SGUJ,SILIGURI JN.,30
75717,SGUJ,SILIGURI JN.,BXT,BAMANHAT,29
75718,BXT,BAMANHAT,SGUJ,SILIGURI JN.,29
75719,MLFC,MALDA COURT,SGUJ,SILIGURI JN.,45
75720,SGUJ,SILIGURI JN.,MLFC,MALDA COURT,44
75721,SGUJ,SILIGURI JN.,HDB,HALDIBARI,12
75722,HDB,HALDIBARI,SGUJ,SILIGURI JN.,12
75723,NBQ,NEW BONGAIGA,GHY,GUWAHATI,19
75724,GHY,GUWAHATI,NBQ,NEW BONGAIGA,19
75727,GHY,GUWAHATI,HBN,HAIBARGAON,8
75728,HBN,HAIBARGAON,GHY,GUWAHATI,7
75729,GHY,GUWAHATI,SHTT,SILGHAT TOWN,16
75730,SHTT,SILGHAT TOWN,GHY,GUWAHATI,16
75733,TNPR,TEZNARAYANPU,KIR,KATIHAR JN.,8
75734,KIR,KATIHAR JN.,TNPR,TEZNARAYANPU,8
75735,TNPR,TEZNARAYANPU,KIR,KATIHAR JN.,8
75736,KIR,KATIHAR JN.,TNPR,TEZNARAYANPU,8
75737,TNPR,TEZNARAYANPU,KIR,KATIHAR JN.,8
75738,KIR,KATIHAR JN.,TNPR,TEZNARAYANPU,8
75739,TNPR,TEZNARAYANPU,KIR,KATIHAR JN.,8
75740,KIR,KATIHAR JN.,TNPR,TEZNARAYANPU,8
75743,KIR,KATIHAR JN.,SGUJ,SILIGURI JN.,33
75744,SGUJ,SILIGURI JN.,KIR,KATIHAR JN.,33
75745,KIR,KATIHAR JN.,JBN,JOGBANI,19
75746,JBN,JOGBANI,KIR,KATIHAR JN.,19
75747,KIR,KATIHAR JN.,BOE,BARSOI JN.,11
75748,BOE,BARSOI JN.,KIR,KATIHAR JN.,11
75749,KIR,KATIHAR JN.,TETA,TELTA,15
75750,TETA,TELTA,KIR,KATIHAR JN.,15
75901,TSK,TINSUKIA JN.,LEDO,LEDO,4
75902,LEDO,LEDO,DBRT,DIBRUGARH TO,14
75903,DBRT,DIBRUGARH TO,LEDO,LEDO,14
75904,LEDO,LEDO,TSK,TINSUKIA JN.,4
75905,TSK,TINSUKIA JN.,DBRT,DIBRUGARH TO,4
75906,DBRT,DIBRUGARH TO,LEDO,LEDO,14
75907,LEDO,LEDO,DBRT,DIBRUGARH TO,14
75908,DBRT,DIBRUGARH TO,TSK,TINSUKIA JN.,4
75911,TSK,TINSUKIA JN.,DNGI,DANGARI,8
75912,DNGI,DANGARI,TSK,TINSUKIA JN.,8
7603,KCG,KACHEGUDA,KJM,KRISHNA RAJA,14
7604,KJM,KRISHNA RAJA,KCG,KACHEGUDA,14
7607,NED,NANDED,TPTY,TIRUPATI,19
7608,TPTY,TIRUPATI,NED,NANDED,19
7613,NZB,NIZAMABAD,QLN,QUILON,38
7614,QLN,QUILON,NZB,NIZAMABAD,39
7644,CCT,KAKINADA TOW,TPTY,TIRUPATI,11
7645,RU,RENIGUNTA JN,CCT,KAKINADA TOW,10
76501,BWT,BANGARPET JN,KQZ,KOLAR,2
76502,KQZ,KOLAR,BWT,BANGARPET JN,2
76503,BWT,BANGARPET JN,KQZ,KOLAR,2
76504,KQZ,KOLAR,BWT,BANGARPET JN,2
76505,BNC,BANGALORE CA,KQZ,KOLAR,12
76506,KQZ,KOLAR,BNC,BANGALORE CA,10
76507,BNC,BANGALORE CA,BWT,BANGARPET JN,10
76508,BWT,BANGARPET JN,SBC,KRANTIVIRA S,11
76523,YPR,YESVANTPUR J,HSRA,HOSUR,9
76524,HSRA,HOSUR,YPR,YESVANTPUR J,9
76525,CPT,CHANNA PATNA,KQZ,KOLAR,31
76526,KQZ,KOLAR,CPT,CHANNA PATNA,31
76551,SBC,KRANTIVIRA S,KQZ,KOLAR,22
76552,KQZ,KOLAR,SBC,KRANTIVIRA S,22
76553,SBC,KRANTIVIRA S,DPJ,DHARMAPURI,15
76554,DPJ,DHARMAPURI,SBC,KRANTIVIRA S,15
76800,TPJ,TIRUCHIRAPPA,LLI,LALGUDI,9
76803,LLI,LALGUDI,TPJ,TIRUCHIRAPPA,9
76804,TPJ,TIRUCHIRAPPA,LLI,LALGUDI,9
76805,MQ,MANNARGUDI,TPJ,TIRUCHIRAPPA,12
76806,TPJ,TIRUCHIRAPPA,MQ,MANNARGUDI,12
76807,TPJ,TIRUCHIRAPPA,MNM,MANAMADURAI,14
76808,MNM,MANAMADURAI,TPJ,TIRUCHIRAPPA,14
76812,TJ,THANJAVUR JN,KIK,KARAIKAL,19
76813,KIK,KARAIKAL,VLNK,VELANKANNI,4
76814,VLNK,VELANKANNI,NGT,NAGAPPATTINA,2
76815,KIK,KARAIKAL,TJ,THANJAVUR JN,19
76817,NGT,NAGAPPATTINA,VLNK,VELANKANNI,2
76818,VLNK,VELANKANNI,KIK,KARAIKAL,6
76820,TPJ,TIRUCHIRAPPA,TJ,THANJAVUR JN,8
76821,TJ,THANJAVUR JN,TPJ,TIRUCHIRAPPA,9
76822,TPJ,TIRUCHIRAPPA,TJ,THANJAVUR JN,9
76823,TJ,THANJAVUR JN,TPJ,TIRUCHIRAPPA,9
76824,TPJ,TIRUCHIRAPPA,TJ,THANJAVUR JN,9
76825,MV,MAYILADUTURA,TJ,THANJAVUR JN,16
76826,TJ,THANJAVUR JN,MV,MAYILADUTURA,16
76827,TJ,THANJAVUR JN,TPJ,TIRUCHIRAPPA,9
76828,TPJ,TIRUCHIRAPPA,TJ,THANJAVUR JN,9
76829,TJ,THANJAVUR JN,TPJ,TIRUCHIRAPPA,9
76830,KKDI,KARAIKKUDI,TPJ,TIRUCHIRAPPA,10
76831,TPJ,TIRUCHIRAPPA,KKDI,KARAIKKUDI,10
76833,TPJ,TIRUCHIRAPPA,KRR,KARUR JN.,15
76834,KRR,KARUR JN.,TPJ,TIRUCHIRAPPA,15
76835,TPJ,TIRUCHIRAPPA,KRR,KARUR JN.,18
76836,KRR,KARUR JN.,TPJ,TIRUCHIRAPPA,18
76837,KKDI,KARAIKKUDI,VPT,VIRUDUNAGAR,11
76838,VPT,VIRUDUNAGAR,KKDI,KARAIKKUDI,11
76839,TPJ,TIRUCHIRAPPA,KKDI,KARAIKKUDI,10
76840,KKDI,KARAIKKUDI,TPJ,TIRUCHIRAPPA,10
76841,CUPJ,CUDDALORE PO,TPJ,TIRUCHIRAPPA,26
76842,TPJ,TIRUCHIRAPPA,CUPJ,CUDDALORE PO,27
76845,VRI,VRIDHA CHALA,TPJ,TIRUCHIRAPPA,23
76846,TPJ,TIRUCHIRAPPA,VRI,VRIDHA CHALA,23
76847,VRI,VRIDHA CHALA,SA,SALEM JN.,17
76848,SA,SALEM JN.,VRI,VRIDHA CHALA,17
76849,VRI,VRIDHA CHALA,SA,SALEM JN.,17
76850,SA,SALEM JN.,VRI,VRIDHA CHALA,17
76851,KIK,KARAIKAL,TPJ,TIRUCHIRAPPA,26
76852,TPJ,TIRUCHIRAPPA,KIK,KARAIKAL,25
76853,NCR,NAGORE,TPJ,TIRUCHIRAPPA,25
76854,TPJ,TIRUCHIRAPPA,NCR,NAGORE,25
77201,BZA,VIJAYWADA JN,GDV,GUDIVADA JN.,4
77202,GDV,GUDIVADA JN.,NS,NARASAPUR,15
77203,NS,NARASAPUR,GDV,GUDIVADA JN.,21
77204,GDV,GUDIVADA JN.,NS,NARASAPUR,21
77205,NS,NARASAPUR,BVRT,BHIMAVARAM T,8
77206,BVRM,BHIMAVARAM J,BZA,VIJAYWADA JN,20
77207,BZA,VIJAYWADA JN,MTM,MACHILIPATNA,14
77208,MTM,MACHILIPATNA,BZA,VIJAYWADA JN,12
77209,GDV,GUDIVADA JN.,MTM,MACHILIPATNA,8
77211,GDV,GUDIVADA JN.,MTM,MACHILIPATNA,8
77212,MTM,MACHILIPATNA,BZA,VIJAYWADA JN,18
77213,BZA,VIJAYWADA JN,GDV,GUDIVADA JN.,11
77214,GDV,GUDIVADA JN.,BZA,VIJAYWADA JN,11
77215,BZA,VIJAYWADA JN,MTM,MACHILIPATNA,18
77216,MTM,MACHILIPATNA,GDV,GUDIVADA JN.,8
77218,MTM,MACHILIPATNA,BZA,VIJAYWADA JN,18
77219,GDV,GUDIVADA JN.,MTM,MACHILIPATNA,8
77220,MTM,MACHILIPATNA,GDV,GUDIVADA JN.,7
77221,BZA,VIJAYWADA JN,GNT,GUNTUR JN.,6
77222,GNT,GUNTUR JN.,RAL,REPALLE,12
77223,RAL,REPALLE,GNT,GUNTUR JN.,12
77224,GNT,GUNTUR JN.,RAL,REPALLE,12
77225,RAL,REPALLE,TEL,TENALI JN.,8
77226,TEL,TENALI JN.,RAL,REPALLE,8
77227,RAL,REPALLE,TEL,TENALI JN.,8
77228,TEL,TENALI JN.,RAL,REPALLE,8
77229,RAL,REPALLE,GNT,GUNTUR JN.,12
77230,GNT,GUNTUR JN.,BZA,VIJAYWADA JN,6
77231,BZA,VIJAYWADA JN,BVRM,BHIMAVARAM J,24
77232,BVRM,BHIMAVARAM J,GDV,GUDIVADA JN.,14
77233,BVRM,BHIMAVARAM J,NS,NARASAPUR,6
77234,MTM,MACHILIPATNA,GDV,GUDIVADA JN.,8
77235,GDV,GUDIVADA JN.,MTM,MACHILIPATNA,8
77237,BVRM,BHIMAVARAM J,RJY,RAJAHMUNDRY,18
77238,RJY,RAJAHMUNDRY,BVRM,BHIMAVARAM J,18
77239,BVRM,BHIMAVARAM J,NDD,NIDADAVOLU J,10
77240,NDD,NIDADAVOLU J,BVRM,BHIMAVARAM J,12
77241,NS,NARASAPUR,RJY,RAJAHMUNDRY,21
77242,RJY,RAJAHMUNDRY,BVRM,BHIMAVARAM J,15
77243,BVRT,BHIMAVARAM T,NDD,NIDADAVOLU J,12
77244,NDD,NIDADAVOLU J,BVRM,BHIMAVARAM J,9
77245,GNT,GUNTUR JN.,TEL,TENALI JN.,5
77246,TEL,TENALI JN.,RAL,REPALLE,7
77247,RAL,REPALLE,TEL,TENALI JN.,6
77248,TEL,TENALI JN.,MRK,MARKAPUR ROA,23
77249,MRK,MARKAPUR ROA,GNT,GUNTUR JN.,19
77250,GNT,GUNTUR JN.,TEL,TENALI JN.,5
77251,PDPL,PEDDAPALLI,MABD,MAHBUBABAD,14
77252,MABD,MAHBUBABAD,PDPL,PEDDAPALLI,14
77253,MABD,MAHBUBABAD,BZA,VIJAYWADA JN,13
77254,BZA,VIJAYWADA JN,MABD,MAHBUBABAD,14
77255,KRMR,KARIM NAGAR,SRUR,SIRPUR TOWN,14
77256,SRUR,SIRPUR TOWN,KRMR,KARIM NAGAR,14
77257,LPJL,JAGITYAL,PDPL,PEDDAPALLI,5
77258,PDPL,PEDDAPALLI,LPJL,JAGITYAL,5
77259,NZB,NIZAMABAD,KRMR,KARIM NAGAR,8
77260,KRMR,KARIM NAGAR,NZB,NIZAMABAD,8
77261,BZA,VIJAYWADA JN,MTM,MACHILIPATNA,18
77262,MTM,MACHILIPATNA,BZA,VIJAYWADA JN,18
77263,BZA,VIJAYWADA JN,GDV,GUDIVADA JN.,9
77264,GDV,GUDIVADA JN.,NS,NARASAPUR,19
77265,NS,NARASAPUR,NDD,NIDADAVOLU J,11
77266,NDD,NIDADAVOLU J,BVRM,BHIMAVARAM J,12
77267,BVRM,BHIMAVARAM J,GDV,GUDIVADA JN.,13
77268,GDV,GUDIVADA JN.,BZA,VIJAYWADA JN,9
77269,BZA,VIJAYWADA JN,MTM,MACHILIPATNA,18
77270,MTM,MACHILIPATNA,BZA,VIJAYWADA JN,18
77271,CCT,KAKINADA TOW,KPLH,KOTIPALLI,12
77272,KPLH,KOTIPALLI,CCT,KAKINADA TOW,12
77273,LPJL,JAGITYAL,KRMR,KARIM NAGAR,3
77274,KRMR,KARIM NAGAR,LPJL,JAGITYAL,3
77281,BZA,VIJAYWADA JN,TEL,TENALI JN.,8
77282,TEL,TENALI JN.,GNT,GUNTUR JN.,5
77283,GNT,GUNTUR JN.,BZA,VIJAYWADA JN,6
77284,BZA,VIJAYWADA JN,GNT,GUNTUR JN.,6
77285,GNT,GUNTUR JN.,TEL,TENALI JN.,5
77286,TEL,TENALI JN.,BZA,VIJAYWADA JN,8
77287,BZA,VIJAYWADA JN,TEL,TENALI JN.,8
77288,TEL,TENALI JN.,GNT,GUNTUR JN.,5
77289,GNT,GUNTUR JN.,BZA,VIJAYWADA JN,6
77290,TEL,TENALI JN.,GNT,GUNTUR JN.,5
77291,BDCR,BHADRACHALAM,BZA,VIJAYWADA JN,23
77292,BZA,VIJAYWADA JN,BDCR,BHADRACHALAM,25
77293,BVRM,BHIMAVARAM J,RJY,RAJAHMUNDRY,17
77294,RJY,RAJAHMUNDRY,NS,NARASAPUR,25
77295,NS,NARASAPUR,GNT,GUNTUR JN.,36
77297,GNT,GUNTUR JN.,MCLA,MACHERLA,17
77298,MCLA,MACHERLA,BVRM,BHIMAVARAM J,45
77401,NDL,NANDYAL,HX,CUDDAPAH,12
77402,HX,CUDDAPAH,NDL,NANDYAL,12
77403,NDL,NANDYAL,HX,CUDDAPAH,12
77404,HX,CUDDAPAH,NDL,NANDYAL,12
77405,HX,CUDDAPAH,PDMI,PENDLIMARRI,3
77406,PDMI,PENDLIMARRI,HX,CUDDAPAH,3
77414,GTL,GUNTAKAL JN.,KRNT,KURNOOL TOWN,13
77415,KRNT,KURNOOL TOWN,GTL,GUNTAKAL JN.,15
77416,GTL,GUNTAKAL JN.,BAY,BELLARY JN.,9
77417,BAY,BELLARY JN.,GTL,GUNTAKAL JN.,9
77418,GTL,GUNTAKAL JN.,HUP,HINDUPUR,22
77419,HUP,HINDUPUR,GTL,GUNTAKAL JN.,21
7757,SC,SECUNDERABAD,BZA,VIJAYWADA JN,6
7758,BZA,VIJAYWADA JN,SC,SECUNDERABAD,6
77601,SC,SECUNDERABAD,MED,MEDCHAL,14
77602,MED,MEDCHAL,FM,FALAKNUMA,23
77603,SC,SECUNDERABAD,MOB,MANOHARABAD,17
77604,BMO,BOLARUM,FM,FALAKNUMA,20
77605,FM,FALAKNUMA,BMO,BOLARUM,21
77606,MOB,MANOHARABAD,SC,SECUNDERABAD,17
77607,SC,SECUNDERABAD,MED,MEDCHAL,14
77608,MED,MEDCHAL,SC,SECUNDERABAD,14
77609,FM,FALAKNUMA,MOB,MANOHARABAD,26
77610,MOB,MANOHARABAD,SC,SECUNDERABAD,17
77611,SC,SECUNDERABAD,BMO,BOLARUM,11
77612,BMO,BOLARUM,SC,SECUNDERABAD,11
77613,SC,SECUNDERABAD,MOB,MANOHARABAD,17
77614,MOB,MANOHARABAD,SC,SECUNDERABAD,17
77615,SC,SECUNDERABAD,MED,MEDCHAL,14
77616,MED,MEDCHAL,SC,SECUNDERABAD,14
77617,SC,SECUNDERABAD,MOB,MANOHARABAD,17
77618,MOB,MANOHARABAD,SC,SECUNDERABAD,17
77619,SC,SECUNDERABAD,MED,MEDCHAL,14
77622,MBNR,MAHBUBNAGAR,JKAR,JAKLAIR,7
77623,JKAR,JAKLAIR,MBNR,MAHBUBNAGAR,7
77630,SC,SECUNDERABAD,UR,UMDANAGAR,14
77631,FM,FALAKNUMA,UR,UMDANAGAR,4
77632,FM,FALAKNUMA,UR,UMDANAGAR,4
77633,FM,FALAKNUMA,UR,UMDANAGAR,4
77634,FM,FALAKNUMA,UR,UMDANAGAR,4
77635,FM,FALAKNUMA,UR,UMDANAGAR,4
77638,FM,FALAKNUMA,UR,UMDANAGAR,4
77640,UR,UMDANAGAR,FM,FALAKNUMA,4
77641,UR,UMDANAGAR,FM,FALAKNUMA,4
77642,UR,UMDANAGAR,FM,FALAKNUMA,4
77643,UR,UMDANAGAR,FM,FALAKNUMA,4
77645,UR,UMDANAGAR,SC,SECUNDERABAD,14
77647,UR,UMDANAGAR,FM,FALAKNUMA,4
77649,UR,UMDANAGAR,SC,SECUNDERABAD,14
77651,BIDR,BIDAR,GR,GULBARGA,8
77652,GR,GULBARGA,BIDR,BIDAR,8
77653,BIDR,BIDAR,HMBD,HUMNABAD,4
77654,HMBD,HUMNABAD,BIDR,BIDAR,4
77655,BIDR,BIDAR,GR,GULBARGA,8
77656,GR,GULBARGA,BIDR,BIDAR,8
77657,J,JALNA,SNSI,SAI NAGAR SH,19
77658,SNSI,SAI NAGAR SH,J,JALNA,19
77671,KCG,KACHEGUDA,MBNR,MAHBUBNAGAR,17
77672,MBNR,MAHBUBNAGAR,KCG,KACHEGUDA,21
77673,MRGA,MIRYALAGUDA,KCG,KACHEGUDA,18
77674,KCG,KACHEGUDA,MRGA,MIRYALAGUDA,18
77675,KCG,KACHEGUDA,MRGA,MIRYALAGUDA,17
77676,MRGA,MIRYALAGUDA,PGRL,PIDUGURALLA,6
77677,PGRL,PIDUGURALLA,MRGA,MIRYALAGUDA,6
77678,MRGA,MIRYALAGUDA,KCG,KACHEGUDA,17
77679,FM,FALAKNUMA,MED,MEDCHAL,23
77680,MED,MEDCHAL,FM,FALAKNUMA,23
77681,FM,FALAKNUMA,MED,MEDCHAL,23
77682,MED,MEDCHAL,FM,FALAKNUMA,23
77683,J,JALNA,NSL,NAGARSOL,14
77684,NSL,NAGARSOL,J,JALNA,14
77689,GWD,GADWAL,RC,RAICHUR,5
77690,RC,RAICHUR,GWD,GADWAL,5
77691,J,JALNA,NSL,NAGARSOL,14
77693,KCG,KACHEGUDA,RC,RAICHUR,22
77694,RC,RAICHUR,KCG,KACHEGUDA,21
77695,NDL,NANDYAL,KRNT,KURNOOL TOWN,14
77696,KRNT,KURNOOL TOWN,NDL,NANDYAL,14
78009,ROP,RUPSA JN.,VZR,BHANJPUR,8
78010,VZR,BHANJPUR,ROP,RUPSA JN.,8
78011,ROP,RUPSA JN.,VZR,BHANJPUR,8
78012,VZR,BHANJPUR,BLS,BALASORE,11
78013,BLS,BALASORE,BPO,BARIPADA PH,10
78014,BGY,BANGRIPOSI,BPO,BARIPADA PH,5
78015,BPO,BARIPADA PH,BGY,BANGRIPOSI,5
78016,BPO,BARIPADA PH,BLS,BALASORE,10
78017,BLS,BALASORE,BPO,BARIPADA PH,10
78018,BGY,BANGRIPOSI,BPO,BARIPADA PH,5
78019,BPO,BARIPADA PH,BGY,BANGRIPOSI,5
78020,BPO,BARIPADA PH,ROP,RUPSA JN.,7
78031,TATA,TATANAGAR JN,BMPR,BADAMPAHAR,9
78032,BMPR,BADAMPAHAR,TATA,TATANAGAR JN,9
78033,TATA,TATANAGAR JN,GUA,GUA,19
78034,GUA,GUA,TATA,TATANAGAR JN,19
78051,GMMG,GRAM MASAGRA,BQA,BANKURA,26
78052,BQA,BANKURA,GMMG,GRAM MASAGRA,26
78053,GMMG,GRAM MASAGRA,BQA,BANKURA,26
78054,BQA,BANKURA,GMMG,GRAM MASAGRA,26
78055,GMMG,GRAM MASAGRA,BQA,BANKURA,26
78056,BQA,BANKURA,GMMG,GRAM MASAGRA,26
78057,SONA,SONAMUKHI PH,BQA,BANKURA,8
78058,BQA,BANKURA,SONA,SONAMUKHI PH,8
78059,GMMG,GRAM MASAGRA,BQA,BANKURA,26
78060,BQA,BANKURA,GMMG,GRAM MASAGRA,26
78061,GMMG,GRAM MASAGRA,BQA,BANKURA,26
78101,CKP,CHAKARADHARP,ROU,ROURKELA,15
78102,ROU,ROURKELA,CKP,CHAKARADHARP,15
78103,ROU,ROURKELA,SBP,SAMBALPUR JN,23
78104,SBP,SAMBALPUR JN,ROU,ROURKELA,23
78502,BBS,BHUBANESWAR,CTC,CUTTACK JN.,8
78503,BBS,BHUBANESWAR,BAM,BERHAMPUR,28
78504,BAM,BERHAMPUR,BBS,BHUBANESWAR,28
78505,BAM,BERHAMPUR,PSA,PALASA,10
78511,VBL,BOBBILI JN.,SALR,SALUR,4
78512,SALR,SALUR,VBL,BOBBILI JN.,4
78513,VBL,BOBBILI JN.,SALR,SALUR,4
78514,SALR,SALUR,VBL,BOBBILI JN.,4
78515,VBL,BOBBILI JN.,SALR,SALUR,4
78516,SALR,SALUR,VBL,BOBBILI JN.,4
78517,VBL,BOBBILI JN.,SALR,SALUR,4
78518,SALR,SALUR,VBL,BOBBILI JN.,4
78519,VBL,BOBBILI JN.,SALR,SALUR,4
78520,SALR,SALUR,VBL,BOBBILI JN.,4
78531,VZM,VIZIANAGARAM,VSKP,VISAKHAPATNA,10
78534,VZM,VIZIANAGARAM,PSA,PALASA,18
78801,G,GONDIA JN.,KGE,KATANGI,16
78802,KGE,KATANGI,G,GONDIA JN.,16
78803,G,GONDIA JN.,KGE,KATANGI,16
78804,KGE,KATANGI,G,GONDIA JN.,16
78805,G,GONDIA JN.,KGE,KATANGI,16
78806,KGE,KATANGI,G,GONDIA JN.,16
78807,G,GONDIA JN.,WRI,WARASEONI,12
78808,WRI,WARASEONI,G,GONDIA JN.,12
78809,G,GONDIA JN.,KGE,KATANGI,16
78810,KGE,KATANGI,G,GONDIA JN.,16
78811,TMR,TUMSAR RD,TRDI,TIRODI,9
78812,TRDI,TIRODI,TMR,TUMSAR RD,9
78813,TMR,TUMSAR RD,TRDI,TIRODI,9
78814,TRDI,TIRODI,TMR,TUMSAR RD,9
78815,R,RAIPUR JN.,GUDM,GUDUM,19
78816,DRZ,DALLI-RAJHAR,R,RAIPUR JN.,18
78817,DURG,DURG,DRZ,DALLI-RAJHAR,10
78818,GUDM,GUDUM,DURG,DURG,11
78819,BPQ,BALHARSHAH,G,GONDIA JN.,28
78820,G,GONDIA JN.,BPQ,BALHARSHAH,28
78821,G,GONDIA JN.,KGE,KATANGI,16
78822,KGE,KATANGI,G,GONDIA JN.,16
78824,DURG,DURG,DRZ,DALLI-RAJHAR,10
78825,DRZ,DALLI-RAJHAR,DURG,DURG,10
78826,DRZ,DALLI-RAJHAR,DURG,DURG,10
78827,DURG,DURG,DRZ,DALLI-RAJHAR,10
79301,RTM,RATLAM JN,BHL,BHILWARA,26
79302,BHL,BHILWARA,RTM,RATLAM JN,26
79303,RTM,RATLAM JN,COR,CHITTAURGARH,19
79304,COR,CHITTAURGARH,RTM,RATLAM JN,18
79305,DADN,MHOW,RTM,RATLAM JN,20
79306,RTM,RATLAM JN,DADN,MHOW,20
79307,DADN,MHOW,INDB,INDORE BG,6
79308,INDB,INDORE BG,DADN,MHOW,6
79309,DADN,MHOW,RTM,RATLAM JN,20
79310,RTM,RATLAM JN,DADN,MHOW,20
79311,DADN,MHOW,INDB,INDORE BG,6
79312,INDB,INDORE BG,DADN,MHOW,6
79313,DADN,MHOW,RTM,RATLAM JN,20
79314,RTM,RATLAM JN,DADN,MHOW,20
79315,DADN,MHOW,INDB,INDORE BG,6
79316,INDB,INDORE BG,DADN,MHOW,6
79317,DADN,MHOW,RTM,RATLAM JN,20
79318,RTM,RATLAM JN,DADN,MHOW,20
79319,INDB,INDORE BG,DADN,MHOW,6
79320,DADN,MHOW,INDB,INDORE BG,6
79321,INDB,INDORE BG,DADN,MHOW,6
79322,DADN,MHOW,INDB,INDORE BG,6
79323,INDB,INDORE BG,DADN,MHOW,6
79324,DADN,MHOW,INDB,INDORE BG,6
79325,INDB,INDORE BG,DADN,MHOW,6
79326,DADN,MHOW,INDB,INDORE BG,6
7941,CCT,KAKINADA TOW,RU,RENIGUNTA JN,12
79413,ANND,ANAND JN.,CBY,KHAMBHAT,13
79414,CBY,KHAMBHAT,ANND,ANAND JN.,13
79415,ANND,ANAND JN.,CBY,KHAMBHAT,13
79416,CBY,KHAMBHAT,ANND,ANAND JN.,13
79417,ANND,ANAND JN.,CBY,KHAMBHAT,13
79418,CBY,KHAMBHAT,ANND,ANAND JN.,13
79419,ANND,ANAND JN.,CBY,KHAMBHAT,13
7942,TPTY,TIRUPATI,CCT,KAKINADA TOW,13
79420,CBY,KHAMBHAT,ANND,ANAND JN.,13
79421,ANND,ANAND JN.,CBY,KHAMBHAT,13
79422,CBY,KHAMBHAT,ANND,ANAND JN.,13
79423,ANND,ANAND JN.,CBY,KHAMBHAT,13
79424,CBY,KHAMBHAT,ANND,ANAND JN.,13
79425,ANND,ANAND JN.,CBY,KHAMBHAT,13
79426,CBY,KHAMBHAT,ANND,ANAND JN.,13
79427,ANND,ANAND JN.,CBY,KHAMBHAT,13
79428,CBY,KHAMBHAT,ANND,ANAND JN.,13
79429,ANND,ANAND JN.,ADI,AHMEDABAD,5
79430,ADI,AHMEDABAD,ANND,ANAND JN.,5
79431,ADI,AHMEDABAD,MSH,MAHESANA JN,10
79432,MSH,MAHESANA JN,ADI,AHMEDABAD,10
79433,ADI,AHMEDABAD,PTN,PATAN,15
79434,PTN,PATAN,ADI,AHMEDABAD,15
79435,ADI,AHMEDABAD,PTN,PATAN,15
79436,PTN,PATAN,ADI,AHMEDABAD,15
79437,MSH,MAHESANA JN,ABR,ABU ROAD,17
79438,ABR,ABU ROAD,MSH,MAHESANA JN,17
79441,WKR,WANKANER,MVI,MORVI,5
79442,MVI,MORVI,WKR,WANKANER,5
79443,WKR,WANKANER,MVI,MORVI,5
79444,MVI,MORVI,WKR,WANKANER,5
79445,WKR,WANKANER,RJT,RAJKOT,14
79446,MVI,MORVI,WKR,WANKANER,5
79447,WKR,WANKANER,MVI,MORVI,5
79448,MVI,MORVI,WKR,WANKANER,6
79449,MVI,MORVI,MALB,MALIYA MIYAN,7
79450,MALB,MALIYA MIYAN,MVI,MORVI,7
79451,WKR,WANKANER,MVI,MORVI,5
79452,MVI,MORVI,WKR,WANKANER,5
79453,WKR,WANKANER,MVI,MORVI,5
79454,RJT,RAJKOT,WKR,WANKANER,16
79455,BRC,VADODARA JN.,CTD,CHHOTA UDEPU,19
79456,CTD,CHHOTA UDEPU,BRC,VADODARA JN.,19
79457,SUNR,SURENDRANAGA,DHG,DHRANGADHRA,2
79458,DHG,DHRANGADHRA,SUNR,SURENDRANAGA,2
79459,SUNR,SURENDRANAGA,DHG,DHRANGADHRA,2
79460,DHG,DHRANGADHRA,SUNR,SURENDRANAGA,2
79481,VJF,VIJAPUR,AJM,ADRAJ MOTI,2
79482,AJM,ADRAJ MOTI,VJF,VIJAPUR,2
79483,VJF,VIJAPUR,AJM,ADRAJ MOTI,2
79484,AJM,ADRAJ MOTI,VJF,VIJAPUR,2
79485,VJF,VIJAPUR,UMNF,AMBLIYASAN J,2
79486,UMNF,AMBLIYASAN J,VJF,VIJAPUR,2
79487,VJF,VIJAPUR,UMNF,AMBLIYASAN J,2
79488,UMNF,AMBLIYASAN J,VJF,VIJAPUR,2
79489,VJF,VIJAPUR,UMNF,AMBLIYASAN J,2
79490,UMNF,AMBLIYASAN J,VJF,VIJAPUR,2
8001,KGP,KHARAGPUR,JGM,JHARGRAM,2
8002,JGM,JHARGRAM,KGP,KHARAGPUR,2
8014,MDN,MIDNAPORE,KGP,KHARAGPUR,4
8017,KGP,KHARAGPUR,JGM,JHARGRAM,6
8018,JGM,JHARGRAM,KGP,KHARAGPUR,6
8035,KGP,KHARAGPUR,BLS,BALASORE,19
8036,BLS,BALASORE,KGP,KHARAGPUR,19
8051,KGP,KHARAGPUR,JGM,JHARGRAM,3
8052,JGM,JHARGRAM,KGP,KHARAGPUR,5
8061,SHM,SHALIMAR,JP,JAIPUR JN.,24
8062,JP,JAIPUR JN.,SHM,SHALIMAR,24
8063,KGP,KHARAGPUR,BQA,BANKURA,17
8064,YPR,YESVANTPUR J,HWH,HOWRAH JN.,16
8065,KGP,KHARAGPUR,BQA,BANKURA,17
8082,BQA,BANKURA,VSU,BISHNUPUR,6
8087,VSU,BISHNUPUR,BQA,BANKURA,6
8101,CBSA,CHAIBASA,CKP,CHAKARADHARP,5
8102,CKP,CHAKARADHARP,CBSA,CHAIBASA,5
82355,PNBE,PATNA JN.,CSMT,CST-MUMBAI,7
82601,MS,CHENNAI EGMO,TEN,TIRUNELVELI,11
82606,TEN,TIRUNELVELI,MS,CHENNAI EGMO,15
82631,MAS,CHENNAI CENT,ERS,ERNAKULAM. J,13
82635,MAS,CHENNAI CENT,QLN,QUILON,18
82651,YPR,YESVANTPUR J,SVDK,SHRI MATA VA,22
82652,SVDK,SHRI MATA VA,YPR,YESVANTPUR J,22
82653,YPR,YESVANTPUR J,JP,JAIPUR JN.,22
82654,JP,JAIPUR JN.,YPR,YESVANTPUR J,18
82665,YPR,YESVANTPUR J,VSG,VASCO-DA-GAM,15
82666,VSG,VASCO-DA-GAM,YPR,YESVANTPUR J,15
8301,SBP,SAMBALPUR JN,BAND,BANASWADI,15
8302,BAND,BANASWADI,SBP,SAMBALPUR JN,15
8403,PURI,PURI,SRC,SANTRAGACHI,9
8404,SRC,SANTRAGACHI,PURI,PURI,9
8501,VSKP,VISAKHAPATNA,SC,SECUNDERABAD,13
8502,SC,SECUNDERABAD,VSKP,VISAKHAPATNA,13
8511,KRDL,KIRANDUL,VSKP,VISAKHAPATNA,12
8512,VSKP,VISAKHAPATNA,KRDL,KIRANDUL,12
8567,VSKP,VISAKHAPATNA,QLN,QUILON,29
8568,QLN,QUILON,VSKP,VISAKHAPATNA,29
8573,VSKP,VISAKHAPATNA,TPTY,TIRUPATI,15
8574,TPTY,TIRUPATI,VSKP,VISAKHAPATNA,15
8581,BPQ,BALHARSHAH,CAF,CHANDAFORT,2
8582,CAF,CHANDAFORT,BPQ,BALHARSHAH,2
8617,RNC,RANCHI,ANVT,ANAND VIHAR,15
8618,ANVT,ANAND VIHAR,RNC,RANCHI,15
8627,HWH,HOWRAH JN.,RNC,RANCHI,13
8628,RNC,RANCHI,HWH,HOWRAH JN.,14
8872,DURG,DURG,G,GONDIA JN.,17
9003,BDTS,BANDRA TERMI,NZM,HAZRAT NIZAM,5
9004,NZM,HAZRAT NIZAM,BDTS,BANDRA TERMI,5
9005,BCT,MUMBAI CENTR,NDLS,NEW DELHI,4
9006,NDLS,NEW DELHI,BCT,MUMBAI CENTR,4
9011,BDTS,BANDRA TERMI,BKN,BIKANER JN.,20
9012,BKN,BIKANER JN.,BDTS,BANDRA TERMI,20
90540,VR,VIRAR,CCG,CHURCHGATE,2
90981,CCG,CHURCHGATE,VR,VIRAR,2
91392,RVJ,RAVLI JN,CSMT,CST-MUMBAI,2
91393,CSMT,CST-MUMBAI,RVJ,RAVLI JN,2
91394,RVJ,RAVLI JN,CSMT,CST-MUMBAI,2
91395,CSMT,CST-MUMBAI,RVJ,RAVLI JN,2
91396,RVJ,RAVLI JN,CSMT,CST-MUMBAI,2
91491,CSMT,CST-MUMBAI,RVJ,RAVLI JN,2
93001,VR,VIRAR,DRD,DAHANU ROAD,2
93002,DRD,DAHANU ROAD,ADH,ANDHERI,2
93003,VR,VIRAR,DRD,DAHANU ROAD,2
93004,DRD,DAHANU ROAD,VR,VIRAR,2
93005,CCG,CHURCHGATE,DRD,DAHANU ROAD,2
93006,DRD,DAHANU ROAD,CCG,CHURCHGATE,2
93007,CCG,CHURCHGATE,DRD,DAHANU ROAD,2
93008,DRD,DAHANU ROAD,BVI,BORIVLI,2
93009,ADH,ANDHERI,DRD,DAHANU ROAD,2
93010,DRD,DAHANU ROAD,VR,VIRAR,2
93011,VR,VIRAR,DRD,DAHANU ROAD,2
93012,DRD,DAHANU ROAD,VR,VIRAR,2
93013,BVI,BORIVLI,DRD,DAHANU ROAD,2
93014,DRD,DAHANU ROAD,VR,VIRAR,2
93015,CCG,CHURCHGATE,DRD,DAHANU ROAD,2
93016,DRD,DAHANU ROAD,CCG,CHURCHGATE,2
93017,VR,VIRAR,DRD,DAHANU ROAD,2
93018,DRD,DAHANU ROAD,VR,VIRAR,2
93019,VR,VIRAR,DRD,DAHANU ROAD,2
93020,DRD,DAHANU ROAD,DDR,DADAR,2
93021,VR,VIRAR,DRD,DAHANU ROAD,2
93022,DRD,DAHANU ROAD,DDR,DADAR,2
93023,VR,VIRAR,DRD,DAHANU ROAD,2
93024,DRD,DAHANU ROAD,VR,VIRAR,2
93025,CCG,CHURCHGATE,DRD,DAHANU ROAD,2
93026,DRD,DAHANU ROAD,CCG,CHURCHGATE,2
93027,DDR,DADAR,DRD,DAHANU ROAD,2
93028,DRD,DAHANU ROAD,CCG,CHURCHGATE,2
93029,DDR,DADAR,DRD,DAHANU ROAD,2
93030,DRD,DAHANU ROAD,CCG,CHURCHGATE,2
93031,VR,VIRAR,DRD,DAHANU ROAD,8
93032,DRD,DAHANU ROAD,VR,VIRAR,2
93033,CCG,CHURCHGATE,DRD,DAHANU ROAD,2
93034,DRD,DAHANU ROAD,VR,VIRAR,9
93101,VR,VIRAR,DRD,DAHANU ROAD,9
93102,DRD,DAHANU ROAD,VR,VIRAR,9
93103,CCG,CHURCHGATE,DRD,DAHANU ROAD,17
93104,DRD,DAHANU ROAD,VR,VIRAR,9
93105,VR,VIRAR,DRD,DAHANU ROAD,9
93109,VR,VIRAR,DRD,DAHANU ROAD,9
9433,BDTS,BANDRA TERMI,GIMB,GANDHIDHAM J,14
9434,GIMB,GANDHIDHAM J,BDTS,BANDRA TERMI,14
95001,KYN,KALYAN JN,PDI,PALASDARI,10
95002,PDI,PALASDARI,KYN,KALYAN JN,8
95003,KYN,KALYAN JN,PDI,PALASDARI,10
95004,PDI,PALASDARI,KYN,KALYAN JN,8
95005,KYN,KALYAN JN,PDI,PALASDARI,10
95006,PDI,PALASDARI,KYN,KALYAN JN,8
95007,KYN,KALYAN JN,PDI,PALASDARI,10
95008,PDI,PALASDARI,KYN,KALYAN JN,8
95009,KYN,KALYAN JN,PDI,PALASDARI,10
95010,PDI,PALASDARI,KYN,KALYAN JN,8
95011,KYN,KALYAN JN,PDI,PALASDARI,10
95012,PDI,PALASDARI,KYN,KALYAN JN,8
95013,KYN,KALYAN JN,PDI,PALASDARI,8
95101,KYN,KALYAN JN,KJT,KARJAT,9
95102,KJT,KARJAT,KYN,KALYAN JN,7
95103,KYN,KALYAN JN,KJT,KARJAT,9
95104,KJT,KARJAT,KYN,KALYAN JN,7
95105,KYN,KALYAN JN,KJT,KARJAT,9
95106,KJT,KARJAT,KYN,KALYAN JN,7
95107,KYN,KALYAN JN,KJT,KARJAT,9
95108,KJT,KARJAT,KYN,KALYAN JN,7
95109,KYN,KALYAN JN,KJT,KARJAT,9
95110,KJT,KARJAT,KYN,KALYAN JN,7
95111,KYN,KALYAN JN,KJT,KARJAT,9
95112,KJT,KARJAT,KYN,KALYAN JN,7
95113,KYN,KALYAN JN,KJT,KARJAT,9
95114,KJT,KARJAT,KYN,KALYAN JN,7
95115,KYN,KALYAN JN,KJT,KARJAT,9
95116,KJT,KARJAT,KYN,KALYAN JN,7
95117,KYN,KALYAN JN,KJT,KARJAT,9
95118,KJT,KARJAT,KYN,KALYAN JN,7
95119,KYN,KALYAN JN,KJT,KARJAT,9
95120,KJT,KARJAT,KYN,KALYAN JN,7
95121,KYN,KALYAN JN,KJT,KARJAT,9
95122,KJT,KARJAT,KYN,KALYAN JN,7
95123,KYN,KALYAN JN,KJT,KARJAT,9
95124,KJT,KARJAT,KYN,KALYAN JN,7
95125,KYN,KALYAN JN,KJT,KARJAT,9
95126,KJT,KARJAT,KYN,KALYAN JN,7
95127,KYN,KALYAN JN,KJT,KARJAT,9
95128,KJT,KARJAT,KYN,KALYAN JN,7
95129,KYN,KALYAN JN,KJT,KARJAT,9
95130,KJT,KARJAT,KYN,KALYAN JN,7
95131,KYN,KALYAN JN,KJT,KARJAT,9
95132,KJT,KARJAT,KYN,KALYAN JN,7
95134,KJT,KARJAT,KYN,KALYAN JN,7
95136,KJT,KARJAT,KYN,KALYAN JN,7
95138,KJT,KARJAT,KYN,KALYAN JN,7
95140,KJT,KARJAT,KYN,KALYAN JN,7
95142,KJT,KARJAT,KYN,KALYAN JN,7
95144,KJT,KARJAT,KYN,KALYAN JN,7
95201,KYN,KALYAN JN,BUD,BADLAPUR,5
95202,BUD,BADLAPUR,KYN,KALYAN JN,3
95203,KYN,KALYAN JN,BUD,BADLAPUR,5
95204,BUD,BADLAPUR,KYN,KALYAN JN,3
95205,KYN,KALYAN JN,BUD,BADLAPUR,5
95206,BUD,BADLAPUR,KYN,KALYAN JN,3
95207,KYN,KALYAN JN,BUD,BADLAPUR,5
95208,BUD,BADLAPUR,KYN,KALYAN JN,3
95209,KYN,KALYAN JN,BUD,BADLAPUR,5
95210,BUD,BADLAPUR,KYN,KALYAN JN,3
95211,KYN,KALYAN JN,BUD,BADLAPUR,5
95212,BUD,BADLAPUR,KYN,KALYAN JN,3
95213,KYN,KALYAN JN,BUD,BADLAPUR,5
95214,BUD,BADLAPUR,KYN,KALYAN JN,3
95215,KYN,KALYAN JN,BUD,BADLAPUR,5
95216,BUD,BADLAPUR,KYN,KALYAN JN,3
95217,KYN,KALYAN JN,BUD,BADLAPUR,5
95218,BUD,BADLAPUR,KYN,KALYAN JN,3
95219,KYN,KALYAN JN,BUD,BADLAPUR,5
95220,BUD,BADLAPUR,KYN,KALYAN JN,3
95221,KYN,KALYAN JN,BUD,BADLAPUR,5
95222,BUD,BADLAPUR,KYN,KALYAN JN,3
95223,KYN,KALYAN JN,BUD,BADLAPUR,5
95224,BUD,BADLAPUR,KYN,KALYAN JN,3
95225,KYN,KALYAN JN,BUD,BADLAPUR,5
95226,BUD,BADLAPUR,KYN,KALYAN JN,3
95227,KYN,KALYAN JN,BUD,BADLAPUR,5
95228,BUD,BADLAPUR,KYN,KALYAN JN,3
95229,KYN,KALYAN JN,BUD,BADLAPUR,5
95230,BUD,BADLAPUR,KYN,KALYAN JN,3
95231,KYN,KALYAN JN,BUD,BADLAPUR,5
95232,BUD,BADLAPUR,KYN,KALYAN JN,3
95233,KYN,KALYAN JN,BUD,BADLAPUR,5
95234,BUD,BADLAPUR,KYN,KALYAN JN,3
95235,KYN,KALYAN JN,BUD,BADLAPUR,5
95236,BUD,BADLAPUR,KYN,KALYAN JN,3
95237,KYN,KALYAN JN,BUD,BADLAPUR,5
95239,KYN,KALYAN JN,BUD,BADLAPUR,5
95241,KYN,KALYAN JN,BUD,BADLAPUR,5
95301,KYN,KALYAN JN,ABH,AMBERNATH,4
95302,ABH,AMBERNATH,KYN,KALYAN JN,2
95303,KYN,KALYAN JN,ABH,AMBERNATH,4
95304,ABH,AMBERNATH,KYN,KALYAN JN,2
95305,KYN,KALYAN JN,ABH,AMBERNATH,4
95306,ABH,AMBERNATH,KYN,KALYAN JN,2
95307,KYN,KALYAN JN,ABH,AMBERNATH,4
95308,ABH,AMBERNATH,KYN,KALYAN JN,2
95309,KYN,KALYAN JN,ABH,AMBERNATH,4
95310,ABH,AMBERNATH,KYN,KALYAN JN,2
95311,KYN,KALYAN JN,ABH,AMBERNATH,4
95312,ABH,AMBERNATH,KYN,KALYAN JN,2
95313,KYN,KALYAN JN,ABH,AMBERNATH,4
95314,ABH,AMBERNATH,KYN,KALYAN JN,2
95315,KYN,KALYAN JN,ABH,AMBERNATH,4
95316,ABH,AMBERNATH,KYN,KALYAN JN,2
95317,KYN,KALYAN JN,ABH,AMBERNATH,4
95318,ABH,AMBERNATH,KYN,KALYAN JN,2
95319,KYN,KALYAN JN,ABH,AMBERNATH,4
95320,ABH,AMBERNATH,KYN,KALYAN JN,2
95321,KYN,KALYAN JN,ABH,AMBERNATH,4
95322,ABH,AMBERNATH,KYN,KALYAN JN,2
95323,KYN,KALYAN JN,ABH,AMBERNATH,4
95324,ABH,AMBERNATH,KYN,KALYAN JN,2
95325,KYN,KALYAN JN,ABH,AMBERNATH,4
95326,ABH,AMBERNATH,KYN,KALYAN JN,2
95327,KYN,KALYAN JN,ABH,AMBERNATH,4
95328,ABH,AMBERNATH,KYN,KALYAN JN,2
95329,KYN,KALYAN JN,ABH,AMBERNATH,4
95330,ABH,AMBERNATH,KYN,KALYAN JN,2
95331,KYN,KALYAN JN,ABH,AMBERNATH,4
95332,ABH,AMBERNATH,KYN,KALYAN JN,2
95334,ABH,AMBERNATH,KYN,KALYAN JN,2
95336,ABH,AMBERNATH,KYN,KALYAN JN,2
95338,ABH,AMBERNATH,KYN,KALYAN JN,2
95340,ABH,AMBERNATH,KYN,KALYAN JN,2
95342,ABH,AMBERNATH,KYN,KALYAN JN,2
95401,KYN,KALYAN JN,KSRA,KASARA,12
95402,KSRA,KASARA,KYN,KALYAN JN,10
95403,KYN,KALYAN JN,KSRA,KASARA,12
95404,KSRA,KASARA,KYN,KALYAN JN,10
95405,KYN,KALYAN JN,KSRA,KASARA,12
95406,KSRA,KASARA,KYN,KALYAN JN,10
95407,KYN,KALYAN JN,KSRA,KASARA,12
95408,KSRA,KASARA,KYN,KALYAN JN,10
95409,KYN,KALYAN JN,KSRA,KASARA,12
95410,KSRA,KASARA,KYN,KALYAN JN,10
95411,KYN,KALYAN JN,KSRA,KASARA,12
95412,KSRA,KASARA,KYN,KALYAN JN,10
95413,KYN,KALYAN JN,KSRA,KASARA,12
95414,KSRA,KASARA,KYN,KALYAN JN,10
95415,KYN,KALYAN JN,KSRA,KASARA,12
95416,KSRA,KASARA,KYN,KALYAN JN,10
95417,KYN,KALYAN JN,KSRA,KASARA,12
95418,KSRA,KASARA,KYN,KALYAN JN,10
95419,KYN,KALYAN JN,KSRA,KASARA,12
95420,KSRA,KASARA,KYN,KALYAN JN,10
95421,KYN,KALYAN JN,KSRA,KASARA,12
95422,KSRA,KASARA,KYN,KALYAN JN,10
95423,KYN,KALYAN JN,KSRA,KASARA,12
95424,KSRA,KASARA,KYN,KALYAN JN,10
95425,KYN,KALYAN JN,KSRA,KASARA,12
95426,KSRA,KASARA,KYN,KALYAN JN,10
95428,KSRA,KASARA,KYN,KALYAN JN,10
95430,KSRA,KASARA,KYN,KALYAN JN,10
95501,KYN,KALYAN JN,ASO,ASANGAON,7
95502,ASO,ASANGAON,KYN,KALYAN JN,5
95503,KYN,KALYAN JN,ASO,ASANGAON,7
95504,ASO,ASANGAON,KYN,KALYAN JN,5
95505,KYN,KALYAN JN,ASO,ASANGAON,7
95506,ASO,ASANGAON,KYN,KALYAN JN,5
95507,KYN,KALYAN JN,ASO,ASANGAON,7
95508,ASO,ASANGAON,KYN,KALYAN JN,5
95509,KYN,KALYAN JN,ASO,ASANGAON,7
95510,ASO,ASANGAON,KYN,KALYAN JN,5
95511,KYN,KALYAN JN,ASO,ASANGAON,7
95512,ASO,ASANGAON,KYN,KALYAN JN,5
95513,KYN,KALYAN JN,ASO,ASANGAON,7
95514,ASO,ASANGAON,KYN,KALYAN JN,5
95515,KYN,KALYAN JN,ASO,ASANGAON,7
95516,ASO,ASANGAON,KYN,KALYAN JN,5
95517,KYN,KALYAN JN,ASO,ASANGAON,7
95601,KYN,KALYAN JN,TLA,TITVALA,4
95602,TLA,TITVALA,KYN,KALYAN JN,2
95603,KYN,KALYAN JN,TLA,TITVALA,4
95604,TLA,TITVALA,KYN,KALYAN JN,2
95605,KYN,KALYAN JN,TLA,TITVALA,4
95606,TLA,TITVALA,KYN,KALYAN JN,2
95607,KYN,KALYAN JN,TLA,TITVALA,4
95608,TLA,TITVALA,KYN,KALYAN JN,2
95609,KYN,KALYAN JN,TLA,TITVALA,4
95610,TLA,TITVALA,KYN,KALYAN JN,2
95611,KYN,KALYAN JN,TLA,TITVALA,4
95612,TLA,TITVALA,KYN,KALYAN JN,2
95613,KYN,KALYAN JN,TLA,TITVALA,4
95614,TLA,TITVALA,KYN,KALYAN JN,2
95615,KYN,KALYAN JN,TLA,TITVALA,4
95616,TLA,TITVALA,KYN,KALYAN JN,2
95617,KYN,KALYAN JN,TLA,TITVALA,4
95619,KYN,KALYAN JN,TLA,TITVALA,4
95701,CSMT,CST-MUMBAI,KYN,KALYAN JN,7
95702,KYN,KALYAN JN,CSMT,CST-MUMBAI,17
95703,CSMT,CST-MUMBAI,KYN,KALYAN JN,9
95704,KYN,KALYAN JN,CSMT,CST-MUMBAI,9
95705,CSMT,CST-MUMBAI,KYN,KALYAN JN,9
95706,KYN,KALYAN JN,DR,DADAR,12
95707,CSMT,CST-MUMBAI,KYN,KALYAN JN,16
95708,KYN,KALYAN JN,CSMT,CST-MUMBAI,13
95709,CSMT,CST-MUMBAI,KYN,KALYAN JN,16
95710,KYN,KALYAN JN,CSMT,CST-MUMBAI,14
95711,CSMT,CST-MUMBAI,KYN,KALYAN JN,17
95712,KYN,KALYAN JN,CSMT,CST-MUMBAI,9
95713,DR,DADAR,KYN,KALYAN JN,6
95714,KYN,KALYAN JN,CSMT,CST-MUMBAI,14
95715,CSMT,CST-MUMBAI,KYN,KALYAN JN,14
95716,KYN,KALYAN JN,CSMT,CST-MUMBAI,13
95717,CSMT,CST-MUMBAI,KYN,KALYAN JN,8
95718,KYN,KALYAN JN,CSMT,CST-MUMBAI,14
95719,CSMT,CST-MUMBAI,KYN,KALYAN JN,8
95720,KYN,KALYAN JN,CSMT,CST-MUMBAI,14
95721,CSMT,CST-MUMBAI,KYN,KALYAN JN,19
95722,KYN,KALYAN JN,DR,DADAR,6
95723,DR,DADAR,KYN,KALYAN JN,7
95724,KYN,KALYAN JN,CSMT,CST-MUMBAI,8
95725,DR,DADAR,KYN,KALYAN JN,7
95726,KYN,KALYAN JN,CSMT,CST-MUMBAI,8
95727,CSMT,CST-MUMBAI,KYN,KALYAN JN,14
95728,KYN,KALYAN JN,CSMT,CST-MUMBAI,14
95729,DR,DADAR,KYN,KALYAN JN,12
95730,KYN,KALYAN JN,DR,DADAR,6
95731,CSMT,CST-MUMBAI,KYN,KALYAN JN,13
95732,KYN,KALYAN JN,CSMT,CST-MUMBAI,13
95733,CSMT,CST-MUMBAI,KYN,KALYAN JN,14
95734,KYN,KALYAN JN,DR,DADAR,6
95735,DR,DADAR,KYN,KALYAN JN,12
95736,KYN,KALYAN JN,CSMT,CST-MUMBAI,13
95737,CSMT,CST-MUMBAI,KYN,KALYAN JN,14
95738,KYN,KALYAN JN,CSMT,CST-MUMBAI,14
95739,CSMT,CST-MUMBAI,KYN,KALYAN JN,9
95740,KYN,KALYAN JN,CSMT,CST-MUMBAI,2
95741,CSMT,CST-MUMBAI,KYN,KALYAN JN,14
95742,KYN,KALYAN JN,CSMT,CST-MUMBAI,14
95743,CSMT,CST-MUMBAI,KYN,KALYAN JN,17
95744,KYN,KALYAN JN,CSMT,CST-MUMBAI,8
95745,CSMT,CST-MUMBAI,KYN,KALYAN JN,9
95746,KYN,KALYAN JN,CSMT,CST-MUMBAI,9
95801,CSMT,CST-MUMBAI,DI,DOMBIVLI,11
95802,DI,DOMBIVLI,CSMT,CST-MUMBAI,12
95804,DI,DOMBIVLI,CSMT,CST-MUMBAI,11
95805,CSMT,CST-MUMBAI,DI,DOMBIVLI,14
95808,DI,DOMBIVLI,CSMT,CST-MUMBAI,11
95901,CSMT,CST-MUMBAI,TNA,THANE,6
95902,TNA,THANE,CSMT,CST-MUMBAI,7
95903,CSMT,CST-MUMBAI,TNA,THANE,7
95904,TNA,THANE,CSMT,CST-MUMBAI,7
95905,CSMT,CST-MUMBAI,TNA,THANE,5
95906,TNA,THANE,CSMT,CST-MUMBAI,7
95907,CSMT,CST-MUMBAI,TNA,THANE,6
95908,TNA,THANE,CSMT,CST-MUMBAI,7
95909,CSMT,CST-MUMBAI,TNA,THANE,6
95910,TNA,THANE,CSMT,CST-MUMBAI,7
95911,CSMT,CST-MUMBAI,TNA,THANE,6
95912,TNA,THANE,CSMT,CST-MUMBAI,7
95913,CSMT,CST-MUMBAI,TNA,THANE,10
95917,CSMT,CST-MUMBAI,TNA,THANE,6
95919,CSMT,CST-MUMBAI,TNA,THANE,9
96001,KJT,KARJAT,PDI,PALASDARI,2
96002,PDI,PALASDARI,KJT,KARJAT,2
96003,KYN,KALYAN JN,PDI,PALASDARI,10
96004,PDI,PALASDARI,KJT,KARJAT,2
96005,KJT,KARJAT,PDI,PALASDARI,2
96006,PDI,PALASDARI,KJT,KARJAT,2
96007,KJT,KARJAT,PDI,PALASDARI,2
96008,PDI,PALASDARI,KJT,KARJAT,2
96009,KJT,KARJAT,PDI,PALASDARI,2
96010,PDI,PALASDARI,KJT,KARJAT,2
96011,KJT,KARJAT,PDI,PALASDARI,2
96012,PDI,PALASDARI,KJT,KARJAT,2
96013,KJT,KARJAT,PDI,PALASDARI,2
96014,PDI,PALASDARI,KJT,KARJAT,2
96015,KJT,KARJAT,PDI,PALASDARI,2
96016,PDI,PALASDARI,KJT,KARJAT,2
96017,KJT,KARJAT,PDI,PALASDARI,2
96018,PDI,PALASDARI,KJT,KARJAT,2
96019,KYN,KALYAN JN,PDI,PALASDARI,10
96020,PDI,PALASDARI,KYN,KALYAN JN,8
96022,PDI,PALASDARI,KJT,KARJAT,2
96101,KYN,KALYAN JN,KJT,KARJAT,9
96102,KJT,KARJAT,KYN,KALYAN JN,7
96103,KYN,KALYAN JN,KJT,KARJAT,9
96104,KJT,KARJAT,KYN,KALYAN JN,7
96105,KYN,KALYAN JN,KJT,KARJAT,9
96106,KJT,KARJAT,KYN,KALYAN JN,7
96107,KYN,KALYAN JN,KJT,KARJAT,9
96108,KJT,KARJAT,KYN,KALYAN JN,7
96109,KYN,KALYAN JN,KJT,KARJAT,9
96110,KJT,KARJAT,KYN,KALYAN JN,7
96111,KYN,KALYAN JN,KJT,KARJAT,9
96112,KJT,KARJAT,KYN,KALYAN JN,7
96113,KYN,KALYAN JN,KJT,KARJAT,9
96114,KJT,KARJAT,CSMT,CST-MUMBAI,30
96115,KYN,KALYAN JN,KJT,KARJAT,9
96116,KJT,KARJAT,CSMT,CST-MUMBAI,30
96117,KYN,KALYAN JN,KJT,KARJAT,9
96119,KYN,KALYAN JN,KJT,KARJAT,9
96121,KYN,KALYAN JN,KJT,KARJAT,9
96201,KYN,KALYAN JN,BUD,BADLAPUR,5
96202,BUD,BADLAPUR,KYN,KALYAN JN,3
96203,KYN,KALYAN JN,BUD,BADLAPUR,5
96204,BUD,BADLAPUR,KYN,KALYAN JN,3
96205,KYN,KALYAN JN,BUD,BADLAPUR,5
96206,BUD,BADLAPUR,KYN,KALYAN JN,3
96207,KYN,KALYAN JN,BUD,BADLAPUR,5
96208,BUD,BADLAPUR,KYN,KALYAN JN,3
96209,KYN,KALYAN JN,BUD,BADLAPUR,5
9621,AII,AJMER JN.,BDTS,BANDRA TERMI,12
96210,BUD,BADLAPUR,KYN,KALYAN JN,3
96211,KYN,KALYAN JN,BUD,BADLAPUR,5
96212,BUD,BADLAPUR,KYN,KALYAN JN,3
96213,KYN,KALYAN JN,BUD,BADLAPUR,5
96214,BUD,BADLAPUR,KYN,KALYAN JN,3
96215,KYN,KALYAN JN,BUD,BADLAPUR,5
96216,BUD,BADLAPUR,KYN,KALYAN JN,3
96217,KYN,KALYAN JN,BUD,BADLAPUR,5
96218,BUD,BADLAPUR,KYN,KALYAN JN,3
96219,KYN,KALYAN JN,BUD,BADLAPUR,5
9622,BDTS,BANDRA TERMI,AII,AJMER JN.,12
96220,BUD,BADLAPUR,KYN,KALYAN JN,3
96221,KYN,KALYAN JN,BUD,BADLAPUR,5
96222,BUD,BADLAPUR,KYN,KALYAN JN,3
96223,KYN,KALYAN JN,BUD,BADLAPUR,5
96224,BUD,BADLAPUR,KYN,KALYAN JN,3
96225,KYN,KALYAN JN,BUD,BADLAPUR,5
96226,BUD,BADLAPUR,KYN,KALYAN JN,3
96227,KYN,KALYAN JN,BUD,BADLAPUR,5
96228,BUD,BADLAPUR,KYN,KALYAN JN,3
96232,BUD,BADLAPUR,KYN,KALYAN JN,3
96234,BUD,BADLAPUR,KYN,KALYAN JN,3
96236,BUD,BADLAPUR,CSMT,CST-MUMBAI,26
96301,KYN,KALYAN JN,ABH,AMBERNATH,4
96302,ABH,AMBERNATH,KYN,KALYAN JN,2
96303,KYN,KALYAN JN,ABH,AMBERNATH,4
96304,ABH,AMBERNATH,KYN,KALYAN JN,2
96305,KYN,KALYAN JN,ABH,AMBERNATH,4
96306,ABH,AMBERNATH,KYN,KALYAN JN,2
96307,KYN,KALYAN JN,ABH,AMBERNATH,4
96308,ABH,AMBERNATH,KYN,KALYAN JN,2
96309,KYN,KALYAN JN,ABH,AMBERNATH,4
96310,ABH,AMBERNATH,KYN,KALYAN JN,2
96311,KYN,KALYAN JN,ABH,AMBERNATH,4
96312,ABH,AMBERNATH,KYN,KALYAN JN,2
96313,KYN,KALYAN JN,ABH,AMBERNATH,4
96314,ABH,AMBERNATH,KYN,KALYAN JN,2
96315,KYN,KALYAN JN,ABH,AMBERNATH,4
96316,ABH,AMBERNATH,KYN,KALYAN JN,2
96317,KYN,KALYAN JN,ABH,AMBERNATH,4
96318,ABH,AMBERNATH,KYN,KALYAN JN,2
96319,KYN,KALYAN JN,ABH,AMBERNATH,4
96320,ABH,AMBERNATH,KYN,KALYAN JN,2
96321,KYN,KALYAN JN,ABH,AMBERNATH,4
96322,ABH,AMBERNATH,KYN,KALYAN JN,2
96323,KYN,KALYAN JN,ABH,AMBERNATH,4
96324,ABH,AMBERNATH,KYN,KALYAN JN,2
96325,KYN,KALYAN JN,ABH,AMBERNATH,4
96326,ABH,AMBERNATH,KYN,KALYAN JN,2
96327,KYN,KALYAN JN,ABH,AMBERNATH,4
96328,ABH,AMBERNATH,KYN,KALYAN JN,2
96329,KYN,KALYAN JN,ABH,AMBERNATH,4
96330,ABH,AMBERNATH,KYN,KALYAN JN,2
96331,KYN,KALYAN JN,ABH,AMBERNATH,4
96332,ABH,AMBERNATH,KYN,KALYAN JN,2
96333,KYN,KALYAN JN,ABH,AMBERNATH,4
96334,ABH,AMBERNATH,KYN,KALYAN JN,2
96335,KYN,KALYAN JN,ABH,AMBERNATH,4
96336,ABH,AMBERNATH,CSMT,CST-MUMBAI,25
96337,KYN,KALYAN JN,ABH,AMBERNATH,4
96339,KYN,KALYAN JN,ABH,AMBERNATH,4
96341,KYN,KALYAN JN,ABH,AMBERNATH,4
96343,KYN,KALYAN JN,ABH,AMBERNATH,4
96345,KYN,KALYAN JN,ABH,AMBERNATH,4
96401,KYN,KALYAN JN,KSRA,KASARA,12
96402,KSRA,KASARA,KYN,KALYAN JN,10
96403,KYN,KALYAN JN,KSRA,KASARA,12
96404,KSRA,KASARA,KYN,KALYAN JN,10
96405,KYN,KALYAN JN,KSRA,KASARA,12
96406,KSRA,KASARA,KYN,KALYAN JN,10
96407,KYN,KALYAN JN,KSRA,KASARA,12
96409,KYN,KALYAN JN,KSRA,KASARA,12
96501,TLA,TITVALA,ASO,ASANGAON,4
96502,ASO,ASANGAON,KYN,KALYAN JN,5
96503,KYN,KALYAN JN,ASO,ASANGAON,7
96504,ASO,ASANGAON,KYN,KALYAN JN,5
96505,KYN,KALYAN JN,ASO,ASANGAON,7
96506,ASO,ASANGAON,KYN,KALYAN JN,5
96507,KYN,KALYAN JN,ASO,ASANGAON,7
96508,ASO,ASANGAON,KYN,KALYAN JN,5
96509,KYN,KALYAN JN,ASO,ASANGAON,7
96510,ASO,ASANGAON,KYN,KALYAN JN,5
96511,KYN,KALYAN JN,ASO,ASANGAON,7
96512,ASO,ASANGAON,KYN,KALYAN JN,5
96513,KYN,KALYAN JN,ASO,ASANGAON,7
96514,ASO,ASANGAON,KYN,KALYAN JN,5
96515,KYN,KALYAN JN,ASO,ASANGAON,7
96516,ASO,ASANGAON,KYN,KALYAN JN,5
96517,KYN,KALYAN JN,ASO,ASANGAON,7
96518,ASO,ASANGAON,KYN,KALYAN JN,5
96519,KYN,KALYAN JN,ASO,ASANGAON,7
96520,ASO,ASANGAON,KYN,KALYAN JN,5
96521,KYN,KALYAN JN,ASO,ASANGAON,7
96522,ASO,ASANGAON,KYN,KALYAN JN,5
96524,ASO,ASANGAON,KYN,KALYAN JN,5
96601,KYN,KALYAN JN,TLA,TITVALA,4
96602,TLA,TITVALA,KYN,KALYAN JN,2
96603,KYN,KALYAN JN,TLA,TITVALA,4
96604,TLA,TITVALA,KYN,KALYAN JN,2
96605,KYN,KALYAN JN,TLA,TITVALA,4
96606,TLA,TITVALA,KYN,KALYAN JN,2
96607,KYN,KALYAN JN,TLA,TITVALA,4
96608,TLA,TITVALA,KYN,KALYAN JN,2
96609,KYN,KALYAN JN,TLA,TITVALA,4
96610,TLA,TITVALA,KYN,KALYAN JN,2
96611,KYN,KALYAN JN,TLA,TITVALA,4
96612,TLA,TITVALA,KYN,KALYAN JN,2
96613,KYN,KALYAN JN,TLA,TITVALA,4
96614,TLA,TITVALA,KYN,KALYAN JN,2
96615,KYN,KALYAN JN,TLA,TITVALA,4
96616,TLA,TITVALA,KYN,KALYAN JN,2
96617,KYN,KALYAN JN,TLA,TITVALA,4
96618,TLA,TITVALA,KYN,KALYAN JN,2
96619,KYN,KALYAN JN,TLA,TITVALA,4
96620,TLA,TITVALA,KYN,KALYAN JN,2
96621,KYN,KALYAN JN,TLA,TITVALA,4
96622,TLA,TITVALA,KYN,KALYAN JN,2
96623,KYN,KALYAN JN,TLA,TITVALA,4
96624,TLA,TITVALA,KYN,KALYAN JN,2
96625,KYN,KALYAN JN,TLA,TITVALA,4
96626,TLA,TITVALA,KYN,KALYAN JN,2
96627,KYN,KALYAN JN,TLA,TITVALA,4
96628,TLA,TITVALA,KYN,KALYAN JN,2
96629,KYN,KALYAN JN,TLA,TITVALA,4
96630,TLA,TITVALA,KYN,KALYAN JN,2
96631,KYN,KALYAN JN,TLA,TITVALA,4
96632,TLA,TITVALA,KYN,KALYAN JN,2
96633,KYN,KALYAN JN,TLA,TITVALA,4
96634,TLA,TITVALA,KYN,KALYAN JN,2
96635,KYN,KALYAN JN,TLA,TITVALA,4
96636,TLA,TITVALA,KYN,KALYAN JN,2
96637,KYN,KALYAN JN,TLA,TITVALA,4
96638,TLA,TITVALA,KYN,KALYAN JN,2
96639,KYN,KALYAN JN,TLA,TITVALA,4
96640,TLA,TITVALA,KYN,KALYAN JN,2
96641,KYN,KALYAN JN,TLA,TITVALA,4
96642,TLA,TITVALA,KYN,KALYAN JN,2
96643,KYN,KALYAN JN,TLA,TITVALA,4
96644,TLA,TITVALA,KYN,KALYAN JN,2
96645,KYN,KALYAN JN,TLA,TITVALA,4
96646,TLA,TITVALA,KYN,KALYAN JN,2
96647,KYN,KALYAN JN,TLA,TITVALA,4
96648,TLA,TITVALA,KYN,KALYAN JN,2
96649,KYN,KALYAN JN,TLA,TITVALA,4
96650,TLA,TITVALA,KYN,KALYAN JN,2
96651,KYN,KALYAN JN,TLA,TITVALA,4
96652,TLA,TITVALA,KYN,KALYAN JN,2
96653,KYN,KALYAN JN,TLA,TITVALA,4
96654,TLA,TITVALA,KYN,KALYAN JN,2
96655,KYN,KALYAN JN,TLA,TITVALA,4
96656,TLA,TITVALA,KYN,KALYAN JN,2
96657,CSMT,CST-MUMBAI,TLA,TITVALA,27
96658,TLA,TITVALA,KYN,KALYAN JN,2
96660,TLA,TITVALA,KYN,KALYAN JN,2
97000,KYN,KALYAN JN,CSMT,CST-MUMBAI,2
97001,VVH,VIDYAVIHAR,KYN,KALYAN JN,14
97002,KYN,KALYAN JN,CSMT,CST-MUMBAI,24
97003,VVH,VIDYAVIHAR,KYN,KALYAN JN,14
97004,KYN,KALYAN JN,CSMT,CST-MUMBAI,24
97005,VVH,VIDYAVIHAR,KYN,KALYAN JN,14
97006,KYN,KALYAN JN,CSMT,CST-MUMBAI,24
97007,VVH,VIDYAVIHAR,KYN,KALYAN JN,14
97008,KYN,KALYAN JN,CSMT,CST-MUMBAI,24
97009,VVH,VIDYAVIHAR,KYN,KALYAN JN,14
97010,KYN,KALYAN JN,CSMT,CST-MUMBAI,24
97011,CSMT,CST-MUMBAI,KYN,KALYAN JN,24
97012,KYN,KALYAN JN,DR,DADAR,17
97013,VVH,VIDYAVIHAR,KYN,KALYAN JN,13
97014,KYN,KALYAN JN,CSMT,CST-MUMBAI,24
97015,CSMT,CST-MUMBAI,KYN,KALYAN JN,24
97016,KYN,KALYAN JN,CSMT,CST-MUMBAI,24
97017,CSMT,CST-MUMBAI,KYN,KALYAN JN,24
97018,KYN,KALYAN JN,CSMT,CST-MUMBAI,24
97019,CSMT,CST-MUMBAI,KYN,KALYAN JN,24
97020,KYN,KALYAN JN,CSMT,CST-MUMBAI,24
97021,CSMT,CST-MUMBAI,KYN,KALYAN JN,24
97022,KYN,KALYAN JN,CSMT,CST-MUMBAI,24
97023,DR,DADAR,KYN,KALYAN JN,17
97024,KYN,KALYAN JN,CSMT,CST-MUMBAI,24
97025,CSMT,CST-MUMBAI,KYN,KALYAN JN,24
97026,KYN,KALYAN JN,DR,DADAR,17
97027,CSMT,CST-MUMBAI,KYN,KALYAN JN,24
97028,KYN,KALYAN JN,DR,DADAR,17
97029,CSMT,CST-MUMBAI,KYN,KALYAN JN,23
97030,KYN,KALYAN JN,CSMT,CST-MUMBAI,24
97031,CSMT,CST-MUMBAI,KYN,KALYAN JN,24
97032,KYN,KALYAN JN,CSMT,CST-MUMBAI,24
97033,TNA,THANE,KYN,KALYAN JN,8
97034,KYN,KALYAN JN,CSMT,CST-MUMBAI,24
97035,DR,DADAR,KYN,KALYAN JN,17
97036,KYN,KALYAN JN,CSMT,CST-MUMBAI,24
97037,CSMT,CST-MUMBAI,KYN,KALYAN JN,24
97038,KYN,KALYAN JN,CSMT,CST-MUMBAI,24
97039,CSMT,CST-MUMBAI,KYN,KALYAN JN,24
97040,KYN,KALYAN JN,CSMT,CST-MUMBAI,24
97041,CSMT,CST-MUMBAI,KYN,KALYAN JN,24
97042,KYN,KALYAN JN,CLA,KURLA,15
97043,DR,DADAR,KYN,KALYAN JN,17
97044,KYN,KALYAN JN,CSMT,CST-MUMBAI,24
97045,DR,DADAR,KYN,KALYAN JN,17
97046,KYN,KALYAN JN,TNA,THANE,8
97047,CSMT,CST-MUMBAI,KYN,KALYAN JN,24
97048,KYN,KALYAN JN,CSMT,CST-MUMBAI,24
97049,CSMT,CST-MUMBAI,KYN,KALYAN JN,24
97050,KYN,KALYAN JN,DR,DADAR,17
97051,CLA,KURLA,KYN,KALYAN JN,15
97052,KYN,KALYAN JN,CSMT,CST-MUMBAI,24
97053,CSMT,CST-MUMBAI,KYN,KALYAN JN,24
97054,KYN,KALYAN JN,CSMT,CST-MUMBAI,24
97055,CSMT,CST-MUMBAI,KYN,KALYAN JN,24
97056,KYN,KALYAN JN,TNA,THANE,8
97057,CSMT,CST-MUMBAI,KYN,KALYAN JN,24
97058,KYN,KALYAN JN,CSMT,CST-MUMBAI,24
97059,CSMT,CST-MUMBAI,KYN,KALYAN JN,24
97060,KYN,KALYAN JN,CSMT,CST-MUMBAI,24
97061,CSMT,CST-MUMBAI,KYN,KALYAN JN,24
97062,KYN,KALYAN JN,CSMT,CST-MUMBAI,24
97063,DR,DADAR,KYN,KALYAN JN,17
97064,KYN,KALYAN JN,CLA,KURLA,15
97065,CSMT,CST-MUMBAI,KYN,KALYAN JN,24
97066,KYN,KALYAN JN,CSMT,CST-MUMBAI,24
97067,CSMT,CST-MUMBAI,KYN,KALYAN JN,24
97068,KYN,KALYAN JN,CSMT,CST-MUMBAI,24
97069,CSMT,CST-MUMBAI,KYN,KALYAN JN,24
97070,KYN,KALYAN JN,CSMT,CST-MUMBAI,24
97071,CSMT,CST-MUMBAI,KYN,KALYAN JN,24
97072,KYN,KALYAN JN,DR,DADAR,17
97073,TNA,THANE,KYN,KALYAN JN,8
97074,KYN,KALYAN JN,CSMT,CST-MUMBAI,24
97075,CSMT,CST-MUMBAI,KYN,KALYAN JN,24
97076,KYN,KALYAN JN,CSMT,CST-MUMBAI,24
97077,CLA,KURLA,KYN,KALYAN JN,15
97078,KYN,KALYAN JN,CSMT,CST-MUMBAI,24
97079,CSMT,CST-MUMBAI,KYN,KALYAN JN,24
97080,KYN,KALYAN JN,CSMT,CST-MUMBAI,24
97081,CSMT,CST-MUMBAI,KYN,KALYAN JN,24
97082,KYN,KALYAN JN,CSMT,CST-MUMBAI,24
97083,CSMT,CST-MUMBAI,KYN,KALYAN JN,24
97084,KYN,KALYAN JN,CSMT,CST-MUMBAI,24
97085,CSMT,CST-MUMBAI,KYN,KALYAN JN,24
97086,KYN,KALYAN JN,TNA,THANE,8
97087,DR,DADAR,KYN,KALYAN JN,17
97088,KYN,KALYAN JN,CSMT,CST-MUMBAI,24
97089,CSMT,CST-MUMBAI,KYN,KALYAN JN,24
97090,KYN,KALYAN JN,CSMT,CST-MUMBAI,24
97091,CSMT,CST-MUMBAI,KYN,KALYAN JN,24
97092,KYN,KALYAN JN,DR,DADAR,17
97093,CSMT,CST-MUMBAI,KYN,KALYAN JN,24
97094,KYN,KALYAN JN,TNA,THANE,8
97095,CSMT,CST-MUMBAI,KYN,KALYAN JN,24
97096,KYN,KALYAN JN,CSMT,CST-MUMBAI,24
97097,CLA,KURLA,KYN,KALYAN JN,15
97098,KYN,KALYAN JN,DR,DADAR,17
97099,VVH,VIDYAVIHAR,KYN,KALYAN JN,14
97100,KYN,KALYAN JN,CSMT,CST-MUMBAI,24
97101,CSMT,CST-MUMBAI,KYN,KALYAN JN,24
97102,KYN,KALYAN JN,CSMT,CST-MUMBAI,24
97103,CSMT,CST-MUMBAI,KYN,KALYAN JN,24
97104,KYN,KALYAN JN,CSMT,CST-MUMBAI,24
97105,CSMT,CST-MUMBAI,KYN,KALYAN JN,24
97106,KYN,KALYAN JN,CSMT,CST-MUMBAI,24
97107,DR,DADAR,KYN,KALYAN JN,17
97108,KYN,KALYAN JN,CSMT,CST-MUMBAI,24
97109,VVH,VIDYAVIHAR,KYN,KALYAN JN,14
97110,KYN,KALYAN JN,DR,DADAR,17
97111,CSMT,CST-MUMBAI,KYN,KALYAN JN,24
97112,KYN,KALYAN JN,CSMT,CST-MUMBAI,24
97113,CSMT,CST-MUMBAI,KYN,KALYAN JN,24
97114,KYN,KALYAN JN,CSMT,CST-MUMBAI,24
97115,DR,DADAR,KYN,KALYAN JN,17
97116,KYN,KALYAN JN,CLA,KURLA,15
97117,CSMT,CST-MUMBAI,KYN,KALYAN JN,24
97118,KYN,KALYAN JN,TNA,THANE,8
97119,CSMT,CST-MUMBAI,KYN,KALYAN JN,24
97120,KYN,KALYAN JN,DR,DADAR,17
97121,DR,DADAR,KYN,KALYAN JN,17
97122,KYN,KALYAN JN,CSMT,CST-MUMBAI,24
97123,DR,DADAR,KYN,KALYAN JN,17
97124,KYN,KALYAN JN,CSMT,CST-MUMBAI,24
97125,CSMT,CST-MUMBAI,KYN,KALYAN JN,24
97126,KYN,KALYAN JN,DR,DADAR,17
97127,CSMT,CST-MUMBAI,KYN,KALYAN JN,24
97128,KYN,KALYAN JN,CSMT,CST-MUMBAI,24
97129,CSMT,CST-MUMBAI,KYN,KALYAN JN,24
97130,KYN,KALYAN JN,TNA,THANE,8
97131,CLA,KURLA,KYN,KALYAN JN,15
97132,KYN,KALYAN JN,DR,DADAR,17
97133,CSMT,CST-MUMBAI,KYN,KALYAN JN,24
97134,KYN,KALYAN JN,DR,DADAR,17
97135,DR,DADAR,KYN,KALYAN JN,17
97136,KYN,KALYAN JN,CSMT,CST-MUMBAI,24
97137,DR,DADAR,KYN,KALYAN JN,17
97138,KYN,KALYAN JN,DR,DADAR,17
97139,CSMT,CST-MUMBAI,KYN,KALYAN JN,24
97140,KYN,KALYAN JN,CLA,KURLA,15
97141,DR,DADAR,KYN,KALYAN JN,17
97142,KYN,KALYAN JN,CSMT,CST-MUMBAI,24
97143,DR,DADAR,KYN,KALYAN JN,17
97144,KYN,KALYAN JN,CSMT,CST-MUMBAI,24
97145,DR,DADAR,KYN,KALYAN JN,17
97146,KYN,KALYAN JN,CSMT,CST-MUMBAI,24
97147,CSMT,CST-MUMBAI,KYN,KALYAN JN,24
97148,KYN,KALYAN JN,CLA,KURLA,15
97149,CSMT,CST-MUMBAI,KYN,KALYAN JN,24
97150,KYN,KALYAN JN,TNA,THANE,8
97151,CSMT,CST-MUMBAI,KYN,KALYAN JN,24
97152,KYN,KALYAN JN,TNA,THANE,8
97153,CSMT,CST-MUMBAI,KYN,KALYAN JN,24
97155,DR,DADAR,KYN,KALYAN JN,17
97201,CSMT,CST-MUMBAI,DI,DOMBIVLI,22
97202,DI,DOMBIVLI,CSMT,CST-MUMBAI,22
97203,CSMT,CST-MUMBAI,DI,DOMBIVLI,22
97204,DI,DOMBIVLI,CSMT,CST-MUMBAI,22
97205,CSMT,CST-MUMBAI,DI,DOMBIVLI,22
97206,DI,DOMBIVLI,CSMT,CST-MUMBAI,22
97207,CSMT,CST-MUMBAI,DI,DOMBIVLI,22
97208,DI,DOMBIVLI,CSMT,CST-MUMBAI,22
97209,CSMT,CST-MUMBAI,DI,DOMBIVLI,22
9721,JP,JAIPUR JN.,UDZ,UDAIPUR CITY,12
97210,DI,DOMBIVLI,CSMT,CST-MUMBAI,22
97211,CSMT,CST-MUMBAI,DI,DOMBIVLI,22
97212,DI,DOMBIVLI,DR,DADAR,15
97213,CSMT,CST-MUMBAI,DI,DOMBIVLI,22
97214,DI,DOMBIVLI,CSMT,CST-MUMBAI,22
97215,CSMT,CST-MUMBAI,DI,DOMBIVLI,22
97216,DI,DOMBIVLI,CSMT,CST-MUMBAI,22
97217,CSMT,CST-MUMBAI,DI,DOMBIVLI,22
97218,DI,DOMBIVLI,CSMT,CST-MUMBAI,22
97219,CSMT,CST-MUMBAI,DI,DOMBIVLI,22
9722,UDZ,UDAIPUR CITY,JP,JAIPUR JN.,12
97220,DI,DOMBIVLI,CSMT,CST-MUMBAI,22
97221,CSMT,CST-MUMBAI,DI,DOMBIVLI,22
97222,DI,DOMBIVLI,CSMT,CST-MUMBAI,22
97223,CSMT,CST-MUMBAI,DI,DOMBIVLI,22
97224,DI,DOMBIVLI,CSMT,CST-MUMBAI,22
97225,CSMT,CST-MUMBAI,DI,DOMBIVLI,22
97226,DI,DOMBIVLI,CSMT,CST-MUMBAI,22
97227,CSMT,CST-MUMBAI,DI,DOMBIVLI,22
97228,DI,DOMBIVLI,CSMT,CST-MUMBAI,22
97229,CSMT,CST-MUMBAI,DI,DOMBIVLI,22
97230,DI,DOMBIVLI,CSMT,CST-MUMBAI,22
97231,CSMT,CST-MUMBAI,DI,DOMBIVLI,22
97232,DI,DOMBIVLI,CSMT,CST-MUMBAI,22
97233,CSMT,CST-MUMBAI,DI,DOMBIVLI,22
97234,DI,DOMBIVLI,DR,DADAR,15
97235,DR,DADAR,DI,DOMBIVLI,15
97236,DI,DOMBIVLI,CSMT,CST-MUMBAI,22
97237,DR,DADAR,DI,DOMBIVLI,15
97238,DI,DOMBIVLI,CSMT,CST-MUMBAI,22
97239,CSMT,CST-MUMBAI,DI,DOMBIVLI,22
97240,DI,DOMBIVLI,CSMT,CST-MUMBAI,22
97241,CSMT,CST-MUMBAI,DI,DOMBIVLI,22
97242,DI,DOMBIVLI,CSMT,CST-MUMBAI,22
97243,CSMT,CST-MUMBAI,DI,DOMBIVLI,22
97244,DI,DOMBIVLI,CSMT,CST-MUMBAI,22
97245,CSMT,CST-MUMBAI,DI,DOMBIVLI,22
97246,DI,DOMBIVLI,CSMT,CST-MUMBAI,22
97247,DR,DADAR,DI,DOMBIVLI,15
97248,DI,DOMBIVLI,CSMT,CST-MUMBAI,22
97249,CSMT,CST-MUMBAI,DI,DOMBIVLI,22
97250,DI,DOMBIVLI,CSMT,CST-MUMBAI,22
97251,CSMT,CST-MUMBAI,DI,DOMBIVLI,22
97252,DI,DOMBIVLI,CSMT,CST-MUMBAI,22
97253,CSMT,CST-MUMBAI,DI,DOMBIVLI,22
97254,DI,DOMBIVLI,DR,DADAR,15
97255,CSMT,CST-MUMBAI,DI,DOMBIVLI,22
97256,DI,DOMBIVLI,CSMT,CST-MUMBAI,22
97258,DI,DOMBIVLI,CSMT,CST-MUMBAI,22
97260,DI,DOMBIVLI,DR,DADAR,15
97301,CSMT,CST-MUMBAI,TNA,THANE,17
97302,TNA,THANE,CSMT,CST-MUMBAI,17
97303,CSMT,CST-MUMBAI,TNA,THANE,17
97304,TNA,THANE,CSMT,CST-MUMBAI,17
97305,CSMT,CST-MUMBAI,TNA,THANE,17
97306,TNA,THANE,CSMT,CST-MUMBAI,17
97307,CSMT,CST-MUMBAI,TNA,THANE,17
97308,TNA,THANE,CSMT,CST-MUMBAI,17
97309,CSMT,CST-MUMBAI,TNA,THANE,17
97310,TNA,THANE,CSMT,CST-MUMBAI,17
97311,CSMT,CST-MUMBAI,TNA,THANE,17
97312,TNA,THANE,CSMT,CST-MUMBAI,17
97313,CSMT,CST-MUMBAI,TNA,THANE,17
97314,TNA,THANE,CSMT,CST-MUMBAI,17
97315,CSMT,CST-MUMBAI,TNA,THANE,17
97316,TNA,THANE,CSMT,CST-MUMBAI,17
97317,CSMT,CST-MUMBAI,TNA,THANE,17
97318,TNA,THANE,CSMT,CST-MUMBAI,17
97319,CSMT,CST-MUMBAI,TNA,THANE,17
97320,TNA,THANE,CSMT,CST-MUMBAI,17
97321,CSMT,CST-MUMBAI,TNA,THANE,17
97322,TNA,THANE,CSMT,CST-MUMBAI,17
97323,CSMT,CST-MUMBAI,TNA,THANE,17
97324,TNA,THANE,CSMT,CST-MUMBAI,17
97325,CSMT,CST-MUMBAI,TNA,THANE,17
97326,TNA,THANE,CSMT,CST-MUMBAI,17
97327,CSMT,CST-MUMBAI,TNA,THANE,17
97328,TNA,THANE,CSMT,CST-MUMBAI,17
97329,CSMT,CST-MUMBAI,TNA,THANE,17
97330,TNA,THANE,CSMT,CST-MUMBAI,17
97331,CSMT,CST-MUMBAI,TNA,THANE,17
97332,TNA,THANE,CSMT,CST-MUMBAI,17
97333,CSMT,CST-MUMBAI,TNA,THANE,17
97334,TNA,THANE,CSMT,CST-MUMBAI,17
97335,CSMT,CST-MUMBAI,TNA,THANE,17
97336,TNA,THANE,CSMT,CST-MUMBAI,17
97337,CSMT,CST-MUMBAI,TNA,THANE,17
97338,TNA,THANE,CSMT,CST-MUMBAI,17
97339,CSMT,CST-MUMBAI,TNA,THANE,17
97340,TNA,THANE,CSMT,CST-MUMBAI,17
97341,CSMT,CST-MUMBAI,TNA,THANE,17
97342,TNA,THANE,CSMT,CST-MUMBAI,17
97343,CSMT,CST-MUMBAI,TNA,THANE,17
97344,TNA,THANE,CSMT,CST-MUMBAI,17
97345,CSMT,CST-MUMBAI,TNA,THANE,17
97346,TNA,THANE,CSMT,CST-MUMBAI,17
97347,CSMT,CST-MUMBAI,TNA,THANE,17
97348,TNA,THANE,CSMT,CST-MUMBAI,17
97349,CSMT,CST-MUMBAI,TNA,THANE,17
97350,TNA,THANE,CSMT,CST-MUMBAI,17
97351,CSMT,CST-MUMBAI,TNA,THANE,17
97352,TNA,THANE,CSMT,CST-MUMBAI,17
97353,CSMT,CST-MUMBAI,TNA,THANE,17
97354,TNA,THANE,CSMT,CST-MUMBAI,17
97355,CSMT,CST-MUMBAI,TNA,THANE,17
97356,TNA,THANE,CSMT,CST-MUMBAI,17
97357,CSMT,CST-MUMBAI,TNA,THANE,17
97358,TNA,THANE,CSMT,CST-MUMBAI,17
97359,CSMT,CST-MUMBAI,TNA,THANE,17
97360,TNA,THANE,CSMT,CST-MUMBAI,17
97361,CSMT,CST-MUMBAI,TNA,THANE,17
97362,TNA,THANE,CSMT,CST-MUMBAI,17
97363,CSMT,CST-MUMBAI,TNA,THANE,17
97364,TNA,THANE,CSMT,CST-MUMBAI,17
97365,CSMT,CST-MUMBAI,TNA,THANE,17
97366,TNA,THANE,CSMT,CST-MUMBAI,17
97367,CSMT,CST-MUMBAI,TNA,THANE,17
97368,TNA,THANE,CSMT,CST-MUMBAI,17
97369,CSMT,CST-MUMBAI,TNA,THANE,17
97370,TNA,THANE,CSMT,CST-MUMBAI,17
97371,CSMT,CST-MUMBAI,TNA,THANE,17
97372,TNA,THANE,CSMT,CST-MUMBAI,17
97373,CSMT,CST-MUMBAI,TNA,THANE,17
97374,TNA,THANE,CSMT,CST-MUMBAI,17
97375,DR,DADAR,TNA,THANE,10
97376,TNA,THANE,CSMT,CST-MUMBAI,17
97377,CSMT,CST-MUMBAI,TNA,THANE,17
97378,TNA,THANE,CSMT,CST-MUMBAI,17
97379,CSMT,CST-MUMBAI,TNA,THANE,17
97380,TNA,THANE,CSMT,CST-MUMBAI,17
97381,CSMT,CST-MUMBAI,TNA,THANE,17
97382,TNA,THANE,CSMT,CST-MUMBAI,17
97383,CSMT,CST-MUMBAI,TNA,THANE,17
97384,TNA,THANE,DR,DADAR,10
97385,CSMT,CST-MUMBAI,TNA,THANE,17
97386,TNA,THANE,CSMT,CST-MUMBAI,17
97387,CSMT,CST-MUMBAI,TNA,THANE,17
97388,TNA,THANE,CSMT,CST-MUMBAI,17
97389,CSMT,CST-MUMBAI,TNA,THANE,17
97390,TNA,THANE,CSMT,CST-MUMBAI,17
97391,CSMT,CST-MUMBAI,TNA,THANE,17
97392,TNA,THANE,CSMT,CST-MUMBAI,17
97393,CSMT,CST-MUMBAI,TNA,THANE,17
97394,TNA,THANE,CSMT,CST-MUMBAI,17
97395,CSMT,CST-MUMBAI,TNA,THANE,17
97396,TNA,THANE,CSMT,CST-MUMBAI,17
97397,CSMT,CST-MUMBAI,TNA,THANE,17
97398,TNA,THANE,CSMT,CST-MUMBAI,17
97399,CSMT,CST-MUMBAI,TNA,THANE,17
97400,TNA,THANE,CSMT,CST-MUMBAI,17
97401,CSMT,CST-MUMBAI,TNA,THANE,17
97402,TNA,THANE,CSMT,CST-MUMBAI,17
97403,CSMT,CST-MUMBAI,TNA,THANE,17
97404,TNA,THANE,CSMT,CST-MUMBAI,17
97405,CSMT,CST-MUMBAI,TNA,THANE,17
97406,TNA,THANE,DR,DADAR,10
97407,CSMT,CST-MUMBAI,TNA,THANE,17
97408,TNA,THANE,CSMT,CST-MUMBAI,17
97409,DR,DADAR,TNA,THANE,10
97410,TNA,THANE,DR,DADAR,10
97411,CSMT,CST-MUMBAI,TNA,THANE,17
97412,TNA,THANE,CSMT,CST-MUMBAI,17
97413,CSMT,CST-MUMBAI,TNA,THANE,17
97414,TNA,THANE,CSMT,CST-MUMBAI,17
97415,DR,DADAR,TNA,THANE,10
97416,TNA,THANE,CSMT,CST-MUMBAI,17
97417,CSMT,CST-MUMBAI,TNA,THANE,17
97418,TNA,THANE,CSMT,CST-MUMBAI,17
97419,CSMT,CST-MUMBAI,TNA,THANE,17
97420,TNA,THANE,DR,DADAR,10
97421,CSMT,CST-MUMBAI,TNA,THANE,17
97422,TNA,THANE,CSMT,CST-MUMBAI,17
97423,CSMT,CST-MUMBAI,TNA,THANE,17
97424,TNA,THANE,DR,DADAR,10
97425,CSMT,CST-MUMBAI,TNA,THANE,17
97426,TNA,THANE,CSMT,CST-MUMBAI,17
97427,CSMT,CST-MUMBAI,TNA,THANE,17
97428,TNA,THANE,CSMT,CST-MUMBAI,17
97429,DR,DADAR,TNA,THANE,10
97430,TNA,THANE,DR,DADAR,10
97431,CSMT,CST-MUMBAI,TNA,THANE,17
97432,TNA,THANE,CSMT,CST-MUMBAI,17
97433,CSMT,CST-MUMBAI,TNA,THANE,17
97434,TNA,THANE,CSMT,CST-MUMBAI,17
97435,CSMT,CST-MUMBAI,TNA,THANE,17
97436,TNA,THANE,CSMT,CST-MUMBAI,17
97437,CSMT,CST-MUMBAI,TNA,THANE,17
97438,TNA,THANE,CSMT,CST-MUMBAI,17
97439,CSMT,CST-MUMBAI,TNA,THANE,17
97440,TNA,THANE,CSMT,CST-MUMBAI,17
97441,CSMT,CST-MUMBAI,TNA,THANE,17
97442,TNA,THANE,DR,DADAR,10
97444,TNA,THANE,CSMT,CST-MUMBAI,16
97445,CSMT,CST-MUMBAI,TNA,THANE,16
97446,TNA,THANE,CSMT,CST-MUMBAI,16
97501,CSMT,CST-MUMBAI,GC,GHAT KOPAR,12
97502,GC,GHAT KOPAR,CSMT,CST-MUMBAI,12
97503,CSMT,CST-MUMBAI,GC,GHAT KOPAR,12
97504,GC,GHAT KOPAR,CSMT,CST-MUMBAI,12
97601,CSMT,CST-MUMBAI,CLA,KURLA,10
97602,CLA,KURLA,CSMT,CST-MUMBAI,10
97603,CSMT,CST-MUMBAI,CLA,KURLA,10
97604,CLA,KURLA,CSMT,CST-MUMBAI,10
97605,CSMT,CST-MUMBAI,CLA,KURLA,10
97606,CLA,KURLA,CSMT,CST-MUMBAI,10
97607,CSMT,CST-MUMBAI,CLA,KURLA,10
97608,CLA,KURLA,CSMT,CST-MUMBAI,10
97609,CSMT,CST-MUMBAI,CLA,KURLA,10
9761,SGNR,SHRI GANGANA,SOG,SURATGARH JN,13
97610,CLA,KURLA,CSMT,CST-MUMBAI,10
97611,CSMT,CST-MUMBAI,CLA,KURLA,10
97612,CLA,KURLA,CSMT,CST-MUMBAI,10
97613,CSMT,CST-MUMBAI,CLA,KURLA,10
97614,CLA,KURLA,CSMT,CST-MUMBAI,10
97615,CSMT,CST-MUMBAI,CLA,KURLA,10
97616,CLA,KURLA,CSMT,CST-MUMBAI,10
97617,CSMT,CST-MUMBAI,CLA,KURLA,10
97618,CLA,KURLA,CSMT,CST-MUMBAI,10
97619,CSMT,CST-MUMBAI,CLA,KURLA,10
97620,CLA,KURLA,CSMT,CST-MUMBAI,10
97621,CSMT,CST-MUMBAI,CLA,KURLA,10
97622,CLA,KURLA,CSMT,CST-MUMBAI,10
97623,CSMT,CST-MUMBAI,CLA,KURLA,10
97624,CLA,KURLA,CSMT,CST-MUMBAI,10
97625,CSMT,CST-MUMBAI,CLA,KURLA,10
97626,CLA,KURLA,CSMT,CST-MUMBAI,10
97627,CSMT,CST-MUMBAI,CLA,KURLA,10
97628,CLA,KURLA,CSMT,CST-MUMBAI,10
97629,CSMT,CST-MUMBAI,CLA,KURLA,10
97630,CLA,KURLA,CSMT,CST-MUMBAI,10
97631,CSMT,CST-MUMBAI,CLA,KURLA,10
97632,CLA,KURLA,CSMT,CST-MUMBAI,10
97633,CSMT,CST-MUMBAI,CLA,KURLA,10
97634,CLA,KURLA,CSMT,CST-MUMBAI,10
97635,CSMT,CST-MUMBAI,CLA,KURLA,10
97636,CLA,KURLA,CSMT,CST-MUMBAI,10
97637,CSMT,CST-MUMBAI,CLA,KURLA,10
97638,CLA,KURLA,CSMT,CST-MUMBAI,10
97639,CSMT,CST-MUMBAI,CLA,KURLA,10
97640,CLA,KURLA,CSMT,CST-MUMBAI,10
97641,CSMT,CST-MUMBAI,CLA,KURLA,10
97642,CLA,KURLA,CSMT,CST-MUMBAI,10
97643,CSMT,CST-MUMBAI,CLA,KURLA,10
97644,CLA,KURLA,CSMT,CST-MUMBAI,10
97645,CSMT,CST-MUMBAI,CLA,KURLA,10
97646,CLA,KURLA,CSMT,CST-MUMBAI,10
97647,CSMT,CST-MUMBAI,CLA,KURLA,10
97648,CLA,KURLA,CSMT,CST-MUMBAI,10
97649,CSMT,CST-MUMBAI,CLA,KURLA,10
97651,CSMT,CST-MUMBAI,CLA,KURLA,10
97653,CSMT,CST-MUMBAI,CLA,KURLA,10
97655,CSMT,CST-MUMBAI,CLA,KURLA,10
98000,PNVL,PANVEL,CSMT,CST-MUMBAI,2
98001,CSMT,CST-MUMBAI,PNVL,PANVEL,2
98002,PNVL,PANVEL,CSMT,CST-MUMBAI,2
98003,CSMT,CST-MUMBAI,PNVL,PANVEL,2
98004,PNVL,PANVEL,CSMT,CST-MUMBAI,2
98005,CSMT,CST-MUMBAI,PNVL,PANVEL,2
98006,PNVL,PANVEL,CSMT,CST-MUMBAI,2
98007,CSMT,CST-MUMBAI,PNVL,PANVEL,2
98008,PNVL,PANVEL,CSMT,CST-MUMBAI,2
98009,CSMT,CST-MUMBAI,PNVL,PANVEL,2
98010,PNVL,PANVEL,CSMT,CST-MUMBAI,2
98011,CSMT,CST-MUMBAI,PNVL,PANVEL,2
98012,PNVL,PANVEL,CSMT,CST-MUMBAI,2
98013,VSH,VASHI,PNVL,PANVEL,2
98014,PNVL,PANVEL,CSMT,CST-MUMBAI,2
98015,CSMT,CST-MUMBAI,PNVL,PANVEL,2
98016,PNVL,PANVEL,CSMT,CST-MUMBAI,2
98017,CSMT,CST-MUMBAI,PNVL,PANVEL,2
98018,PNVL,PANVEL,VDLR,MUMBAI VADAL,2
98019,CSMT,CST-MUMBAI,PNVL,PANVEL,2
98020,PNVL,PANVEL,CSMT,CST-MUMBAI,2
98021,VSH,VASHI,PNVL,PANVEL,2
98022,PNVL,PANVEL,CSMT,CST-MUMBAI,2
98023,CSMT,CST-MUMBAI,PNVL,PANVEL,2
98024,PNVL,PANVEL,CSMT,CST-MUMBAI,2
98025,CSMT,CST-MUMBAI,PNVL,PANVEL,2
98026,PNVL,PANVEL,VDLR,MUMBAI VADAL,2
98027,CSMT,CST-MUMBAI,PNVL,PANVEL,2
98028,PNVL,PANVEL,CSMT,CST-MUMBAI,2
98029,CSMT,CST-MUMBAI,PNVL,PANVEL,2
98030,PNVL,PANVEL,CSMT,CST-MUMBAI,2
98031,VDLR,MUMBAI VADAL,PNVL,PANVEL,2
98032,PNVL,PANVEL,VDLR,MUMBAI VADAL,2
98033,CSMT,CST-MUMBAI,PNVL,PANVEL,2
98034,PNVL,PANVEL,CSMT,CST-MUMBAI,2
98035,CSMT,CST-MUMBAI,PNVL,PANVEL,2
98036,PNVL,PANVEL,CSMT,CST-MUMBAI,2
98037,CSMT,CST-MUMBAI,PNVL,PANVEL,2
98038,PNVL,PANVEL,CSMT,CST-MUMBAI,2
98039,CSMT,CST-MUMBAI,PNVL,PANVEL,2
98040,PNVL,PANVEL,VDLR,MUMBAI VADAL,2
98041,CSMT,CST-MUMBAI,PNVL,PANVEL,2
98042,PNVL,PANVEL,CSMT,CST-MUMBAI,2
98043,CSMT,CST-MUMBAI,PNVL,PANVEL,2
98044,PNVL,PANVEL,CSMT,CST-MUMBAI,2
98045,CSMT,CST-MUMBAI,PNVL,PANVEL,2
98046,PNVL,PANVEL,CSMT,CST-MUMBAI,2
98047,CSMT,CST-MUMBAI,PNVL,PANVEL,2
98048,PNVL,PANVEL,CSMT,CST-MUMBAI,2
98049,CSMT,CST-MUMBAI,PNVL,PANVEL,2
98050,PNVL,PANVEL,CSMT,CST-MUMBAI,2
98051,VDLR,MUMBAI VADAL,PNVL,PANVEL,2
98052,PNVL,PANVEL,CSMT,CST-MUMBAI,2
98053,CSMT,CST-MUMBAI,PNVL,PANVEL,2
98054,PNVL,PANVEL,CSMT,CST-MUMBAI,2
98055,CSMT,CST-MUMBAI,PNVL,PANVEL,2
98056,PNVL,PANVEL,CSMT,CST-MUMBAI,2
98057,CSMT,CST-MUMBAI,PNVL,PANVEL,2
98058,PNVL,PANVEL,CSMT,CST-MUMBAI,2
98059,CSMT,CST-MUMBAI,PNVL,PANVEL,2
98060,PNVL,PANVEL,CSMT,CST-MUMBAI,2
98061,CSMT,CST-MUMBAI,PNVL,PANVEL,2
98062,PNVL,PANVEL,CSMT,CST-MUMBAI,2
98063,CSMT,CST-MUMBAI,PNVL,PANVEL,2
98064,PNVL,PANVEL,CSMT,CST-MUMBAI,2
98065,CSMT,CST-MUMBAI,PNVL,PANVEL,2
98066,PNVL,PANVEL,CSMT,CST-MUMBAI,2
98067,CSMT,CST-MUMBAI,PNVL,PANVEL,2
98068,PNVL,PANVEL,CSMT,CST-MUMBAI,2
98069,CSMT,CST-MUMBAI,PNVL,PANVEL,2
98070,PNVL,PANVEL,CSMT,CST-MUMBAI,2
98071,CSMT,CST-MUMBAI,PNVL,PANVEL,2
98072,PNVL,PANVEL,CSMT,CST-MUMBAI,2
98073,CSMT,CST-MUMBAI,PNVL,PANVEL,2
98074,PNVL,PANVEL,CSMT,CST-MUMBAI,2
98075,CSMT,CST-MUMBAI,PNVL,PANVEL,2
98076,PNVL,PANVEL,CSMT,CST-MUMBAI,2
98077,CSMT,CST-MUMBAI,PNVL,PANVEL,2
98078,PNVL,PANVEL,CSMT,CST-MUMBAI,2
98079,CSMT,CST-MUMBAI,PNVL,PANVEL,2
98080,PNVL,PANVEL,CSMT,CST-MUMBAI,2
98081,CSMT,CST-MUMBAI,PNVL,PANVEL,2
98082,PNVL,PANVEL,CSMT,CST-MUMBAI,2
98083,VDLR,MUMBAI VADAL,PNVL,PANVEL,2
98084,PNVL,PANVEL,CSMT,CST-MUMBAI,2
98085,CSMT,CST-MUMBAI,PNVL,PANVEL,2
98087,CSMT,CST-MUMBAI,PNVL,PANVEL,2
98088,PNVL,PANVEL,CSMT,CST-MUMBAI,2
98089,CSMT,CST-MUMBAI,PNVL,PANVEL,2
9809,KOTA,KOTA,NZM,HAZRAT NIZAM,11
98090,PNVL,PANVEL,CSMT,CST-MUMBAI,2
98091,CSMT,CST-MUMBAI,PNVL,PANVEL,2
98092,PNVL,PANVEL,CSMT,CST-MUMBAI,2
98093,CSMT,CST-MUMBAI,PNVL,PANVEL,2
98094,PNVL,PANVEL,CSMT,CST-MUMBAI,2
98095,CSMT,CST-MUMBAI,PNVL,PANVEL,2
98096,PNVL,PANVEL,CSMT,CST-MUMBAI,2
98097,CSMT,CST-MUMBAI,PNVL,PANVEL,2
98098,PNVL,PANVEL,CSMT,CST-MUMBAI,2
98099,CSMT,CST-MUMBAI,PNVL,PANVEL,2
9810,NZM,HAZRAT NIZAM,KOTA,KOTA,11
98100,PNVL,PANVEL,CSMT,CST-MUMBAI,2
98101,CSMT,CST-MUMBAI,PNVL,PANVEL,2
98102,PNVL,PANVEL,CSMT,CST-MUMBAI,2
98103,VDLR,MUMBAI VADAL,PNVL,PANVEL,2
98104,PNVL,PANVEL,CSMT,CST-MUMBAI,2
98105,CSMT,CST-MUMBAI,PNVL,PANVEL,2
98106,PNVL,PANVEL,CSMT,CST-MUMBAI,2
98107,CSMT,CST-MUMBAI,PNVL,PANVEL,2
98108,PNVL,PANVEL,CSMT,CST-MUMBAI,2
98109,CSMT,CST-MUMBAI,PNVL,PANVEL,2
98110,PNVL,PANVEL,CSMT,CST-MUMBAI,2
98111,CSMT,CST-MUMBAI,PNVL,PANVEL,2
98112,PNVL,PANVEL,CSMT,CST-MUMBAI,2
98113,CSMT,CST-MUMBAI,PNVL,PANVEL,2
98114,PNVL,PANVEL,CSMT,CST-MUMBAI,2
98115,CSMT,CST-MUMBAI,PNVL,PANVEL,2
98116,PNVL,PANVEL,CSMT,CST-MUMBAI,2
98117,CSMT,CST-MUMBAI,PNVL,PANVEL,2
98118,PNVL,PANVEL,CSMT,CST-MUMBAI,2
98119,CSMT,CST-MUMBAI,PNVL,PANVEL,2
98120,PNVL,PANVEL,CSMT,CST-MUMBAI,2
98121,CSMT,CST-MUMBAI,PNVL,PANVEL,2
98122,PNVL,PANVEL,CSMT,CST-MUMBAI,2
98123,CSMT,CST-MUMBAI,PNVL,PANVEL,2
98124,PNVL,PANVEL,CSMT,CST-MUMBAI,2
98125,CSMT,CST-MUMBAI,PNVL,PANVEL,2
98126,PNVL,PANVEL,CSMT,CST-MUMBAI,2
98127,CSMT,CST-MUMBAI,PNVL,PANVEL,2
98128,PNVL,PANVEL,CSMT,CST-MUMBAI,2
98129,CSMT,CST-MUMBAI,PNVL,PANVEL,2
98130,PNVL,PANVEL,CSMT,CST-MUMBAI,2
98131,CSMT,CST-MUMBAI,PNVL,PANVEL,2
98132,PNVL,PANVEL,CSMT,CST-MUMBAI,2
98133,VDLR,MUMBAI VADAL,PNVL,PANVEL,2
98134,PNVL,PANVEL,VDLR,MUMBAI VADAL,2
98135,CSMT,CST-MUMBAI,PNVL,PANVEL,2
98136,PNVL,PANVEL,CSMT,CST-MUMBAI,2
98137,CSMT,CST-MUMBAI,PNVL,PANVEL,2
98138,PNVL,PANVEL,CSMT,CST-MUMBAI,2
98139,CSMT,CST-MUMBAI,PNVL,PANVEL,2
98140,PNVL,PANVEL,CSMT,CST-MUMBAI,2
98141,CSMT,CST-MUMBAI,PNVL,PANVEL,2
98142,PNVL,PANVEL,CSMT,CST-MUMBAI,2
98143,VDLR,MUMBAI VADAL,PNVL,PANVEL,2
98144,PNVL,PANVEL,VDLR,MUMBAI VADAL,2
98145,CSMT,CST-MUMBAI,PNVL,PANVEL,2
98146,PNVL,PANVEL,CSMT,CST-MUMBAI,2
98147,CSMT,CST-MUMBAI,PNVL,PANVEL,2
98148,PNVL,PANVEL,CSMT,CST-MUMBAI,2
98149,VDLR,MUMBAI VADAL,PNVL,PANVEL,2
98150,PNVL,PANVEL,CSMT,CST-MUMBAI,2
98151,CSMT,CST-MUMBAI,PNVL,PANVEL,2
98152,PNVL,PANVEL,CSMT,CST-MUMBAI,2
98153,CSMT,CST-MUMBAI,PNVL,PANVEL,2
98154,PNVL,PANVEL,CSMT,CST-MUMBAI,2
98155,CSMT,CST-MUMBAI,PNVL,PANVEL,2
98156,PNVL,PANVEL,CSMT,CST-MUMBAI,2
98157,CSMT,CST-MUMBAI,PNVL,PANVEL,2
98158,PNVL,PANVEL,CSMT,CST-MUMBAI,2
98159,CSMT,CST-MUMBAI,PNVL,PANVEL,2
98160,PNVL,PANVEL,CSMT,CST-MUMBAI,2
98161,CSMT,CST-MUMBAI,PNVL,PANVEL,2
98162,PNVL,PANVEL,CSMT,CST-MUMBAI,2
98163,CSMT,CST-MUMBAI,PNVL,PANVEL,2
98164,PNVL,PANVEL,CSMT,CST-MUMBAI,2
98165,CSMT,CST-MUMBAI,PNVL,PANVEL,2
98166,PNVL,PANVEL,VSH,VASHI,2
98167,VDLR,MUMBAI VADAL,PNVL,PANVEL,2
98168,PNVL,PANVEL,CSMT,CST-MUMBAI,2
98169,CSMT,CST-MUMBAI,PNVL,PANVEL,2
98170,PNVL,PANVEL,CSMT,CST-MUMBAI,2
98171,CSMT,CST-MUMBAI,PNVL,PANVEL,2
98172,PNVL,PANVEL,CSMT,CST-MUMBAI,2
98173,VDLR,MUMBAI VADAL,PNVL,PANVEL,2
98174,PNVL,PANVEL,CSMT,CST-MUMBAI,2
98175,CSMT,CST-MUMBAI,PNVL,PANVEL,2
98176,PNVL,PANVEL,CSMT,CST-MUMBAI,2
98177,VDLR,MUMBAI VADAL,PNVL,PANVEL,2
98178,PNVL,PANVEL,CSMT,CST-MUMBAI,2
98179,CSMT,CST-MUMBAI,PNVL,PANVEL,2
98180,PNVL,PANVEL,CSMT,CST-MUMBAI,2
98181,VDLR,MUMBAI VADAL,PNVL,PANVEL,2
98182,PNVL,PANVEL,CSMT,CST-MUMBAI,2
98183,CSMT,CST-MUMBAI,PNVL,PANVEL,2
98184,PNVL,PANVEL,CSMT,CST-MUMBAI,2
98185,CSMT,CST-MUMBAI,PNVL,PANVEL,2
98186,PNVL,PANVEL,CSMT,CST-MUMBAI,2
98187,VDLR,MUMBAI VADAL,PNVL,PANVEL,2
98188,PNVL,PANVEL,CSMT,CST-MUMBAI,2
98189,CSMT,CST-MUMBAI,PNVL,PANVEL,2
98190,PNVL,PANVEL,CSMT,CST-MUMBAI,2
98191,CSMT,CST-MUMBAI,PNVL,PANVEL,2
98192,PNVL,PANVEL,CSMT,CST-MUMBAI,2
98193,CSMT,CST-MUMBAI,PNVL,PANVEL,2
98194,PNVL,PANVEL,CSMT,CST-MUMBAI,2
98195,CSMT,CST-MUMBAI,PNVL,PANVEL,2
98196,PNVL,PANVEL,BEPR,BELAPUR C.B.,2
98197,CSMT,CST-MUMBAI,PNVL,PANVEL,2
98198,PNVL,PANVEL,CSMT,CST-MUMBAI,2
98199,CSMT,CST-MUMBAI,PNVL,PANVEL,2
98200,PNVL,PANVEL,VSH,VASHI,2
98201,CSMT,CST-MUMBAI,PNVL,PANVEL,2
98202,PNVL,PANVEL,CSMT,CST-MUMBAI,2
98203,CSMT,CST-MUMBAI,PNVL,PANVEL,2
98204,PNVL,PANVEL,CSMT,CST-MUMBAI,2
98205,CSMT,CST-MUMBAI,PNVL,PANVEL,2
98207,CSMT,CST-MUMBAI,PNVL,PANVEL,2
98208,PNVL,PANVEL,BEPR,BELAPUR C.B.,2
98209,CSMT,CST-MUMBAI,PNVL,PANVEL,2
98211,CSMT,CST-MUMBAI,PNVL,PANVEL,2
98213,CSMT,CST-MUMBAI,PNVL,PANVEL,2
98214,PNVL,PANVEL,BEPR,BELAPUR C.B.,2
98215,CSMT,CST-MUMBAI,PNVL,PANVEL,2
98300,BEPR,BELAPUR C.B.,CSMT,CST-MUMBAI,2
98301,CSMT,CST-MUMBAI,BEPR,BELAPUR C.B.,2
98302,BEPR,BELAPUR C.B.,CSMT,CST-MUMBAI,2
98303,CSMT,CST-MUMBAI,BEPR,BELAPUR C.B.,2
98304,BEPR,BELAPUR C.B.,CSMT,CST-MUMBAI,2
98305,CSMT,CST-MUMBAI,BEPR,BELAPUR C.B.,2
98306,BEPR,BELAPUR C.B.,CSMT,CST-MUMBAI,2
98307,CSMT,CST-MUMBAI,BEPR,BELAPUR C.B.,2
98308,BEPR,BELAPUR C.B.,CSMT,CST-MUMBAI,2
98309,VDLR,MUMBAI VADAL,BEPR,BELAPUR C.B.,2
98310,BEPR,BELAPUR C.B.,CSMT,CST-MUMBAI,2
98311,CSMT,CST-MUMBAI,BEPR,BELAPUR C.B.,2
98312,BEPR,BELAPUR C.B.,CSMT,CST-MUMBAI,2
98313,CSMT,CST-MUMBAI,BEPR,BELAPUR C.B.,2
98314,BEPR,BELAPUR C.B.,CSMT,CST-MUMBAI,2
98315,CSMT,CST-MUMBAI,BEPR,BELAPUR C.B.,2
98316,BEPR,BELAPUR C.B.,CSMT,CST-MUMBAI,2
98317,CSMT,CST-MUMBAI,BEPR,BELAPUR C.B.,2
98318,BEPR,BELAPUR C.B.,CSMT,CST-MUMBAI,2
98319,CSMT,CST-MUMBAI,BEPR,BELAPUR C.B.,2
98320,BEPR,BELAPUR C.B.,CSMT,CST-MUMBAI,2
98321,VDLR,MUMBAI VADAL,BEPR,BELAPUR C.B.,2
98322,BEPR,BELAPUR C.B.,CSMT,CST-MUMBAI,2
98323,CSMT,CST-MUMBAI,BEPR,BELAPUR C.B.,2
98324,BEPR,BELAPUR C.B.,CSMT,CST-MUMBAI,2
98325,CSMT,CST-MUMBAI,BEPR,BELAPUR C.B.,2
98326,BEPR,BELAPUR C.B.,CSMT,CST-MUMBAI,2
98327,CSMT,CST-MUMBAI,BEPR,BELAPUR C.B.,2
98328,BEPR,BELAPUR C.B.,CSMT,CST-MUMBAI,2
98329,VDLR,MUMBAI VADAL,BEPR,BELAPUR C.B.,2
98330,BEPR,BELAPUR C.B.,CSMT,CST-MUMBAI,2
98331,CSMT,CST-MUMBAI,BEPR,BELAPUR C.B.,2
98332,BEPR,BELAPUR C.B.,CSMT,CST-MUMBAI,2
98333,CSMT,CST-MUMBAI,BEPR,BELAPUR C.B.,2
98334,BEPR,BELAPUR C.B.,VDLR,MUMBAI VADAL,2
98335,CSMT,CST-MUMBAI,BEPR,BELAPUR C.B.,2
98336,BEPR,BELAPUR C.B.,CSMT,CST-MUMBAI,2
98337,CSMT,CST-MUMBAI,BEPR,BELAPUR C.B.,2
98338,BEPR,BELAPUR C.B.,VDLR,MUMBAI VADAL,2
98339,CSMT,CST-MUMBAI,BEPR,BELAPUR C.B.,2
98340,BEPR,BELAPUR C.B.,VDLR,MUMBAI VADAL,2
98341,CSMT,CST-MUMBAI,BEPR,BELAPUR C.B.,2
98342,BEPR,BELAPUR C.B.,CSMT,CST-MUMBAI,2
98343,CSMT,CST-MUMBAI,BEPR,BELAPUR C.B.,2
98344,BEPR,BELAPUR C.B.,CSMT,CST-MUMBAI,2
98345,CSMT,CST-MUMBAI,BEPR,BELAPUR C.B.,2
98346,BEPR,BELAPUR C.B.,CSMT,CST-MUMBAI,2
98347,CSMT,CST-MUMBAI,BEPR,BELAPUR C.B.,2
98348,BEPR,BELAPUR C.B.,CSMT,CST-MUMBAI,2
98349,CSMT,CST-MUMBAI,BEPR,BELAPUR C.B.,2
98350,BEPR,BELAPUR C.B.,CSMT,CST-MUMBAI,2
98351,CSMT,CST-MUMBAI,BEPR,BELAPUR C.B.,2
98352,BEPR,BELAPUR C.B.,CSMT,CST-MUMBAI,2
98353,CSMT,CST-MUMBAI,BEPR,BELAPUR C.B.,2
98354,BEPR,BELAPUR C.B.,CSMT,CST-MUMBAI,2
98355,VDLR,MUMBAI VADAL,BEPR,BELAPUR C.B.,2
98356,BEPR,BELAPUR C.B.,CSMT,CST-MUMBAI,2
98357,CSMT,CST-MUMBAI,BEPR,BELAPUR C.B.,2
98358,BEPR,BELAPUR C.B.,CSMT,CST-MUMBAI,2
98359,CSMT,CST-MUMBAI,BEPR,BELAPUR C.B.,2
98360,BEPR,BELAPUR C.B.,CSMT,CST-MUMBAI,2
98361,CSMT,CST-MUMBAI,BEPR,BELAPUR C.B.,2
98362,BEPR,BELAPUR C.B.,CSMT,CST-MUMBAI,2
98363,CSMT,CST-MUMBAI,BEPR,BELAPUR C.B.,2
98364,BEPR,BELAPUR C.B.,VDLR,MUMBAI VADAL,2
98365,CSMT,CST-MUMBAI,BEPR,BELAPUR C.B.,2
98366,BEPR,BELAPUR C.B.,CSMT,CST-MUMBAI,2
98367,VDLR,MUMBAI VADAL,BEPR,BELAPUR C.B.,2
98368,BEPR,BELAPUR C.B.,CSMT,CST-MUMBAI,2
98369,CSMT,CST-MUMBAI,BEPR,BELAPUR C.B.,2
98370,BEPR,BELAPUR C.B.,CSMT,CST-MUMBAI,2
98371,CSMT,CST-MUMBAI,BEPR,BELAPUR C.B.,2
98372,BEPR,BELAPUR C.B.,CSMT,CST-MUMBAI,2
98373,CSMT,CST-MUMBAI,BEPR,BELAPUR C.B.,2
98374,BEPR,BELAPUR C.B.,CSMT,CST-MUMBAI,2
98375,CSMT,CST-MUMBAI,BEPR,BELAPUR C.B.,2
98376,BEPR,BELAPUR C.B.,CSMT,CST-MUMBAI,2
98377,CSMT,CST-MUMBAI,BEPR,BELAPUR C.B.,2
98378,BEPR,BELAPUR C.B.,CSMT,CST-MUMBAI,2
98379,CSMT,CST-MUMBAI,BEPR,BELAPUR C.B.,2
98380,BEPR,BELAPUR C.B.,CSMT,CST-MUMBAI,2
98381,CSMT,CST-MUMBAI,BEPR,BELAPUR C.B.,2
98382,BEPR,BELAPUR C.B.,CSMT,CST-MUMBAI,2
98384,BEPR,BELAPUR C.B.,VDLR,MUMBAI VADAL,2
98386,BEPR,BELAPUR C.B.,CSMT,CST-MUMBAI,2
98388,BEPR,BELAPUR C.B.,CSMT,CST-MUMBAI,2
98390,BEPR,BELAPUR C.B.,CSMT,CST-MUMBAI,2
98392,BEPR,BELAPUR C.B.,CSMT,CST-MUMBAI,2
98394,BEPR,BELAPUR C.B.,CSMT,CST-MUMBAI,2
98500,VSH,VASHI,CSMT,CST-MUMBAI,2
98501,CSMT,CST-MUMBAI,VSH,VASHI,2
98502,VSH,VASHI,CSMT,CST-MUMBAI,2
98503,CSMT,CST-MUMBAI,VSH,VASHI,2
98504,VSH,VASHI,CSMT,CST-MUMBAI,2
98505,CSMT,CST-MUMBAI,VSH,VASHI,2
98506,VSH,VASHI,CSMT,CST-MUMBAI,2
98507,VDLR,MUMBAI VADAL,VSH,VASHI,2
98508,VSH,VASHI,CSMT,CST-MUMBAI,2
98509,CSMT,CST-MUMBAI,VSH,VASHI,2
98510,VSH,VASHI,CSMT,CST-MUMBAI,2
98511,CSMT,CST-MUMBAI,VSH,VASHI,2
98512,VSH,VASHI,CSMT,CST-MUMBAI,2
98513,CSMT,CST-MUMBAI,VSH,VASHI,2
98514,VSH,VASHI,VDLR,MUMBAI VADAL,2
98515,CSMT,CST-MUMBAI,VSH,VASHI,2
98516,VSH,VASHI,CSMT,CST-MUMBAI,2
98517,CSMT,CST-MUMBAI,VSH,VASHI,2
98518,VSH,VASHI,CSMT,CST-MUMBAI,2
98519,CSMT,CST-MUMBAI,VSH,VASHI,2
98520,VSH,VASHI,CSMT,CST-MUMBAI,2
98521,CSMT,CST-MUMBAI,VSH,VASHI,2
98522,VSH,VASHI,CSMT,CST-MUMBAI,2
98523,CSMT,CST-MUMBAI,VSH,VASHI,2
98524,VSH,VASHI,CSMT,CST-MUMBAI,2
98525,CSMT,CST-MUMBAI,VSH,VASHI,2
98526,VSH,VASHI,CSMT,CST-MUMBAI,2
98527,VDLR,MUMBAI VADAL,VSH,VASHI,2
98528,VSH,VASHI,CSMT,CST-MUMBAI,2
98529,CSMT,CST-MUMBAI,VSH,VASHI,2
98530,VSH,VASHI,CSMT,CST-MUMBAI,2
98531,CSMT,CST-MUMBAI,VSH,VASHI,2
98532,VSH,VASHI,CSMT,CST-MUMBAI,2
98533,CSMT,CST-MUMBAI,VSH,VASHI,2
98535,CSMT,CST-MUMBAI,VSH,VASHI,2
98537,CSMT,CST-MUMBAI,VSH,VASHI,2
98538,VSH,VASHI,VDLR,MUMBAI VADAL,2
98539,CSMT,CST-MUMBAI,VSH,VASHI,2
98540,VSH,VASHI,CSMT,CST-MUMBAI,2
98541,CSMT,CST-MUMBAI,VSH,VASHI,2
98543,CSMT,CST-MUMBAI,VSH,VASHI,2
98544,VSH,VASHI,CSMT,CST-MUMBAI,2
98545,CSMT,CST-MUMBAI,VSH,VASHI,2
98546,VSH,VASHI,VDLR,MUMBAI VADAL,2
98547,CSMT,CST-MUMBAI,VSH,VASHI,2
98548,VSH,VASHI,CSMT,CST-MUMBAI,2
98549,CSMT,CST-MUMBAI,VSH,VASHI,2
98550,VSH,VASHI,CSMT,CST-MUMBAI,2
98551,CSMT,CST-MUMBAI,VSH,VASHI,2
98552,VSH,VASHI,CSMT,CST-MUMBAI,2
98553,CSMT,CST-MUMBAI,VSH,VASHI,2
98554,VSH,VASHI,CSMT,CST-MUMBAI,2
98555,CSMT,CST-MUMBAI,VSH,VASHI,2
98556,VSH,VASHI,CSMT,CST-MUMBAI,2
98557,CSMT,CST-MUMBAI,VSH,VASHI,2
98558,VSH,VASHI,VDLR,MUMBAI VADAL,2
98559,CSMT,CST-MUMBAI,VSH,VASHI,2
98560,VSH,VASHI,CSMT,CST-MUMBAI,2
98561,CSMT,CST-MUMBAI,VSH,VASHI,2
98562,VSH,VASHI,VDLR,MUMBAI VADAL,2
98563,CSMT,CST-MUMBAI,VSH,VASHI,2
98564,VSH,VASHI,CSMT,CST-MUMBAI,2
98565,CSMT,CST-MUMBAI,VSH,VASHI,2
98566,VSH,VASHI,CSMT,CST-MUMBAI,2
98567,CSMT,CST-MUMBAI,VSH,VASHI,2
98568,VSH,VASHI,CSMT,CST-MUMBAI,2
98569,CSMT,CST-MUMBAI,VSH,VASHI,2
98570,VSH,VASHI,VDLR,MUMBAI VADAL,2
98571,CSMT,CST-MUMBAI,VSH,VASHI,2
98572,VSH,VASHI,CSMT,CST-MUMBAI,2
98573,CSMT,CST-MUMBAI,VSH,VASHI,2
98574,VSH,VASHI,CSMT,CST-MUMBAI,2
98575,CSMT,CST-MUMBAI,VSH,VASHI,2
98576,VSH,VASHI,CSMT,CST-MUMBAI,2
98577,CSMT,CST-MUMBAI,VSH,VASHI,2
98578,VSH,VASHI,VDLR,MUMBAI VADAL,2
98580,VSH,VASHI,VDLR,MUMBAI VADAL,2
98600,MNKD,MANKHURD,CSMT,CST-MUMBAI,2
98601,CSMT,CST-MUMBAI,MNKD,MANKHURD,2
98602,MNKD,MANKHURD,CSMT,CST-MUMBAI,2
98603,CSMT,CST-MUMBAI,MNKD,MANKHURD,2
98604,CMBR,CHEMBUR,CSMT,CST-MUMBAI,2
98605,CSMT,CST-MUMBAI,CMBR,CHEMBUR,2
98700,RVJ,RAVLI JN,CSMT,CST-MUMBAI,2
98701,CSMT,CST-MUMBAI,RVJ,RAVLI JN,2
98702,RVJ,RAVLI JN,CSMT,CST-MUMBAI,2
98703,CSMT,CST-MUMBAI,RVJ,RAVLI JN,2
98704,RVJ,RAVLI JN,CSMT,CST-MUMBAI,2
98705,CSMT,CST-MUMBAI,RVJ,RAVLI JN,2
98706,RVJ,RAVLI JN,CSMT,CST-MUMBAI,2
98707,CSMT,CST-MUMBAI,RVJ,RAVLI JN,2
98708,RVJ,RAVLI JN,CSMT,CST-MUMBAI,2
98709,CSMT,CST-MUMBAI,RVJ,RAVLI JN,2
98710,RVJ,RAVLI JN,CSMT,CST-MUMBAI,2
98711,CSMT,CST-MUMBAI,RVJ,RAVLI JN,2
98712,RVJ,RAVLI JN,CSMT,CST-MUMBAI,2
98713,CSMT,CST-MUMBAI,RVJ,RAVLI JN,2
98714,RVJ,RAVLI JN,CSMT,CST-MUMBAI,2
98715,CSMT,CST-MUMBAI,RVJ,RAVLI JN,2
98716,RVJ,RAVLI JN,CSMT,CST-MUMBAI,2
98717,CSMT,CST-MUMBAI,RVJ,RAVLI JN,2
98718,RVJ,RAVLI JN,CSMT,CST-MUMBAI,2
98719,CSMT,CST-MUMBAI,RVJ,RAVLI JN,2
98720,RVJ,RAVLI JN,CSMT,CST-MUMBAI,2
98721,CSMT,CST-MUMBAI,RVJ,RAVLI JN,2
98722,RVJ,RAVLI JN,CSMT,CST-MUMBAI,2
98723,CSMT,CST-MUMBAI,RVJ,RAVLI JN,2
98724,RVJ,RAVLI JN,CSMT,CST-MUMBAI,2
98725,CSMT,CST-MUMBAI,RVJ,RAVLI JN,2
98726,RVJ,RAVLI JN,CSMT,CST-MUMBAI,2
98727,CSMT,CST-MUMBAI,RVJ,RAVLI JN,2
98728,RVJ,RAVLI JN,CSMT,CST-MUMBAI,2
98729,CSMT,CST-MUMBAI,RVJ,RAVLI JN,2
98730,RVJ,RAVLI JN,CSMT,CST-MUMBAI,2
98731,CSMT,CST-MUMBAI,RVJ,RAVLI JN,2
98732,RVJ,RAVLI JN,CSMT,CST-MUMBAI,2
98733,CSMT,CST-MUMBAI,RVJ,RAVLI JN,2
98734,RVJ,RAVLI JN,CSMT,CST-MUMBAI,2
98735,CSMT,CST-MUMBAI,RVJ,RAVLI JN,2
98736,RVJ,RAVLI JN,CSMT,CST-MUMBAI,2
98737,CSMT,CST-MUMBAI,RVJ,RAVLI JN,2
98738,RVJ,RAVLI JN,CSMT,CST-MUMBAI,2
98739,CSMT,CST-MUMBAI,RVJ,RAVLI JN,2
98740,RVJ,RAVLI JN,CSMT,CST-MUMBAI,2
98741,CSMT,CST-MUMBAI,RVJ,RAVLI JN,2
98742,RVJ,RAVLI JN,CSMT,CST-MUMBAI,2
98743,CSMT,CST-MUMBAI,RVJ,RAVLI JN,2
98744,RVJ,RAVLI JN,CSMT,CST-MUMBAI,2
98745,CSMT,CST-MUMBAI,RVJ,RAVLI JN,2
98746,RVJ,RAVLI JN,CSMT,CST-MUMBAI,2
98747,CSMT,CST-MUMBAI,RVJ,RAVLI JN,2
98748,RVJ,RAVLI JN,CSMT,CST-MUMBAI,2
98749,CSMT,CST-MUMBAI,RVJ,RAVLI JN,2
98750,RVJ,RAVLI JN,CSMT,CST-MUMBAI,2
98751,CSMT,CST-MUMBAI,RVJ,RAVLI JN,2
98752,RVJ,RAVLI JN,CSMT,CST-MUMBAI,2
98753,CSMT,CST-MUMBAI,RVJ,RAVLI JN,2
98754,RVJ,RAVLI JN,CSMT,CST-MUMBAI,2
98755,CSMT,CST-MUMBAI,RVJ,RAVLI JN,2
98756,RVJ,RAVLI JN,CSMT,CST-MUMBAI,2
98757,CSMT,CST-MUMBAI,RVJ,RAVLI JN,2
98758,RVJ,RAVLI JN,CSMT,CST-MUMBAI,2
98759,CSMT,CST-MUMBAI,RVJ,RAVLI JN,2
98760,RVJ,RAVLI JN,CSMT,CST-MUMBAI,2
98761,CSMT,CST-MUMBAI,RVJ,RAVLI JN,2
98762,RVJ,RAVLI JN,CSMT,CST-MUMBAI,2
98763,CSMT,CST-MUMBAI,RVJ,RAVLI JN,2
98764,RVJ,RAVLI JN,CSMT,CST-MUMBAI,2
98765,CSMT,CST-MUMBAI,RVJ,RAVLI JN,2
98766,RVJ,RAVLI JN,CSMT,CST-MUMBAI,2
98767,CSMT,CST-MUMBAI,RVJ,RAVLI JN,2
98768,RVJ,RAVLI JN,CSMT,CST-MUMBAI,2
98769,CSMT,CST-MUMBAI,RVJ,RAVLI JN,2
98770,RVJ,RAVLI JN,CSMT,CST-MUMBAI,2
98771,CSMT,CST-MUMBAI,RVJ,RAVLI JN,2
98772,RVJ,RAVLI JN,CSMT,CST-MUMBAI,2
98773,CSMT,CST-MUMBAI,RVJ,RAVLI JN,2
98774,RVJ,RAVLI JN,CSMT,CST-MUMBAI,2
98775,CSMT,CST-MUMBAI,RVJ,RAVLI JN,2
98776,RVJ,RAVLI JN,CSMT,CST-MUMBAI,2
98777,CSMT,CST-MUMBAI,RVJ,RAVLI JN,2
98778,RVJ,RAVLI JN,CSMT,CST-MUMBAI,2
98779,CSMT,CST-MUMBAI,RVJ,RAVLI JN,2
98780,RVJ,RAVLI JN,CSMT,CST-MUMBAI,2
98781,CSMT,CST-MUMBAI,RVJ,RAVLI JN,2
98782,RVJ,RAVLI JN,CSMT,CST-MUMBAI,2
98783,CSMT,CST-MUMBAI,RVJ,RAVLI JN,2
98784,RVJ,RAVLI JN,CSMT,CST-MUMBAI,2
98785,CSMT,CST-MUMBAI,RVJ,RAVLI JN,2
98800,RVJ,RAVLI JN,CSMT,CST-MUMBAI,2
98801,CSMT,CST-MUMBAI,RVJ,RAVLI JN,2
98802,RVJ,RAVLI JN,CSMT,CST-MUMBAI,2
98803,CSMT,CST-MUMBAI,RVJ,RAVLI JN,2
98804,RVJ,RAVLI JN,CSMT,CST-MUMBAI,2
98805,CSMT,CST-MUMBAI,RVJ,RAVLI JN,2
98806,RVJ,RAVLI JN,CSMT,CST-MUMBAI,2
98807,CSMT,CST-MUMBAI,RVJ,RAVLI JN,2
98808,RVJ,RAVLI JN,CSMT,CST-MUMBAI,2
98809,CSMT,CST-MUMBAI,RVJ,RAVLI JN,2
98810,RVJ,RAVLI JN,CSMT,CST-MUMBAI,2
98811,CSMT,CST-MUMBAI,RVJ,RAVLI JN,2
98812,RVJ,RAVLI JN,CSMT,CST-MUMBAI,2
98813,CSMT,CST-MUMBAI,RVJ,RAVLI JN,2
98814,RVJ,RAVLI JN,CSMT,CST-MUMBAI,2
98815,CSMT,CST-MUMBAI,RVJ,RAVLI JN,2
98816,RVJ,RAVLI JN,CSMT,CST-MUMBAI,2
98817,CSMT,CST-MUMBAI,RVJ,RAVLI JN,2
98818,RVJ,RAVLI JN,CSMT,CST-MUMBAI,2
98819,CSMT,CST-MUMBAI,RVJ,RAVLI JN,2
98820,RVJ,RAVLI JN,CSMT,CST-MUMBAI,2
98821,CSMT,CST-MUMBAI,RVJ,RAVLI JN,2
98822,RVJ,RAVLI JN,CSMT,CST-MUMBAI,2
98823,CSMT,CST-MUMBAI,RVJ,RAVLI JN,2
98824,RVJ,RAVLI JN,CSMT,CST-MUMBAI,2
98825,CSMT,CST-MUMBAI,RVJ,RAVLI JN,2
98826,RVJ,RAVLI JN,CSMT,CST-MUMBAI,2
98827,CSMT,CST-MUMBAI,RVJ,RAVLI JN,2
98828,RVJ,RAVLI JN,CSMT,CST-MUMBAI,2
98829,CSMT,CST-MUMBAI,RVJ,RAVLI JN,2
98830,RVJ,RAVLI JN,CSMT,CST-MUMBAI,2
98831,CSMT,CST-MUMBAI,RVJ,RAVLI JN,2
98832,RVJ,RAVLI JN,CSMT,CST-MUMBAI,2
98833,CSMT,CST-MUMBAI,RVJ,RAVLI JN,2
98834,RVJ,RAVLI JN,CSMT,CST-MUMBAI,2
98835,CSMT,CST-MUMBAI,RVJ,RAVLI JN,2
98836,RVJ,RAVLI JN,CSMT,CST-MUMBAI,2
98837,CSMT,CST-MUMBAI,RVJ,RAVLI JN,2
98838,RVJ,RAVLI JN,CSMT,CST-MUMBAI,2
98839,CSMT,CST-MUMBAI,RVJ,RAVLI JN,2
98840,RVJ,RAVLI JN,CSMT,CST-MUMBAI,2
98841,CSMT,CST-MUMBAI,RVJ,RAVLI JN,2
98842,RVJ,RAVLI JN,CSMT,CST-MUMBAI,2
98843,CSMT,CST-MUMBAI,RVJ,RAVLI JN,2
98844,RVJ,RAVLI JN,CSMT,CST-MUMBAI,2
98845,CSMT,CST-MUMBAI,RVJ,RAVLI JN,2
98846,RVJ,RAVLI JN,CSMT,CST-MUMBAI,2
98847,CSMT,CST-MUMBAI,RVJ,RAVLI JN,2
98848,RVJ,RAVLI JN,CSMT,CST-MUMBAI,2
98849,CSMT,CST-MUMBAI,RVJ,RAVLI JN,2
98850,RVJ,RAVLI JN,CSMT,CST-MUMBAI,2
98851,CSMT,CST-MUMBAI,RVJ,RAVLI JN,2
98852,RVJ,RAVLI JN,CSMT,CST-MUMBAI,2
98853,CSMT,CST-MUMBAI,RVJ,RAVLI JN,2
98854,RVJ,RAVLI JN,CSMT,CST-MUMBAI,2
98855,CSMT,CST-MUMBAI,RVJ,RAVLI JN,2
98856,RVJ,RAVLI JN,CSMT,CST-MUMBAI,2
98857,CSMT,CST-MUMBAI,RVJ,RAVLI JN,2
98858,RVJ,RAVLI JN,CSMT,CST-MUMBAI,2
98859,CSMT,CST-MUMBAI,RVJ,RAVLI JN,2
98860,RVJ,RAVLI JN,CSMT,CST-MUMBAI,2
98861,CSMT,CST-MUMBAI,RVJ,RAVLI JN,2
98862,RVJ,RAVLI JN,CSMT,CST-MUMBAI,2
98863,CSMT,CST-MUMBAI,RVJ,RAVLI JN,2
98864,RVJ,RAVLI JN,CSMT,CST-MUMBAI,2
98865,CSMT,CST-MUMBAI,RVJ,RAVLI JN,2
98866,RVJ,RAVLI JN,CSMT,CST-MUMBAI,2
98867,CSMT,CST-MUMBAI,RVJ,RAVLI JN,2
98868,RVJ,RAVLI JN,CSMT,CST-MUMBAI,2
98869,CSMT,CST-MUMBAI,RVJ,RAVLI JN,2
98870,RVJ,RAVLI JN,CSMT,CST-MUMBAI,2
98871,CSMT,CST-MUMBAI,RVJ,RAVLI JN,2
98872,RVJ,RAVLI JN,CSMT,CST-MUMBAI,2
98873,CSMT,CST-MUMBAI,RVJ,RAVLI JN,2
98874,RVJ,RAVLI JN,CSMT,CST-MUMBAI,2
98875,CSMT,CST-MUMBAI,RVJ,RAVLI JN,2
98876,RVJ,RAVLI JN,CSMT,CST-MUMBAI,2
98877,CSMT,CST-MUMBAI,RVJ,RAVLI JN,2
98878,RVJ,RAVLI JN,CSMT,CST-MUMBAI,2
98879,CSMT,CST-MUMBAI,RVJ,RAVLI JN,2
98880,RVJ,RAVLI JN,CSMT,CST-MUMBAI,2
98881,CSMT,CST-MUMBAI,RVJ,RAVLI JN,2
98882,RVJ,RAVLI JN,CSMT,CST-MUMBAI,2
98883,CSMT,CST-MUMBAI,RVJ,RAVLI JN,2
98884,RVJ,RAVLI JN,CSMT,CST-MUMBAI,2
98885,CSMT,CST-MUMBAI,RVJ,RAVLI JN,2
98886,RVJ,RAVLI JN,CSMT,CST-MUMBAI,2
98887,CSMT,CST-MUMBAI,RVJ,RAVLI JN,2
98900,RVJ,RAVLI JN,PNVL,PANVEL,2
98901,PNVL,PANVEL,VDLR,MUMBAI VADAL,2
98902,RVJ,RAVLI JN,PNVL,PANVEL,2
98903,PNVL,PANVEL,VDLR,MUMBAI VADAL,2
98904,RVJ,RAVLI JN,PNVL,PANVEL,2
98905,PNVL,PANVEL,VDLR,MUMBAI VADAL,2
98906,RVJ,RAVLI JN,PNVL,PANVEL,2
98907,PNVL,PANVEL,VDLR,MUMBAI VADAL,2
98908,RVJ,RAVLI JN,PNVL,PANVEL,2
98909,PNVL,PANVEL,VDLR,MUMBAI VADAL,2
98910,RVJ,RAVLI JN,PNVL,PANVEL,2
98911,PNVL,PANVEL,VDLR,MUMBAI VADAL,2
98912,RVJ,RAVLI JN,PNVL,PANVEL,2
98913,PNVL,PANVEL,RVJ,RAVLI JN,3
98914,RVJ,RAVLI JN,PNVL,PANVEL,2
98915,PNVL,PANVEL,RVJ,RAVLI JN,2
98916,RVJ,RAVLI JN,PNVL,PANVEL,2
98917,PNVL,PANVEL,RVJ,RAVLI JN,3
99000,PNVL,PANVEL,TNA,THANE,2
99001,TNA,THANE,PNVL,PANVEL,2
99002,PNVL,PANVEL,TNA,THANE,2
99003,TNA,THANE,PNVL,PANVEL,2
99004,PNVL,PANVEL,TNA,THANE,2
99005,TNA,THANE,PNVL,PANVEL,2
99006,PNVL,PANVEL,TNA,THANE,2
99007,TNA,THANE,PNVL,PANVEL,2
99008,PNVL,PANVEL,TNA,THANE,2
99009,TNA,THANE,PNVL,PANVEL,2
99010,PNVL,PANVEL,TNA,THANE,2
99011,TNA,THANE,PNVL,PANVEL,2
99012,PNVL,PANVEL,TNA,THANE,2
99013,TNA,THANE,PNVL,PANVEL,2
99014,PNVL,PANVEL,TNA,THANE,2
99015,TNA,THANE,PNVL,PANVEL,2
99016,PNVL,PANVEL,TNA,THANE,2
99017,TNA,THANE,PNVL,PANVEL,2
99018,PNVL,PANVEL,TNA,THANE,2
99019,TNA,THANE,PNVL,PANVEL,2
99020,PNVL,PANVEL,TNA,THANE,2
99021,TNA,THANE,PNVL,PANVEL,2
99022,PNVL,PANVEL,TNA,THANE,2
99023,TNA,THANE,PNVL,PANVEL,2
99024,PNVL,PANVEL,TNA,THANE,2
99025,TNA,THANE,PNVL,PANVEL,2
99026,PNVL,PANVEL,TNA,THANE,2
99027,TNA,THANE,PNVL,PANVEL,2
99028,PNVL,PANVEL,TNA,THANE,2
99029,TNA,THANE,PNVL,PANVEL,2
99030,PNVL,PANVEL,TNA,THANE,2
99031,TNA,THANE,PNVL,PANVEL,2
99032,PNVL,PANVEL,TNA,THANE,2
99033,TNA,THANE,PNVL,PANVEL,2
99034,PNVL,PANVEL,TNA,THANE,2
99035,TNA,THANE,PNVL,PANVEL,2
99036,PNVL,PANVEL,TNA,THANE,2
99037,TNA,THANE,PNVL,PANVEL,2
99038,PNVL,PANVEL,TNA,THANE,2
99039,TNA,THANE,PNVL,PANVEL,2
99040,PNVL,PANVEL,TNA,THANE,2
99041,TNA,THANE,PNVL,PANVEL,2
99042,PNVL,PANVEL,TNA,THANE,2
99100,BEPR,BELAPUR C.B.,TNA,THANE,2
99101,TNA,THANE,BEPR,BELAPUR C.B.,2
99102,BEPR,BELAPUR C.B.,TNA,THANE,2
99103,TNA,THANE,BEPR,BELAPUR C.B.,2
99104,BEPR,BELAPUR C.B.,TNA,THANE,2
99105,TNA,THANE,BEPR,BELAPUR C.B.,2
99107,TNA,THANE,BEPR,BELAPUR C.B.,2
99200,NEU,NERUL,TNA,THANE,2
99201,TNA,THANE,NEU,NERUL,2
99202,NEU,NERUL,TNA,THANE,2
99203,TNA,THANE,NEU,NERUL,2
99204,NEU,NERUL,TNA,THANE,2
99205,TNA,THANE,NEU,NERUL,2
99206,NEU,NERUL,TNA,THANE,2
99207,TNA,THANE,NEU,NERUL,2
99208,NEU,NERUL,TNA,THANE,2
99209,TNA,THANE,NEU,NERUL,2
99210,NEU,NERUL,TNA,THANE,2
99211,TNA,THANE,NEU,NERUL,2
99212,NEU,NERUL,TNA,THANE,2
99213,TNA,THANE,NEU,NERUL,2
99214,NEU,NERUL,TNA,THANE,2
99215,TNA,THANE,NEU,NERUL,2
99216,NEU,NERUL,TNA,THANE,2
99217,TNA,THANE,NEU,NERUL,2
99218,NEU,NERUL,TNA,THANE,2
99219,TNA,THANE,NEU,NERUL,2
99220,NEU,NERUL,TNA,THANE,2
99221,TNA,THANE,NEU,NERUL,2
99222,NEU,NERUL,TNA,THANE,2
99223,TNA,THANE,NEU,NERUL,2
99224,NEU,NERUL,TNA,THANE,2
99225,TNA,THANE,NEU,NERUL,2
99226,NEU,NERUL,TNA,THANE,2
99227,TNA,THANE,NEU,NERUL,2
99228,NEU,NERUL,TNA,THANE,2
99229,TNA,THANE,NEU,NERUL,2
99230,NEU,NERUL,TNA,THANE,2
99231,TNA,THANE,NEU,NERUL,2
99232,NEU,NERUL,TNA,THANE,2
99233,TNA,THANE,NEU,NERUL,2
99234,NEU,NERUL,TNA,THANE,2
99235,TNA,THANE,NEU,NERUL,2
99236,NEU,NERUL,TNA,THANE,2
99237,TNA,THANE,NEU,NERUL,2
99238,NEU,NERUL,TNA,THANE,2
99239,TNA,THANE,NEU,NERUL,2
99240,NEU,NERUL,TNA,THANE,2
99241,TNA,THANE,NEU,NERUL,2
99242,NEU,NERUL,TNA,THANE,2
99243,TNA,THANE,NEU,NERUL,2
99244,NEU,NERUL,TNA,THANE,2
99245,TNA,THANE,NEU,NERUL,2
99246,NEU,NERUL,TNA,THANE,2
99247,TNA,THANE,NEU,NERUL,2
99248,NEU,NERUL,TNA,THANE,2
99249,TNA,THANE,NEU,NERUL,2
99250,NEU,NERUL,TNA,THANE,2
99251,TNA,THANE,NEU,NERUL,2
99252,NEU,NERUL,TNA,THANE,2
99253,TNA,THANE,NEU,NERUL,2
99254,NEU,NERUL,TNA,THANE,2
99255,TNA,THANE,NEU,NERUL,2
99400,VSH,VASHI,TNA,THANE,2
99401,TNA,THANE,VSH,VASHI,2
99402,VSH,VASHI,TNA,THANE,2
99403,TNA,THANE,VSH,VASHI,2
99404,VSH,VASHI,TNA,THANE,2
99405,TNA,THANE,VSH,VASHI,2
99406,VSH,VASHI,TNA,THANE,2
99407,TNA,THANE,VSH,VASHI,2
99408,VSH,VASHI,TNA,THANE,2
99409,TNA,THANE,VSH,VASHI,2
99410,VSH,VASHI,TNA,THANE,2
99411,TNA,THANE,VSH,VASHI,2
99412,VSH,VASHI,TNA,THANE,2
99413,TNA,THANE,VSH,VASHI,2
99414,VSH,VASHI,TNA,THANE,2
99415,TNA,THANE,VSH,VASHI,2
99416,VSH,VASHI,TNA,THANE,2
99417,TNA,THANE,VSH,VASHI,2
99418,VSH,VASHI,TNA,THANE,2
99419,TNA,THANE,VSH,VASHI,2
99420,VSH,VASHI,TNA,THANE,2
99421,TNA,THANE,VSH,VASHI,2
99422,VSH,VASHI,TNA,THANE,2
99423,TNA,THANE,VSH,VASHI,2
99424,VSH,VASHI,TNA,THANE,2
99425,TNA,THANE,VSH,VASHI,2
99426,VSH,VASHI,TNA,THANE,2
99427,TNA,THANE,VSH,VASHI,2
99428,VSH,VASHI,TNA,THANE,2
99429,TNA,THANE,VSH,VASHI,2
99430,VSH,VASHI,TNA,THANE,2
99431,TNA,THANE,VSH,VASHI,2
99432,VSH,VASHI,TNA,THANE,2
99433,TNA,THANE,VSH,VASHI,2
99434,VSH,VASHI,TNA,THANE,2
99435,TNA,THANE,VSH,VASHI,2
99436,VSH,VASHI,TNA,THANE,2
99437,TNA,THANE,VSH,VASHI,2
99438,VSH,VASHI,TNA,THANE,2
99439,TNA,THANE,VSH,VASHI,2
99440,VSH,VASHI,TNA,THANE,2
99441,TNA,THANE,VSH,VASHI,2
99442,VSH,VASHI,TNA,THANE,2
99443,TNA,THANE,VSH,VASHI,2
99444,VSH,VASHI,TNA,THANE,2
99445,TNA,THANE,VSH,VASHI,2
99446,VSH,VASHI,TNA,THANE,2
99447,TNA,THANE,VSH,VASHI,2
99448,VSH,VASHI,TNA,THANE,2
99449,TNA,THANE,VSH,VASHI,2
99450,VSH,VASHI,TNA,THANE,2
99451,TNA,THANE,VSH,VASHI,2
99452,VSH,VASHI,TNA,THANE,2
99453,TNA,THANE,VSH,VASHI,2
99454,VSH,VASHI,TNA,THANE,2
99455,TNA,THANE,VSH,VASHI,2
99456,VSH,VASHI,TNA,THANE,2
99457,TNA,THANE,VSH,VASHI,2
99458,VSH,VASHI,TNA,THANE,2
99459,TNA,THANE,VSH,VASHI,2
99460,VSH,VASHI,TNA,THANE,2
99461,TNA,THANE,VSH,VASHI,2
99462,VSH,VASHI,TNA,THANE,2
99463,TNA,THANE,VSH,VASHI,2
99464,VSH,VASHI,TNA,THANE,2
99465,TNA,THANE,VSH,VASHI,2
99466,VSH,VASHI,TNA,THANE,2
99467,TNA,THANE,VSH,VASHI,2
99468,VSH,VASHI,TNA,THANE,2
99469,TNA,THANE,VSH,VASHI,2
99470,VSH,VASHI,TNA,THANE,2
99471,TNA,THANE,VSH,VASHI,2
99472,VSH,VASHI,TNA,THANE,2
99473,TNA,THANE,VSH,VASHI,2
99474,VSH,VASHI,TNA,THANE,2
99475,TNA,THANE,VSH,VASHI,2
99476,VSH,VASHI,TNA,THANE,2
99477,TNA,THANE,VSH,VASHI,2
99478,VSH,VASHI,TNA,THANE,2
99479,TNA,THANE,VSH,VASHI,2
99480,VSH,VASHI,TNA,THANE,2
99481,TNA,THANE,VSH,VASHI,2
99482,VSH,VASHI,TNA,THANE,2
99483,TNA,THANE,VSH,VASHI,2
99484,VSH,VASHI,TNA,THANE,2
99485,TNA,THANE,VSH,VASHI,2
99486,VSH,VASHI,TNA,THANE,2
99487,TNA,THANE,VSH,VASHI,2
99488,VSH,VASHI,TNA,THANE,2
99489,TNA,THANE,VSH,VASHI,2
99490,VSH,VASHI,TNA,THANE,2
99491,TNA,THANE,VSH,VASHI,2
99492,VSH,VASHI,TNA,THANE,2
99493,TNA,THANE,VSH,VASHI,2
99494,VSH,VASHI,TNA,THANE,2
99495,TNA,THANE,VSH,VASHI,2
99496,VSH,VASHI,TNA,THANE,2
99497,TNA,THANE,VSH,VASHI,2
99498,VSH,VASHI,TNA,THANE,2
99499,TNA,THANE,VSH,VASHI,2
99500,VSH,VASHI,TNA,THANE,2
99501,TNA,THANE,VSH,VASHI,2
99502,VSH,VASHI,TNA,THANE,2
99503,TNA,THANE,VSH,VASHI,2
99801,LNL,LONAVLA,PUNE,PUNE JN.,17
99802,PUNE,PUNE JN.,LNL,LONAVLA,17
99803,LNL,LONAVLA,PUNE,PUNE JN.,17
99804,PUNE,PUNE JN.,LNL,LONAVLA,17
99805,LNL,LONAVLA,PUNE,PUNE JN.,17
99806,PUNE,PUNE JN.,LNL,LONAVLA,17
99807,LNL,LONAVLA,PUNE,PUNE JN.,17
99808,PUNE,PUNE JN.,LNL,LONAVLA,17
99809,LNL,LONAVLA,PUNE,PUNE JN.,17
99810,PUNE,PUNE JN.,LNL,LONAVLA,17
99811,LNL,LONAVLA,PUNE,PUNE JN.,17
99812,PUNE,PUNE JN.,LNL,LONAVLA,17
99813,LNL,LONAVLA,PUNE,PUNE JN.,17
99814,SVJR,SHIVAJINAGAR,LNL,LONAVLA,16
99815,LNL,LONAVLA,PUNE,PUNE JN.,17
99816,PUNE,PUNE JN.,LNL,LONAVLA,17
99817,LNL,LONAVLA,PUNE,PUNE JN.,17
99818,PUNE,PUNE JN.,LNL,LONAVLA,17
99819,LNL,LONAVLA,PUNE,PUNE JN.,17
99820,PUNE,PUNE JN.,LNL,LONAVLA,17
99821,LNL,LONAVLA,PUNE,PUNE JN.,17
99822,PUNE,PUNE JN.,LNL,LONAVLA,17
99823,LNL,LONAVLA,SVJR,SHIVAJINAGAR,12
99824,PUNE,PUNE JN.,LNL,LONAVLA,17
99825,LNL,LONAVLA,PUNE,PUNE JN.,17
99826,PUNE,PUNE JN.,LNL,LONAVLA,17
99827,LNL,LONAVLA,PUNE,PUNE JN.,17
99828,PUNE,PUNE JN.,LNL,LONAVLA,17
99829,LNL,LONAVLA,PUNE,PUNE JN.,17
99830,PUNE,PUNE JN.,LNL,LONAVLA,17
99831,LNL,LONAVLA,PUNE,PUNE JN.,17
99832,SVJR,SHIVAJINAGAR,LNL,LONAVLA,16
99833,LNL,LONAVLA,PUNE,PUNE JN.,17
99834,PUNE,PUNE JN.,LNL,LONAVLA,17
99835,LNL,LONAVLA,PUNE,PUNE JN.,17
99836,PUNE,PUNE JN.,LNL,LONAVLA,17
99901,TGN,TALEGAON,PUNE,PUNE JN.,12
99902,PUNE,PUNE JN.,TGN,TALEGAON,12
99903,TGN,TALEGAON,PUNE,PUNE JN.,12
99904,PUNE,PUNE JN.,TGN,TALEGAON,12
99905,TGN,TALEGAON,SVJR,SHIVAJINAGAR,11
99906,PUNE,PUNE JN.,TGN,TALEGAON,12
99907,TGN,TALEGAON,PUNE,PUNE JN.,12
99908,PUNE,PUNE JN.,TGN,TALEGAON,12
